단품코드,항만_재고,부평_재고,내부창고_합계
SPRNG37G1610090,16,0,16
SPRNG37G1610095,4,0,4
SPRNG37G1619085,326,0,326
SPRNG37G1619090,210,0,210
SPRNG37G1619095,276,0,276
SPRNG37G16AC085,4,0,4
SPRNG37G16AC090,30,0,30
SPRNG37G16AC095,4,0,4
SPRNG37G1719090,194,0,194
SPRNG37G1731090,20,0,20
SPRNG37G1739085,58,0,58
SPRNG37G1739090,16,0,16
SPRNG37G1785085,48,0,48
SPRNG37G1785090,52,0,52
SPRNG37G2019090,2,0,2
SPRNG37G2219095,12,38,50
SPRNG37G2230085,414,0,414
SPRNG37G2230090,400,0,400
SPRNG37G2230095,338,0,338
SPRNG37G2239085,4,2,6
SPRNG37G2285085,2,30,32
SPRNG37G2285095,2,50,52
SPRNG37G8239999,4,0,4
SPRNG37G8415999,4,6,10
SPRNG37G8419999,2,0,2
SPRNG37G8439999,8,0,8
SPRNG37G9519999,2,0,2
SPRNG37G9619999,4,0,4
SPRNG37G9719090,2,0,2
SPRNG37G9719999,2,0,2
SPRNG37G9810095,12,0,12
SPRNG37G9819085,168,0,168
SPRNG37G98AC095,22,2,24
SPRNG37GY059085,10,0,10
SPRNG37GY059090,36,0,36
SPRNG38KG910150,162,0,162
SPRNG38KG9CB150,46,0,46
SPRPF24KU2AC160,2,0,2
SPRPF37KG210130,2,0,2
SPRPF37KG210140,2,0,2
SPRPF37KG210150,10,0,10
SPRPF37KG210160,52,0,52
SPRPF37KG225120,2,0,2
SPRPF37KG225140,14,0,14
SPRPF37KG225160,88,0,88
SPRPF37KG330130,6,0,6
SPRPF37KG330140,8,0,8
SPRPF37KG330150,30,0,30
SPRPF37KG330160,6,0,6
SPRPF37KG439120,24,0,24
SPRPF37KU110130,8,0,8
SPRPF37KU1AC140,82,0,82
SPRPF37KU1AC150,50,0,50
SPRPF37KU219110,10,0,10
SPRPF37KU259140,126,0,126
SPRPF37KU310120,4,0,4
SPRPF37KU310140,250,0,250
SPRPF37KU310150,210,0,210
SPRPF37KU310160,2,0,2
SPRPF37KU330140,6,0,6
SPRPF37KU359140,14,0,14
SPRPF37KU359150,12,0,12
SPRPF37KU384120,2,2,4
SPRPF37KU384130,8,0,8
SPRPF37KU384150,6,0,6
SPRPF37KU420140,22,0,22
SPRPF37KU420150,46,0,46
SPRPF37KU464140,2,0,2
SPRPF37KU464160,10,0,10
SPRPF37KU620140,2,0,2
SPRPF37KU659120,2,0,2
SPRPF37KU659160,2,0,2
SPRPF37KU710130,298,0,298
SPRPF37KU710150,2,0,2
SPRPF38KU264160,2,0,2
SPRPF38KU310130,22,0,22
SPRPF38KU310150,16,0,16
SPRPF38KU315130,10,0,10
SPRPF38KU315140,2,0,2
SPRPG24C6229090,2,2,4
SPRPG24G5233090,2,8,10
SPRPG24G5233095,2,10,12
SPRPG24G5310090,2,0,2
SPRPG24G5315090,4,0,4
SPRPG24G7064085,2,56,58
SPRPG24G7064095,50,50,100
SPRPG24GY059085,384,0,384
SPRPG24KG264120,2,20,22
SPRPG24KG264130,2,20,22
SPRPG24KU126110,10,0,10
SPRPG24KU151140,2,0,2
SPRPG24KU151150,2,0,2
SPRPG24KU210130,6,0,6
SPRPG24KU210160,2,0,2
SPRPG24KU259120,8,0,8
SPRPG24KU259130,16,0,16
SPRPG24KU259140,8,0,8
SPRPG24KU259150,2,0,2
SPRPG24KU329110,2,0,2
SPRPG24KU329130,14,0,14
SPRPG24KU359130,18,0,18
SPRPG24KU359150,4,0,4
SPRPG25C5150095,2,80,82
SPRPG25C6010105,14,0,14
SPRPG25C6060105,2,0,2
SPRPG25C6139105,4,0,4
SPRPG25C6210090,708,0,708
SPRPG25G5151090,18,0,18
SPRPG25G5159095,10,0,10
SPRPG25G5160090,2,0,2
SPRPG25KG110130,10,0,10
SPRPG25KG126130,2,0,2
SPRPG25KG126140,10,0,10
SPRPG25KG126150,2,0,2
SPRPG25KG325110,16,0,16
SPRPG25KG325120,14,0,14
SPRPG25KG325130,12,0,12
SPRPG25KG325140,8,0,8
SPRPG25KG325150,8,0,8
SPRPG25KG325160,16,0,16
SPRPG25KG350110,94,0,94
SPRPG25KG350130,50,0,50
SPRPG25KG350140,10,0,10
SPRPG25KG451160,2,0,2
SPRPG25KG515130,2,0,2
SPRPG25KG715120,16,0,16
SPRPG25KG715130,12,0,12
SPRPG25KG715140,20,0,20
SPRPG25KG715150,6,0,6
SPRPG25KG759120,14,0,14
SPRPG25KG759130,10,0,10
SPRPG25KU185160,2,0,2
SPRPG25KU1AA150,2,0,2
SPRPG25KU210120,6,0,6
SPRPG25KU210130,14,0,14
SPRPG25KU210140,18,0,18
SPRPG25KU210150,16,0,16
SPRPG25KU210160,16,0,16
SPRPG25KU260120,8,0,8
SPRPG25KU260130,12,0,12
SPRPG25KU260140,16,0,16
SPRPG25KU260150,20,0,20
SPRPG25KU260160,16,0,16
SPRPG25KU310120,94,0,94
SPRPG25KU310130,6,0,6
SPRPG25KU310140,280,0,280
SPRPG25KU310150,44,0,44
SPRPG25KU385120,14,158,172
SPRPG25KU450120,2,0,2
SPRPG25KU450130,2,0,2
SPRPG25KU460120,6,0,6
SPRPG25KU460130,4,0,4
SPRPG26C6010090,8,0,8
SPRPG26C6010095,8,0,8
SPRPG26C6010100,8,0,8
SPRPG26C6010105,6,2,8
SPRPG26C6060090,14,10,24
SPRPG26C6060095,10,18,28
SPRPG26C6164100,26,0,26
SPRPG26C6164105,20,0,20
SPRPG26C6317095,2,0,2
SPRPG26C6319090,6,0,6
SPRPG26G5360085,56,2,58
SPRPG26G5360090,44,0,44
SPRPG26G5379085,46,0,46
SPRPG26G5379090,76,0,76
SPRPG26G5379095,118,0,118
SPRPG26G5399085,2,0,2
SPRPG37C5110090,80,48,128
SPRPG37C5110095,2,52,54
SPRPG37C5110100,72,44,116
SPRPG37C5110105,82,56,138
SPRPG37C5116090,136,26,162
SPRPG37C5116095,198,58,256
SPRPG37C5116100,186,40,226
SPRPG37C5116105,122,22,144
SPRPG37C5116110,104,14,118
SPRPG37C5119090,70,64,134
SPRPG37C5119095,84,74,158
SPRPG37C5119100,32,90,122
SPRPG37C5119105,122,82,204
SPRPG37C5119110,124,66,190
SPRPG37C5162090,2,38,40
SPRPG37C5162100,2,48,50
SPRPG37C5210095,18,0,18
SPRPG37C5210110,10,6,16
SPRPG37C5259110,648,38,686
SPRPG37C54AA095,2,0,2
SPRPG37C5510090,136,2,138
SPRPG37C5510095,16,20,36
SPRPG37C5510100,8,14,22
SPRPG37C5510105,54,20,74
SPRPG37C5710090,12,0,12
SPRPG37C5751095,152,0,152
SPRPG37C5751100,174,0,174
SPRPG37C5751105,150,0,150
SPRPG37C5764090,36,0,36
SPRPG37C5764095,62,0,62
SPRPG37C5764100,120,0,120
SPRPG37C5764105,114,0,114
SPRPG37C6010100,10,0,10
SPRPG37C6210090,314,0,314
SPRPG37C6210100,526,110,636
SPRPG37C6229090,118,0,118
SPRPG37C6229095,134,0,134
SPRPG37C6229100,64,4,68
SPRPG37C6229105,96,0,96
SPRPG37C6259105,168,152,320
SPRPG37C6260090,46,48,94
SPRPG37C6260095,2,78,80
SPRPG37C6260105,2,90,92
SPRPG37C6339090,12,30,42
SPRPG37C6339100,10,0,10
SPRPG37C6350100,2,0,2
SPRPG37C6350105,2,2,4
SPRPG37C6359090,30,0,30
SPRPG37C6359095,52,0,52
SPRPG37C6359100,58,0,58
SPRPG37C6360095,46,0,46
SPRPG37C6360105,406,2,408
SPRPG37C6660100,4,0,4
SPRPG37C6675090,28,0,28
SPRPG37C6675095,34,0,34
SPRPG37C6675100,64,0,64
SPRPG37C6675105,54,0,54
SPRPG37C66BS090,36,0,36
SPRPG37C66BS095,36,0,36
SPRPG37C66BS100,62,0,62
SPRPG37C66BS105,46,0,46
SPRPG37C6710090,2,0,2
SPRPG37C6710100,10,0,10
SPRPG37C6710105,32,0,32
SPRPG37C6719105,2,0,2
SPRPG37C67AA100,4,0,4
SPRPG37C67AA105,2,0,2
SPRPG37C6810090,46,0,46
SPRPG37C6810095,124,0,124
SPRPG37C6810100,132,0,132
SPRPG37C6810105,58,0,58
SPRPG37C6860095,26,0,26
SPRPG37C6860100,110,0,110
SPRPG37C6860105,134,0,134
SPRPG37C6864090,22,0,22
SPRPG37C6864095,62,0,62
SPRPG37C6864100,176,0,176
SPRPG37C6864105,434,0,434
SPRPG37C6876090,132,0,132
SPRPG37C6876095,102,0,102
SPRPG37C6876100,108,0,108
SPRPG37C6876105,74,0,74
SPRPG37C6939090,14,0,14
SPRPG37G5185085,158,0,158
SPRPG37G5185090,94,0,94
SPRPG37G5185095,44,0,44
SPRPG37G5208090,48,0,48
SPRPG37G5233095,2,0,2
SPRPG37G5310085,2,0,2
SPRPG37G5315085,2,0,2
SPRPG37G5320095,2,0,2
SPRPG37G5359095,2,0,2
SPRPG37G5410070,2,20,22
SPRPG37G6020085,22,0,22
SPRPG37G6020090,22,0,22
SPRPG37G6020095,10,0,10
SPRPG37G6110095,2,0,2
SPRPG37G61AA085,1552,0,1552
SPRPG37G61AA090,1728,0,1728
SPRPG37G61AA095,1346,0,1346
SPRPG37G6210085,258,0,258
SPRPG37G6210090,162,0,162
SPRPG37G6210095,116,0,116
SPRPG37G6250085,158,0,158
SPRPG37G6250090,124,0,124
SPRPG37G6250095,112,0,112
SPRPG37G6310090,134,0,134
SPRPG37G6330085,96,0,96
SPRPG37G6330090,42,0,42
SPRPG37G6330095,16,2,18
SPRPG37G6410095,2,0,2
SPRPG37G6410100,10,0,10
SPRPG37G6430100,2,0,2
SPRPG37G6460100,6,0,6
SPRPG37G64AA090,4,0,4
SPRPG37G64AA095,4,2,6
SPRPG37G64AA100,8,0,8
SPRPG37G7259090,4,0,4
SPRPG37G7285085,10,0,10
SPRPG37G7285090,6,0,6
SPRPG37G72AA085,10,32,42
SPRPG37G72AA090,2,16,18
SPRPG37G72AA095,8,8,16
SPRPG37KG320130,24,24,48
SPRPG37KG320140,20,22,42
SPRPG37KG320160,20,20,40
SPRPG37KG351130,20,30,50
SPRPG37KG351140,18,22,40
SPRPG37KG351150,18,24,42
SPRPG37KG351160,34,32,66
SPRPG37KG425120,16,0,16
SPRPG37KG425130,20,0,20
SPRPG37KG425140,18,0,18
SPRPG37KG425150,20,0,20
SPRPG37KG459120,36,0,36
SPRPG37KG459130,26,0,26
SPRPG37KG459140,8,0,8
SPRPG37KG459150,14,0,14
SPRPG37KG510120,142,0,142
SPRPG37KG510130,222,0,222
SPRPG37KG510140,322,0,322
SPRPG37KG510150,340,0,340
SPRPG37KG510160,242,0,242
SPRPG37KG519120,96,0,96
SPRPG37KG519130,162,0,162
SPRPG37KG519140,148,0,148
SPRPG37KG519150,26,0,26
SPRPG37KG519160,26,0,26
SPRPG37KG619120,4,0,4
SPRPG37KG619150,6,0,6
SPRPG37KG619160,8,0,8
SPRPG37KG620120,10,0,10
SPRPG37KG620150,2,0,2
SPRPG37KG710120,82,0,82
SPRPG37KG710130,60,0,60
SPRPG37KG710140,28,0,28
SPRPG37KG710150,38,0,38
SPRPG37KG719120,58,0,58
SPRPG37KG719130,54,0,54
SPRPG37KG719140,50,0,50
SPRPG37KG719150,18,0,18
SPRPG37KG810140,16,0,16
SPRPG37KG810150,56,0,56
SPRPG37KG810160,70,0,70
SPRPG37KG851110,20,0,20
SPRPG37KG851120,16,0,16
SPRPG37KG851130,112,0,112
SPRPG37KG851140,178,0,178
SPRPG37KG851150,22,0,22
SPRPG37KG851160,16,0,16
SPRPG37KG8AA130,20,0,20
SPRPG37KG8AA140,16,0,16
SPRPG37KG8AA150,22,0,22
SPRPG37KG8AA160,24,0,24
SPRPG37KG931120,16,6,22
SPRPG37KG931130,12,0,12
SPRPG37KG931140,26,6,32
SPRPG37KG931150,20,6,26
SPRPG37KG951120,20,4,24
SPRPG37KG951130,36,2,38
SPRPG37KG951140,38,0,38
SPRPG37KG951150,10,0,10
SPRPG37KU110130,10,0,10
SPRPG37KU110140,10,0,10
SPRPG37KU110150,22,0,22
SPRPG37KU110160,10,0,10
SPRPG37KU119130,6,0,6
SPRPG37KU119140,6,0,6
SPRPG37KU119150,6,0,6
SPRPG37KU119160,10,0,10
SPRPG37KU176130,14,0,14
SPRPG37KU176140,8,0,8
SPRPG37KU176150,6,0,6
SPRPG37KU176160,6,0,6
SPRPG37KU219130,28,0,28
SPRPG37KU219140,14,0,14
SPRPG37KU219150,74,0,74
SPRPG37KU219160,22,0,22
SPRPG37KU2AA130,38,0,38
SPRPG37KU2AA140,18,0,18
SPRPG37KU2AA150,24,0,24
SPRPG37KU2AA160,14,0,14
SPRPG37KU410130,2,0,2
SPRPG37KU410140,46,0,46
SPRPG37KU410150,22,0,22
SPRPG37KU410160,6,0,6
SPRPG37KU450110,84,0,84
SPRPG37KU450120,136,2,138
SPRPG37KU450130,64,0,64
SPRPG37KU450140,98,0,98
SPRPG37KU450150,28,0,28
SPRPG37KU450160,4,0,4
SPRPG37KU459110,92,0,92
SPRPG37KU459120,118,0,118
SPRPG37KU459130,42,0,42
SPRPG37KU459140,76,0,76
SPRPG37KU459150,122,0,122
SPRPG37KU459160,288,0,288
SPRPG37KU4AA110,34,0,34
SPRPG37KU4AA120,214,0,214
SPRPG37KU4AA140,12,20,32
SPRPG37KU4AA150,74,0,74
SPRPG37KU4AA160,8,10,18
SPRPG37KU4BM110,2,0,2
SPRPG37KU4BM130,6,0,6
SPRPG37KU4BM150,2,0,2
SPRPG37KU4BM160,2,0,2
SPRPG37KU519120,10,0,10
SPRPG37KU519130,20,0,20
SPRPG37KU519140,20,0,20
SPRPG37KU519150,20,0,20
SPRPG37KU519160,22,0,22
SPRPG37KU526120,20,0,20
SPRPG37KU526130,20,0,20
SPRPG37KU526140,20,0,20
SPRPG37KU526150,26,0,26
SPRPG37KU610160,4,0,4
SPRPG37KU630120,8,0,8
SPRPG37KU630130,68,0,68
SPRPG37KU630140,44,0,44
SPRPG37KU630150,32,0,32
SPRPG37KU630160,12,0,12
SPRPG37KU6AA130,48,0,48
SPRPG37KU6AA140,50,0,50
SPRPG37KU6AA150,22,0,22
SPRPG37KU6AA160,24,0,24
SPRPG37KU710150,2,0,2
SPRPG37KU7AA160,6,0,6
SPRPG37KU810120,20,0,20
SPRPG37KU810130,26,0,26
SPRPG37KU810140,38,0,38
SPRPG37KU810150,42,0,42
SPRPG37KU810160,22,0,22
SPRPG37KU820120,10,0,10
SPRPG37KU820130,26,0,26
SPRPG37KU820140,26,0,26
SPRPG37KU820150,24,0,24
SPRPG37KU820160,24,0,24
SPRPG37KU831120,12,0,12
SPRPG37KU831130,30,0,30
SPRPG37KU831140,22,0,22
SPRPG37KU831150,28,0,28
SPRPG37KU831160,10,0,10
SPRPG37KU950130,12,0,12
SPRPG37KU950140,20,0,20
SPRPG37KU950150,20,0,20
SPRPG37KU950160,44,0,44
SPRPG37KU959130,10,0,10
SPRPG37KU959140,10,0,10
SPRPG37KU959150,16,0,16
SPRPG37KU959160,20,0,20
SPRPG37KU9AC130,10,0,10
SPRPG37KU9AC140,10,0,10
SPRPG37KU9AC150,10,0,10
SPRPG37KU9AC160,10,0,10
SPRPG38C9159090,592,0,592
SPRPG38C9159095,340,0,340
SPRPG38C9159100,452,0,452
SPRPG38C9159105,226,0,226
SPRPG38C91AA090,354,0,354
SPRPG38C91AA095,200,0,200
SPRPG38C91AA100,200,0,200
SPRPG38C91AA105,254,0,254
SPRPG38C9259090,462,0,462
SPRPG38C9259095,284,0,284
SPRPG38C9259100,300,0,300
SPRPG38C9259105,366,0,366
SPRPG38C92AA090,436,2,438
SPRPG38C92AA095,324,0,324
SPRPG38C92AA100,252,0,252
SPRPG38C92AA105,196,0,196
SPRPG38C9310090,716,0,716
SPRPG38C9310095,528,0,528
SPRPG38C9310100,394,0,394
SPRPG38C9310105,336,0,336
SPRPG38C9319090,418,34,452
SPRPG38C9319095,390,8,398
SPRPG38C9319100,348,0,348
SPRPG38C9319105,230,20,250
SPRPG38C93AA090,500,16,516
SPRPG38C93AA095,390,22,412
SPRPG38C93AA100,276,16,292
SPRPG38C93AA105,222,20,242
SPRPG38C9410090,148,0,148
SPRPG38C9410095,194,0,194
SPRPG38C9410100,90,0,90
SPRPG38C9410105,84,0,84
SPRPG38C94AA090,186,2,188
SPRPG38C94AA095,170,0,170
SPRPG38C94AA100,148,0,148
SPRPG38C94AA105,206,0,206
SPRPG38KG110110,14,0,14
SPRPG38KG110120,40,0,40
SPRPG38KG110130,22,0,22
SPRPG38KG110140,36,0,36
SPRPG38KG110150,48,0,48
SPRPG38KG110160,40,0,40
SPRPG38KG1AA110,10,0,10
SPRPG38KG1AA120,46,0,46
SPRPG38KG1AA130,30,0,30
SPRPG38KG1AA140,20,0,20
SPRPG38KG1AA150,54,0,54
SPRPG38KG1AA160,56,0,56
SPRPG38KU110120,2,0,2
SPRPG38KU110160,6,0,6
SPRPG38KU119110,4,0,4
SPRPG38KU119120,10,0,10
SPRPG38KU119130,10,0,10
SPRPG38KU119140,10,0,10
SPRPG38KU119150,20,0,20
SPRPG38KU119160,20,0,20
SPRPG38KU210110,4,0,4
SPRPG38KU210120,14,0,14
SPRPG38KU210150,18,0,18
SPRPG38KU210160,20,0,20
SPRPG38KU219110,4,0,4
SPRPG38KU219120,14,0,14
SPRPG38KU219130,18,0,18
SPRPG38KU219140,16,0,16
SPRPG38KU219150,16,0,16
SPRPG38KU219160,20,0,20
SPRPG38KU310110,4,0,4
SPRPG38KU310120,8,0,8
SPRPG38KU310150,6,0,6
SPRPG38KU310160,20,0,20
SPRPG38KU319110,4,0,4
SPRPG38KU319120,10,0,10
SPRPG38KU319130,18,0,18
SPRPG38KU319140,16,0,16
SPRPG38KU319150,20,0,20
SPRPG38KU319160,20,0,20
SPRPGA9C7110095,144,0,144
SPRPGA9C7110100,272,0,272
SPRPGA9C7110105,70,0,70
SPRPGA9C7119090,2,0,2
SPRPGA9C71AA090,20,0,20
SPRPGA9C71AA095,54,0,54
SPRPGA9C71AA100,98,0,98
SPRPGA9C71AA105,34,0,34
SPRPGA9C71BD090,42,0,42
SPRPGA9C71BD095,202,0,202
SPRPGA9C71BD100,140,0,140
SPRPGA9C72BF095,2,0,2
SPRPGA9C7359100,6,0,6
SPRPGA9C7359105,4,0,4
SPRPGA9C7410090,86,0,86
SPRPGA9C7410095,86,0,86
SPRPGA9C7410100,86,0,86
SPRPGA9C7410105,72,0,72
SPRPGA9C7419090,22,0,22
SPRPGA9C7419095,44,0,44
SPRPGA9C7419100,94,0,94
SPRPGA9C7419105,50,0,50
SPRPGA9C8219095,6,0,6
SPRPGA9C8219105,4,0,4
SPRPGA9C8259105,2,2,4
SPRPGA9C8303100,2,0,2
SPRPGA9C8359090,2,0,2
SPRPGA9C83BD105,2,0,2
SPRPGA9C8459090,2,0,2
SPRPGA9KU110110,194,0,194
SPRPGA9KU110120,286,0,286
SPRPGA9KU110130,480,0,480
SPRPGA9KU110140,488,0,488
SPRPGA9KU110150,372,0,372
SPRPGA9KU110160,392,0,392
SPRPGA9KU119110,230,0,230
SPRPGA9KU119120,342,2,344
SPRPGA9KU119130,380,0,380
SPRPGA9KU119140,412,0,412
SPRPGA9KU119150,418,0,418
SPRPGA9KU119160,444,0,444
SPRPGA9KU210110,230,0,230
SPRPGA9KU210120,352,0,352
SPRPGA9KU210130,472,0,472
SPRPGA9KU210140,352,0,352
SPRPGA9KU210150,320,0,320
SPRPGA9KU210160,312,4,316
SPRPGA9KU2AC110,230,0,230
SPRPGA9KU2AC120,352,0,352
SPRPGA9KU2AC130,164,0,164
SPRPGA9KU2AC140,404,0,404
SPRPGA9KU2AC150,444,0,444
SPRPGA9KU2AC160,452,0,452
SPRPGA9KU310110,34,0,34
SPRPGA9KU310120,72,20,92
SPRPGA9KU310130,20,24,44
SPRPGA9KU310140,40,20,60
SPRPGA9KU310150,140,22,162
SPRPGA9KU310160,138,26,164
SPRPGA9KU319110,22,0,22
SPRPGA9KU319120,108,20,128
SPRPGA9KU319130,186,24,210
SPRPGA9KU319140,132,14,146
SPRPGA9KU319150,210,22,232
SPRPGA9KU319160,178,22,200
SPRPGA9KU410110,20,0,20
SPRPGA9KU410120,40,0,40
SPRPGA9KU410130,18,0,18
SPRPGA9KU410140,20,0,20
SPRPGA9KU410150,110,0,110
SPRPGA9KU410160,100,0,100
SPRPGA9KU419110,18,0,18
SPRPGA9KU419120,110,0,110
SPRPGA9KU419130,146,0,146
SPRPGA9KU419140,142,0,142
SPRPGA9KU419150,176,0,176
SPRPGA9KU419160,192,0,192
SPRSG24G0130085,224,0,224
SPRSG24G0130090,52,0,52
SPRSG24KG110140,2,0,2
SPRSG24KG115120,10,0,10
SPRSG24KG115130,8,0,8
SPRSG24KG1AC130,2,0,2
SPRSG24KG1AC140,2,0,2
SPRSG24KG1AC150,2,0,2
SPRSG24KG1AC160,2,0,2
SPRSG24KU150110,2,2,4
SPRSG24KU150120,2,2,4
SPRSG24KU150130,4,4,8
SPRSG24KU150140,4,8,12
SPRSG24KU150150,4,4,8
SPRSG24KU150160,6,6,12
SPRSG24KU1AC150,16,2,18
SPRSG24KU229110,6,0,6
SPRSG24KU250110,4,0,4
SPRSG24KU250150,2,0,2
SPRSG24KU259140,90,0,90
SPRSG24KU285150,2,0,2
SPRSG24KU3AC120,2,10,12
SPRSG25C0303095,6,18,24
SPRSG25C0485100,392,8,400
SPRSG25C0485105,430,6,436
SPRSG37C1059090,96,62,158
SPRSG37C1059095,22,102,124
SPRSG37C1059100,148,102,250
SPRSG37C1059105,384,28,412
SPRSG37KG125120,28,0,28
SPRSG37KG125130,10,0,10
SPRSG37KG125140,22,0,22
SPRSG37KG125150,128,0,128
SPRSG37KG125160,124,0,124
SPRSG37KG150120,16,0,16
SPRSG37KG150130,50,0,50
SPRSG37KG150140,68,0,68
SPRSG37KG150150,138,0,138
SPRSG37KG150160,168,0,168
SPRSG37KU129120,30,0,30
SPRSG37KU129130,20,0,20
SPRSG37KU129140,28,0,28
SPRSG37KU129150,50,0,50
SPRSG37KU129160,18,0,18
SPRSG37KU159140,4,0,4
SPRSG37KU159150,6,0,6
SPRSG37KU159160,12,0,12
SPRSG37KU215120,22,0,22
SPRSG37KU215130,42,0,42
SPRSG37KU215140,186,0,186
SPRSG37KU215150,160,0,160
SPRSG37KU215160,144,0,144
SPRSG37KU239120,22,0,22
SPRSG37KU239130,22,0,22
SPRSG37KU239140,52,0,52
SPRSG37KU239150,40,0,40
SPRSG37KU239160,76,0,76
SPRSG37KU240120,20,0,20
SPRSG37KU240130,28,0,28
SPRSG37KU240140,80,0,80
SPRSG37KU240150,88,0,88
SPRSG37KU240160,56,0,56
SPRSG37KU259120,18,0,18
SPRSG37KU259130,38,0,38
SPRSG37KU259140,34,0,34
SPRSG37KU259150,28,0,28
SPRSG37KU259160,30,0,30
SPRWF24KU150120,12,0,12
SPRWF24KU176160,2,0,2
SPRWG24G0129085,104,16,120
SPRWG24G0139090,4,0,4
SPRWG24G0159090,90,8,98
SPRWG24G0159095,14,2,16
SPRWG24KU110140,2,12,14
SPRWG25C0210105,30,0,30
SPRWG25C0519100,122,0,122
SPRWG25C0539090,2,0,2
SPRWG25C0549095,2,2,4
SPRWG25C0549105,4,0,4
SPRWG25C6119095,52,0,52
SPRWG25C6159090,134,0,134
SPRWG25G0110095,2,24,26
SPRWG25G0210090,2,0,2
SPRWG25G0351085,172,6,178
SPRWG25G0351090,78,6,84
SPRWG25G0385085,54,0,54
SPRWG25G0559085,2,0,2
SPRWG25G0619095,2,0,2
SPRWG25G06AC085,374,2,376
SPRWG25G06AC090,228,0,228
SPRWG25G0739095,64,0,64
SPRWG37C0510100,490,138,628
SPRWG37C0510105,124,212,336
SPRWG37C0510110,54,190,244
SPRWG37C0519095,60,2,62
SPRWG37C0519105,128,14,142
SPRWG37C0519110,182,12,194
SPRWG37C0584095,140,74,214
SPRWG37C0584100,70,220,290
SPRWG37C0584105,72,166,238
SPRWG37C0584110,46,112,158
SPRWG37C0619095,48,0,48
SPRWG37C0619100,140,0,140
SPRWG37C0619105,206,0,206
SPRWG37C0639095,106,0,106
SPRWG37C0639100,268,0,268
SPRWG37C0639105,144,0,144
SPRWG37C1020090,28,0,28
SPRWG37C1020095,24,0,24
SPRWG37C1020100,26,0,26
SPRWG37C1030090,82,0,82
SPRWG37C1030095,138,0,138
SPRWG37C1030100,102,0,102
SPRWG37C1030105,42,0,42
SPRWG37C1050090,50,0,50
SPRWG37C1050095,174,0,174
SPRWG37C1050100,376,0,376
SPRWG37C1050105,236,0,236
SPRWG37C1084090,88,0,88
SPRWG37C1084095,100,0,100
SPRWG37C1084100,60,0,60
SPRWG37C1084105,48,0,48
SPRWG37G0119095,6,0,6
SPRWG37G0129085,2,10,12
SPRWG37G0210085,222,2,224
SPRWG37G0210090,124,0,124
SPRWG37G0210095,58,0,58
SPRWG37G0235095,28,0,28
SPRWG37G1103085,4,0,4
SPRWG37G1103095,2,0,2
SPRWG37G1129085,844,28,872
SPRWG37G1129090,306,0,306
SPRWG37G1129095,422,0,422
SPRWG37G1139085,2,18,20
SPRWG37G1219090,38,2,40
SPRWG37G3060085,2,52,54
SPRWG37G3060090,4,70,74
SPRWG37G3085090,2,54,56
SPRWG37G3139085,412,2,414
SPRWG37G3139090,198,0,198
SPRWG37G3139095,186,0,186
SPRWG37G3185085,62,0,62
SPRWG37G3185090,62,0,62
SPRWG37G3185095,30,0,30
SPRWG37G3219090,8,0,8
SPRWG37G3264085,12,0,12
SPRWG37G3310085,378,0,378
SPRWG37G3310090,418,0,418
SPRWG37G3310095,160,0,160
SPRWG37G3319085,382,0,382
SPRWG37G3319090,582,0,582
SPRWG37G3319095,306,0,306
SPRWG37G33AA095,2,0,2
SPRWG37G3419085,162,0,162
SPRWG37G3419090,132,0,132
SPRWG37G3419095,22,0,22
SPRWG37G3459085,26,0,26
SPRWG37G3459090,90,0,90
SPRWG37G3459095,46,0,46
SPRWG37G3539085,106,0,106
SPRWG37G3539090,100,0,100
SPRWG37G3539095,94,0,94
SPRWG37G3552090,4,0,4
SPRWG37G5019085,96,0,96
SPRWG37G5019090,142,0,142
SPRWG37G5039085,2,0,2
SPRWG37G5039090,136,0,136
SPRWG37G5051085,36,0,36
SPRWG37G5051090,48,0,48
SPRWG37G50AC090,30,0,30
SPRWG37G8115999,10,2,12
SPRWG37G8225999,14,2,16
SPRWG37G8639085,88,0,88
SPRWG37G8651085,150,180,330
SPRWG37G8660085,108,224,332
SPRWG37G8699085,6,152,158
SPRWG37G9819085,76,0,76
SPRWG37G9819090,78,0,78
SPRWG37G9839085,76,0,76
SPRWG37G9839090,78,0,78
SPRWG37G9899085,76,0,76
SPRWG37G9899090,76,0,76
SPRWG37M0210100,50,0,50
SPRWG37M0236095,408,0,408
SPRWG37M0236100,496,0,496
SPRWG37M0236105,396,0,396
SPRWG37M0236110,282,0,282
SPRWG37M0260100,110,0,110
SPRWG37M0260110,20,0,20
SPRWG37WS310090,2,6,8
SPRWGA9A0110085,134,340,474
SPRWGA9A0110095,28,702,730
SPRWGA9A0110100,210,706,916
SPRWGA9A0110105,4,398,402
SPRWGA9A0119085,72,32,104
SPRWGA9A0119095,14,6,20
SPRWGA9A0119100,74,46,120
SPRWGA9A0119105,546,38,584
SPRWGA9A0119110,166,24,190
SPRWGA9A0199085,30,50,80
SPRWGA9A0199090,208,734,942
SPRWGA9A0199095,2,1218,1220
SPRWGA9A0210090,8,1424,1432
SPRWGA9A0210100,24,2616,2640
SPRWGA9A0210105,40,2004,2044
SPRWGA9A0219090,10,972,982
SPRWGA9A0219095,76,1766,1842
SPRWGA9A0219100,14,2424,2438
SPRWGA9A0219105,26,3430,3456
SPRWGA9A0299090,18,1026,1044
SPRWGA9A0299095,24,1584,1608
SPRWGA9A0299100,22,1510,1532
SPRWGA9A0299105,24,1886,1910
SPRWGA9A2010095,20,0,20
SPRWGA9A2010100,106,0,106
SPRWGA9A2010105,100,0,100
SPRWGA9A2019100,24,0,24
SPRWGA9A2019105,36,0,36
SPRWGA9A2099095,34,0,34
SPRWGA9A2099100,74,0,74
SPRWGA9A2099105,52,0,52
SPRWGA9C0110090,6,64,70
SPRWGA9C0110100,156,154,310
SPRWGA9C0110105,32,16,48
SPRWGA9C0110110,138,426,564
SPRWGA9C0119090,6,30,36
SPRWGA9C0119110,2,20,22
SPRWGA9C0125095,4,0,4
SPRWGA9C0125100,6,0,6
SPRWGA9C0125105,8,0,8
SPRWGA9C0151090,80,0,80
SPRWGA9C0151095,254,0,254
SPRWGA9C0151100,376,2,378
SPRWGA9C0151105,266,0,266
SPRWGA9C0151110,44,0,44
SPRWGA9C0152090,6,0,6
SPRWGA9C0152095,82,0,82
SPRWGA9C0152100,186,202,388
SPRWGA9C0152105,210,164,374
SPRWGA9C0158105,6,0,6
SPRWGA9C0160090,2,8,10
SPRWGA9C0160095,28,20,48
SPRWGA9C0160110,12,112,124
SPRWGA9KU110120,2,0,2
SPRWGA9KU110140,4,0,4
SPRWGA9KU199110,222,0,222
SPRWGA9KU199120,170,0,170
SPRWGA9KU199130,462,0,462
SPRWGA9KU199140,1142,0,1142
SPRWGA9KU199150,516,0,516
SPRWGA9KU199160,226,0,226
SPRWGA9KU210110,28,2,30
SPRWGA9KU210120,56,2,58
SPRWGA9KU210130,196,0,196
SPRWGA9KU210140,186,0,186
SPRWGA9KU210150,346,0,346
SPRWGA9KU210160,272,0,272
SPRWGA9KU299110,34,0,34
SPRWGA9KU299120,68,0,68
SPRWGA9KU299130,68,0,68
SPRWGA9KU299140,102,0,102
SPRWGA9KU299150,102,0,102
SPRWGA9KU299160,136,0,136
SPSMF23KG110150,2,0,2
SPSMF24KG119140,2,0,2
SPSMF24KG119150,8,0,8
SPSMF24KG436120,32,0,32
SPSMF24KG451160,2,0,2
SPSMF24KU1BU110,2,0,2
SPSMF24KU1BU160,12,0,12
SPSMF24KU230110,4,0,4
SPSMF24KU3BU110,2,0,2
SPSMF25KU184130,2,4,6
SPSMF25KU184150,22,4,26
SPSMF25KU184160,114,2,116
SPSMF37KG225120,2,0,2
SPSMF37KG250140,2,0,2
SPSMF37KU240150,18,0,18
SPSMF37KU276140,108,0,108
SPSMF37KU384140,2,0,2
SPSMF37KU5BU140,12,0,12
SPSMF37KU5BU150,50,0,50
SPSMF38KU135110,24,0,24
SPSMF38KU135120,24,0,24
SPSMF38KU135130,48,2,50
SPSMF38KU135140,48,0,48
SPSMF38KU135150,48,0,48
SPSMF38KU135160,48,0,48
SPSMF38KU184110,14,0,14
SPSMF38KU184120,14,0,14
SPSMF38KU184130,28,0,28
SPSMF38KU184140,28,0,28
SPSMF38KU184150,28,0,28
SPSMF38KU184160,28,0,28
SPSMG23KU1AA110,2,0,2
SPSMG24KU149110,32,0,32
SPSMG24KU149120,2,0,2
SPSMG24KU149130,220,0,220
SPSMG24KU149150,2,0,2
SPSMG24KU149160,176,2,178
SPSMG24KU152110,40,0,40
SPSMG24KU152140,400,0,400
SPSMG24KU152150,2,10,12
SPSMG24KU160120,14,0,14
SPSMG24KU160130,10,0,10
SPSMG24KU160150,360,0,360
SPSMG24KU2AA150,2,22,24
SPSMG24KU2AA160,2,70,72
SPSMG24KU436130,2,0,2
SPSMG24KU449130,2,0,2
SPSMG25KG120140,8,0,8
SPSMG25KG276130,2,0,2
SPSMG25KG276140,8,0,8
SPSMG25KG284130,16,0,16
SPSMG25KG284150,40,0,40
SPSMG25KG3B7100,6,0,6
SPSMG25KG3B7110,4,2,6
SPSMG25KG3B7140,16,0,16
SPSMG25KG3B7150,4,2,6
SPSMG25KG3CD100,6,4,10
SPSMG25KG3CD150,6,0,6
SPSMG25KG531110,20,0,20
SPSMG25KG531120,10,0,10
SPSMG25KG531130,20,0,20
SPSMG25KG531140,14,0,14
SPSMG25KG531150,14,0,14
SPSMG25KG531160,10,0,10
SPSMG25KG551110,12,0,12
SPSMG25KG551120,10,0,10
SPSMG25KG551130,10,0,10
SPSMG25KG551160,10,0,10
SPSMG25KU310140,30,12,42
SPSMG25KU319130,2,8,10
SPSMG25KU319140,18,10,28
SPSMG25KU425110,8,0,8
SPSMG25KU425120,8,0,8
SPSMG25KU425130,16,0,16
SPSMG25KU425140,14,2,16
SPSMG25KU425150,6,0,6
SPSMG25KU425160,8,0,8
SPSMG25KU451120,8,0,8
SPSMG25KU451130,12,0,12
SPSMG25KU451140,6,2,8
SPSMG25KU451150,8,0,8
SPSMG25KU451160,10,0,10
SPSMG37KG126120,10,0,10
SPSMG37KG164110,6,0,6
SPSMG37KG164120,40,0,40
SPSMG37KG164130,6,0,6
SPSMG37KG164140,12,0,12
SPSMG37KG220110,2,0,2
SPSMG37KG220150,2,0,2
SPSMG37KG226110,8,0,8
SPSMG37KU135150,50,0,50
SPSMG37KU135160,18,0,18
SPSMG37KU152120,12,0,12
SPSMG37KU152150,6,16,22
SPSMG37KU310110,8,22,30
SPSMG37KU310120,16,12,28
SPSMG37KU310130,6,8,14
SPSMG37KU310150,10,0,10
SPSMG37KU319110,18,48,66
SPSMG37KU319120,10,4,14
SPSMG37KU319150,26,16,42
SPSMG37KU319160,6,12,18
SPSMG37KU326120,2,0,2
SPSMG37KU326140,38,0,38
SPSMG37KU326150,16,0,16
SPSMG37KU326160,16,0,16
SPSMG37KU351110,16,0,16
SPSMG37KU351120,2,0,2
SPSMG37KU351130,266,0,266
SPSMG37KU351150,12,0,12
SPSMG37KU351160,88,0,88
SPSMG49KU133110,514,0,514
SPSMG49KU133120,718,0,718
SPSMG49KU133130,1952,0,1952
SPSMG49KU133140,2670,0,2670
SPSMG49KU133150,2676,0,2676
SPSMG49KU133160,1748,0,1748
SPSMG49KU150110,864,0,864
SPSMG49KU150120,1050,0,1050
SPSMG49KU150130,1292,0,1292
SPSMG49KU150140,1228,0,1228
SPSMG49KU150150,1050,0,1050
SPSMG49KU150160,678,0,678
SPSMG49KU185110,778,0,778
SPSMG49KU185120,1056,0,1056
SPSMG49KU185130,1162,0,1162
SPSMG49KU185140,1160,0,1160
SPSMG49KU185150,722,0,722
SPSMG49KU185160,666,0,666
SPSMG49KU1AC110,796,0,796
SPSMG49KU1AC120,884,0,884
SPSMG49KU1AC130,1500,0,1500
SPSMG49KU1AC140,2294,0,2294
SPSMG49KU1AC150,1856,0,1856
SPSMG49KU1AC160,1504,0,1504
SPTAG23M5215074,2,0,2
SPTAG23M5219078,2,0,2
SPTAG23M5219082,2,0,2
SPTAG24M2317085,2,0,2
SPTAG25M1217080,2,0,2
SPTAG25M1219095,50,0,50
SPTAG25W04AC080,2,0,2
SPTAG25W1117080,4,0,4
SPTAG25W1119070,2,2,4
SPTAG25W1133085,2,0,2
SPTAG37M2519090,4,2,6
SPTAG37M2533075,2,0,2
SPTAG37M5519080,4,0,4
SPTAG37M5519085,2,0,2
SPTAG38M1219095,2,0,2
SPTAG49W0160064,2,0,2
SPTAG49W0160067,2,0,2
SPTAG49W0160070,4,0,4
SPTAG49W0160073,6,0,6
SPTAG49W0160075,2,0,2
SPTAG49W0160078,2,0,2
SPTAG49W0185064,16,0,16
SPTAG49W0185067,20,0,20
SPTAG49W0185070,22,0,22
SPTAG49W0185073,26,0,26
SPTAG49W0185075,16,0,16
SPTAG49W0185078,18,0,18
SPTAG49W1219070,6,0,6
SPTAGA9M2119078,234,2,236
SPTAGA9M2119082,548,0,548
SPTAGA9M2136082,4,0,4
SPTAGA9M2219074,462,8,470
SPTAGA9M2219078,1438,10,1448
SPTAGA9M2219082,2104,10,2114
SPTAGA9M2219086,1118,8,1126
SPTAGA9M2236086,4,0,4
SPTAGA9M2260078,140,10,150
SPTAGA9M2260082,234,14,248
SPTAGA9M23TB078,2,4,6
SPTAGA9W1117064,6,10,16
SPTAGA9W1117067,4,14,18
SPTAGA9W1117070,28,10,38
SPTAGA9W1117073,112,10,122
SPTAGA9W1117075,46,12,58
SPTAGA9W1117078,120,18,138
SPTAGA9W1119064,4,24,28
SPTAGA9W1119067,10,16,26
SPTAGA9W1119070,6,16,22
SPTAGA9W1119073,8,18,26
SPTAGA9W1119075,26,14,40
SPTAGA9W1119078,220,16,236
SPTCF24KU119150,62,0,62
SPTCG23C0122078,2,0,2
SPTCG23CY135074,208,0,208
SPTCG23CY135078,90,0,90
SPTCG23CY164078,4,0,4
SPTCG23KU249140,2,0,2
SPTCG24C0119080,2,0,2
SPTCG24C0137075,2,0,2
SPTCG24C0137080,2,2,4
SPTCG24C0164080,4,0,4
SPTCG24C0185090,2,0,2
SPTCG24C0249080,4,0,4
SPTCG24C0249085,2,0,2
SPTCG24C0249090,2,0,2
SPTCG24C0260075,2,0,2
SPTCG24C0260095,2,0,2
SPTCG24KU226120,18,0,18
SPTCG24KU226130,62,0,62
SPTCG24KU226140,36,0,36
SPTCG24KU226150,62,16,78
SPTCG24KU226160,56,0,56
SPTCG25C0303078,2,2,4
SPTCG25C0303082,2,2,4
SPTCG25C0319074,4,2,6
SPTCG25C0319078,6,0,6
SPTCG25C0319082,4,0,4
SPTCG25C0319090,4,0,4
SPTCG25C0336078,2,0,2
SPTCG25G0350085,2,0,2
SPTCG25G0459075,2,0,2
SPTCG25G0485070,160,0,160
SPTCG25G0485075,160,0,160
SPTCG25G0485080,160,0,160
SPTCG25G1110065,2,2,4
SPTCG25G1215070,2,6,8
SPTCG25G1215080,2,0,2
SPTCG37C0135074,2,0,2
SPTCG37C0135078,2,0,2
SPTCG37C0159078,2,0,2
SPTCG37C0419095,24,180,204
SPTCG37G0115080,2,0,2
SPTCG37G0188065,692,0,692
SPTCG37G0188070,600,78,678
SPTCG37G0188075,640,0,640
SPTCG37G0188080,380,0,380
SPTCG37G1110065,1078,0,1078
SPTCG37G1110070,1030,2,1032
SPTCG37G1110075,684,2,686
SPTCG37G1110080,684,0,684
SPTCG37G1119065,1366,4,1370
SPTCG37G1119070,1072,0,1072
SPTCG37G1119075,1096,0,1096
SPTCG37G1119080,644,40,684
SPTCG37G1125065,992,0,992
SPTCG37G1125070,448,0,448
SPTCG37G1125075,602,0,602
SPTCG37G1125080,398,0,398
SPTCG37G1160065,334,126,460
SPTCG37G1160070,354,502,856
SPTCG37G1160075,586,352,938
SPTCG37G1160080,354,0,354
SPTCG37KG119120,18,0,18
SPTCG37KG119130,32,0,32
SPTCG37KG119140,34,0,34
SPTCG37KG119150,22,0,22
SPTCG37KG119160,56,0,56
SPTCG37KG136120,16,0,16
SPTCG37KG136130,30,0,30
SPTCG37KG136140,20,0,20
SPTCG37KG136150,22,0,22
SPTCG37KG136160,48,0,48
SPTCG38G9035080,6,2,8
SPTCG38G9733070,2,0,2
SPTCG38KG219120,8,0,8
SPTCG38KG219130,14,0,14
SPTCG38KG219140,10,0,10
SPTCG38KG219150,14,0,14
SPTCG49C0385078,2,0,2
SPTCGA9C0203090,10,0,10
SPTCGA9C0235082,250,14,264
SPTCGA9CS135082,158,0,158
SPTCGA9CS135086,28,2,30
SPTCGA9CS136082,54,0,54
SPTCGA9CS136086,20,0,20
SPTCGA9CS160078,8,0,8
SPTCGA9GS135070,2,2,4
SPTCGA9KU103110,20,0,20
SPTCGA9KU103120,20,0,20
SPTCGA9KU103130,42,0,42
SPTCGA9KU103140,44,0,44
SPTCGA9KU103150,62,0,62
SPTCGA9KU103160,60,0,60
SPTCGA9KU137110,56,0,56
SPTCGA9KU137120,28,0,28
SPTCGA9KU137130,98,0,98
SPTCGA9KU137140,366,0,366
SPTCGA9KU137150,304,0,304
SPTCGA9KU137160,416,0,416
SPTHF37KU232120,6,0,6
SPTHF37KU232130,2,0,2
SPTHF37KU252120,2,0,2
SPTHF37KU252150,2,0,2
SPTHF37KU262120,2,0,2
SPTHF37KU262140,10,0,10
SPTHG24KU135110,6,0,6
SPTHG24KU135130,78,0,78
SPTHG24KU135140,170,0,170
SPTHG24KU135150,116,0,116
SPTHG24KU135160,22,0,22
SPTHG24KU159130,2,0,2
SPTHG24KU159140,40,0,40
SPTHG24KU159150,24,0,24
SPTHG24KU159160,10,0,10
SPTHG24KU235110,2,0,2
SPTHG24KU235130,4,0,4
SPTHG24KU235140,4,0,4
SPTHG24KU235150,2,4,6
SPTHG24KU249110,72,0,72
SPTHG24KU249120,10,0,10
SPTHG24KU249130,10,0,10
SPTHG24KU249140,52,0,52
SPTHG24KU251110,42,0,42
SPTHG24KU251120,4,0,4
SPTHG24KU251140,4,0,4
SPTHG24KU349130,2,12,14
SPTHG24KU349150,2,12,14
SPTHG24KU435140,6,0,6
SPTHG24KU449110,32,0,32
SPTHG24KU449120,20,0,20
SPTHG24KU449130,32,0,32
SPTHG24KU449140,20,0,20
SPTHG25G0139075,20,0,20
SPTHG25KG119110,12,0,12
SPTHG25KG119120,14,0,14
SPTHG25KG119130,14,0,14
SPTHG25KG119140,20,0,20
SPTHG25KG151110,6,0,6
SPTHG25KG151120,18,0,18
SPTHG25KG151130,12,0,12
SPTHG25KG151140,8,0,8
SPTHG25KG151150,2,0,2
SPTHG25M1119095,24,0,24
SPTHG25M1119105,86,0,86
SPTHG25M1152100,26,0,26
SPTHG25M1152110,12,0,12
SPTHG26C0119080,100,0,100
SPTHG26G0226080,2,0,2
SPTHG26G0260070,2,0,2
SPTHG26W0135075,12,0,12
SPTHG37C0119075,2,0,2
SPTHG37C0119080,2,2,4
SPTHG37C0164075,2,0,2
SPTHG37C0164085,4,10,14
SPTHG37C0164090,10,2,12
SPTHG37C1158075,2,0,2
SPTHG37G0139070,8,6,14
SPTHG37G0139075,8,6,14
SPTHG37G0139080,8,4,12
SPTHG37G0139085,6,0,6
SPTHG37G1115070,4,38,42
SPTHG37G1119075,2,2,4
SPTHG37G1119085,2,2,4
SPTHG37G9119075,4,0,4
SPTHG37KG110110,4,6,10
SPTHG37KG110120,26,2,28
SPTHG37KG110130,16,4,20
SPTHG37KG110140,34,8,42
SPTHG37KG110150,8,0,8
SPTHG37KG110160,4,0,4
SPTHG37KG119110,2,0,2
SPTHG37KG119120,42,0,42
SPTHG37KG119130,6,2,8
SPTHG37KG119140,10,2,12
SPTHG37KG119150,6,12,18
SPTHG37KG119160,4,0,4
SPTHG37KG126110,100,0,100
SPTHG37KG126120,254,6,260
SPTHG37KG126130,212,8,220
SPTHG37KG126140,370,8,378
SPTHG37KG126150,134,2,136
SPTHG37KG126160,62,4,66
SPTHG37KG151120,16,18,34
SPTHG37KG151150,2,0,2
SPTHG37KU219110,2,0,2
SPTHG37KU219120,6,0,6
SPTHG37KU219140,4,0,4
SPTHG37KU219150,4,0,4
SPTHG37KU219160,4,0,4
SPTHG37KU235110,2,0,2
SPTHG37KU235120,12,0,12
SPTHG37KU235130,30,0,30
SPTHG37KU235140,2,0,2
SPTHG37KU249110,2,0,2
SPTHG37KU249130,4,2,6
SPTHG37KU325140,16,0,16
SPTHG37KU384110,10,0,10
SPTHG37KU384120,86,2,88
SPTHG37KU384130,20,0,20
SPTHG37KU419140,2,0,2
SPTHG37KU452150,6,0,6
SPTHG37U0152080,10,0,10
SPTHG37U0152085,196,0,196
SPTHG37U0152090,44,0,44
SPTJF25C2156074,4,0,4
SPTJF25C2156076,4,0,4
SPTJF25C2156078,6,0,6
SPTJF25C2156080,6,0,6
SPTJF25C2156082,8,0,8
SPTJF25C2156086,10,0,10
SPTJF25C2156090,4,0,4
SPTJFA9KU155120,2,108,110
SPTJG12KU117130,2,2,4
SPTJG23C4117080,4,0,4
SPTJG23C5359082,2,2,4
SPTJG23C5485086,2,0,2
SPTJG23G6157070,2,0,2
SPTJG24CS159075,4,0,4
SPTJG24CS159090,2,0,2
SPTJG24G5557080,42,0,42
SPTJG24KU156120,2,0,2
SPTJG24KU156130,6,0,6
SPTJG24KU156140,6,0,6
SPTJG24KU156160,8,0,8
SPTJG24KU255160,6,2,8
SPTJG24KU256110,6,0,6
SPTJG24KU256140,6,0,6
SPTJG24KU256150,8,0,8
SPTJG24KU256160,16,0,16
SPTJG25C5255074,2,0,2
SPTJG25C5256082,2,40,42
SPTJG25C5256086,6,0,6
SPTJG25G3255073,2,0,2
SPTJG25G7156073,2,0,2
SPTJG25KU155130,2,0,2
SPTJG25KU155170,4,0,4
SPTJG25KU156130,2,2,4
SPTJG25KU156140,166,0,166
SPTJG25KU156150,4,0,4
SPTJG25KU156160,2,0,2
SPTJG25KU156170,4,2,6
SPTJG37G5255064,2,0,2
SPTJG37G52VI064,6,0,6
SPTJG49G6255064,64,0,64
SPTJG49G6255067,42,0,42
SPTJG49G6255070,68,0,68
SPTJG49G6255073,64,0,64
SPTJG49G6255075,48,0,48
SPTJG49G6257064,124,0,124
SPTJG49G6257067,76,0,76
SPTJG49G6257070,192,0,192
SPTJG49G6257073,148,0,148
SPTJG49G6257075,90,0,90
SPTJG49KU655130,192,0,192
SPTJG49KU655140,418,0,418
SPTJG49KU655150,492,0,492
SPTJG49KU655160,524,0,524
SPTJG49KU656130,284,0,284
SPTJG49KU656140,590,0,590
SPTJG49KU656150,830,0,830
SPTJG49KU656160,612,0,612
SPTJGA9CS155074,154,6,160
SPTJGA9CS155078,572,6,578
SPTJGA9CS155082,994,6,1000
SPTJGA9CS155086,850,6,856
SPTJGA9CS155090,248,6,254
SPTJGA9CS157082,116,8,124
SPTJGA9G5117064,20,560,580
SPTMF25KU860130,18,0,18
SPTMF25KU860140,22,0,22
SPTMF25KU860150,14,0,14
SPTMF25KU860160,20,0,20
SPTMF37KU1AC160,2,0,2
SPTMF37KU2AA130,22,0,22
SPTMF37KU2AA140,2,0,2
SPTMG24KU119130,50,0,50
SPTMG24KU119150,16,0,16
SPTMG24KU119160,6,0,6
SPTMG24KU136130,22,0,22
SPTMG24KU136140,72,0,72
SPTMG24KU136150,30,0,30
SPTMG25KG119130,10,0,10
SPTMG25KG119140,2,0,2
SPTMG25KG119160,40,0,40
SPTMG25KG185120,10,2,12
SPTMG25KG185130,82,0,82
SPTMG25KG185140,18,0,18
SPTMG25KG185160,4,0,4
SPTMG25KG1AC120,2,0,2
SPTMG25KG1AC130,2,0,2
SPTMG25KG1AC140,2,0,2
SPTMG25KU119120,2,0,2
SPTMG25KU119140,6,6,12
SPTMG25KU159140,8,0,8
SPTMG25KU159150,24,0,24
SPTMG25KU185140,26,0,26
SPTMG25KU185150,6,0,6
SPTMG25KU185160,6,0,6
SPTMG25KU1AA140,10,0,10
SPTMG37KU119120,14,20,34
SPTMG37KU119130,2,12,14
SPTMG37KU119140,24,14,38
SPTMG37KU119150,16,0,16
SPTMG37KU1AC120,68,0,68
SPTMG37KU1AC130,18,0,18
SPTMG37KU1AC140,2,0,2
SPTMG37KU1AC150,12,4,16
SPTMG37KU1AC160,6,2,8
SPTMG37KU219120,76,0,76
SPTMG37KU219130,26,0,26
SPTMG37KU219140,32,0,32
SPTMG37KU219150,54,0,54
SPTMG37KU219160,442,0,442
SPTMG37KU2AC120,32,0,32
SPTMG37KU2AC130,14,0,14
SPTMG37KU2AC140,20,0,20
SPTMG37KU2AC150,60,0,60
SPTMG37KU2AC160,20,0,20
SPTMG37KU319120,24,0,24
SPTMG37KU319130,16,0,16
SPTMG37KU319140,22,0,22
SPTMG37KU319150,48,0,48
SPTMG37KU319160,76,0,76
SPTMG37KU3AC120,22,0,22
SPTMG37KU3AC130,24,0,24
SPTMG37KU3AC140,24,0,24
SPTMG37KU3AC150,30,0,30
SPTMG37KU3AC160,38,0,38
SPTMG37KU419120,26,0,26
SPTMG37KU419130,32,0,32
SPTMG37KU419140,38,0,38
SPTMG37KU419150,76,0,76
SPTMG37KU419160,144,0,144
SPTMG37KU4AC120,16,0,16
SPTMG37KU4AC130,14,0,14
SPTMG37KU4AC140,62,0,62
SPTMG37KU4AC150,44,0,44
SPTMG37KU4AC160,74,0,74
SPTNF25KG256110,32,0,32
SPTNF25KG256120,32,0,32
SPTNF25KG256130,64,0,64
SPTNF25KG256140,96,0,96
SPTNF25KG256150,128,2,130
SPTNF25KG256160,128,0,128
SPTNF38KU156160,2,0,2
SPTNG24C0117075,20,0,20
SPTNG24C0155095,2,0,2
SPTNG25C02VB090,100,0,100
SPTNG25C02VI090,2,0,2
SPTNG25G0257070,114,0,114
SPTNG25G0257075,2,0,2
SPTNG25KG156110,4,10,14
SPTNG25KG156120,2,0,2
SPTNG25KG156140,2,2,4
SPTNG25KU155110,2,2,4
SPTNG25KU155150,14,2,16
SPTNG25KU156130,20,0,20
SPTNG25KU159110,4,2,6
SPTNG25KU159120,2,0,2
SPTNG25KU159130,6,2,8
SPTNG25KU159140,204,6,210
SPTNG25KU159150,182,4,186
SPTNG25KU159160,98,0,98
SPTNG25KU255120,2,0,2
SPTNG25KU256150,6,0,6
SPTNG37C0156075,2,0,2
SPTNG37C0156085,4,0,4
SPTNG37C0157080,2,0,2
SPTNG37C0157090,8,0,8
SPTNG37G9056070,20,0,20
SPTNG37G9056080,14,0,14
SPTNG37G9057070,44,0,44
SPTNG37KU116120,44,6,50
SPTNG37KU116130,68,20,88
SPTNG37KU116140,20,10,30
SPTNG37KU116150,46,24,70
SPTNG37KU116160,98,26,124
SPTNG37KU156110,54,6,60
SPTNG37KU156120,30,14,44
SPTNG37KU156130,116,30,146
SPTNG37KU156140,26,22,48
SPTNG37KU156150,88,34,122
SPTNG37KU156160,24,2,26
SPTNG37KU157110,14,8,22
SPTNG37KU157120,68,46,114
SPTNG37KU157130,222,52,274
SPTNG37KU157140,54,26,80
SPTNG37KU157150,534,30,564
SPTNG37KU157160,88,20,108
SPTNG37KU164130,14,0,14
SPTNG38C0117095,2,0,2
SPTNG38G0256070,2,0,2
SPTNG38G0256080,2,0,2
SPTNG38G0257080,2,0,2
SPTRGA9A5119100,86,0,86
SPTRGA9A5119105,226,0,226
SPTRGA9A5119110,52,0,52
SPTRGA9A5199095,42,0,42
SPTRGA9A5199100,26,0,26
SPTRGA9A5199105,186,0,186
SPTRGA9A5199110,58,0,58
SPTRGA9A5199120,6,0,6
SPTRGA9KU117110,26,0,26
SPTRGA9KU117120,198,0,198
SPTRGA9KU117130,132,0,132
SPTRGA9KU117140,316,0,316
SPTRGA9KU117150,206,0,206
SPTRGA9KU117160,226,0,226
SPTRGA9KU151110,24,0,24
SPTRGA9KU151120,182,0,182
SPTRGA9KU151130,152,0,152
SPTRGA9KU151140,382,0,382
SPTRGA9KU151150,526,0,526
SPTRGA9KU151160,506,0,506
SPTRGA9KU219160,2,866,868
SPTRGA9KU499150,2,116,118
SPTRGA9KU599140,4,82,86
SPWHF24KG151110,2,2,4
SPWHF37KG939110,22,0,22
SPWHG12W1459070,2,94,96
SPWHG23KG110120,84,0,84
SPWHG23KG110130,166,0,166
SPWHG23KG110140,290,0,290
SPWHG23KG110150,48,0,48
SPWHG23W1119075,12,2,14
SPWHG23W1319080,10,0,10
SPWHG23W1399075,10,2,12
SPWHG25G0119070,8,8,16
SPWHG25G0119080,8,0,8
SPWHG25G1110085,2,0,2
SPWHG25G1119080,2,0,2
SPWHG25G1160075,14,0,14
SPWHG25KG119120,10,0,10
SPWHG25KG119130,16,0,16
SPWHG25KG119140,6,0,6
SPWHG25KG119150,8,0,8
SPWHG25KG119160,90,0,90
SPWHG25KG151120,16,0,16
SPWHG25KG151130,16,0,16
SPWHG25KG151140,18,0,18
SPWHG25KG151150,6,0,6
SPWHG25KG151160,88,0,88
SPWHG25W0236070,32,0,32
SPWHG25W0236080,46,0,46
SPWHG26G0110070,312,0,312
SPWHG26G0110075,340,0,340
SPWHG26G0110080,112,0,112
SPWHG37G0110075,10,0,10
SPWHG37G0119070,2,0,2
SPWHG37G0210070,6,0,6
SPWHG37G0210075,126,0,126
SPWHG37G0219075,4,0,4
SPWHG37G1135070,6,0,6
SPWHG37G1260075,2,0,2
SPWHG49G3019070,324,0,324
SPWHG49G3019075,218,0,218
SPWHG49G3019080,144,0,144
SPWHG49G3035070,642,0,642
SPWHG49G3035075,634,0,634
SPWHG49G3035080,546,0,546
SPWHG49KG259120,380,0,380
SPWHG49KG259130,560,0,560
SPWHG49KG259140,672,0,672
SPWHG49KG259150,622,0,622
SPWHG49KG259160,476,0,476
SPWHG49KG285120,232,0,232
SPWHG49KG285130,426,0,426
SPWHG49KG285140,524,0,524
SPWHG49KG285150,516,0,516
SPWHG49KG285160,372,0,372
SPWJG23G0155075,4,2,6
SPWJG23G0155080,2,0,2
SPWJG23G01A3075,44,0,44
SPWJG25GY159080,2,0,2
SPWJG49G0117070,364,0,364
SPWJG49G0117075,164,0,164
SPWJG49G0117080,160,0,160
SPWJG49G0117085,60,0,60
SPWJG49G0155070,158,0,158
SPWJG49G0155075,12,0,12
SPWJG49G0155085,14,0,14
SPWJG49G0159070,250,0,250
SPWJG49G0159075,38,0,38
SPWJG49G0159080,38,0,38
SPWJG49G0159085,44,0,44
SPWJG49G0255070,130,0,130
SPWJG49G0255075,156,0,156
SPWJG49G0255080,62,0,62
SPWJG49G02VI070,128,0,128
SPWJG49G02VI075,172,0,172
SPWJG49G02VI080,44,0,44
SPWMG37KG119120,64,0,64
SPWMG37KG119130,20,0,20
SPWMG37KG119140,20,0,20
SPWMG37KG119150,16,0,16
SPWMG37KG119160,10,0,10
SPWMG37KG1AC120,96,0,96
SPWMG37KG1AC130,26,0,26
SPWMG37KG1AC140,18,0,18
SPWMG37KG1AC150,20,0,20
SPWMG37KG1AC160,20,0,20
SPWPG37A0310095,2,0,2
SPWPG37A0326085,6,0,6
SPWPG37A0399090,4,0,4
SPWPGA9A2035095,42,26644,26686
SPWPGA9KG226160,2,982,984
SPWPGA9KG231140,2,1108,1110
SPWQGA9A0119090,4,10,14
SPWRG37KG910150,38,0,38
SPWRG37KG919150,22,0,22
SPWRGA9A0119090,2,42,44
SPWRGA9A0119100,2,2,4
SPWRGA9A0135095,2,30,32
SPWRGA9A0135100,2,12,14
SPWRGA9A15AC085,2,64,66
SPWRGA9KG199140,8,0,8
SPWRGA9KG210140,2,0,2
SPXVFAVA0117100,8,1904,1912
SPXVFAVA0117105,20,1286,1306
SPXVFAVA0417105,2,498,500
SPXVFAVA0419090,2,370,372
SPXVFAVA0419105,2,720,722
SPXVGAVKU117140,4,6,10
SPXVGAVKU117150,2,6,8
SPXVGAVKU119140,8,4,12
SPXVGAVKU119160,8,6,14
SPXVGAVKU210110,20,0,20
SPXVGAVKU210120,28,0,28
SPXVGAVKU210150,10,4,14
SPXVGAVKU219110,52,0,52
SPXVGAVKU219120,70,0,70
SPXVGAVKU219140,2,4,6
SPXVGAVKU219160,2,4,6
SPYCF23KU925130,62,0,62
SPYCF23KU925140,78,0,78
SPYCF23KU925150,58,0,58
SPYCF23KU925160,138,0,138
SPYCF23KU939120,60,0,60
SPYCF23KU939130,150,0,150
SPYCF23KU939140,170,0,170
SPYCF23KU939150,116,0,116
SPYCF23KU939160,214,2,216
SPYCG11C5485100,2,628,630
SPYCG25C0659110,2,0,2
SPYCG25C0660095,4,0,4
SPYCG25C0685105,4,2,6
SPYCG25C0686095,98,0,98
SPYCG25G5185095,40,0,40
SPYCG26C9935100,44,0,44
SPYCG37C0125090,4,2,6
SPYCG37C0151110,24,0,24
SPYCG37C0159105,24,1168,1192
SPYCG37C0160100,72,0,72
SPYCG37C0160105,26,0,26
SPYCG37C0650110,36,0,36
SPYCG37C0685100,96,0,96
SPYCG37C0685105,2,0,2
SPYCG37C9935105,6,0,6
SPYCG37G5151085,64,0,64
SPYCG37G5151090,44,0,44
SPYCG38KU125130,8,0,8
SPYCG38KU125150,10,0,10
SPYCG38KU125160,172,0,172
SPYCG38KU151140,12,0,12
SPYCG38KU151160,4,2,6
SPYCG38KU185130,6,0,6
SPYCG38KU185140,10,2,12
SPYCG38KU185160,24,0,24
SPYCG49W0119085,412,0,412
SPYCG49W0119090,270,0,270
SPYCG49W0119095,444,0,444
SPYCG49W0135085,160,0,160
SPYCG49W0135090,150,0,150
SPYCG49W0135095,160,0,160
SPYCG49W0159085,308,0,308
SPYCG49W0159090,294,0,294
SPYCG49W0159095,174,0,174
SPYJG23CY157105,8,0,8
SPYJG23G0157095,2,4,6
SPYJG24C0155100,52,772,824
SPYJG24G0155085,2,2,4
SPYJG24G0156085,2,2,4
SPYJG24G0157090,50,0,50
SPYJG24G0157095,4,0,4
SPYJG24KU156110,14,0,14
SPYJG24KU156120,6,0,6
SPYJG24KU156130,12,0,12
SPYJG24KU156140,36,2,38
SPYJG24KU159130,2,0,2
SPYJG24KU159140,24,0,24
SPYJG24KU159160,2,0,2
SPYJG37C0259090,2,0,2
SPYJG37KU159130,4,0,4
SPYJG37KU159140,12,0,12
SPYJG37KU159150,12,0,12
SPYJG37KU159160,20,0,20
SPYJG49CY155090,340,0,340
SPYJG49CY155095,280,0,280
SPYJG49CY155100,400,0,400
SPYJG49CY155105,428,0,428
SPYJG49CY157090,302,0,302
SPYJG49CY157095,290,0,290
SPYJG49CY157100,386,0,386
SPYJG49CY157105,458,0,458
SPYJG49CY255090,898,0,898
SPYJG49CY255095,898,0,898
SPYJG49CY255100,792,0,792
SPYJG49CY255105,562,0,562
SPYJG49CY255110,348,0,348
SPYJG49CY259090,920,0,920
SPYJG49CY259095,800,0,800
SPYJG49CY259100,760,0,760
SPYJG49CY259105,798,0,798
SPYJG49CY259110,720,0,720
SPYJG49G0155085,198,0,198
SPYJG49G0155090,120,0,120
SPYJG49G0155095,408,0,408
SPYJG49G0155100,46,0,46
SPYJG49G0157085,294,0,294
SPYJG49G0157090,350,0,350
SPYJG49G0157095,346,0,346
SPYJG49G0157100,140,0,140
SPYJG49KU155110,432,0,432
SPYJG49KU155120,854,0,854
SPYJG49KU155130,1108,0,1108
SPYJG49KU155140,1676,0,1676
SPYJG49KU155150,1638,0,1638
SPYJG49KU155160,1444,0,1444
SPYJG49KU159110,332,0,332
SPYJG49KU159120,612,0,612
SPYJG49KU159130,868,0,868
SPYJG49KU159140,1120,0,1120
SPYJG49KU159150,1220,0,1220
SPYJG49KU159160,1204,0,1204
SPYJGA9CS155095,16,0,16
SPYJGA9CS155100,22,0,22
SPYJGA9CS155105,118,0,118
SPYJGA9CS159105,6,0,6
SPYSF24KU151160,2,2,4
SPYSF24KU184160,46,4,50
SPYSF37KU939120,20,0,20
SPYSF37KU939130,70,0,70
SPYSF37KU950120,48,0,48
SPYSF37KU950130,36,0,36
SPYSG23KU125120,2,0,2
SPYSG23KU125130,8,0,8
SPYSG23KU150120,4,0,4
SPYSG23KU150130,12,0,12
SPYSG23KU150140,12,0,12
SPYSG23KU150160,16,2,18
SPYSG23W0439085,4,10,14
SPYSG49G0225085,472,0,472
SPYSG49G0225090,392,0,392
SPYSG49G0225095,328,0,328
SPYSG49G0239085,1224,0,1224
SPYSG49G0239090,652,0,652
SPYSG49G0239095,602,0,602
SPYSG49G0250085,714,0,714
SPYSG49G0250090,544,0,544
SPYSG49G0250095,520,0,520
SPYSG49G0285085,720,0,720
SPYSG49G0285090,532,0,532
SPYSG49G0285095,520,0,520
SPYVFAVA01S2090,2,530,532
SPYVFAVA0219095,2,332,334
SPYVG11A9019085,2,14,16
SPYWG23CY216095,2,2,4
SPYWG25C0110095,2,4,6
SPYWG25C0110100,2,8,10
SPYWG25C0115095,24,0,24
SPYWG25C0151095,2,2,4
SPYWG25C0151100,2,6,8
SPYWG25C0151110,2,6,8
SPYWG25C0560095,2,0,2
SPYWG25CY210110,2,0,2
SPYWG25CY215090,6,0,6
SPYWG25CY215095,6,0,6
SPYWG25CY215100,6,0,6
SPYWG25CY215105,4,6,10
SPYWG25CY215110,2,0,2
SPYWG25CY251090,108,0,108
SPYWG25G0115095,2,0,2
SPYWG25G0164095,2,0,2
SPYWG25KU110120,6,0,6
SPYWG25KU110130,18,0,18
SPYWG25KU110140,22,2,24
SPYWG25KU110150,10,0,10
SPYWG25KU110160,10,2,12
SPYWG25KU151130,20,0,20
SPYWG25KU151140,20,2,22
SPYWG25KU151150,66,0,66
SPYWG25M0351110,2,10,12
SPYWG25M1116095,4,0,4
SPYWG25M1116100,254,0,254
SPYWG25M1116105,192,0,192
SPYWG25M1119100,204,0,204
SPYWG25M1152095,8,0,8
SPYWG25M1152100,44,0,44
SPYWG25M1152110,6,0,6
SPYWG25M1185095,10,0,10
SPYWG25M1185100,34,0,34
SPYWG25M1185110,18,0,18
SPYWG25M1217095,2,0,2
SPYWG25M1219095,2,0,2
SPYWG25W0210090,2,0,2
SPYWG25W0210100,2,0,2
SPYWG25W0250090,2,2,4
SPYWG25W0250095,2,0,2
SPYWG25W0335090,18,10,28
SPYWG25W5110085,12,0,12
SPYWG26C1219100,16,0,16
SPYWG37C0535095,4,0,4
SPYWG37C0549100,2,0,2
SPYWG37C0549105,4,0,4
SPYWG37C0560105,4,0,4
SPYWG37C5525095,28,0,28
SPYWG37C5525100,46,0,46
SPYWG37C5525105,2,0,2
SPYWG37U0159090,202,0,202
SPYWG37U0159095,182,0,182
SPYWG37U0159100,190,0,190
SPYWG37U0159105,196,0,196
SPYWG37W0110085,192,4,196
SPYWG37W0110090,400,6,406
SPYWG37W0151095,4,0,4
SPYWG37W0184085,402,0,402
SPYWG38M1217095,2,0,2
SPABEA9A0119095,0,24,24
SPABEA9A0119100,0,16,16
SPABEA9A0185095,0,32,32
SPABEA9A0185100,0,16,16
SPABEA9A0191095,0,34,34
SPABEA9A0191100,0,16,16
SPABEA9A0219095,0,44,44
SPABEA9A0219100,0,22,22
SPABEA9A0285095,0,28,28
SPABEA9A0285100,0,16,16
SPABEA9A0319999,0,146,146
SPABEA9A0385999,0,78,78
SPABEA9A0419999,0,182,182
SPABEA9A0485999,0,52,52
SPABFA9A5119095,0,38,38
SPABFA9A5119100,0,22,22
SPABFA9A5185095,0,122,122
SPABFA9A5185100,0,92,92
SPABFA9A5219095,0,122,122
SPABFA9A5219100,0,108,108
SPABFA9A5285095,0,170,170
SPABFA9A5285100,0,78,78
SPABFA9A5291095,0,48,48
SPABFA9A5291100,0,106,106
SPABFA9A5319095,0,28,28
SPABFA9A5319100,0,6,6
SPABFA9A5385095,0,120,120
SPABFA9A5385100,0,74,74
SPABFA9A5419095,0,44,44
SPABFA9A5419100,0,40,40
SPABFA9A5485095,0,88,88
SPABFA9A5485100,0,52,52
SPABFA9A6119999,0,82,82
SPABFA9A6185999,0,196,196
SPABFA9A6219999,0,42,42
SPABFA9A6285999,0,198,198
SPABFA9A6319999,0,78,78
SPABFA9A6385999,0,180,180
SPABFA9A6419999,0,158,158
SPABFA9A6485999,0,224,224
SPABFA9A7019999,0,52,52
SPABFA9A7119095,0,176,176
SPABFA9A7119100,0,142,142
SPABFA9A7185095,0,270,270
SPABFA9A7185100,0,118,118
SPABFA9A9019999,0,2,2
SPABGA9A5119095,0,538,538
SPABGA9A5119100,0,160,160
SPABGA9A5219095,0,526,526
SPABGA9A5219100,0,284,284
SPABGA9A5319100,0,2,2
SPACE24A5155999,0,2,2
SPACE24A5162999,0,2,2
SPACE24A5255999,0,4,4
SPACE24A5257999,0,10,10
SPACE24A5264999,0,140,140
SPACE37A5119999,0,2,2
SPACE4TA5115999,0,4,4
SPACE4TA5119999,0,2,2
SPACE4TA5164999,0,2,2
SPACE4TA6135999,0,10,10
SPACE4TA6157999,0,2,2
SPACE4TKU159999,0,2,2
SPACE4VA5059999,0,2,2
SPACEA9A5117999,0,34,34
SPACEA9A5119999,0,36,36
SPACEA9A5150999,0,10,10
SPACEA9A5156999,0,12,12
SPACEA9A5162999,0,44,44
SPACEA9A5164999,0,34,34
SPACEA9A51B7999,0,12,12
SPACEA9A51PP999,0,4,4
SPACEA9A5217999,0,16,16
SPACEA9A5219999,0,66,66
SPACEA9A5220999,0,48,48
SPACEA9A5251999,0,94,94
SPACEA9A5257999,0,64,64
SPACEA9A5262999,0,136,136
SPACEA9A5264999,0,180,180
SPACEA9A5299999,0,24,24
SPACEA9KU119999,0,278,278
SPACEA9KU125999,0,22,22
SPACEA9KU139999,0,178,178
SPACEA9KU156999,0,48,48
SPACF11A5115999,0,2,2
SPACF11A5119999,0,6,6
SPACF11U0119999,0,12,12
SPACF11U0135999,0,22,22
SPACF25A5059999,0,2,2
SPACF25A5119999,0,2,2
SPACF37A5025999,0,2,2
SPACF37A50CO999,0,2,2
SPACF38U0157999,0,18,18
SPACF49A0116999,0,32,32
SPACF49A0120999,0,32,32
SPACF49A0135999,0,8,8
SPACF49AY119999,0,76,76
SPACF49AY135999,0,220,220
SPACF49AY139999,0,212,212
SPACF49AY159999,0,60,60
SPACF4TA5319999,0,168,168
SPACF4TA5329999,0,94,94
SPACF4TA5355999,0,166,166
SPACF4TA5359999,0,116,116
SPACF4TA5360999,0,32,32
SPACF4TA5385999,0,48,48
SPACF4TAY015999,0,136,136
SPACF4TAY019999,0,76,76
SPACF4TAY035999,0,68,68
SPACF4TAY039999,0,92,92
SPACF4TAY051999,0,106,106
SPACF4TAY085999,0,34,34
SPACF4TAY119999,0,52,52
SPACF4TAY139999,0,92,92
SPACF4TAY219999,0,36,36
SPACF4TAY235999,0,12,12
SPACF4TKU135999,0,242,242
SPACF4TKU139999,0,368,368
SPACF4TU0159999,0,36,36
SPACF4VA6019999,0,58,58
SPACF4VA6020999,0,18,18
SPACF4VA6025999,0,248,248
SPACF4VA6037999,0,194,194
SPACF4VA6039999,0,786,786
SPACF4VA6060999,0,442,442
SPACF4VA6063999,0,50,50
SPACF4VA6084999,0,180,180
SPACF4VKU115999,0,492,492
SPACF4VKU139999,0,648,648
SPACF4VKU163999,0,380,380
SPACF4VKU215999,0,94,94
SPACF4VKU220999,0,120,120
SPACF4VKU226999,0,122,122
SPACF4VKU239999,0,54,54
SPACF4VKU335999,0,416,416
SPACF4VKU3AU999,0,520,520
SPACF4VKU3G2999,0,360,360
SPACF4VU0259999,0,28,28
SPACF4VU0285999,0,4,4
SPACFA9A5119999,0,120,120
SPACFA9A5129999,0,34,34
SPACFA9A5135999,0,86,86
SPACFA9A5139999,0,174,174
SPACFA9A5156999,0,92,92
SPACFA9A5157999,0,174,174
SPACFA9A5159999,0,34,34
SPACFA9A5162999,0,106,106
SPACFA9A5199999,0,34,34
SPACFA9A5215999,0,12,12
SPACFA9A5220999,0,46,46
SPACFA9A5225999,0,20,20
SPACFA9A5239999,0,218,218
SPACFA9A5256999,0,78,78
SPACFA9A5257999,0,96,96
SPACFA9A5259999,0,44,44
SPACFA9A5262999,0,168,168
SPACFA9A5263999,0,12,12
SPACFA9A5299999,0,76,76
SPACFA9A7119999,0,6,6
SPACFA9A7139999,0,4,4
SPACFA9A7219999,0,2,2
SPACFA9A7235999,0,2,2
SPACFA9KU119999,0,308,308
SPACFA9KU135999,0,262,262
SPACFA9KU149999,0,322,322
SPACFA9KU164999,0,156,156
SPACFA9KU210999,0,12,12
SPACFA9KU219999,0,10,10
SPACFA9KU225999,0,6,6
SPACFA9KU256999,0,4,4
SPACFA9KU339999,0,18,18
SPACFA9KU359999,0,6,6
SPACFA9KU362999,0,8,8
SPACFA9KU456999,0,16,16
SPACFA9KU459999,0,26,26
SPACFA9KU510999,0,14,14
SPACFA9KU535999,0,16,16
SPACG23U0215999,0,22,22
SPACG38G9219999,0,2,2
SPACG38G9239999,0,2,2
SPACGA9A5059999,0,2,2
SPACGA9A5062999,0,2,2
SPACGA9A5150999,0,4,4
SPACGA9A5159999,0,2,2
SPACGA9KU156999,0,2,2
SPAGE4TA5164999,0,2,2
SPAGE4VA5064999,0,2,2
SPAGE4VU0135999,0,4,4
SPAGE4VU0219999,0,8,8
SPAGF4TAY015999,0,28,28
SPAGF4TAY019999,0,52,52
SPAGF4TAY035999,0,28,28
SPAGF4TAY039999,0,34,34
SPAGF4TAY051999,0,32,32
SPAGF4TAY085999,0,62,62
SPAGF4VA6019999,0,28,28
SPAGF4VA6020999,0,68,68
SPAGF4VA6025999,0,56,56
SPAGF4VA6037999,0,192,192
SPAGF4VA6039999,0,82,82
SPAGF4VA6060999,0,48,48
SPAGF4VA6063999,0,62,62
SPAGF4VA6084999,0,48,48
SPAGF4VA9019999,0,6,6
SPAGF4VA9085999,0,8,8
SPAGF4VA90AC999,0,4,4
SPAKE24A5019999,0,8,8
SPAKE24A5064999,0,8,8
SPAKE24A5119999,0,4,4
SPAKE24A5225999,0,2,2
SPAKE24A5264999,0,6,6
SPAKE24A5364999,0,2,2
SPAKE25U0119999,0,2,2
SPAKE26A9515999,0,2,2
SPAKE26A9519999,0,2,2
SPAKE37A9019999,0,2,2
SPAKE49A5019999,0,2,2
SPAKE49A6119999,0,2,2
SPAKE4TA9035999,0,2,2
SPAKE4TA9149999,0,2,2
SPAKEA9A5117999,0,2,2
SPAKEA9A5164999,0,4,4
SPAKEA9A5239999,0,174,174
SPAKEA9A5259999,0,426,426
SPAKEA9A5339999,0,108,108
SPAKEA9A5359999,0,158,158
SPAKEA9A5419999,0,2,2
SPAKEA9A5462999,0,2,2
SPAKEA9A5517999,0,114,114
SPAKEA9A5519999,0,224,224
SPAKEA9A5564999,0,98,98
SPAKEA9A55B7999,0,40,40
SPAKEA9A55G2999,0,66,66
SPAKEA9A55PP999,0,134,134
SPAKEA9A5617999,0,318,318
SPAKEA9A5619999,0,380,380
SPAKEA9A5664999,0,290,290
SPAKEA9A56B7999,0,6,6
SPAKEA9A56PP999,0,64,64
SPAKEA9A5719999,0,26,26
SPAKEA9A5764999,0,64,64
SPAKEA9A5819999,0,244,244
SPAKEA9A5864999,0,110,110
SPAKEA9A6017999,0,52,52
SPAKEA9A6019999,0,118,118
SPAKEA9A6064999,0,90,90
SPAKEA9A60B7999,0,4,4
SPAKEA9A60PP999,0,50,50
SPAKEA9A6117999,0,14,14
SPAKEA9A6119999,0,20,20
SPAKEA9A6164999,0,28,28
SPAKF24A5019999,0,2,2
SPAKF24A5039999,0,10,10
SPAKF24A5056999,0,20,20
SPAKF24A5057999,0,18,18
SPAKF24A5139999,0,4,4
SPAKF49AY119999,0,48,48
SPAKF49AY139999,0,80,80
SPAKF49AY219999,0,44,44
SPAKF49AY239999,0,36,36
SPAKF49AY285999,0,42,42
SPAKF49U0225999,0,2,2
SPAKF4TA1119999,0,72,72
SPAKF4TA1149999,0,148,148
SPAKF4TA1219999,0,72,72
SPAKF4TA1249999,0,112,112
SPAKF4TA1319999,0,26,26
SPAKF4TA1385999,0,20,20
SPAKF4TA1419999,0,26,26
SPAKF4TA1485999,0,16,16
SPAKF4TA9019999,0,20,20
SPAKF4TA9085999,0,12,12
SPAKF4TA9185999,0,10,10
SPAKF4TA9239999,0,16,16
SPAKF4TA9259999,0,10,10
SPAKF4TA9285999,0,6,6
SPAKF4TU0110999,0,224,224
SPAKF4TU0251090,0,78,78
SPAKF4TU0251095,0,162,162
SPAKF4VA0135999,0,46,46
SPAKF4VA0139999,0,42,42
SPAKF4VA9219999,0,6,6
SPAKF4VA9239999,0,2,2
SPAKFA9A1119999,0,46,46
SPAKFA9A1136999,0,124,124
SPAKFA9A1219999,0,32,32
SPAKFA9A1226999,0,194,194
SPAKFA9A1236999,0,92,92
SPAKFA9A50BD999,0,2,2
SPAKFA9A50CO999,0,6,6
SPAKFA9A5119999,0,4,4
SPAKFA9A5135999,0,6,6
SPAKFA9A5164999,0,180,180
SPAKFA9A5219999,0,292,292
SPAKFA9A5239999,0,266,266
SPAKFA9A5299999,0,102,102
SPAKFA9A5319999,0,248,248
SPAKFA9A5339999,0,922,922
SPAKFA9A5419999,0,16,16
SPAKFA9A5439999,0,138,138
SPAKFA9A5519999,0,94,94
SPAKFA9A5539999,0,118,118
SPAKFA9A56CO999,0,10,10
SPAKFA9A57BD999,0,64,64
SPAKFA9A57BF999,0,32,32
SPAKFA9A58BD999,0,28,28
SPAKFA9A58BF999,0,20,20
SPAKFA9A6119999,0,192,192
SPAKFA9A6135999,0,116,116
SPAKFA9A6164999,0,682,682
SPAKFA9A61G5999,0,58,58
SPAKFA9A61G7999,0,22,22
SPAKFA9A6217999,0,50,50
SPAKFA9A6219999,0,24,24
SPAKFA9A6226999,0,22,22
SPAKFA9A6229999,0,40,40
SPAKFA9A6232999,0,22,22
SPAKFA9A6235999,0,52,52
SPAKFA9A6236999,0,22,22
SPAKFA9A6249999,0,48,48
SPAKFA9A6251999,0,14,14
SPAKFA9A6259999,0,60,60
SPAKFA9A6264999,0,150,150
SPAKFA9A6285999,0,20,20
SPAKFA9A62BM999,0,32,32
SPAKFA9A62G5999,0,12,12
SPAKFA9A62G7999,0,6,6
SPAKFA9A6319999,0,284,284
SPAKFA9A6335999,0,336,336
SPAKFA9A6349999,0,476,476
SPAKFA9A6419999,0,74,74
SPAKFA9A6435999,0,40,40
SPAKFA9A6464999,0,178,178
SPAKFA9A64G5999,0,6,6
SPAKFA9A64G7999,0,2,2
SPAKFA9A6519999,0,26,26
SPAKFA9A6535999,0,8,8
SPAKFA9A6549999,0,26,26
SPAKFA9A6619999,0,138,138
SPAKFA9A6649999,0,454,454
SPAKFA9A7191999,0,8,8
SPAKFA9A7219999,0,2,2
SPAKFA9A7291999,0,2,2
SPAKFA9A7585999,0,2,2
SPAKFA9A7610999,0,2,2
SPAKFA9A7626999,0,2,2
SPAKFA9A7685999,0,2,2
SPAKFA9A7739999,0,2,2
SPAKFA9KG119999,0,12,12
SPAKFA9KG176999,0,14,14
SPAKFA9KU135999,0,12,12
SPAKFA9KU159999,0,20,20
SPAKFA9KU235999,0,200,200
SPAKFA9KU259999,0,210,210
SPAKFA9KU335999,0,20,20
SPAKFA9KU359999,0,30,30
SPAKFA9KU376999,0,18,18
SPAKFA9KU419999,0,2,2
SPAKFA9KU476999,0,10,10
SPAKG11U0520999,0,2,2
SPAKG23U0119100,0,34,34
SPAKG23U0130095,0,84,84
SPAKG24A0131999,0,20,20
SPAKG24A0151999,0,20,20
SPAKG24A0164999,0,2,2
SPAKG24A0184999,0,2,2
SPAKG24A0239999,0,20,20
SPAKG24A0251999,0,20,20
SPAKG24A0320999,0,4,4
SPAKG24A0343999,0,8,8
SPAKG24A0362999,0,4,4
SPAKG24A0385999,0,6,6
SPAKG37A1116999,0,2,2
SPAKG37A1117999,0,2,2
SPAKG37A1119999,0,2,2
SPAKG37A1149999,0,2,2
SPAKG37U0450999,0,12,12
SPAKG38G9019999,0,6,6
SPAKG38G9050999,0,2,2
SPAKGA9A0119999,0,80,80
SPAKGA9A0135999,0,66,66
SPAKGA9A0139999,0,8,8
SPAKGA9A01BF999,0,2,2
SPAKGA9A0219999,0,52,52
SPAKGA9A0235999,0,20,20
SPAKGA9A0319999,0,2,2
SPAKGA9A0335999,0,2,2
SPAKGA9A0419999,0,12,12
SPAKGA9A0491999,0,12,12
SPAKGA9A0519999,0,10,10
SPAKGA9A0591999,0,26,26
SPAKGA9A7119999,0,30,30
SPAKGA9A7135999,0,30,30
SPAKGA9A7150999,0,30,30
SPAKGA9A7164999,0,30,30
SPAKGA9A7184999,0,30,30
SPAKGA9A71BD999,0,30,30
SPAKGA9A71BF999,0,30,30
SPAKGA9A7315999,0,30,30
SPAKGA9A7319999,0,28,28
SPAKGA9A7349999,0,30,30
SPAKGA9A7385999,0,30,30
SPAKGA9A7419999,0,30,30
SPAKGA9A7464999,0,32,32
SPAKGA9A7619999,0,2,2
SPAKGA9A8285999,0,2,2
SPAKGA9A83B3999,0,2,2
SPAKGA9A8651999,0,4,4
SPAKGA9A8685999,0,2,2
SPAKGA9KG4G4999,0,6,6
SPAKGA9KU976999,0,2,2
SPAKGATA9719999,0,2,2
SPAKGATA9785999,0,2,2
SPAME4TA5115999,0,4,4
SPAME4VA5064999,0,2,2
SPAME4VA6126999,0,2,2
SPAME4VA6164999,0,2,2
SPAMF11A5115999,0,2,2
SPAMF4TAY015999,0,12,12
SPAMF4TAY019999,0,44,44
SPAMF4TAY035999,0,10,10
SPAMF4TAY039999,0,6,6
SPAMF4TAY051999,0,56,56
SPAMF4TAY085999,0,54,54
SPAMF4VA0135999,0,48,48
SPAMF4VA0139999,0,52,52
SPAMF4VA6019999,0,638,638
SPAMF4VA6020999,0,8,8
SPAMF4VA6025999,0,272,272
SPAMF4VA6037999,0,158,158
SPAMF4VA6039999,0,1280,1280
SPAMF4VA6060999,0,538,538
SPAMF4VA6063999,0,14,14
SPAMF4VA6084999,0,300,300
SPAMF4VA6119999,0,94,94
SPAMF4VA6120999,0,234,234
SPAMF4VA6135999,0,268,268
SPAMF4VA6139999,0,40,40
SPAMF4VA6159999,0,140,140
SPAMF4VA6162999,0,202,202
SPAMF4VA6226999,0,288,288
SPAMF4VA6239999,0,14,14
SPAMF4VA6251999,0,170,170
SPAMF4VA62UY999,0,184,184
SPAMF4VA9019999,0,20,20
SPAMF4VA9185999,0,6,6
SPAMF4VA91AC999,0,4,4
SPAMF4VG9915999,0,130,130
SPAMF4VG9920999,0,144,144
SPAMF4VG9935999,0,164,164
SPAMF4VG9940999,0,134,134
SPAMF4VG99BS999,0,120,120
SPAMF4VKU115999,0,526,526
SPAMF4VKU126999,0,712,712
SPAMF4VKU139999,0,600,600
SPAMF4VKU163999,0,600,600
SPAMF4VKU335999,0,398,398
SPAMF4VKU3AU999,0,834,834
SPAMF4VKU3G2999,0,688,688
SPAMGA9A9415999,0,4,4
SPAMGA9A9439999,0,4,4
SPAMGA9A9485999,0,4,4
SPAMGA9A9650999,0,2,2
SPARE37KG326140,0,18,18
SPARE37KG326150,0,44,44
SPARE37KG351130,0,2,2
SPARE37KG351140,0,10,10
SPARE37KG351150,0,40,40
SPARE37KG376130,0,4,4
SPARE37KG376140,0,6,6
SPARE37KG376150,0,8,8
SPARE37KU110130,0,2,2
SPARE37KU125160,0,2,2
SPARE38A0310085,0,2,2
SPARE38A0451085,0,8,8
SPARE38A0459085,0,8,8
SPARE38A0459090,0,2,2
SPARF38A0119095,0,2,2
SPARF38A0310085,0,2,2
SPARF38A0310090,0,4,4
SPARF38A0351090,0,2,2
SPARF38A0410095,0,2,2
SPARG37KG120130,0,2,2
SPARG37KG120150,0,2,2
SPARG37KG126150,0,2,2
SPARG37KG159110,0,2,2
SPARG37KG159140,0,2,2
SPARG37KG3B7120,0,4,4
SPARG37KG3CD150,0,2,2
SPASFA9A6035999,0,36,36
SPASFA9A6050999,0,40,40
SPASFA9A6051999,0,36,36
SPASFA9A6099999,0,6,6
SPAUE25U0199999,0,10,10
SPAUFA9A5019999,0,994,994
SPAUFA9A5059999,0,1126,1126
SPAUFA9A7020999,0,28,28
SPAUFA9A7062999,0,2,2
SPAUGA9A5119999,0,2,2
SPAUGA9A5219999,0,628,628
SPAUGA9A5251999,0,266,266
SPAWEA9KU117999,0,44,44
SPAWEA9KU139999,0,44,44
SPAWEA9KU150999,0,44,44
SPAWF49U0259999,0,2,2
SPAWF49U0275999,0,2,2
SPAWF49U0430999,0,2,2
SPAWF4TU0199999,0,42,42
SPAWF4TU0240999,0,396,396
SPAWF4TU0250999,0,412,412
SPAWF4TU0280999,0,380,380
SPAWF4TU0340999,0,24,24
SPAWF4TU0350999,0,116,116
SPAWF4TU0380999,0,2,2
SPAWF4TU0540999,0,2,2
SPAWF4TU0751999,0,6,6
SPAWF4VA0135999,0,22,22
SPAWF4VA0139999,0,8,8
SPAWG11U0199999,0,2,2
SPAWG11U0299999,0,2,2
SPAWG11U0525999,0,4,4
SPAWG11U0850999,0,2,2
SPAWG11U0999999,0,8,8
SPAWG23U0230999,0,2,2
SPAWG37U0819999,0,368,368
SPAWG37U0915999,0,326,326
SPAWG37U0917999,0,300,300
SPAWG37U1051095,0,60,60
SPAWG37U1051100,0,32,32
SPAYE38A0110090,0,58,58
SPAYE38A0110100,0,110,110
SPAYE38A0119090,0,6,6
SPAYE38A0219090,0,76,76
SPAYE38A0219095,0,10,10
SPAYE4VA0110090,0,8,8
SPAYE4VA0119095,0,6,6
SPAYE4VA0260999,0,2,2
SPAYEA5A9019999,0,12,12
SPAYEA5A9131240,0,2,2
SPAYEA5A9184240,0,8,8
SPAYEA5A9215240,0,8,8
SPAYEA5A9219240,0,20,20
SPAYEA9A0110090,0,26,26
SPAYEA9A0110095,0,344,344
SPAYEA9A0110100,0,2,2
SPAYEA9A0119090,0,236,236
SPAYEA9A0119095,0,120,120
SPAYEA9A0210090,0,166,166
SPAYEA9A0210095,0,52,52
SPAYEA9A0219090,0,1488,1488
SPAYEA9A0219095,0,904,904
SPAYEA9A0310090,0,212,212
SPAYEA9A0310095,0,332,332
SPAYEA9A0319090,0,1530,1530
SPAYEA9A0319095,0,1402,1402
SPAYEA9A0410090,0,28,28
SPAYEA9A0410095,0,62,62
SPAYEA9A0419090,0,1214,1214
SPAYEA9A0419095,0,1328,1328
SPAYEA9A1115240,0,142,142
SPAYEA9A1119240,0,496,496
SPAYEA9A1126240,0,306,306
SPAYEA9A1133240,0,340,340
SPAYEA9A1135240,0,52,52
SPAYEA9A1139240,0,54,54
SPAYEA9A1141240,0,380,380
SPAYEA9A1151240,0,248,248
SPAYEA9A1160240,0,128,128
SPAYEA9A1185240,0,92,92
SPAYEA9A1202260,0,84,84
SPAYEA9A1215260,0,194,194
SPAYEA9A1219260,0,168,168
SPAYEA9A1222260,0,24,24
SPAYEA9A1235260,0,118,118
SPAYEA9A1239260,0,114,114
SPAYEA9A1259260,0,208,208
SPAYEA9A1260260,0,132,132
SPAYEA9A1262260,0,232,232
SPAYEA9A1285260,0,196,196
SPAYEA9A5119085,0,2,2
SPAYEA9A5119090,0,12,12
SPAYEA9A5150085,0,4,4
SPAYEA9A5162085,0,2,2
SPAYEA9A5164085,0,2,2
SPAYEA9A5164090,0,8,8
SPAYEA9A51B7090,0,4,4
SPAYEA9KG515130,0,230,230
SPAYEA9KG515140,0,148,148
SPAYEA9KG515150,0,28,28
SPAYEA9KG519130,0,424,424
SPAYEA9KG519140,0,540,540
SPAYEA9KG519150,0,382,382
SPAYEA9KG539130,0,304,304
SPAYEA9KG539140,0,524,524
SPAYEA9KG539150,0,512,512
SPAYEA9KG599130,0,258,258
SPAYEA9KG599140,0,626,626
SPAYEA9KG599150,0,488,488
SPAYEA9KU119130,0,146,146
SPAYEA9KU119140,0,32,32
SPAYEA9KU119150,0,22,22
SPAYEA9KU125130,0,192,192
SPAYEA9KU125140,0,68,68
SPAYEA9KU125150,0,24,24
SPAYEA9KU135130,0,274,274
SPAYEA9KU135140,0,38,38
SPAYEA9KU135150,0,22,22
SPAYEA9KU164130,0,42,42
SPAYEA9KU164140,0,34,34
SPAYEA9KU164150,0,22,22
SPAYEA9KU219130,0,170,170
SPAYEA9KU219140,0,170,170
SPAYEA9KU219150,0,130,130
SPAYEA9KU239130,0,250,250
SPAYEA9KU239140,0,230,230
SPAYEA9KU239150,0,50,50
SPAYEA9KU315130,0,164,164
SPAYEA9KU315140,0,24,24
SPAYEA9KU315150,0,18,18
SPAYEA9KU325130,0,460,460
SPAYEA9KU325140,0,72,72
SPAYEA9KU325150,0,62,62
SPAYEA9KU335130,0,164,164
SPAYEA9KU335140,0,28,28
SPAYEA9KU335150,0,28,28
SPAYEA9KU350130,0,36,36
SPAYEA9KU350140,0,28,28
SPAYEA9KU350150,0,24,24
SPAYEA9KU375130,0,132,132
SPAYEA9KU375140,0,24,24
SPAYEA9KU375150,0,18,18
SPAYF25U0125999,0,8,8
SPAYF25UF210999,0,18,18
SPAYF38A0210090,0,6,6
SPAYF49U0219999,0,2,2
SPAYF4TU0110999,0,2,2
SPAYF4TU0175999,0,2,2
SPAYF4VA6110090,0,242,242
SPAYF4VA6110095,0,244,244
SPAYF4VA6119090,0,378,378
SPAYF4VA6119095,0,156,156
SPAYF4VU0110999,0,52,52
SPAYF4VU0159999,0,42,42
SPAYFA9A0110090,0,246,246
SPAYFA9A0110095,0,166,166
SPAYFA9A0110100,0,24,24
SPAYFA9A0119090,0,92,92
SPAYFA9A0119095,0,100,100
SPAYFA9A0119100,0,14,14
SPAYFA9A0210090,0,144,144
SPAYFA9A0210095,0,110,110
SPAYFA9A0219090,0,70,70
SPAYFA9A0219095,0,66,66
SPAYFA9A0310090,0,36,36
SPAYFA9A0310095,0,10,10
SPAYFA9A0319090,0,50,50
SPAYFA9A0319095,0,16,16
SPAYFA9A0410090,0,108,108
SPAYFA9A0410095,0,20,20
SPAYFA9A0419090,0,36,36
SPAYFA9A0419095,0,14,14
SPAYFA9A1115240,0,78,78
SPAYFA9A1125240,0,270,270
SPAYFA9A1126240,0,244,244
SPAYFA9A1131240,0,138,138
SPAYFA9A1133240,0,50,50
SPAYFA9A1135240,0,72,72
SPAYFA9A1139240,0,4,4
SPAYFA9A1140240,0,142,142
SPAYFA9A1141240,0,184,184
SPAYFA9A1150240,0,144,144
SPAYFA9A1151240,0,200,200
SPAYFA9A1202240,0,140,140
SPAYFA9A1202260,0,218,218
SPAYFA9A1219260,0,136,136
SPAYFA9A1220240,0,16,16
SPAYFA9A1225240,0,220,220
SPAYFA9A1225260,0,354,354
SPAYFA9A1229240,0,14,14
SPAYFA9A1229260,0,10,10
SPAYFA9A1232240,0,12,12
SPAYFA9A1232260,0,4,4
SPAYFA9A1233240,0,10,10
SPAYFA9A1233260,0,144,144
SPAYFA9A1235240,0,16,16
SPAYFA9A1235260,0,118,118
SPAYFA9A1237240,0,20,20
SPAYFA9A1237260,0,118,118
SPAYFA9A1239240,0,4,4
SPAYFA9A1239260,0,66,66
SPAYFA9A1249240,0,60,60
SPAYFA9A1249260,0,180,180
SPAYFA9A1251240,0,142,142
SPAYFA9A1251260,0,342,342
SPAYFA9A1252240,0,192,192
SPAYFA9A1252260,0,390,390
SPAYFA9A1259240,0,56,56
SPAYFA9A1259260,0,324,324
SPAYFA9A1262240,0,16,16
SPAYFA9A1264260,0,42,42
SPAYFA9A1285240,0,26,26
SPAYFA9A1285260,0,108,108
SPAYFA9A12AC240,0,30,30
SPAYFA9A12AC260,0,252,252
SPAYFA9A12AD240,0,14,14
SPAYFA9A12AD260,0,330,330
SPAYFA9A1319260,0,614,614
SPAYFA9A1359260,0,816,816
SPAYFA9A1360260,0,740,740
SPAYFA9A1419240,0,586,586
SPAYFA9A1439240,0,846,846
SPAYFA9A1460240,0,808,808
SPAYFA9A1510240,0,342,342
SPAYFA9A1519240,0,162,162
SPAYFA9A1615240,0,126,126
SPAYFA9A1639240,0,94,94
SPAYFA9A5119085,0,298,298
SPAYFA9A5119090,0,144,144
SPAYFA9A5133085,0,66,66
SPAYFA9A5133090,0,64,64
SPAYFA9A5139085,0,224,224
SPAYFA9A5139090,0,118,118
SPAYFA9A5162085,0,40,40
SPAYFA9A5162090,0,18,18
SPAYFA9A5163085,0,72,72
SPAYFA9A5163090,0,40,40
SPAYFA9A51AA085,0,94,94
SPAYFA9A51AA090,0,78,78
SPAYFA9A5210999,0,70,70
SPAYFA9A5219999,0,114,114
SPAYFA9A5284999,0,456,456
SPAYFA9A5285999,0,310,310
SPAYFA9KG125140,0,4,4
SPAYFA9KG125150,0,20,20
SPAYFA9KG315130,0,16,16
SPAYFA9KG315140,0,20,20
SPAYFA9KG315150,0,18,18
SPAYFA9KG376130,0,8,8
SPAYFA9KG376140,0,10,10
SPAYFA9KG376150,0,18,18
SPAYFA9KG399130,0,16,16
SPAYFA9KG399140,0,24,24
SPAYFA9KG399150,0,24,24
SPAYFA9KU010130,0,8,8
SPAYFA9KU010140,0,16,16
SPAYFA9KU010150,0,12,12
SPAYFA9KU019130,0,14,14
SPAYFA9KU019140,0,14,14
SPAYFA9KU019150,0,28,28
SPAYFA9KU119130,0,6,6
SPAYFA9KU119140,0,10,10
SPAYFA9KU119150,0,4,4
SPAYFA9KU125130,0,8,8
SPAYFA9KU125140,0,6,6
SPAYFA9KU125150,0,22,22
SPAYFA9KU135130,0,10,10
SPAYFA9KU135140,0,16,16
SPAYFA9KU135150,0,26,26
SPAYFA9KU151140,0,10,10
SPAYFA9KU151150,0,18,18
SPAYFA9KU159130,0,2,2
SPAYFA9KU210130,0,8,8
SPAYFA9KU210140,0,6,6
SPAYFA9KU210150,0,16,16
SPAYFA9KU219130,0,8,8
SPAYFA9KU219140,0,12,12
SPAYFA9KU219150,0,78,78
SPAYFA9KU225130,0,6,6
SPAYFA9KU225140,0,10,10
SPAYFA9KU225150,0,20,20
SPAYFA9KU235130,0,8,8
SPAYFA9KU235140,0,10,10
SPAYFA9KU235150,0,14,14
SPAYFA9KU250140,0,16,16
SPAYFA9KU250150,0,18,18
SPAYG24A0110240,0,36,36
SPAYG24A0119240,0,8,8
SPAYG25A0110090,0,482,482
SPAYG25A0110095,0,482,482
SPAYG25A0110100,0,496,496
SPAYG25A0119090,0,278,278
SPAYG25A0119095,0,34,34
SPAYG25A0119100,0,258,258
SPAYG25A0210090,0,2182,2182
SPAYG25A0210095,0,2088,2088
SPAYG25A0219090,0,958,958
SPAYG25A0219095,0,788,788
SPAYG37A5115999,0,350,350
SPAYG37A5139999,0,30,30
SPAYGA9A0210090,0,5936,5936
SPAYGA9A0210095,0,10804,10804
SPAYGA9A0219090,0,1740,1740
SPAYGA9A0219095,0,5422,5422
SPAYGA9A0310090,0,13496,13496
SPAYGA9A0310095,0,13876,13876
SPAYGA9A0319090,0,4636,4636
SPAYGA9A0319095,0,9854,9854
SPAYGA9A0410090,0,8160,8160
SPAYGA9A0410095,0,8618,8618
SPAYGA9A0419090,0,1590,1590
SPAYGA9A0419095,0,3846,3846
SPAYGA9A1115240,0,28,28
SPAYGA9A1119240,0,120,120
SPAYGA9A1131240,0,20,20
SPAYGA9A1133240,0,30,30
SPAYGA9A1135240,0,38,38
SPAYGA9A1139240,0,56,56
SPAYGA9A1219260,0,82,82
SPAYGA9A1233240,0,16,16
SPAYGA9A1233260,0,70,70
SPAYGA9A1235240,0,32,32
SPAYGA9A1235260,0,12,12
SPAYGA9A1237240,0,4,4
SPAYGA9A1237260,0,30,30
SPAYGA9A1239240,0,18,18
SPAYGA9A1239260,0,22094,22094
SPAYGA9A1264240,0,2,2
SPAYGA9A1264260,0,30,30
SPAYGA9A1279260,0,10,10
SPAYGA9A1285240,0,18,18
SPAYGA9A1285260,0,54,54
SPAYGA9A12AC240,0,30,30
SPAYGA9A12AC260,0,56,56
SPAYGA9A12AD240,0,2,2
SPAYGA9A12AD260,0,28,28
SPAYGA9A1310090,0,532,532
SPAYGA9A1310095,0,2542,2542
SPAYGA9A1319090,0,204,204
SPAYGA9A1319095,0,1090,1090
SPAYGA9A1399090,0,1260,1260
SPAYGA9A1399095,0,4204,4204
SPAYGA9A1399100,0,244,244
SPAYGA9A5019085,0,2,2
SPAYGA9A5031090,0,2,2
SPAYGA9A5033090,0,2,2
SPAYGA9KG119130,0,96,96
SPAYGA9KG119140,0,128,128
SPAYGA9KG119150,0,274,274
SPAYGA9KG139130,0,74,74
SPAYGA9KG139140,0,180,180
SPAYGA9KG139150,0,442,442
SPAYGA9KG1AA130,0,132,132
SPAYGA9KG1AA140,0,162,162
SPAYGA9KG1AA150,0,536,536
SPAYGA9KG219130,0,106,106
SPAYGA9KG219140,0,160,160
SPAYGA9KG219150,0,292,292
SPAYGA9KG239130,0,298,298
SPAYGA9KG239140,0,248,248
SPAYGA9KG239150,0,494,494
SPAYGA9KG2AA130,0,162,162
SPAYGA9KG2AA140,0,182,182
SPAYGA9KG2AA150,0,386,386
SPAYGA9KU010130,0,2,2
SPAYGA9KU010150,0,2,2
SPAYGA9KU019150,0,8,8
SPAYGA9KU110140,0,2,2
SPAYGA9KU126150,0,2,2
SPBNE25W0110090,0,6,6
SPBNE25W0110095,0,2,2
SPBNE37W0264090,0,4,4
SPBNE37W9139085,0,2,2
SPBNE37W9139090,0,2,2
SPBNF37W0510085,0,2,2
SPBNF37W0510095,0,4,4
SPBNF37W0539090,0,2,2
SPBNF37W05MB090,0,2,2
SPBNF37W05MB095,0,2,2
SPBNF37W1010095,0,2,2
SPBNF49W0110085,0,16,16
SPBNF49W0110090,0,4,4
SPBNF49W0110095,0,22,22
SPBNF49W0119085,0,12,12
SPBNF49W0119090,0,12,12
SPBNF49W0119095,0,4,4
SPBNF49W0510085,0,18,18
SPBNF49W0510090,0,20,20
SPBNF49W0510095,0,10,10
SPBNF49W05MB085,0,26,26
SPBNF49W05MB090,0,14,14
SPBNF49W05MB095,0,2,2
SPBNF49W0719085,0,2,2
SPBNF49W0739085,0,2,2
SPBNF49W0739090,0,2,2
SPBNF49W0751085,0,4,4
SPBNF49W0751090,0,6,6
SPBNFA9W0119085,0,1610,1610
SPBNFA9W0119090,0,1362,1362
SPBNFA9W0119095,0,1458,1458
SPBNFA9W0139085,0,1812,1812
SPBNFA9W0139090,0,1318,1318
SPBNFA9W0139095,0,1854,1854
SPBNG24W9139999,0,2,2
SPBNG24W9519999,0,4,4
SPBNG37W0110085,0,4,4
SPBNG37W0119085,0,4,4
SPBNG37W0119095,0,2,2
SPBNG37W0135095,0,2,2
SPBNG37W0210085,0,410,410
SPBNG37W0210090,0,208,208
SPBNG37W0210095,0,90,90
SPBNG37W0240085,0,2,2
SPBNG37W0250085,0,2,2
SPBNG37W0250095,0,4,4
SPBNG37W0260085,0,294,294
SPBNG37W0260095,0,4,4
SPBNG37W9160999,0,2,2
SPBNG37W9210999,0,64,64
SPBNG37W9251999,0,14,14
SPBNG37W9410999,0,4,4
SPBNG37W9450999,0,10,10
SPBNG37W9559999,0,16,16
SPBNG37W9710999,0,76,76
SPBNG37W9715999,0,18,18
SPBNG38W9310085,0,2,2
SPBNG38W9310090,0,18,18
SPBNG38W9319085,0,10,10
SPBNG38W9319095,0,12,12
SPBNG38W9451085,0,2,2
SPBNG38W9451090,0,8,8
SPBNG38W9516085,0,2,2
SPBNG38W9516090,0,8,8
SPBNG38W9516095,0,26,26
SPBNGA9W5119085,0,2,2
SPBRGA9KG135150,0,6,6
SPBRGA9KG135160,0,4,4
SPBRGA9KG235160,0,2,2
SPBRGA9KG310140,0,24,24
SPBRGA9KG310160,0,2,2
SPBRGA9KG335140,0,12,12
SPBWE25W0219090,0,2,2
SPBWE25W0310085,0,2,2
SPBWE25W0310090,0,2,2
SPBWE25W0310095,0,2,2
SPBWE25W0335090,0,2,2
SPBWE25W0410095,0,2,2
SPBWE25W0510095,0,2,2
SPBWE25W0559095,0,2,2
SPBWE37W0359085,0,2,2
SPBWE37W0359090,0,2,2
SPBWE37W0359095,0,2,2
SPBWE37W0364085,0,2,2
SPBWE4TW0610085,0,4,4
SPBWE4TW0610090,0,4,4
SPBWE4TW0610095,0,4,4
SPBWE4TW0619085,0,4,4
SPBWE4TW0619090,0,6,6
SPBWE4TW0619095,0,4,4
SPBWE4TW0651085,0,6,6
SPBWE4TW0651090,0,4,4
SPBWE4TW0651095,0,4,4
SPBWEA9W0110085,0,100,100
SPBWEA9W0110090,0,96,96
SPBWEA9W0110095,0,78,78
SPBWEA9W0119085,0,66,66
SPBWEA9W0119090,0,40,40
SPBWEA9W0119095,0,24,24
SPBWEA9W0125085,0,6,6
SPBWEA9W0125090,0,2,2
SPBWEA9W0125095,0,2,2
SPBWEA9W0151085,0,72,72
SPBWEA9W0151090,0,60,60
SPBWEA9W0151095,0,58,58
SPBWF25W0864090,0,2,2
SPBWF49KG119120,0,42,42
SPBWF49KG119130,0,116,116
SPBWF49KG119140,0,130,130
SPBWF49KG119150,0,112,112
SPBWF49KG119160,0,90,90
SPBWF49KG139120,0,68,68
SPBWF49KG139130,0,134,134
SPBWF49KG139140,0,132,132
SPBWF49KG139150,0,124,124
SPBWF49KG139160,0,74,74
SPBWF49W0910085,0,20,20
SPBWF49W0910090,0,12,12
SPBWF49W0910095,0,20,20
SPBWF49W0919085,0,24,24
SPBWF49W0919090,0,24,24
SPBWF49W0919095,0,10,10
SPBWF49W0936085,0,8,8
SPBWF49W0936090,0,4,4
SPBWF49W0936095,0,6,6
SPBWF49W1010085,0,26,26
SPBWF49W1010090,0,6,6
SPBWF49W1010095,0,18,18
SPBWF49W1019085,0,32,32
SPBWF49W1019090,0,24,24
SPBWF49W1019095,0,26,26
SPBWF49W1036085,0,4,4
SPBWF49W1036090,0,6,6
SPBWF49W9119999,0,6,6
SPBWF49W9133999,0,6,6
SPBWF49W9210999,0,8,8
SPBWF49W9219999,0,8,8
SPBWF4TW9160999,0,6,6
SPBWF4TW9185999,0,10,10
SPBWFA9W0110085,0,102,102
SPBWFA9W0110090,0,66,66
SPBWFA9W0110095,0,42,42
SPBWFA9W0119085,0,42,42
SPBWFA9W0119090,0,42,42
SPBWFA9W0119095,0,44,44
SPBWFA9W0151085,0,112,112
SPBWFA9W0151090,0,58,58
SPBWFA9W0151095,0,30,30
SPBWFA9W0199085,0,100,100
SPBWFA9W0199090,0,34,34
SPBWFA9W0199095,0,26,26
SPBWFA9W0210085,0,354,354
SPBWFA9W0210090,0,262,262
SPBWFA9W0210095,0,274,274
SPBWFA9W0219085,0,332,332
SPBWFA9W0219090,0,238,238
SPBWFA9W0219095,0,206,206
SPBWFA9W0299085,0,314,314
SPBWFA9W0299090,0,198,198
SPBWFA9W0299095,0,194,194
SPBWG23W0139085,0,10,10
SPBWG23W0185085,0,12,12
SPBWG23W0185090,0,20,20
SPBWG23W0185095,0,10,10
SPBWG23W0215085,0,2,2
SPBWG23W0239090,0,2,2
SPBWG23W0239095,0,4,4
SPBWG23W0339085,0,20,20
SPBWG23W0339090,0,8,8
SPBWG23W0339095,0,12,12
SPBWG23W0385085,0,16,16
SPBWG23W0385090,0,2,2
SPBWG23W0439090,0,74,74
SPBWG23W0560085,0,16,16
SPBWG23W0560090,0,8,8
SPBWG23W0560095,0,4,4
SPBWG23W0585085,0,2,2
SPBWG23W0585090,0,8,8
SPBWG23W0585095,0,12,12
SPBWG25KG110140,0,6,6
SPBWG25KG110160,0,2,2
SPBWG25KG151120,0,2,2
SPBWG25W0110085,0,8,8
SPBWG25W0110090,0,4,4
SPBWG25W0119090,0,2,2
SPBWG25W0119095,0,2,2
SPBWG25W0151085,0,4,4
SPBWG25W0151090,0,6,6
SPBWG25W0210090,0,2,2
SPBWG37W0110085,0,2,2
SPBWG37W0110090,0,2,2
SPBWG37W0110095,0,30,30
SPBWG37W0219085,0,502,502
SPBWG37W0219090,0,184,184
SPBWG37W0219095,0,86,86
SPBWG37W9225999,0,2,2
SPBXFA9A0321999,0,654,654
SPBXFA9A0420999,0,41290,41290
SPBXGA9A0150090,0,3098,3098
SPBXGA9A0150095,0,3098,3098
SPBXGA9A0159090,0,848,848
SPBXGA9A0159095,0,758,758
SPBXGA9A0420999,0,15520,15520
SPCKE11KU451110,0,2,2
SPCKE12G8019085,0,6,6
SPCKE12G8059085,0,2,2
SPCKE12W0225095,0,2,2
SPCKE25G0651090,0,2,2
SPCKE25G0659085,0,4,4
SPCKE25G0664090,0,8,8
SPCKE25G0664095,0,2,2
SPCKE25W1239085,0,2,2
SPCKE26G1025095,0,2,2
SPCKE26G1050085,0,2,2
SPCKE26G1139095,0,4,4
SPCKE26G1159085,0,4,4
SPCKE26W1339090,0,2,2
SPCKE37G9230095,0,2,2
SPCKE37M0285110,0,2,2
SPCKE49G4039090,0,2,2
SPCKE49G4060085,0,2,2
SPCKE49M03AC095,0,2,2
SPCKE49M0485100,0,4,4
SPCKE49M0485105,0,2,2
SPCKE49M0485110,0,4,4
SPCKE49W0135085,0,2,2
SPCKE49W0159085,0,8,8
SPCKE49W0159090,0,4,4
SPCKE49W0164095,0,2,2
SPCKE49W01AC085,0,4,4
SPCKE49W1139090,0,2,2
SPCKE49W1164085,0,4,4
SPCKE49W11B7085,0,4,4
SPCKE49W11B7090,0,6,6
SPCKE49W11PP085,0,4,4
SPCKE4TC5117090,0,4,4
SPCKE4TC5117095,0,4,4
SPCKE4TC5117100,0,4,4
SPCKE4TC5117105,0,2,2
SPCKE4TC5164090,0,4,4
SPCKE4TC5164100,0,4,4
SPCKE4TC5164105,0,4,4
SPCKE4TG1119085,0,10,10
SPCKE4TG1139090,0,2,2
SPCKE4TG4039085,0,2,2
SPCKE4TG4059085,0,22,22
SPCKE4TG4159085,0,2,2
SPCKE4TKU439110,0,4,4
SPCKE4TKU439130,0,4,4
SPCKE4TKU535130,0,4,4
SPCKE4TKU535150,0,2,2
SPCKE4TM0119095,0,2,2
SPCKE4TM0119100,0,2,2
SPCKE4TM0219095,0,2,2
SPCKE4TW2019085,0,18,18
SPCKE4TW2019090,0,8,8
SPCKE4TW2064085,0,40,40
SPCKE4TW2064090,0,28,28
SPCKE4TW2064095,0,26,26
SPCKE4TW20AC085,0,22,22
SPCKE4TW20AC090,0,22,22
SPCKE4TW20AC095,0,36,36
SPCKE4TW2119085,0,4,4
SPCKE4TW2119090,0,2,2
SPCKE4TW2119095,0,4,4
SPCKE4TW2129085,0,4,4
SPCKE4TW2129090,0,6,6
SPCKE4TW2133085,0,8,8
SPCKE4TW2133090,0,6,6
SPCKE4TW2162085,0,6,6
SPCKE4TW2162090,0,4,4
SPCKE4TW2162095,0,2,2
SPCKE4TW21BI085,0,2,2
SPCKE4TW21BI090,0,4,4
SPCKE4TW7427090,0,2,2
SPCKE4VW0239085,0,4,4
SPCKE4VW0260085,0,4,4
SPCKE4VW02PP085,0,4,4
SPCKF11C2319095,0,10,10
SPCKF11C2339095,0,4,4
SPCKF11C23AC090,0,2,2
SPCKF11G1119085,0,4,4
SPCKF11G1119090,0,2,2
SPCKF11KU139130,0,2,2
SPCKF12G1185085,0,2,2
SPCKF12G11AC085,0,2,2
SPCKF12G5139085,0,8,8
SPCKF12G5162090,0,2,2
SPCKF12G5199090,0,2,2
SPCKF12G5199095,0,2,2
SPCKF12M0219095,0,6,6
SPCKF12M0219100,0,4,4
SPCKF12M0219105,0,6,6
SPCKF12M02AC095,0,2,2
SPCKF12W1139085,0,2,2
SPCKF12W1219085,0,4,4
SPCKF12W1219090,0,2,2
SPCKF12W1260085,0,2,2
SPCKF23W0119085,0,4,4
SPCKF23W0120090,0,2,2
SPCKF23W0125085,0,2,2
SPCKF23W0126085,0,12,12
SPCKF23W0126095,0,2,2
SPCKF23W0131085,0,4,4
SPCKF23W0133085,0,2,2
SPCKF23W0139085,0,22,22
SPCKF23W0139090,0,4,4
SPCKF23W0139095,0,4,4
SPCKF23W0141085,0,2,2
SPCKF23W0150085,0,8,8
SPCKF23W0150090,0,22,22
SPCKF23W0150095,0,38,38
SPCKF23W0151085,0,2,2
SPCKF23W0151090,0,14,14
SPCKF23W0151095,0,4,4
SPCKF23W01AC085,0,2,2
SPCKF23W01AC095,0,2,2
SPCKF24G0133085,0,2,2
SPCKF24G0133090,0,2,2
SPCKF24G5159085,0,4,4
SPCKF25G0220090,0,2,2
SPCKF37G0120090,0,2,2
SPCKF49G0119095,0,4,4
SPCKF49G0120085,0,72,72
SPCKF49G0120090,0,136,136
SPCKF49G0120095,0,136,136
SPCKF49G0126085,0,138,138
SPCKF49G0126090,0,182,182
SPCKF49G0126095,0,176,176
SPCKF49G0159085,0,84,84
SPCKF49G0159090,0,104,104
SPCKF49G0159095,0,56,56
SPCKF49G01AC085,0,42,42
SPCKF49G01AC090,0,22,22
SPCKF49G01AC095,0,14,14
SPCKF49G5011085,0,2,2
SPCKF49G5011090,0,2,2
SPCKF49G5015085,0,30,30
SPCKF49G5015090,0,44,44
SPCKF49G5015095,0,18,18
SPCKF49G5020085,0,30,30
SPCKF49G5020090,0,10,10
SPCKF49G5020095,0,6,6
SPCKF49G5025085,0,30,30
SPCKF49G5025090,0,44,44
SPCKF49G5025095,0,38,38
SPCKF49G5035085,0,52,52
SPCKF49G5035090,0,46,46
SPCKF49G5035095,0,36,36
SPCKF49G5039085,0,4,4
SPCKF49G5039090,0,6,6
SPCKF49G5039095,0,26,26
SPCKF49G5059085,0,28,28
SPCKF49G5059090,0,18,18
SPCKF49G5059095,0,6,6
SPCKF49G9020999,0,6,6
SPCKF49G90AC999,0,2,2
SPCKF49GY015085,0,8,8
SPCKF49GY015090,0,2,2
SPCKF49GY039085,0,4,4
SPCKF49GY115085,0,32,32
SPCKF49GY115090,0,30,30
SPCKF49GY115095,0,24,24
SPCKF49GY164085,0,12,12
SPCKF49GY164090,0,14,14
SPCKF49GY164095,0,2,2
SPCKF49GY239085,0,86,86
SPCKF49GY239090,0,66,66
SPCKF49GY239095,0,54,54
SPCKF49GY259085,0,94,94
SPCKF49GY259090,0,58,58
SPCKF49GY259095,0,30,30
SPCKF49M0119095,0,20,20
SPCKF49M0119100,0,18,18
SPCKF49M0119105,0,2,2
SPCKF49M0119110,0,12,12
SPCKF49M0149095,0,14,14
SPCKF49M0149100,0,16,16
SPCKF49M0149105,0,8,8
SPCKF49M0149110,0,10,10
SPCKF49M0164095,0,66,66
SPCKF49M0164100,0,32,32
SPCKF49M0164105,0,46,46
SPCKF49M0164110,0,24,24
SPCKF49M01AC095,0,40,40
SPCKF49M01AC100,0,18,18
SPCKF49M01AC105,0,12,12
SPCKF49M01AC110,0,4,4
SPCKF49W0119085,0,32,32
SPCKF49W0119090,0,46,46
SPCKF49W0119095,0,36,36
SPCKF49W0119100,0,28,28
SPCKF49W0120085,0,34,34
SPCKF49W0120090,0,26,26
SPCKF49W0120095,0,22,22
SPCKF49W0120100,0,10,10
SPCKF49W0126085,0,4,4
SPCKF49W0126090,0,4,4
SPCKF49W0126095,0,2,2
SPCKF49W0133085,0,20,20
SPCKF49W0133090,0,16,16
SPCKF49W0133095,0,20,20
SPCKF49W0133100,0,2,2
SPCKF49W0139085,0,50,50
SPCKF49W0139090,0,92,92
SPCKF49W0139095,0,28,28
SPCKF49W0139100,0,26,26
SPCKF49W0179085,0,4,4
SPCKF49W0179090,0,6,6
SPCKF49W0185085,0,44,44
SPCKF49W0185090,0,48,48
SPCKF49W0185095,0,28,28
SPCKF49W0185100,0,6,6
SPCKF49W01AC085,0,40,40
SPCKF49W01AC090,0,28,28
SPCKF49W01AC095,0,34,34
SPCKF49W01AC100,0,12,12
SPCKF49W01BS085,0,26,26
SPCKF49W01BV085,0,8,8
SPCKF49W01BV090,0,6,6
SPCKF49W01BV095,0,6,6
SPCKF49W0333085,0,8,8
SPCKF49W0333090,0,2,2
SPCKF49W0333095,0,2,2
SPCKF49W0386085,0,10,10
SPCKF49W0411085,0,20,20
SPCKF49W0411090,0,22,22
SPCKF49W0411095,0,16,16
SPCKF49W0416085,0,106,106
SPCKF49W0416090,0,226,226
SPCKF49W0416095,0,126,126
SPCKF49W0439085,0,50,50
SPCKF49W0439090,0,84,84
SPCKF49W0439095,0,70,70
SPCKF49W0459085,0,114,114
SPCKF49W0459090,0,226,226
SPCKF49W0459095,0,92,92
SPCKF49W0486085,0,122,122
SPCKF49W0486090,0,150,150
SPCKF49W0486095,0,72,72
SPCKF49W9060999,0,10,10
SPCKF49W9085999,0,8,8
SPCKF49W9119999,0,36,36
SPCKF49W9135999,0,38,38
SPCKF49W91AC999,0,22,22
SPCKF49WS219085,0,152,152
SPCKF49WS219090,0,334,334
SPCKF49WS219095,0,242,242
SPCKF49WS286085,0,30,30
SPCKF49WS286090,0,158,158
SPCKF49WS286095,0,144,144
SPCKF4TC0119105,0,4,4
SPCKF4TC0121095,0,2,2
SPCKF4TC0121100,0,36,36
SPCKF4TC0121105,0,2,2
SPCKF4TC0135095,0,4,4
SPCKF4TC0135100,0,6,6
SPCKF4TC0135105,0,8,8
SPCKF4TC0135110,0,2,2
SPCKF4TC0185100,0,4,4
SPCKF4TC0185105,0,4,4
SPCKF4TC0185110,0,4,4
SPCKF4TC01AC100,0,2,2
SPCKF4TC01AC110,0,2,2
SPCKF4TG0126085,0,2,2
SPCKF4TG0139085,0,2,2
SPCKF4TG0139090,0,4,4
SPCKF4TG0185090,0,2,2
SPCKF4TG01AC095,0,2,2
SPCKF4TKU125110,0,28,28
SPCKF4TKU125120,0,32,32
SPCKF4TKU125130,0,54,54
SPCKF4TKU125140,0,32,32
SPCKF4TKU125150,0,66,66
SPCKF4TKU125160,0,78,78
SPCKF4TKU150110,0,96,96
SPCKF4TKU150120,0,58,58
SPCKF4TKU150130,0,46,46
SPCKF4TKU150140,0,86,86
SPCKF4TKU150150,0,100,100
SPCKF4TKU150160,0,104,104
SPCKF4TKU159110,0,76,76
SPCKF4TKU159120,0,22,22
SPCKF4TKU159130,0,20,20
SPCKF4TKU159140,0,16,16
SPCKF4TKU159150,0,34,34
SPCKF4TKU159160,0,10,10
SPCKF4TKU1AC110,0,66,66
SPCKF4TKU1AC120,0,24,24
SPCKF4TKU1AC130,0,26,26
SPCKF4TKU1AC140,0,52,52
SPCKF4TKU1AC150,0,30,30
SPCKF4TKU1AC160,0,22,22
SPCKF4TM0119095,0,2,2
SPCKF4TM0119105,0,2,2
SPCKF4TM0160095,0,2,2
SPCKF4TM0160100,0,4,4
SPCKF4TM0160105,0,10,10
SPCKF4TM0160110,0,4,4
SPCKF4TW0119085,0,2,2
SPCKF4VC9022095,0,6,6
SPCKF4VC9022100,0,8,8
SPCKF4VC9059095,0,2,2
SPCKF4VC9059100,0,10,10
SPCKF4VC90AC095,0,6,6
SPCKF4VC90AC100,0,8,8
SPCKF4VG9015999,0,10,10
SPCKF4VGY120085,0,2,2
SPCKF4VGY164085,0,2,2
SPCKG11C0119095,0,86,86
SPCKG11C0119100,0,236,236
SPCKG11C0119105,0,86,86
SPCKG11C0119110,0,156,156
SPCKG11C0133095,0,84,84
SPCKG11C0133100,0,154,154
SPCKG11C0133105,0,76,76
SPCKG11C0133110,0,92,92
SPCKG11C0150095,0,114,114
SPCKG11C0150100,0,300,300
SPCKG11C0150105,0,170,170
SPCKG11C0150110,0,200,200
SPCKG11C0185095,0,68,68
SPCKG11C0185100,0,124,124
SPCKG11C0185105,0,88,88
SPCKG11C0185110,0,174,174
SPCKG11G9020999,0,12,12
SPCKG11G9059999,0,12,12
SPCKG11G9060999,0,10,10
SPCKG11G9233999,0,10,10
SPCKG11G9259999,0,64,64
SPCKG11G92AC999,0,26,26
SPCKG11GY015085,0,170,170
SPCKG11GY015090,0,110,110
SPCKG11GY015095,0,38,38
SPCKG11GY059085,0,598,598
SPCKG11GY059090,0,574,574
SPCKG11GY059095,0,250,250
SPCKG11KU130110,0,32,32
SPCKG11KU130120,0,62,62
SPCKG11KU130130,0,86,86
SPCKG11KU130140,0,76,76
SPCKG11KU130150,0,148,148
SPCKG11KU130160,0,128,128
SPCKG11KU139110,0,92,92
SPCKG11KU139120,0,196,196
SPCKG11KU139130,0,238,238
SPCKG11KU139140,0,130,130
SPCKG11KU139150,0,44,44
SPCKG11KU139160,0,26,26
SPCKG11KU150110,0,48,48
SPCKG11KU150120,0,70,70
SPCKG11KU150130,0,188,188
SPCKG11KU150140,0,126,126
SPCKG11KU150150,0,84,84
SPCKG11KU150160,0,96,96
SPCKG11KU159110,0,120,120
SPCKG11KU159120,0,86,86
SPCKG11KU159130,0,164,164
SPCKG11KU159140,0,168,168
SPCKG11KU159150,0,192,192
SPCKG11KU159160,0,176,176
SPCKG11KU175110,0,146,146
SPCKG11KU175120,0,222,222
SPCKG11KU175130,0,268,268
SPCKG11KU175140,0,450,450
SPCKG11KU175150,0,246,246
SPCKG11KU175160,0,190,190
SPCKG11KU251110,0,82,82
SPCKG11KU251120,0,124,124
SPCKG11KU251130,0,302,302
SPCKG11KU251140,0,248,248
SPCKG11KU251150,0,224,224
SPCKG11KU251160,0,206,206
SPCKG11KU2AC110,0,154,154
SPCKG11KU2AC120,0,150,150
SPCKG11KU2AC130,0,234,234
SPCKG11KU2AC140,0,370,370
SPCKG11KU2AC150,0,342,342
SPCKG11KU2AC160,0,282,282
SPCKG11W9115999,0,10,10
SPCKG11W9135999,0,6,6
SPCKG12C0160105,0,2,2
SPCKG12C0163105,0,2,2
SPCKG12G0119085,0,28,28
SPCKG12G0119090,0,50,50
SPCKG12G0119095,0,88,88
SPCKG12G0139085,0,6,6
SPCKG12G0139090,0,6,6
SPCKG12G0185085,0,52,52
SPCKG12G0185090,0,56,56
SPCKG12G0185095,0,60,60
SPCKG12G01AC085,0,74,74
SPCKG12G01AC090,0,20,20
SPCKG12G01AC095,0,36,36
SPCKG12G01BV085,0,2,2
SPCKG12G01BV090,0,4,4
SPCKG12G01BV095,0,4,4
SPCKG12G5031085,0,10,10
SPCKG12G5031090,0,8,8
SPCKG12G5031095,0,16,16
SPCKG12G5039085,0,6,6
SPCKG12G5039090,0,14,14
SPCKG12G5039095,0,16,16
SPCKG12G5051085,0,52,52
SPCKG12G5051090,0,22,22
SPCKG12G5051095,0,20,20
SPCKG12G5059085,0,4,4
SPCKG12G5059090,0,2,2
SPCKG12G5059095,0,14,14
SPCKG12G5115085,0,10,10
SPCKG12G5115090,0,4,4
SPCKG12G5139085,0,4,4
SPCKG12G5139090,0,162,162
SPCKG12G5139095,0,46,46
SPCKG12G5159090,0,4,4
SPCKG12G5159095,0,2,2
SPCKG12G5215085,0,28,28
SPCKG12G5215090,0,22,22
SPCKG12G5215095,0,6,6
SPCKG12G5239085,0,14,14
SPCKG12G5239090,0,6,6
SPCKG12G5239095,0,20,20
SPCKG12G5259085,0,20,20
SPCKG12G5259090,0,22,22
SPCKG12G5259095,0,14,14
SPCKG12G9015999,0,28,28
SPCKG12G9059999,0,24,24
SPCKG12G9085999,0,28,28
SPCKG12G9139999,0,4,4
SPCKG12G9150999,0,2,2
SPCKG12G9159999,0,6,6
SPCKG12G9239999,0,24,24
SPCKG12G9259999,0,10,10
SPCKG12G9279999,0,16,16
SPCKG12KG115120,0,2,2
SPCKG12KG115150,0,4,4
SPCKG12KG115160,0,2,2
SPCKG12KG159130,0,4,4
SPCKG12KG159140,0,8,8
SPCKG12KG159150,0,14,14
SPCKG12KG159160,0,8,8
SPCKG12M0119090,0,6,6
SPCKG12M0119095,0,2,2
SPCKG12M0119100,0,4,4
SPCKG12M0119105,0,6,6
SPCKG12M0139090,0,4,4
SPCKG12M0139095,0,14,14
SPCKG12M0139100,0,8,8
SPCKG12M0139105,0,8,8
SPCKG12W0133085,0,8,8
SPCKG12W0133090,0,8,8
SPCKG12W0133095,0,2,2
SPCKG12W0179085,0,34,34
SPCKG12W0179090,0,20,20
SPCKG12W0179095,0,52,52
SPCKG23W0119085,0,48,48
SPCKG23W0119095,0,292,292
SPCKG23W0119100,0,10,10
SPCKG23W0120085,0,36,36
SPCKG23W0120090,0,74,74
SPCKG23W0120095,0,42,42
SPCKG23W0120100,0,14,14
SPCKG23W0126085,0,2,2
SPCKG23W0126090,0,38,38
SPCKG23W0126095,0,32,32
SPCKG23W0126100,0,4,4
SPCKG23W0131085,0,20,20
SPCKG23W0131090,0,18,18
SPCKG23W0131095,0,18,18
SPCKG23W0131100,0,8,8
SPCKG23W0139085,0,22,22
SPCKG23W0139090,0,66,66
SPCKG23W0139095,0,52,52
SPCKG23W0139100,0,16,16
SPCKG23W0141085,0,20,20
SPCKG23W0141090,0,26,26
SPCKG23W0141095,0,14,14
SPCKG23W0150085,0,2,2
SPCKG23W0150095,0,6,6
SPCKG23W0179090,0,114,114
SPCKG23W0179095,0,36,36
SPCKG23W0179100,0,4,4
SPCKG23W0185085,0,14,14
SPCKG23W0185090,0,2,2
SPCKG23W01AC085,0,30,30
SPCKG23W01AC090,0,70,70
SPCKG23W01AC095,0,52,52
SPCKG23W01AC100,0,16,16
SPCKG23W01PP085,0,4,4
SPCKG23W01PP090,0,2,2
SPCKG23W01PP095,0,6,6
SPCKG23W0320085,0,2,2
SPCKG23W0320090,0,2,2
SPCKG23W0359090,0,6,6
SPCKG23W2015085,0,2,2
SPCKG23W2019085,0,2,2
SPCKG23W2028085,0,2,2
SPCKG23W2039085,0,2,2
SPCKG23W2059085,0,2,2
SPCKG23W2075085,0,2,2
SPCKG23W2085085,0,2,2
SPCKG24G0119085,0,8,8
SPCKG24G0119090,0,4,4
SPCKG24G0119095,0,2,2
SPCKG24G0119100,0,4,4
SPCKG24G0126085,0,4,4
SPCKG24G0126090,0,4,4
SPCKG24G0126095,0,8,8
SPCKG24G0133085,0,4,4
SPCKG24G0133090,0,4,4
SPCKG24G0133095,0,10,10
SPCKG24G0133100,0,2,2
SPCKG24G0139085,0,18,18
SPCKG24G0139090,0,28,28
SPCKG24G0139095,0,22,22
SPCKG24G0139100,0,8,8
SPCKG24G0141095,0,6,6
SPCKG24G0151085,0,4,4
SPCKG24G0151090,0,8,8
SPCKG24G0151095,0,2,2
SPCKG24G0176085,0,2,2
SPCKG24G0176090,0,6,6
SPCKG24G0176095,0,4,4
SPCKG24G0176100,0,4,4
SPCKG24G0199095,0,6,6
SPCKG24G01AC085,0,12,12
SPCKG24G01AC095,0,6,6
SPCKG24G01AC100,0,2,2
SPCKG24G01AH085,0,12,12
SPCKG24G01AH100,0,2,2
SPCKG24G01B6090,0,2,2
SPCKG24G01CF085,0,2,2
SPCKG24G01CF090,0,54,54
SPCKG24G01CF095,0,2,2
SPCKG24G01CF100,0,4,4
SPCKG24G0220085,0,6,6
SPCKG24G0220090,0,18,18
SPCKG24G0220095,0,6,6
SPCKG24G0239085,0,12,12
SPCKG24G0239090,0,2,2
SPCKG24G0239095,0,2,2
SPCKG24G0259085,0,16,16
SPCKG24G0259090,0,4,4
SPCKG24G0259095,0,22,22
SPCKG24G0279090,0,18,18
SPCKG24G0279095,0,14,14
SPCKG24G0285085,0,2,2
SPCKG24G0285090,0,2,2
SPCKG24G0285095,0,12,12
SPCKG24G02AC090,0,6,6
SPCKG24G02AC095,0,8,8
SPCKG25G0120085,0,4,4
SPCKG25G0120090,0,20,20
SPCKG25G0120100,0,2,2
SPCKG25G0133085,0,2,2
SPCKG25G0133090,0,4,4
SPCKG25G0139100,0,2,2
SPCKG25G0159085,0,4,4
SPCKG25G0159090,0,2,2
SPCKG25G0159100,0,2,2
SPCKG25G0219100,0,12,12
SPCKG25G0239095,0,8,8
SPCKG25G0333090,0,246,246
SPCKG25G0333095,0,4,4
SPCKG25G0333100,0,2,2
SPCKG25G0337100,0,4,4
SPCKG25G0359085,0,2,2
SPCKG25G04AC999,0,2,2
SPCKG25G5026085,0,10,10
SPCKG25G5026090,0,8,8
SPCKG25G5026095,0,8,8
SPCKG25G5039090,0,42,42
SPCKG25G5059085,0,2,2
SPCKG25G5059090,0,2,2
SPCKG25G5095090,0,2,2
SPCKG25G5095095,0,2,2
SPCKG25M0115100,0,74,74
SPCKG25M0115105,0,76,76
SPCKG25M0117100,0,2,2
SPCKG25M0119105,0,6,6
SPCKG25W9136999,0,2,2
SPCKG25W9139999,0,2,2
SPCKG37G0119085,0,2,2
SPCKG37G0119090,0,8,8
SPCKG37G0119100,0,2,2
SPCKG37G0126085,0,2,2
SPCKG37G0133085,0,2,2
SPCKG37G0133095,0,10,10
SPCKG37G0139090,0,2,2
SPCKG37G0141085,0,2,2
SPCKG37G0141095,0,2,2
SPCKG37G0151085,0,2,2
SPCKG37G0151095,0,4,4
SPCKG37G0151100,0,2,2
SPCKG37G0159085,0,2,2
SPCKG37G0159095,0,48,48
SPCKG37G0159100,0,2,2
SPCKG37G0176085,0,2,2
SPCKG37G01AC100,0,2,2
SPCKG37G0208085,0,16,16
SPCKG37G0208090,0,12,12
SPCKG37G0208095,0,74,74
SPCKG37G0231085,0,510,510
SPCKG37G0231090,0,842,842
SPCKG37G0231095,0,540,540
SPCKG37G0239090,0,2,2
SPCKG37G0259085,0,82,82
SPCKG37G0259090,0,2,2
SPCKG37G0259095,0,286,286
SPCKG37G0279085,0,338,338
SPCKG37G0279090,0,10,10
SPCKG37G0279095,0,48,48
SPCKG37G0285090,0,388,388
SPCKG37G0285095,0,538,538
SPCKG37G02AC090,0,4,4
SPCKG37G0531999,0,8,8
SPCKG37WS333085,0,6,6
SPCKG37WS385085,0,8,8
SPCKG37WS385090,0,8,8
SPCKG37WS385095,0,8,8
SPDRE37M0651095,0,4,4
SPDREA9M0110095,0,22,22
SPDREA9M0110100,0,38,38
SPDREA9M0110105,0,10,10
SPDREA9M0119095,0,28,28
SPDREA9M0119100,0,18,18
SPDREA9M0119105,0,26,26
SPDREA9M0151095,0,24,24
SPDREA9M0151100,0,26,26
SPDREA9M0151105,0,34,34
SPDREA9M0210095,0,10,10
SPDREA9M0210100,0,4,4
SPDREA9M0210105,0,4,4
SPDREA9M0210110,0,2,2
SPDREA9M0219095,0,2,2
SPDREA9M0219100,0,8,8
SPDREA9M0219105,0,2,2
SPDREA9M0219110,0,2,2
SPDREA9M0251095,0,4,4
SPDREA9M0251100,0,6,6
SPDREA9M0251105,0,8,8
SPDREA9M0251110,0,6,6
SPDRF24M1019100,0,2,2
SPDRF24M1051100,0,2,2
SPDRF24M1099095,0,2,2
SPDRFA9M0110095,0,18,18
SPDRFA9M0110100,0,32,32
SPDRFA9M0110105,0,52,52
SPDRFA9M0110110,0,32,32
SPDRFA9M0119095,0,18,18
SPDRFA9M0119100,0,22,22
SPDRFA9M0119105,0,30,30
SPDRFA9M0119110,0,14,14
SPDRFA9M0150095,0,2,2
SPDRFA9M0150100,0,4,4
SPDRFA9M0150105,0,10,10
SPDRFA9M0150110,0,8,8
SPDRFA9M0151095,0,54,54
SPDRFA9M0151100,0,74,74
SPDRFA9M0151105,0,122,122
SPDRFA9M0151110,0,52,52
SPDRFA9M0199095,0,4,4
SPDRFA9M0199100,0,4,4
SPDRFA9M0199105,0,6,6
SPDRFA9M0199110,0,6,6
SPDRFA9M0210095,0,16,16
SPDRFA9M0210100,0,14,14
SPDRFA9M0210105,0,2,2
SPDRFA9M0210110,0,2,2
SPDRFA9M0251095,0,6,6
SPDRFA9M0251100,0,10,10
SPDRFA9M0251105,0,2,2
SPDRFA9M0251110,0,6,6
SPDRFA9M0310095,0,220,220
SPDRFA9M0310100,0,226,226
SPDRFA9M0310105,0,194,194
SPDRFA9M0310110,0,96,96
SPDRFA9M0359095,0,458,458
SPDRFA9M0359100,0,484,484
SPDRFA9M0359105,0,326,326
SPDRFA9M0359110,0,194,194
SPDRFA9M0399095,0,444,444
SPDRFA9M0399100,0,514,514
SPDRFA9M0399105,0,322,322
SPDRFA9M0399110,0,202,202
SPDRG24M0110095,0,12,12
SPDRG24M0110100,0,6,6
SPDRG24M0110105,0,8,8
SPDRG24M0110110,0,14,14
SPDRG24M0119100,0,20,20
SPDRG24M0150100,0,18,18
SPDRG24M0150105,0,24,24
SPDRG24M0150110,0,14,14
SPDRG24M0151095,0,12,12
SPDRG24M0151100,0,20,20
SPDRG24M0151105,0,12,12
SPDRG24M0151110,0,8,8
SPDRG24M0199100,0,18,18
SPDRGA9M0110105,0,2,2
SPDRGA9M0110110,0,2,2
SPDRGA9M0151105,0,2,2
SPFTE4TC0219075,0,2,2
SPFTE4TC0219085,0,2,2
SPFTE4TC0260075,0,2,2
SPFTE4TC0260090,0,2,2
SPFTF4TC0119075,0,6,6
SPFTF4TC0119080,0,12,12
SPFTF4TC0119085,0,12,12
SPFTF4TC0119090,0,14,14
SPFTF4TC0160075,0,16,16
SPFTF4TC0160080,0,26,26
SPFTF4TC0160085,0,20,20
SPFTF4TC0160090,0,30,30
SPFTF4TG0119070,0,10,10
SPFTF4TG0119075,0,4,4
SPFTF4TG0119080,0,16,16
SPFTF4TG0133070,0,6,6
SPFTF4TG0133075,0,2,2
SPFTF4TG0133080,0,12,12
SPFTF4TG0139070,0,2,2
SPFTF4TG0139075,0,6,6
SPFTF4TG0139080,0,18,18
SPFTF4VC9219085,0,34,34
SPFTF4VC9250085,0,48,48
SPFTG11C5059075,0,82,82
SPFTG11C5059080,0,66,66
SPFTG11C5059085,0,52,52
SPFTG11C5059090,0,26,26
SPFTG11C5085075,0,90,90
SPFTG11C5085080,0,74,74
SPFTG11C5085085,0,48,48
SPFTG11C5085090,0,26,26
SPFTG11C9033080,0,38,38
SPFTG11C9033085,0,62,62
SPFTG11C9060080,0,50,50
SPFTG11C9060085,0,66,66
SPFTG12C9219085,0,2,2
SPFWE4VC0110095,0,2,2
SPFWE4VC0110100,0,6,6
SPFWE4VC0110105,0,2,2
SPFWE4VC0185095,0,2,2
SPFWE4VG0119085,0,2,2
SPFWE4VG01AC095,0,2,2
SPFWF4VC0110090,0,94,94
SPFWF4VC0110095,0,162,162
SPFWF4VC0110100,0,196,196
SPFWF4VC0110105,0,178,178
SPFWF4VC0119090,0,160,160
SPFWF4VC0119095,0,228,228
SPFWF4VC0119100,0,158,158
SPFWF4VC0119105,0,82,82
SPFWF4VC0135090,0,34,34
SPFWF4VC0135095,0,274,274
SPFWF4VC0135100,0,164,164
SPFWF4VC0135105,0,160,160
SPFWF4VC0159090,0,38,38
SPFWF4VC0159095,0,140,140
SPFWF4VC0159100,0,168,168
SPFWF4VC0159105,0,154,154
SPFWF4VC0160090,0,22,22
SPFWF4VC0160095,0,150,150
SPFWF4VC0160100,0,94,94
SPFWF4VC0160105,0,140,140
SPFWF4VC0185090,0,20,20
SPFWF4VC0185095,0,92,92
SPFWF4VC0185100,0,56,56
SPFWF4VC0185105,0,74,74
SPFWF4VG0110085,0,278,278
SPFWF4VG0110090,0,282,282
SPFWF4VG0110095,0,166,166
SPFWF4VG0119085,0,322,322
SPFWF4VG0119090,0,246,246
SPFWF4VG0119095,0,178,178
SPFWF4VG0126085,0,234,234
SPFWF4VG0126090,0,176,176
SPFWF4VG0126095,0,164,164
SPFWF4VG0135085,0,232,232
SPFWF4VG0135090,0,322,322
SPFWF4VG0135095,0,190,190
SPFWF4VG0160085,0,72,72
SPFWF4VG0160090,0,104,104
SPFWF4VG0160095,0,102,102
SPFWF4VG0185085,0,60,60
SPFWF4VG0185090,0,46,46
SPFWF4VG0185095,0,118,118
SPFWF4VKU110110,0,34,34
SPFWF4VKU110120,0,18,18
SPFWF4VKU110130,0,28,28
SPFWF4VKU110140,0,26,26
SPFWF4VKU110150,0,30,30
SPFWF4VKU110160,0,50,50
SPFWF4VKU119110,0,50,50
SPFWF4VKU119120,0,36,36
SPFWF4VKU119130,0,74,74
SPFWF4VKU119140,0,46,46
SPFWF4VKU119150,0,68,68
SPFWF4VKU119160,0,102,102
SPFWF4VKU126110,0,44,44
SPFWF4VKU126120,0,26,26
SPFWF4VKU126130,0,68,68
SPFWF4VKU126140,0,80,80
SPFWF4VKU126150,0,52,52
SPFWF4VKU126160,0,64,64
SPFWF4VKU160110,0,64,64
SPFWF4VKU160120,0,54,54
SPFWF4VKU160130,0,118,118
SPFWF4VKU160140,0,104,104
SPFWF4VKU160150,0,124,124
SPFWF4VKU160160,0,88,88
SPFWG11C9133999,0,104,104
SPFWG11C9150999,0,60,60
SPFWG11C9160999,0,102,102
SPFWG11C9176999,0,62,62
SPFWG11C9185999,0,50,50
SPFWG11KU933130,0,12,12
SPFWG11KU933140,0,14,14
SPFWG11KU933150,0,8,8
SPFWG11KU960130,0,12,12
SPFWG11KU960140,0,12,12
SPFWG11KU960150,0,8,8
SPFZE4TC0110095,0,2,2
SPFZE4TC0110100,0,4,4
SPFZE4TC0131095,0,20,20
SPFZE4TC0131100,0,14,14
SPFZE4TC0136090,0,2,2
SPFZE4TC0136095,0,2,2
SPFZE4TC0136100,0,2,2
SPFZE4TC0149095,0,4,4
SPFZE4TC0151095,0,4,4
SPFZE4TC01PP100,0,4,4
SPFZE4TC0219095,0,4,4
SPFZE4TC0260095,0,4,4
SPFZE4TC02AC095,0,4,4
SPFZE4TKU235140,0,2,2
SPFZE4TKU239120,0,2,2
SPFZE4TKU239130,0,2,2
SPFZE4TKU250130,0,2,2
SPFZE4TKU250150,0,2,2
SPFZE4VG4019095,0,2,2
SPFZE4VG5115095,0,2,2
SPFZE4VKU126110,0,2,2
SPFZE4VKU151110,0,24,24
SPFZE4VKU151120,0,52,52
SPFZE4VKU151130,0,50,50
SPFZE4VKU176110,0,8,8
SPFZE4VKU176120,0,12,12
SPFZE4VKU176130,0,70,70
SPFZE4VKU184120,0,28,28
SPFZE4VKU184130,0,66,66
SPFZE4VKU240110,0,8,8
SPFZE4VKU240120,0,22,22
SPFZE4VKU240130,0,28,28
SPFZE4VKU240140,0,18,18
SPFZE4VU0219095,0,2,2
SPFZE4VU0219100,0,8,8
SPFZE4VU0310095,0,2,2
SPFZE4VU0351100,0,2,2
SPFZF11G9219999,0,2,2
SPFZF11U0119090,0,2,2
SPFZF11U0119095,0,14,14
SPFZF11U0119100,0,18,18
SPFZF11U0135095,0,2,2
SPFZF11U0135100,0,2,2
SPFZF49U0110090,0,2,2
SPFZF49U0110095,0,16,16
SPFZF49U0110100,0,22,22
SPFZF49U0130090,0,2,2
SPFZF49U0130095,0,2,2
SPFZF49U0130100,0,10,10
SPFZF49U0130105,0,6,6
SPFZF49U0150090,0,2,2
SPFZF49U0150100,0,12,12
SPFZF49U0150105,0,4,4
SPFZF4TC0110095,0,2,2
SPFZF4TC0110100,0,2,2
SPFZF4TC0115090,0,2,2
SPFZF4TC0115100,0,2,2
SPFZF4TC0119095,0,10,10
SPFZF4TC0119105,0,4,4
SPFZF4TC0119110,0,2,2
SPFZF4TC0122090,0,26,26
SPFZF4TC0122095,0,4,4
SPFZF4TC0122100,0,4,4
SPFZF4TC0122105,0,2,2
SPFZF4TC0131090,0,6,6
SPFZF4TC0131095,0,2,2
SPFZF4TC0131100,0,2,2
SPFZF4TC0136095,0,2,2
SPFZF4TC0136105,0,2,2
SPFZF4TC0151090,0,10,10
SPFZF4TC0151095,0,2,2
SPFZF4TC0151100,0,10,10
SPFZF4TC0151105,0,2,2
SPFZF4TC0158090,0,2,2
SPFZF4TC0158100,0,2,2
SPFZF4TC0159090,0,2,2
SPFZF4TC0159100,0,4,4
SPFZF4TC0159105,0,2,2
SPFZF4TC0160090,0,6,6
SPFZF4TC0160095,0,6,6
SPFZF4TC0184090,0,2,2
SPFZF4TC0184095,0,2,2
SPFZF4TC0184100,0,4,4
SPFZF4TC0185090,0,14,14
SPFZF4TC0185095,0,12,12
SPFZF4TC01PP095,0,6,6
SPFZF4TC01PP105,0,2,2
SPFZF4TC1085100,0,2,2
SPFZF4TC2019090,0,4,4
SPFZF4TC2019095,0,2,2
SPFZF4TC2019100,0,8,8
SPFZF4TC2035090,0,4,4
SPFZF4TC2035095,0,4,4
SPFZF4TC2035100,0,2,2
SPFZF4TC2035105,0,2,2
SPFZF4TC2039090,0,2,2
SPFZF4TC2039095,0,14,14
SPFZF4TC2039100,0,10,10
SPFZF4TC2039105,0,2,2
SPFZF4TC2049090,0,4,4
SPFZF4TC2049095,0,2,2
SPFZF4TC2049105,0,2,2
SPFZF4TC2060090,0,4,4
SPFZF4TC2060105,0,6,6
SPFZF4TC2085105,0,4,4
SPFZF4TC20B1095,0,4,4
SPFZF4TC2119090,0,68,68
SPFZF4TC2119095,0,74,74
SPFZF4TC2119100,0,42,42
SPFZF4TC2119105,0,16,16
SPFZF4TC2160090,0,14,14
SPFZF4TC2160095,0,22,22
SPFZF4TC2160100,0,10,10
SPFZF4TC2160105,0,4,4
SPFZF4TC2419090,0,56,56
SPFZF4TC2419095,0,44,44
SPFZF4TC2419100,0,26,26
SPFZF4TC2419105,0,30,30
SPFZF4TC2463090,0,62,62
SPFZF4TC2463095,0,60,60
SPFZF4TC2463100,0,72,72
SPFZF4TC2463105,0,72,72
SPFZF4TC2480090,0,30,30
SPFZF4TC2480095,0,28,28
SPFZF4TC2480100,0,26,26
SPFZF4TC2480105,0,22,22
SPFZF4TG1019085,0,14,14
SPFZF4TG1019090,0,8,8
SPFZF4TG1019095,0,6,6
SPFZF4TG1039090,0,6,6
SPFZF4TG10AD085,0,2,2
SPFZF4TG10AD090,0,2,2
SPFZF4TG1135085,0,36,36
SPFZF4TG1135090,0,12,12
SPFZF4TG1135095,0,4,4
SPFZF4TG1139085,0,16,16
SPFZF4TG1139090,0,8,8
SPFZF4TG1139095,0,10,10
SPFZF4TG2019085,0,52,52
SPFZF4TG2019090,0,44,44
SPFZF4TG2019095,0,42,42
SPFZF4TG2033085,0,2,2
SPFZF4TG2039085,0,18,18
SPFZF4TG2039090,0,32,32
SPFZF4TG2039095,0,20,20
SPFZF4TKU110110,0,128,128
SPFZF4TKU110120,0,94,94
SPFZF4TKU110130,0,190,190
SPFZF4TKU110140,0,116,116
SPFZF4TKU110150,0,2,2
SPFZF4TKU110160,0,2,2
SPFZF4TKU119110,0,166,166
SPFZF4TKU119120,0,152,152
SPFZF4TKU119130,0,76,76
SPFZF4TKU119140,0,70,70
SPFZF4TKU119150,0,28,28
SPFZF4TKU119160,0,4,4
SPFZF4TKU131110,0,50,50
SPFZF4TKU131120,0,56,56
SPFZF4TKU131130,0,186,186
SPFZF4TKU131140,0,210,210
SPFZF4TKU131150,0,64,64
SPFZF4TKU131160,0,8,8
SPFZF4TKU136110,0,78,78
SPFZF4TKU136120,0,74,74
SPFZF4TKU136130,0,234,234
SPFZF4TKU136140,0,300,300
SPFZF4TKU136150,0,36,36
SPFZF4TKU136160,0,6,6
SPFZF4TKU184110,0,50,50
SPFZF4TKU184120,0,42,42
SPFZF4TKU184130,0,124,124
SPFZF4TKU184140,0,160,160
SPFZF4TKU184150,0,56,56
SPFZF4TKU184160,0,22,22
SPFZF4TKU1PP110,0,206,206
SPFZF4TKU1PP120,0,96,96
SPFZF4TKU1PP130,0,50,50
SPFZF4TKU1PP140,0,100,100
SPFZF4TKU1PP150,0,16,16
SPFZF4TKU1PP160,0,14,14
SPFZF4TKU211110,0,14,14
SPFZF4TKU211120,0,16,16
SPFZF4TKU211130,0,38,38
SPFZF4TKU211140,0,50,50
SPFZF4TKU211150,0,76,76
SPFZF4TKU211160,0,20,20
SPFZF4TKU219110,0,70,70
SPFZF4TKU219120,0,54,54
SPFZF4TKU219130,0,96,96
SPFZF4TKU219140,0,56,56
SPFZF4TKU219150,0,16,16
SPFZF4TKU219160,0,2,2
SPFZF4TKU239110,0,22,22
SPFZF4TKU239120,0,26,26
SPFZF4TKU239130,0,40,40
SPFZF4TKU239140,0,16,16
SPFZF4TKU239150,0,14,14
SPFZF4TKU239160,0,8,8
SPFZF4TKU250110,0,28,28
SPFZF4TKU250120,0,26,26
SPFZF4TKU250130,0,42,42
SPFZF4TKU250140,0,84,84
SPFZF4TKU250150,0,30,30
SPFZF4TKU250160,0,18,18
SPFZF4TKU4AM110,0,212,212
SPFZF4TKU4AM120,0,282,282
SPFZF4TKU4AM130,0,252,252
SPFZF4TKU4AM140,0,122,122
SPFZF4TKU4AM150,0,76,76
SPFZF4TKU4AN110,0,106,106
SPFZF4TKU4AN120,0,148,148
SPFZF4TKU4AN130,0,116,116
SPFZF4TKU4AN140,0,116,116
SPFZF4TKU4AN150,0,68,68
SPFZF4VC5159090,0,42,42
SPFZF4VC5159095,0,38,38
SPFZF4VC5159100,0,30,30
SPFZF4VC5159105,0,8,8
SPFZF4VC5185090,0,12,12
SPFZF4VC5185095,0,12,12
SPFZF4VC5185100,0,22,22
SPFZF4VC5185105,0,6,6
SPFZF4VC9119100,0,30,30
SPFZF4VC9150100,0,22,22
SPFZF4VG5035095,0,2,2
SPFZF4VG5039085,0,4,4
SPFZF4VG5039090,0,4,4
SPFZF4VG5039095,0,4,4
SPFZF4VG5185085,0,2,2
SPFZF4VG5235085,0,4,4
SPFZF4VG5235090,0,8,8
SPFZF4VG5235095,0,8,8
SPFZF4VG5239085,0,2,2
SPFZF4VG5239090,0,10,10
SPFZF4VG5239095,0,22,22
SPFZF4VG5285085,0,20,20
SPFZF4VG5285090,0,18,18
SPFZF4VG5285095,0,16,16
SPFZF4VG5335085,0,4,4
SPFZF4VG5335095,0,4,4
SPFZF4VG5339085,0,2,2
SPFZF4VG5339090,0,6,6
SPFZF4VG5339095,0,10,10
SPFZF4VG9039999,0,6,6
SPFZF4VG9085999,0,28,28
SPFZF4VKU110110,0,22,22
SPFZF4VKU110120,0,8,8
SPFZF4VKU110130,0,12,12
SPFZF4VKU119110,0,292,292
SPFZF4VKU119120,0,248,248
SPFZF4VKU119130,0,86,86
SPFZF4VKU119140,0,86,86
SPFZF4VKU119150,0,52,52
SPFZF4VKU119160,0,64,64
SPFZF4VKU125110,0,46,46
SPFZF4VKU125120,0,36,36
SPFZF4VKU125130,0,52,52
SPFZF4VKU125140,0,50,50
SPFZF4VKU125150,0,30,30
SPFZF4VKU125160,0,8,8
SPFZF4VKU184110,0,8,8
SPFZF4VKU184120,0,2,2
SPFZF4VKU184130,0,18,18
SPFZF4VKU184140,0,10,10
SPFZF4VKU184150,0,2,2
SPFZF4VKU184160,0,6,6
SPFZF4VKU226110,0,20,20
SPFZF4VKU226120,0,54,54
SPFZF4VKU226130,0,40,40
SPFZF4VKU226140,0,66,66
SPFZF4VKU251110,0,44,44
SPFZF4VKU251120,0,76,76
SPFZF4VKU251130,0,208,208
SPFZF4VKU251140,0,358,358
SPFZF4VKU276110,0,20,20
SPFZF4VKU276120,0,30,30
SPFZF4VKU276130,0,50,50
SPFZF4VKU276140,0,108,108
SPFZF4VKU284110,0,32,32
SPFZF4VKU284120,0,42,42
SPFZF4VKU284130,0,110,110
SPFZF4VKU284140,0,196,196
SPFZF4VKU339140,0,170,170
SPFZF4VKU339150,0,126,126
SPFZF4VKU339160,0,26,26
SPFZF4VU0110090,0,6,6
SPFZF4VU0119090,0,2,2
SPFZF4VU0119095,0,8,8
SPFZF4VU0119100,0,4,4
SPFZF4VU0210095,0,8,8
SPFZF4VU0210100,0,2,2
SPFZF4VU0219095,0,4,4
SPFZF4VU0219105,0,2,2
SPFZF4VU0639090,0,8,8
SPFZF4VU0639095,0,4,4
SPFZF4VU0919095,0,2,2
SPFZG11C0110090,0,424,424
SPFZG11C0110095,0,188,188
SPFZG11C0110100,0,132,132
SPFZG11C0110105,0,10,10
SPFZG11C0119090,0,68,68
SPFZG11C0119095,0,32,32
SPFZG11C0119100,0,32,32
SPFZG11C0119105,0,4,4
SPFZG11C0122090,0,4404,4404
SPFZG11C0122095,0,3652,3652
SPFZG11C0122100,0,552,552
SPFZG11C0122105,0,168,168
SPFZG11C0136090,0,232,232
SPFZG11C0136095,0,548,548
SPFZG11C0136100,0,156,156
SPFZG11C0136105,0,10,10
SPFZG11C0151090,0,1160,1160
SPFZG11C0151095,0,1196,1196
SPFZG11C0151100,0,372,372
SPFZG11C0151105,0,30,30
SPFZG11C0159090,0,908,908
SPFZG11C0159095,0,526,526
SPFZG11C0159100,0,78,78
SPFZG11C0159105,0,42,42
SPFZG11C0160090,0,562,562
SPFZG11C0160095,0,166,166
SPFZG11C0160100,0,46,46
SPFZG11C0160105,0,12,12
SPFZG11C01PP090,0,70,70
SPFZG11C01PP095,0,118,118
SPFZG11C01PP100,0,164,164
SPFZG11C5039090,0,106,106
SPFZG11C5039095,0,140,140
SPFZG11C5039100,0,166,166
SPFZG11C5039105,0,242,242
SPFZG11C5059090,0,170,170
SPFZG11C5059095,0,222,222
SPFZG11C5059100,0,190,190
SPFZG11C5059105,0,190,190
SPFZG11C5085090,0,68,68
SPFZG11C5085095,0,70,70
SPFZG11C5085100,0,76,76
SPFZG11C5085105,0,80,80
SPFZG11C9019999,0,46,46
SPFZG11C9085999,0,156,156
SPFZG11C9333999,0,100,100
SPFZG11C9360999,0,150,150
SPFZG11G9015999,0,86,86
SPFZG11G9085999,0,96,96
SPFZG11KU110110,0,42,42
SPFZG11KU110120,0,56,56
SPFZG11KU110130,0,110,110
SPFZG11KU110140,0,66,66
SPFZG11KU110150,0,52,52
SPFZG11KU110160,0,20,20
SPFZG11KU119110,0,44,44
SPFZG11KU119120,0,42,42
SPFZG11KU119130,0,28,28
SPFZG11KU119140,0,84,84
SPFZG11KU119150,0,60,60
SPFZG11KU119160,0,44,44
SPFZG11KU136110,0,60,60
SPFZG11KU136120,0,44,44
SPFZG11KU136130,0,80,80
SPFZG11KU136140,0,176,176
SPFZG11KU136150,0,112,112
SPFZG11KU136160,0,44,44
SPFZG11KU1PP110,0,162,162
SPFZG11KU1PP120,0,122,122
SPFZG11KU1PP130,0,184,184
SPFZG11KU1PP140,0,160,160
SPFZG11KU1PP150,0,54,54
SPFZG11KU1PP160,0,52,52
SPFZG12C9015999,0,2,2
SPFZG12C9119100,0,2,2
SPFZG12C9150100,0,2,2
SPFZG12G9060999,0,4,4
SPFZG12G9135999,0,2,2
SPFZG12G9185999,0,2,2
SPFZG23G9115999,0,2,2
SPFZG23G9160999,0,2,2
SPGME11A9019999,0,2,2
SPGME12A9219085,0,2,2
SPGME23A9419080,0,2,2
SPGME26A0319105,0,2,2
SPGME26A0349100,0,4,4
SPGME26A0349105,0,4,4
SPGME26A0360105,0,2,2
SPGME26A0419100,0,2,2
SPGME26A0460105,0,2,2
SPGME26A1310095,0,2,2
SPGME26A1410095,0,6,6
SPGME26A1419095,0,4,4
SPGME37A0310085,0,2,2
SPGME37A0310095,0,2,2
SPGME37A0310100,0,2,2
SPGME37A0519070,0,2,2
SPGME4TA0119085,0,2,2
SPGME4TA0119090,0,2,2
SPGME4TA0135085,0,4,4
SPGME4TA0135090,0,4,4
SPGME4TA0135095,0,4,4
SPGME4TA0160085,0,4,4
SPGME4TA0160090,0,4,4
SPGME4TA0164085,0,4,4
SPGME4TA0164090,0,4,4
SPGME4TA0164095,0,4,4
SPGME4TA0219085,0,2,2
SPGME4TA0264085,0,2,2
SPGME4TA1219075,0,2,2
SPGME4TA1219080,0,2,2
SPGME4TA1336070,0,2,2
SPGME4TA2116095,0,4,4
SPGME4TA2116100,0,4,4
SPGME4TA2119095,0,2,2
SPGME4TA2119100,0,4,4
SPGME4TA2119105,0,2,2
SPGME4TA2135095,0,4,4
SPGME4TA2135100,0,4,4
SPGME4TA2135105,0,2,2
SPGME4TA2160095,0,4,4
SPGME4TA2160100,0,2,2
SPGME4TA2160105,0,4,4
SPGME4TA3160085,0,4,4
SPGME4TA3219080,0,2,2
SPGME4TA3237080,0,2,2
SPGMEA9A0115999,0,6,6
SPGMEA9A0119999,0,8,8
SPGMEA9A0219999,0,8,8
SPGMEA9A0260999,0,12,12
SPGMEA9A9115070,0,10,10
SPGMEA9A9115075,0,10,10
SPGMEA9A9119070,0,10,10
SPGMEA9A9119075,0,12,12
SPGMF25C1235090,0,2,2
SPGMF37C02CO090,0,4,4
SPGMF37C0360085,0,2,2
SPGMF37C0360090,0,2,2
SPGMF37G0110095,0,2,2
SPGMF37G0127085,0,4,4
SPGMF37G0184095,0,2,2
SPGMF37G0210085,0,2,2
SPGMF37G0210090,0,2,2
SPGMF37G0210095,0,2,2
SPGMF37G0260085,0,2,2
SPGMF37G0260090,0,4,4
SPGMF37G0284085,0,2,2
SPGMF37G0360080,0,4,4
SPGMF49M0119999,0,18,18
SPGMF49M0160999,0,20,20
SPGMF4TU0119095,0,2,2
SPGMF4TU0119100,0,2,2
SPGMF4TU0119105,0,4,4
SPGMF4TU0219075,0,14,14
SPGMF4TU0219080,0,20,20
SPGMF4TU0219085,0,20,20
SPGMF4TU0219090,0,4,4
SPGMG37CS110090,0,14,14
SPGMG37CS119090,0,20,20
SPGMG37CS185105,0,2,2
SPGMG37CS360085,0,2,2
SPHWE24C4195100,0,2,2
SPHWE24G5139085,0,16,16
SPHWE24G5139095,0,4,4
SPHWE24G5159085,0,14,14
SPHWE24G5159090,0,4,4
SPHWE24G5162085,0,34,34
SPHWE24G5162090,0,28,28
SPHWE24G5162095,0,4,4
SPHWE24G5199085,0,14,14
SPHWE24G5199095,0,4,4
SPHWE24M0110095,0,6,6
SPHWE24M0110100,0,2,2
SPHWE24M0110105,0,2,2
SPHWE24M0110110,0,2,2
SPHWE24M0116095,0,2,2
SPHWE24M0116110,0,4,4
SPHWE24M0119095,0,4,4
SPHWE24M0119100,0,4,4
SPHWE24M0119105,0,4,4
SPHWE24M0159095,0,2,2
SPHWE24M0159100,0,2,2
SPHWE24M01BS095,0,2,2
SPHWE24M01BS100,0,2,2
SPHWE24M01BS110,0,2,2
SPHWE25M0119095,0,6,6
SPHWE25M0119100,0,2,2
SPHWE25M0119105,0,2,2
SPHWE25M0119110,0,2,2
SPHWE25M0136095,0,4,4
SPHWE25M0136100,0,2,2
SPHWE25M0160095,0,2,2
SPHWE25M0160100,0,2,2
SPHWE25M0160105,0,4,4
SPHWE25M0160110,0,4,4
SPHWE37C0103100,0,2,2
SPHWE37C0119090,0,2,2
SPHWE37C0119095,0,6,6
SPHWE37C0119100,0,2,2
SPHWE37C0119105,0,4,4
SPHWE37C4159095,0,2,2
SPHWE37G5159085,0,2,2
SPHWE37G5159095,0,2,2
SPHWE37G5199085,0,2,2
SPHWF24KU125110,0,2,2
SPHWF24KU131110,0,2,2
SPHWF24KU262140,0,2,2
SPHWF49M9002999,0,6,6
SPHWF49M9019999,0,4,4
SPHWG24KU110130,0,2,2
SPHWG24KU110160,0,4,4
SPHWG24KU131140,0,2,2
SPHWG24KU151120,0,2,2
SPHWG25C5350095,0,2,2
SPHWG25C5359095,0,62,62
SPHWG25C5359105,0,4,4
SPHWG25C5362090,0,16,16
SPHWG25G5026085,0,16,16
SPHWG25G5026090,0,12,12
SPHWG25G5026095,0,6,6
SPHWG25G5051085,0,10,10
SPHWG25G5051090,0,20,20
SPHWG25G5051095,0,6,6
SPHWG25G5059085,0,2,2
SPJAE4TC0119090,0,6,6
SPJAE4TC0119100,0,4,4
SPJAE4TC0159090,0,2,2
SPJAE4TC0159095,0,4,4
SPJAE4TC0160090,0,10,10
SPJAE4TC0160095,0,8,8
SPJAE4TC0160100,0,4,4
SPJAE4TC0160105,0,8,8
SPJAE4TC02BF090,0,2,2
SPJAE4TC02BF105,0,2,2
SPJAE4TC2136090,0,2,2
SPJAE4TC2149090,0,8,8
SPJAE4TG0139085,0,22,22
SPJAE4TG0139090,0,2,2
SPJAE4TG1119085,0,4,4
SPJAE4TG1119090,0,2,2
SPJAE4TG1139085,0,2,2
SPJAE4TG9149090,0,2,2
SPJAE4TG9239095,0,2,2
SPJAE4TKU249110,0,2,2
SPJAE4TW2219095,0,2,2
SPJAF11G0119085,0,2,2
SPJAF11G0149090,0,4,4
SPJAF12C0119090,0,2,2
SPJAF12C0119100,0,2,2
SPJAF12C0159090,0,4,4
SPJAF12C0159100,0,2,2
SPJAF12C0159105,0,6,6
SPJAF12C0162100,0,2,2
SPJAF12C0219095,0,2,2
SPJAF12C0219100,0,2,2
SPJAF12C0219105,0,2,2
SPJAF12C2119100,0,2,2
SPJAF12C2139095,0,2,2
SPJAF12G0219085,0,6,6
SPJAF12G0219090,0,2,2
SPJAF12G0219095,0,6,6
SPJAF12G0259085,0,4,4
SPJAF12G0262090,0,2,2
SPJAF12G0262095,0,6,6
SPJAF12G1119095,0,2,2
SPJAF12KG159120,0,2,2
SPJAF12KG159160,0,2,2
SPJAF12KG175120,0,2,2
SPJAF12KU219130,0,14,14
SPJAF12KU219140,0,2,2
SPJAF12KU351120,0,2,2
SPJAF12KU359160,0,6,6
SPJAF23KU239130,0,4,4
SPJAF23KU239150,0,2,2
SPJAF23KU239160,0,2,2
SPJAF23KU2BU130,0,8,8
SPJAF23KU2BU140,0,2,2
SPJAF23KU2BU160,0,6,6
SPJAF23KU959140,0,2,2
SPJAF49KU115110,0,10,10
SPJAF49KU115120,0,12,12
SPJAF49KU115130,0,14,14
SPJAF49KU115140,0,22,22
SPJAF49KU115150,0,28,28
SPJAF49KU115160,0,50,50
SPJAF49KU159110,0,6,6
SPJAF49KU159120,0,12,12
SPJAF49KU159130,0,18,18
SPJAF49KU159140,0,16,16
SPJAF49KU159150,0,18,18
SPJAF49KU159160,0,6,6
SPJAF4TC0549095,0,2,2
SPJAF4TC0549105,0,10,10
SPJAF4TC3119100,0,2,2
SPJAF4TC3119105,0,2,2
SPJAF4TC3139100,0,2,2
SPJAF4TC31BU100,0,4,4
SPJAF4TC31CO090,0,2,2
SPJAF4TG0119085,0,12,12
SPJAF4TG0119090,0,4,4
SPJAF4TG0139085,0,8,8
SPJAF4TG0139090,0,8,8
SPJAF4TG0139095,0,12,12
SPJAF4TG01CO085,0,2,2
SPJAF4TG01CO090,0,2,2
SPJAF4TG1119085,0,2,2
SPJAF4TG1149085,0,4,4
SPJAF4TG1149090,0,4,4
SPJAF4TG1219085,0,2,2
SPJAF4TG1219090,0,2,2
SPJAF4TG1219095,0,2,2
SPJAF4TG1235085,0,6,6
SPJAF4TG4035085,0,2,2
SPJAF4TG4049085,0,2,2
SPJAF4TKU129110,0,24,24
SPJAF4TKU129120,0,6,6
SPJAF4TKU129130,0,32,32
SPJAF4TKU129140,0,38,38
SPJAF4TKU129150,0,42,42
SPJAF4TKU129160,0,28,28
SPJAF4TKU239110,0,50,50
SPJAF4TKU239120,0,28,28
SPJAF4TKU239130,0,42,42
SPJAF4TKU239140,0,42,42
SPJAF4TKU239150,0,22,22
SPJAF4TKU239160,0,44,44
SPJAF4TKU284110,0,56,56
SPJAF4TKU284120,0,72,72
SPJAF4TKU284130,0,60,60
SPJAF4TKU284140,0,22,22
SPJAF4TKU284150,0,126,126
SPJAF4TKU284160,0,128,128
SPJAF4TM1519095,0,76,76
SPJAF4TM1519100,0,32,32
SPJAF4TM1519105,0,38,38
SPJAF4TM1519110,0,50,50
SPJAF4TM1585095,0,20,20
SPJAF4TM1585100,0,12,12
SPJAF4TM1585105,0,30,30
SPJAF4TM1585110,0,20,20
SPJAG11C0519090,0,38,38
SPJAG11C0519095,0,52,52
SPJAG11C0519100,0,30,30
SPJAG11C0519105,0,64,64
SPJAG11C0549090,0,12,12
SPJAG11C0549095,0,22,22
SPJAG11C0549100,0,60,60
SPJAG11C0549105,0,46,46
SPJAG12KU159110,0,10,10
SPJAG12KU159120,0,10,10
SPJAG12KU159130,0,18,18
SPJAG12KU159140,0,40,40
SPJAG12KU159150,0,28,28
SPJAG12KU159160,0,28,28
SPJAG12KU175110,0,4,4
SPJAG12KU175120,0,6,6
SPJAG12KU175140,0,34,34
SPJAG12KU175150,0,14,14
SPJAG12KU175160,0,16,16
SPJAG12KU219110,0,14,14
SPJAG12KU219120,0,44,44
SPJAG12KU219130,0,68,68
SPJAG12KU219140,0,82,82
SPJAG12KU219150,0,38,38
SPJAG12KU219160,0,38,38
SPJAG12KU264120,0,30,30
SPJAG12KU264130,0,22,22
SPJAG12KU264140,0,42,42
SPJAG12KU264150,0,108,108
SPJAG12KU264160,0,60,60
SPJDE4TC0119105,0,4,4
SPJDE4TG1119085,0,4,4
SPJDE4TG1119090,0,4,4
SPJDE4TG1119095,0,4,4
SPJDE4TG1135090,0,6,6
SPJDE4TG1135095,0,4,4
SPJDE4TG1139085,0,6,6
SPJDE4TG1139090,0,2,2
SPJDE4TG1139095,0,8,8
SPJDE4TKU135120,0,2,2
SPJDF4TKG139120,0,2,2
SPJDF4TKG139130,0,2,2
SPJDF4TKG139150,0,4,4
SPJDF4TKG139160,0,2,2
SPJDF4TKG1AM110,0,2,2
SPJDF4TKG1AM140,0,2,2
SPJDF4TKG1AM150,0,2,2
SPJDF4TKG1AM160,0,2,2
SPJDF4TKG1AN130,0,2,2
SPJDF4TKG1AN140,0,4,4
SPJDF4TKG1AP110,0,2,2
SPJDF4TKG1AP120,0,6,6
SPJDF4TKG1AP130,0,2,2
SPJDF4TKG1AP140,0,2,2
SPJDF4TKG1AU110,0,4,4
SPJDF4TKG1AU120,0,6,6
SPJDF4TKG1AU130,0,6,6
SPJDF4TKG1AU140,0,16,16
SPJDF4TKG1AU150,0,2,2
SPJDF4TKG1AU160,0,10,10
SPJDF4TKG1G2110,0,4,4
SPJDF4TKG1G2120,0,4,4
SPJDF4TKG1G2130,0,6,6
SPJDF4TKG1G2140,0,6,6
SPJDF4TKG1G2160,0,4,4
SPJDF4TKU119110,0,12,12
SPJDF4TKU119120,0,12,12
SPJDF4TKU119130,0,12,12
SPJDF4TKU119140,0,26,26
SPJDF4TKU119150,0,24,24
SPJDF4TKU119160,0,26,26
SPJDF4TKU135110,0,4,4
SPJDF4TKU135120,0,2,2
SPJDF4TKU1GH110,0,2,2
SPJDF4TKU1GH120,0,2,2
SPJDF4TKU1GN120,0,4,4
SPJDF4TKU211150,0,2,2
SPJDF4TKU211160,0,6,6
SPJDF4TKU285140,0,2,2
SPJDF4TKU349110,0,2,2
SPJDF4TKU349120,0,2,2
SPJDF4TKU349130,0,2,2
SPJDF4TKU349140,0,4,4
SPJDF4TKU349150,0,4,4
SPJDF4TKU349160,0,4,4
SPJDF4TKU3G2110,0,12,12
SPJDF4TKU3G2120,0,12,12
SPJDF4TKU3G2130,0,12,12
SPJDF4TKU3G2140,0,24,24
SPJDF4TKU3G2150,0,24,24
SPJDF4TKU3G2160,0,24,24
SPJDF4VG1119085,0,2,2
SPJDF4VG1135085,0,8,8
SPJDF4VG1135095,0,2,2
SPJDF4VG1149085,0,2,2
SPJDF4VG1149090,0,4,4
SPJDF4VG1149095,0,2,2
SPJDF4VG1150085,0,6,6
SPJDF4VG1150090,0,2,2
SPJDF4VG1150095,0,4,4
SPJDF4VG2219085,0,4,4
SPJDF4VG2219090,0,2,2
SPJDF4VG2239085,0,8,8
SPJDF4VG2239090,0,6,6
SPJDF4VKG1AP110,0,4,4
SPJDF4VKG1AP120,0,2,2
SPJDF4VKG1AP130,0,22,22
SPJDF4VKG1AP160,0,2,2
SPJDF4VKG1AU110,0,2,2
SPJDF4VKG1AU130,0,2,2
SPJDG11KG131110,0,62,62
SPJDG11KG131120,0,188,188
SPJDG11KG131130,0,102,102
SPJDG11KG131140,0,114,114
SPJDG11KG131150,0,98,98
SPJDG11KG131160,0,116,116
SPJDG11KG151110,0,60,60
SPJDG11KG151120,0,70,70
SPJDG11KG151130,0,40,40
SPJDG11KG151140,0,44,44
SPJDG11KG151150,0,38,38
SPJDG11KG151160,0,68,68
SPJDG11KG1AM110,0,70,70
SPJDG11KG1AM120,0,106,106
SPJDG11KG1AM130,0,52,52
SPJDG11KG1AM140,0,56,56
SPJDG11KG1AM150,0,58,58
SPJDG11KG1AM160,0,118,118
SPJDG11KG1AN120,0,4,4
SPJDG11KG1AN130,0,8,8
SPJDG11KG1AN140,0,36,36
SPJDG11KG1AN150,0,48,48
SPJDG11KG1AN160,0,68,68
SPJDG11KG1AP110,0,54,54
SPJDG11KG1AP120,0,46,46
SPJDG11KG1AP130,0,76,76
SPJDG11KG1AP140,0,116,116
SPJDG11KG1AP150,0,194,194
SPJDG11KG1AP160,0,224,224
SPJDG11KG1AU110,0,74,74
SPJDG11KG1AU120,0,136,136
SPJDG11KG1AU130,0,80,80
SPJDG11KG1AU140,0,78,78
SPJDG11KG1AU150,0,36,36
SPJDG11KG1AU160,0,74,74
SPJDG11KG1G2110,0,748,748
SPJDG11KG1G2120,0,888,888
SPJDG11KG1G2130,0,1572,1572
SPJDG11KG1G2140,0,694,694
SPJDG11KG1G2150,0,150,150
SPJDG11KG1G2160,0,174,174
SPJDG11KG225120,0,48,48
SPJDG11KG225130,0,30,30
SPJDG11KG225140,0,30,30
SPJDG11KG225150,0,36,36
SPJDG11KG225160,0,28,28
SPJDG11KG239120,0,36,36
SPJDG11KG239130,0,34,34
SPJDG11KG239140,0,24,24
SPJDG11KG239150,0,22,22
SPJDG11KG239160,0,34,34
SPJDG11KG291120,0,2,2
SPJDG11KG291130,0,2,2
SPJDG11KG291140,0,8,8
SPJDG11KG291150,0,8,8
SPJDG11KG291160,0,20,20
SPJDG11KG3AP110,0,36,36
SPJDG11KG3AP120,0,86,86
SPJDG11KG3AP130,0,102,102
SPJDG11KG3AP140,0,142,142
SPJDG11KG3AP150,0,108,108
SPJDG11KG3AP160,0,50,50
SPJDG11KG3AU110,0,94,94
SPJDG11KG3AU120,0,236,236
SPJDG11KG3AU130,0,148,148
SPJDG11KG3AU140,0,98,98
SPJDG11KG3AU150,0,78,78
SPJDG11KG3AU160,0,64,64
SPJDG11KU135110,0,82,82
SPJDG11KU135120,0,96,96
SPJDG11KU135130,0,86,86
SPJDG11KU135140,0,128,128
SPJDG11KU135150,0,112,112
SPJDG11KU135160,0,72,72
SPJDG11KU1GN110,0,106,106
SPJDG11KU1GN120,0,84,84
SPJDG11KU1GN130,0,80,80
SPJDG11KU1GN140,0,140,140
SPJDG11KU1GN150,0,114,114
SPJDG11KU1GN160,0,126,126
SPJDG11M0519095,0,44,44
SPJDG11M0519100,0,10,10
SPJDG11M0519105,0,2,2
SPJDG11M0519110,0,14,14
SPJDG11M0559095,0,34,34
SPJDG11M0559100,0,14,14
SPJDG11M0559105,0,14,14
SPJDG11M0559110,0,8,8
SPJDG11W2119085,0,24,24
SPJDG11W2119090,0,18,18
SPJDG11W2119095,0,4,4
SPJDG11W2139085,0,52,52
SPJDG11W2139090,0,20,20
SPJDG11W2139095,0,6,6
SPJDG11W2219085,0,16,16
SPJDG11W2219090,0,16,16
SPJDG11W2235085,0,26,26
SPJDG11W2235090,0,48,48
SPJDG4TKU115110,0,6,6
SPJDG4TKU115120,0,28,28
SPJDG4TKU115130,0,526,526
SPJDG4TKU115140,0,162,162
SPJDG4TKU115150,0,666,666
SPJDG4TKU115160,0,536,536
SPJDG4TKU119120,0,4,4
SPJDG4TKU119130,0,8,8
SPJDG4TKU119150,0,2,2
SPJDG4TKU119160,0,30,30
SPJDG4TKU149110,0,2,2
SPJDG4TKU149130,0,8,8
SPJDG4TKU149140,0,10,10
SPJDG4TKU149150,0,8,8
SPJDG4TKU149160,0,8,8
SPJDG4TKU1BF160,0,320,320
SPJEE23C0256100,0,2,2
SPJEE23W0159085,0,6,6
SPJEE23W0159095,0,2,2
SPJEE49C0157100,0,4,4
SPJEE49C0217095,0,2,2
SPJEE49C0217100,0,4,4
SPJEE49C0217105,0,2,2
SPJEE49G0259095,0,2,2
SPJEE49G1117085,0,2,2
SPJEE49G1117090,0,4,4
SPJEE49G1117095,0,2,2
SPJEE49KU1VI150,0,4,4
SPJEE49KU1VI160,0,2,2
SPJEF23C0157095,0,2,2
SPJEF23C0159090,0,2,2
SPJEF23C0217095,0,4,4
SPJEF23C0217100,0,6,6
SPJEF23C0217105,0,2,2
SPJEF23C02A3105,0,2,2
SPJEF23C0317095,0,2,2
SPJEF23G0217085,0,2,2
SPJEF23G0217095,0,26,26
SPJEF23G0257085,0,4,4
SPJEF23G0257095,0,2,2
SPJEF23G0317090,0,4,4
SPJEF23G0356085,0,2,2
SPJEF23G03VI085,0,4,4
SPJEF23G03VI090,0,4,4
SPJEF23G03VI095,0,2,2
SPJEF23KU156140,0,2,2
SPJEF23KU159110,0,2,2
SPJEF23KU159120,0,2,2
SPJEF49C0217105,0,2,2
SPJEF49C0222105,0,2,2
SPJEF49C0255105,0,2,2
SPJEF49C0259100,0,2,2
SPJEF49C0259105,0,2,2
SPJEF49C0317090,0,92,92
SPJEF49C0317095,0,154,154
SPJEF49C0317100,0,210,210
SPJEF49C0317105,0,132,132
SPJEF49C0357090,0,134,134
SPJEF49C0357095,0,108,108
SPJEF49C0357100,0,126,126
SPJEF49C0357105,0,188,188
SPJEF49C03VI090,0,62,62
SPJEF49C03VI095,0,24,24
SPJEF49C03VI100,0,60,60
SPJEF49C03VI105,0,90,90
SPJEF49G0256090,0,2,2
SPJEF49G0256095,0,12,12
SPJEF49G02VB085,0,6,6
SPJEF49G02VB090,0,2,2
SPJEF49G02VB095,0,4,4
SPJEF49G0357085,0,22,22
SPJEF49G0357090,0,16,16
SPJEF49G0357095,0,2,2
SPJEF49G03VB085,0,16,16
SPJEF49G03VB090,0,18,18
SPJEF49G03VB095,0,12,12
SPJEG23C0117090,0,2,2
SPJEG23C0117095,0,4,4
SPJEG23C0117100,0,6,6
SPJEG23C0117105,0,10,10
SPJEG23C0159090,0,2,2
SPJEG23C0159105,0,4,4
SPJEG23C0215095,0,4,4
SPJEG23C0215100,0,4,4
SPJEG23C0215105,0,8,8
SPJEG23C0255090,0,10,10
SPJEG23C0255095,0,2,2
SPJEG23C0255100,0,12,12
SPJEG23C0255105,0,22,22
SPJEG23CY117090,0,4,4
SPJEG23CY117105,0,2,2
SPJEG23CY156090,0,2,2
SPJEG23G0117085,0,16,16
SPJEG23G0117090,0,16,16
SPJEG23G0117095,0,4,4
SPJEG23G0117100,0,4,4
SPJEG23G0155090,0,34,34
SPJEG23G0155095,0,4,4
SPJEG23G0255085,0,28,28
SPJEG23KU116110,0,6,6
SPJEG23KU116120,0,4,4
SPJEG23KU116130,0,24,24
SPJEG23KU116140,0,22,22
SPJEG23KU116150,0,20,20
SPJEG23KU116160,0,18,18
SPJEG23KU126110,0,16,16
SPJEG23KU126120,0,6,6
SPJEG23KU126130,0,22,22
SPJEG23KU126140,0,10,10
SPJEG23KU126150,0,30,30
SPJEG23KU126160,0,20,20
SPJEG23KU156110,0,24,24
SPJEG23KU156120,0,26,26
SPJEG23KU156130,0,36,36
SPJEG23KU156140,0,46,46
SPJEG23KU156150,0,38,38
SPJEG23KU156160,0,38,38
SPJEG23KU159130,0,18,18
SPJEG23KU159140,0,36,36
SPJEG23KU159150,0,18,18
SPJEG23KU159160,0,12,12
SPJJE12M0603110,0,2,2
SPJJE12W0836085,0,2,2
SPJJE23C2419095,0,2,2
SPJJE23G0110085,0,8,8
SPJJE23G0110090,0,8,8
SPJJE23G0119085,0,28,28
SPJJE23G0119090,0,16,16
SPJJE23G0119095,0,10,10
SPJJE23G0125085,0,2,2
SPJJE23G0125095,0,6,6
SPJJE23G01G2085,0,4,4
SPJJE23G01G2090,0,6,6
SPJJE23G01G2095,0,22,22
SPJJE23G01G7090,0,2,2
SPJJE23G01G7095,0,4,4
SPJJE23G9139090,0,2,2
SPJJE24G0110090,0,2,2
SPJJE24G0119085,0,2,2
SPJJE24KU210130,0,2,2
SPJJE24M9235999,0,2,2
SPJJE24M9349999,0,2,2
SPJJE24M9359999,0,2,2
SPJJE24W8259999,0,2,2
SPJJE25C2110095,0,2,2
SPJJE25C2316090,0,6,6
SPJJE25C2316105,0,2,2
SPJJE25C2317090,0,10,10
SPJJE25C2319090,0,8,8
SPJJE25C2319095,0,2,2
SPJJE25C2335090,0,10,10
SPJJE25C2335095,0,4,4
SPJJE25C2335100,0,4,4
SPJJE25C2335105,0,4,4
SPJJE25G0110085,0,4,4
SPJJE25G0119085,0,4,4
SPJJE25G0125085,0,10,10
SPJJE25G0210095,0,2,2
SPJJE25G0219085,0,2,2
SPJJE25G0219090,0,2,2
SPJJE25G0219095,0,2,2
SPJJE25M0116090,0,12,12
SPJJE25M0116095,0,14,14
SPJJE25M0119090,0,8,8
SPJJE25M0119095,0,6,6
SPJJE25M0119105,0,2,2
SPJJE26C9110105,0,2,2
SPJJE37G0110085,0,6,6
SPJJE37G0110090,0,6,6
SPJJE37G0110095,0,4,4
SPJJE37G0151090,0,8,8
SPJJE37G0151095,0,2,2
SPJJE37G0162085,0,4,4
SPJJE37G0162090,0,6,6
SPJJE37G01G2090,0,6,6
SPJJE37G01G2095,0,2,2
SPJJE38C2319100,0,2,2
SPJJE38C2339100,0,4,4
SPJJE38C2339105,0,4,4
SPJJE38C2362090,0,2,2
SPJJE38C2364095,0,2,2
SPJJE38C2364100,0,4,4
SPJJE38G0110085,0,10,10
SPJJE38G0110090,0,12,12
SPJJE38G0110095,0,6,6
SPJJE38G0119085,0,6,6
SPJJE38G0119090,0,12,12
SPJJE38G0119095,0,4,4
SPJJE38G0175085,0,2,2
SPJJE38G0175090,0,2,2
SPJJE38G01G9085,0,4,4
SPJJE38G01G9090,0,4,4
SPJJE38G01G9095,0,4,4
SPJJE38G92G2085,0,2,2
SPJJE38G92GW090,0,4,4
SPJJE38KU2G2120,0,2,2
SPJJE49C0149090,0,8,8
SPJJE49C0149095,0,2,2
SPJJE49C2415095,0,2,2
SPJJE49C2415100,0,2,2
SPJJE49C2415105,0,4,4
SPJJE49C2415110,0,4,4
SPJJE49C2419095,0,4,4
SPJJE49C2419100,0,2,2
SPJJE49C2419105,0,4,4
SPJJE49C2419110,0,2,2
SPJJE49C2519090,0,24,24
SPJJE49C2519095,0,20,20
SPJJE49G0119085,0,6,6
SPJJE49G0119090,0,12,12
SPJJE49G0119095,0,6,6
SPJJE49G0149085,0,10,10
SPJJE49G0149090,0,8,8
SPJJE49G0149095,0,8,8
SPJJE49M0111095,0,4,4
SPJJE49M0111100,0,4,4
SPJJE49M1019100,0,8,8
SPJJE49M1119095,0,2,2
SPJJE49M1149095,0,2,2
SPJJE49M1149100,0,2,2
SPJJE49M1249100,0,2,2
SPJJE4TM0660100,0,2,2
SPJJE4VU0110090,0,10,10
SPJJE4VU0110095,0,10,10
SPJJE4VU0110100,0,16,16
SPJJE4VU0110105,0,10,10
SPJJE4VU0119090,0,12,12
SPJJE4VU0119095,0,16,16
SPJJE4VU0119100,0,14,14
SPJJE4VU0199095,0,8,8
SPJJE4VU0199100,0,10,10
SPJJE4VU01BS090,0,10,10
SPJJE4VU01BS095,0,10,10
SPJJE4VU01BS100,0,12,12
SPJJE4VU01BS105,0,12,12
SPJJF11M0519105,0,2,2
SPJJF12C0115090,0,2,2
SPJJF12C0115095,0,2,2
SPJJF12C0119100,0,2,2
SPJJF12M0619105,0,4,4
SPJJF12M0633105,0,4,4
SPJJF12M0664095,0,4,4
SPJJF23C0219100,0,2,2
SPJJF23C0219105,0,2,2
SPJJF23C0235100,0,2,2
SPJJF23C0237090,0,2,2
SPJJF23C0259090,0,4,4
SPJJF23C0259095,0,6,6
SPJJF23C0259100,0,2,2
SPJJF23C0259105,0,2,2
SPJJF23C0262105,0,2,2
SPJJF23C2119090,0,2,2
SPJJF23C2151095,0,2,2
SPJJF23C2359105,0,2,2
SPJJF23C2535090,0,24,24
SPJJF23C2535095,0,8,8
SPJJF23C2549090,0,16,16
SPJJF23C2549095,0,8,8
SPJJF23C2549105,0,8,8
SPJJF23C2560090,0,20,20
SPJJF23C2560095,0,14,14
SPJJF23C9051100,0,2,2
SPJJF23G0110090,0,2,2
SPJJF23G0219085,0,2,2
SPJJF23G03G2090,0,2,2
SPJJF23G1131085,0,4,4
SPJJF23KU151130,0,2,2
SPJJF23KU176150,0,2,2
SPJJF23KU210130,0,2,2
SPJJF23KU219150,0,2,2
SPJJF23M0135100,0,2,2
SPJJF23M0155105,0,2,2
SPJJF23M1019095,0,4,4
SPJJF23M1019100,0,2,2
SPJJF23M1019105,0,4,4
SPJJF23M1019110,0,2,2
SPJJF23M1037095,0,8,8
SPJJF23M1037100,0,8,8
SPJJF23M1037105,0,12,12
SPJJF23M1037110,0,8,8
SPJJF23M1049095,0,6,6
SPJJF23M1049100,0,10,10
SPJJF23M1049105,0,14,14
SPJJF23M1049110,0,6,6
SPJJF25C1119090,0,2,2
SPJJF25C1119095,0,2,2
SPJJF25C1135090,0,4,4
SPJJF25C1135095,0,2,2
SPJJF25C1135100,0,2,2
SPJJF25C1135105,0,2,2
SPJJF25C1149090,0,2,2
SPJJF25C2110090,0,2,2
SPJJF25C2110095,0,6,6
SPJJF25C2110100,0,16,16
SPJJF25C2110105,0,20,20
SPJJF25C2115090,0,2,2
SPJJF25C2115095,0,6,6
SPJJF25C2115100,0,8,8
SPJJF25C2115105,0,10,10
SPJJF25C2115110,0,10,10
SPJJF25C2119090,0,12,12
SPJJF25C2119095,0,6,6
SPJJF25C2119100,0,6,6
SPJJF25C2119105,0,14,14
SPJJF25C2119110,0,2,2
SPJJF25C2159090,0,4,4
SPJJF25C2159095,0,2,2
SPJJF25C2159105,0,2,2
SPJJF25C2159110,0,2,2
SPJJF25C2188090,0,6,6
SPJJF25C2188095,0,10,10
SPJJF25C2188100,0,12,12
SPJJF25C2188105,0,14,14
SPJJF25C2188110,0,2,2
SPJJF25C21B1090,0,6,6
SPJJF25C21B1095,0,8,8
SPJJF25C21B1100,0,12,12
SPJJF25C21B1105,0,12,12
SPJJF25C21B1110,0,4,4
SPJJF25C21BN090,0,8,8
SPJJF25C21BN095,0,2,2
SPJJF25C21BN100,0,14,14
SPJJF25C21BN105,0,14,14
SPJJF25C21BN110,0,4,4
SPJJF25C21BY090,0,4,4
SPJJF25C21BY095,0,6,6
SPJJF25C21BY100,0,2,2
SPJJF25C21BY105,0,4,4
SPJJF25C21BY110,0,4,4
SPJJF25C2616100,0,2,2
SPJJF25C2616105,0,4,4
SPJJF25C2619100,0,2,2
SPJJF25C2619105,0,16,16
SPJJF25C2649100,0,6,6
SPJJF25C2649105,0,16,16
SPJJF25C2660105,0,2,2
SPJJF25G0119095,0,4,4
SPJJF25G0151085,0,2,2
SPJJF25G0219085,0,2,2
SPJJF25G0219095,0,2,2
SPJJF25G0251095,0,2,2
SPJJF25G0310090,0,2,2
SPJJF25G0310095,0,4,4
SPJJF25G0319085,0,2,2
SPJJF25G0319090,0,2,2
SPJJF25G0351090,0,2,2
SPJJF25KU110110,0,4,4
SPJJF25KU110120,0,4,4
SPJJF25KU110130,0,2,2
SPJJF25KU110150,0,2,2
SPJJF25KU110160,0,2,2
SPJJF25KU119110,0,2,2
SPJJF25KU119120,0,2,2
SPJJF25KU119130,0,2,2
SPJJF25KU119140,0,2,2
SPJJF25KU119150,0,2,2
SPJJF25KU119160,0,2,2
SPJJF25KU226120,0,2,2
SPJJF25KU226130,0,4,4
SPJJF25KU226140,0,6,6
SPJJF25KU231130,0,2,2
SPJJF25KU231160,0,2,2
SPJJF37C2284090,0,2,2
SPJJF49C0111090,0,2,2
SPJJF49C0111095,0,16,16
SPJJF49C0111100,0,20,20
SPJJF49C0111105,0,16,16
SPJJF49C0119090,0,14,14
SPJJF49C0119095,0,42,42
SPJJF49C0119100,0,14,14
SPJJF49C0119105,0,22,22
SPJJF49C0135090,0,32,32
SPJJF49C0135095,0,28,28
SPJJF49C0135100,0,8,8
SPJJF49C0135105,0,8,8
SPJJF49C0139090,0,14,14
SPJJF49C0139095,0,22,22
SPJJF49C0139100,0,12,12
SPJJF49C0139105,0,12,12
SPJJF49C0159090,0,6,6
SPJJF49C0159095,0,4,4
SPJJF49C0159100,0,10,10
SPJJF49C0159105,0,10,10
SPJJF49C1135090,0,16,16
SPJJF49C1135095,0,12,12
SPJJF49C1135100,0,12,12
SPJJF49C1135105,0,2,2
SPJJF49C1149090,0,14,14
SPJJF49C1149095,0,14,14
SPJJF49C1149100,0,4,4
SPJJF49C1159090,0,6,6
SPJJF49C1159095,0,4,4
SPJJF49C1159100,0,4,4
SPJJF49C1159105,0,4,4
SPJJF49C1164090,0,22,22
SPJJF49C1164095,0,10,10
SPJJF49C1164100,0,20,20
SPJJF49C1164105,0,8,8
SPJJF49C2349090,0,6,6
SPJJF49C2349095,0,12,12
SPJJF49C2349100,0,8,8
SPJJF49C2349105,0,8,8
SPJJF49C2359090,0,4,4
SPJJF49C2359095,0,6,6
SPJJF49C2359100,0,10,10
SPJJF49C2359105,0,4,4
SPJJF49C23BU095,0,2,2
SPJJF49C9019105,0,2,2
SPJJF49CY219090,0,6,6
SPJJF49CY219095,0,4,4
SPJJF49CY219100,0,16,16
SPJJF49CY219105,0,14,14
SPJJF49CY229105,0,6,6
SPJJF49CY259090,0,36,36
SPJJF49CY259095,0,62,62
SPJJF49CY259100,0,188,188
SPJJF49CY259105,0,96,96
SPJJF49CY262090,0,4,4
SPJJF49CY262100,0,8,8
SPJJF49CY311090,0,28,28
SPJJF49CY311095,0,142,142
SPJJF49CY311100,0,70,70
SPJJF49CY311105,0,74,74
SPJJF49CY319090,0,32,32
SPJJF49CY319095,0,46,46
SPJJF49CY319100,0,28,28
SPJJF49CY319105,0,10,10
SPJJF49CY359090,0,10,10
SPJJF49CY359095,0,6,6
SPJJF49CY359100,0,4,4
SPJJF49CY359105,0,8,8
SPJJF49CY419090,0,74,74
SPJJF49CY419095,0,102,102
SPJJF49CY419100,0,172,172
SPJJF49CY419105,0,58,58
SPJJF49CY435090,0,16,16
SPJJF49CY435095,0,24,24
SPJJF49CY435100,0,56,56
SPJJF49CY435105,0,30,30
SPJJF49G0119085,0,2,2
SPJJF49G0119090,0,2,2
SPJJF49G0119095,0,6,6
SPJJF49G0126085,0,20,20
SPJJF49G0126090,0,10,10
SPJJF49G0126095,0,6,6
SPJJF49G0126100,0,2,2
SPJJF49G0135085,0,2,2
SPJJF49G0135095,0,6,6
SPJJF49G0149085,0,44,44
SPJJF49G0149090,0,36,36
SPJJF49G0149095,0,20,20
SPJJF49G0149100,0,4,4
SPJJF49G1139085,0,6,6
SPJJF49G1139090,0,4,4
SPJJF49G1139095,0,2,2
SPJJF49G1159085,0,4,4
SPJJF49G1159090,0,4,4
SPJJF49G1159095,0,4,4
SPJJF49G3039085,0,50,50
SPJJF49G3039090,0,100,100
SPJJF49G3039095,0,68,68
SPJJF49G3059085,0,104,104
SPJJF49G3059090,0,102,102
SPJJF49G3059095,0,40,40
SPJJF49G9010999,0,18,18
SPJJF49G9019999,0,14,14
SPJJF49G9110999,0,4,4
SPJJF49G9115999,0,4,4
SPJJF49GY219085,0,130,130
SPJJF49GY219090,0,36,36
SPJJF49GY219095,0,26,26
SPJJF49GY226085,0,74,74
SPJJF49GY226090,0,28,28
SPJJF49GY226095,0,10,10
SPJJF49GY239085,0,114,114
SPJJF49GY239090,0,62,62
SPJJF49GY239095,0,6,6
SPJJF49GY285085,0,38,38
SPJJF49GY285090,0,12,12
SPJJF49GY285095,0,10,10
SPJJF49GY320085,0,12,12
SPJJF49GY320090,0,20,20
SPJJF49GY320095,0,14,14
SPJJF49GY359085,0,28,28
SPJJF49GY359090,0,42,42
SPJJF49GY359095,0,28,28
SPJJF49M2119095,0,76,76
SPJJF49M2119100,0,56,56
SPJJF49M2119105,0,24,24
SPJJF49M2119110,0,16,16
SPJJF49M2149095,0,22,22
SPJJF49M2149100,0,20,20
SPJJF49M2149105,0,22,22
SPJJF49M2149110,0,16,16
SPJJF49M2185095,0,12,12
SPJJF49M2185100,0,8,8
SPJJF49M2185105,0,4,4
SPJJF49M2185110,0,2,2
SPJJF49M2219095,0,2,2
SPJJF49M2235095,0,8,8
SPJJF49M2235100,0,16,16
SPJJF49M2235105,0,6,6
SPJJF49M2235110,0,8,8
SPJJF49M2259095,0,6,6
SPJJF49M2259100,0,6,6
SPJJF49M2259105,0,8,8
SPJJF49M2259110,0,8,8
SPJJF49M9219095,0,2,2
SPJJF49M9219100,0,2,2
SPJJF49M9219105,0,14,14
SPJJF49M9260100,0,10,10
SPJJF49M9260105,0,8,8
SPJJF49W3135085,0,4,4
SPJJF49W3135090,0,6,6
SPJJF49W3135095,0,2,2
SPJJF49W3164085,0,8,8
SPJJF49W3164090,0,4,4
SPJJF49W3164095,0,2,2
SPJJF4TC9019100,0,10,10
SPJJF4TC9019105,0,6,6
SPJJF4TC9039095,0,4,4
SPJJF4TC9039100,0,24,24
SPJJF4TC9039105,0,16,16
SPJJF4TC9140999,0,4,4
SPJJF4TC9219999,0,12,12
SPJJF4TC9235999,0,16,16
SPJJF4TG9015999,0,18,18
SPJJF4TG9049999,0,24,24
SPJJF4TG9085999,0,28,28
SPJJF4TM0519095,0,68,68
SPJJF4TM0519100,0,48,48
SPJJF4TM0519105,0,14,14
SPJJF4TM0519110,0,28,28
SPJJF4TM0535095,0,60,60
SPJJF4TM0535100,0,22,22
SPJJF4TM0535105,0,28,28
SPJJF4TM0535110,0,36,36
SPJJF4TM0635095,0,30,30
SPJJF4TM0635100,0,28,28
SPJJF4TM0635105,0,18,18
SPJJF4TM0635110,0,8,8
SPJJF4TM0660095,0,134,134
SPJJF4TM0660100,0,146,146
SPJJF4TM0660105,0,106,106
SPJJF4TM0660110,0,54,54
SPJJF4TM9119999,0,8,8
SPJJF4TM9160999,0,6,6
SPJJF4TM9219999,0,10,10
SPJJF4TU0259090,0,4,4
SPJJF4TU0259095,0,14,14
SPJJF4TU0259100,0,4,4
SPJJG11U0119100,0,2,2
SPJJG11W9136085,0,10,10
SPJJG11W9136090,0,68,68
SPJJG11W9185090,0,32,32
SPJJG23C0215095,0,8,8
SPJJG23C0215100,0,4,4
SPJJG23C0215105,0,6,6
SPJJG23C0219090,0,2,2
SPJJG23C0219100,0,6,6
SPJJG23C0259095,0,2,2
SPJJG23C0259100,0,6,6
SPJJG23C0299100,0,4,4
SPJJG23C0319100,0,14,14
SPJJG23C0319105,0,2,2
SPJJG23C0319110,0,4,4
SPJJG23C0335090,0,8,8
SPJJG23C0335095,0,8,8
SPJJG23C0335100,0,10,10
SPJJG23C0335105,0,12,12
SPJJG23C0335110,0,8,8
SPJJG23C0349095,0,2,2
SPJJG23C0349100,0,4,4
SPJJG23C0349105,0,2,2
SPJJG23C0350090,0,4,4
SPJJG23C0350095,0,14,14
SPJJG23C0350100,0,12,12
SPJJG23C0350105,0,16,16
SPJJG23C1115090,0,10,10
SPJJG23C1115095,0,10,10
SPJJG23C1115100,0,8,8
SPJJG23C1115105,0,14,14
SPJJG23C1115110,0,6,6
SPJJG23C1117090,0,12,12
SPJJG23C1117095,0,6,6
SPJJG23C1117100,0,12,12
SPJJG23C1117105,0,10,10
SPJJG23C1117110,0,6,6
SPJJG23C1119090,0,8,8
SPJJG23C1119100,0,4,4
SPJJG23C1119105,0,14,14
SPJJG23C1119110,0,8,8
SPJJG23C1150090,0,14,14
SPJJG23C1150095,0,20,20
SPJJG23C1150100,0,16,16
SPJJG23C1150105,0,12,12
SPJJG23C1150110,0,10,10
SPJJG23C2152095,0,2,2
SPJJG23C2152100,0,6,6
SPJJG23C2152105,0,6,6
SPJJG23C2152110,0,8,8
SPJJG23C2185095,0,6,6
SPJJG23C2185100,0,8,8
SPJJG23C2185105,0,8,8
SPJJG23C2185110,0,6,6
SPJJG23CY136090,0,4,4
SPJJG23CY136095,0,16,16
SPJJG23CY136100,0,6,6
SPJJG23CY136105,0,24,24
SPJJG23CY185090,0,12,12
SPJJG23CY185095,0,10,10
SPJJG23CY185100,0,24,24
SPJJG23CY185105,0,28,28
SPJJG23CY2BF090,0,4,4
SPJJG23CY2BF095,0,6,6
SPJJG23CY2BF100,0,12,12
SPJJG23CY2BF105,0,6,6
SPJJG23CY2D2090,0,2,2
SPJJG23CY2D2095,0,2,2
SPJJG23CY2D2100,0,12,12
SPJJG23CY2D2105,0,2,2
SPJJG23G0110085,0,6,6
SPJJG23G0110095,0,12,12
SPJJG23G0119085,0,2,2
SPJJG23G0119090,0,14,14
SPJJG23G0119095,0,8,8
SPJJG23G01G2090,0,12,12
SPJJG23G01G2095,0,10,10
SPJJG23G0235085,0,2,2
SPJJG23G0235090,0,8,8
SPJJG23G0235095,0,6,6
SPJJG23G0239085,0,10,10
SPJJG23G0239090,0,12,12
SPJJG23G0239095,0,8,8
SPJJG23G0259085,0,4,4
SPJJG23G0259090,0,12,12
SPJJG23G0259095,0,4,4
SPJJG23G0319090,0,2,2
SPJJG23G0325085,0,6,6
SPJJG23G0325090,0,6,6
SPJJG23G0325095,0,2,2
SPJJG23G0351085,0,2,2
SPJJG23G0351095,0,12,12
SPJJG23G1236085,0,6,6
SPJJG23G1236090,0,16,16
SPJJG23G1236095,0,14,14
SPJJG23G1251085,0,6,6
SPJJG23G1251090,0,10,10
SPJJG23G1251095,0,8,8
SPJJG23G1285085,0,12,12
SPJJG23G1285090,0,16,16
SPJJG23G1285095,0,10,10
SPJJG23G1310085,0,2,2
SPJJG23G1310095,0,2,2
SPJJG23G1359085,0,6,6
SPJJG23G1359090,0,4,4
SPJJG23G1359095,0,2,2
SPJJG23G1385085,0,2,2
SPJJG23G9184999,0,2,2
SPJJG23G9219999,0,2,2
SPJJG23G9259999,0,2,2
SPJJG23G9935999,0,2,2
SPJJG23GS119085,0,2,2
SPJJG23GS119090,0,2,2
SPJJG23GS119100,0,2,2
SPJJG23GS135085,0,2,2
SPJJG23GS135090,0,2,2
SPJJG23GS135095,0,4,4
SPJJG23GS135100,0,2,2
SPJJG23GS149085,0,8,8
SPJJG23GS149090,0,8,8
SPJJG23GS149095,0,8,8
SPJJG23GS149100,0,6,6
SPJJG23GY139085,0,6,6
SPJJG23GY139090,0,4,4
SPJJG23GY139095,0,6,6
SPJJG23GY185085,0,4,4
SPJJG23GY185090,0,4,4
SPJJG23GY185095,0,2,2
SPJJG23KU125110,0,12,12
SPJJG23KU125130,0,16,16
SPJJG23KU125140,0,4,4
SPJJG23KU125160,0,48,48
SPJJG23KU152120,0,14,14
SPJJG23KU152140,0,60,60
SPJJG23KU152160,0,46,46
SPJJG23KU160110,0,18,18
SPJJG23KU160120,0,14,14
SPJJG23KU160130,0,28,28
SPJJG23KU160140,0,26,26
SPJJG23KU160150,0,26,26
SPJJG23KU160160,0,14,14
SPJJG23KU2AU150,0,2,2
SPJJG23KU335130,0,12,12
SPJJG23M0203100,0,2,2
SPJJG23M0203105,0,4,4
SPJJG23M0237095,0,6,6
SPJJG23M0237100,0,10,10
SPJJG23M0237105,0,8,8
SPJJG23M0237110,0,2,2
SPJJG23M0619095,0,4,4
SPJJG23M0619105,0,2,2
SPJJG23M0619110,0,2,2
SPJJG23M0635095,0,2,2
SPJJG23M0649095,0,4,4
SPJJG23M0649100,0,4,4
SPJJG23M0649105,0,4,4
SPJJG23M9986999,0,2,2
SPJJG23U0149100,0,24,24
SPJJG24G0110085,0,8,8
SPJJG24G0110090,0,6,6
SPJJG24G0110095,0,2,2
SPJJG24G0119085,0,6,6
SPJJG24G0119090,0,4,4
SPJJG24G0119095,0,2,2
SPJJG24G0125095,0,4,4
SPJJG24G0130085,0,2,2
SPJJG24G0151085,0,10,10
SPJJG24G0151100,0,12,12
SPJJG24G0185090,0,2,2
SPJJG24G9139999,0,4,4
SPJJG24M0122105,0,2,2
SPJJG24M0235095,0,52,52
SPJJG24M0235100,0,72,72
SPJJG24M0235105,0,14,14
SPJJG24M0235110,0,18,18
SPJJG24M0259095,0,74,74
SPJJG24M0259100,0,68,68
SPJJG24M0259105,0,48,48
SPJJG24M0259110,0,22,22
SPJJG24M0316110,0,2,2
SPJJG24M0385095,0,2,2
SPJJG25C0910090,0,6,6
SPJJG25C0910095,0,18,18
SPJJG25C0910100,0,10,10
SPJJG25C0910105,0,10,10
SPJJG25C0910110,0,6,6
SPJJG25C0916090,0,4,4
SPJJG25C0916105,0,58,58
SPJJG25C0916110,0,8,8
SPJJG25C0919090,0,8,8
SPJJG25C0950090,0,8,8
SPJJG25C0950095,0,10,10
SPJJG25C0950100,0,26,26
SPJJG25C0950105,0,22,22
SPJJG25C0950110,0,14,14
SPJJG25C0959090,0,2,2
SPJJG25C0959095,0,4,4
SPJJG25C0959100,0,16,16
SPJJG25C0959105,0,12,12
SPJJG25C0959110,0,16,16
SPJJG25C0959115,0,2,2
SPJJG25C0995095,0,4,4
SPJJG25C0995100,0,2,2
SPJJG25C0995105,0,12,12
SPJJG25C0995110,0,4,4
SPJJG25C0999090,0,2,2
SPJJG25C0999095,0,22,22
SPJJG25C0999100,0,14,14
SPJJG25C0999105,0,8,8
SPJJG25C0999110,0,4,4
SPJJG25C0999115,0,4,4
SPJJG25G0110085,0,20,20
SPJJG25G0110090,0,12,12
SPJJG25G0110095,0,78,78
SPJJG25G0110100,0,4,4
SPJJG25G0119085,0,12,12
SPJJG25G0119090,0,6,6
SPJJG25G0119095,0,4,4
SPJJG25G0119100,0,2,2
SPJJG25G0130085,0,10,10
SPJJG25G0130090,0,8,8
SPJJG25G0130095,0,10,10
SPJJG25G0130100,0,2,2
SPJJG25G0151085,0,10,10
SPJJG25G0151090,0,26,26
SPJJG25G0151095,0,2,2
SPJJG25G0151100,0,2,2
SPJJG25G0310090,0,36,36
SPJJG25G0310095,0,2,2
SPJJG25G0359085,0,2,2
SPJJG25G11CO085,0,2,2
SPJJG25GS110095,0,6,6
SPJJG25GS110100,0,4,4
SPJJG25GS119085,0,2,2
SPJJG25GY110085,0,4,4
SPJJG25GY110090,0,2,2
SPJJG25GY125085,0,10,10
SPJJG25GY125090,0,2,2
SPJJG25GY125095,0,2,2
SPJJG25KG439140,0,22,22
SPJJG25KU219110,0,2,2
SPJJG25KU219130,0,6,6
SPJJG25KU219140,0,4,4
SPJJG25KU226110,0,2,2
SPJJG25KU226130,0,2,2
SPJJG25KU231110,0,8,8
SPJJG25KU231120,0,10,10
SPJJG25KU231130,0,14,14
SPJJG25KU231140,0,16,16
SPJJG25KU231160,0,8,8
SPJJG25KU239110,0,2,2
SPJJG25KU239130,0,6,6
SPJJG25KU239140,0,4,4
SPJJG25KU239160,0,2,2
SPJJG25KU251110,0,20,20
SPJJG25KU251120,0,18,18
SPJJG25KU251130,0,12,12
SPJJG25KU251140,0,8,8
SPJJG25KU251160,0,6,6
SPJJG26C0160095,0,2,2
SPJJG26C0175090,0,6,6
SPJJG26C0175095,0,8,8
SPJJG26C0175100,0,14,14
SPJJG26C0175105,0,6,6
SPJJG26C0195090,0,2,2
SPJJG26C0195100,0,108,108
SPJJG26G0119085,0,22,22
SPJJG26G0135095,0,2,2
SPJJG37C0210095,0,12,12
SPJJG37C0210100,0,34,34
SPJJG37C0210105,0,12,12
SPJJG37C0210110,0,12,12
SPJJG37C0219090,0,22,22
SPJJG37C0219095,0,28,28
SPJJG37C0219100,0,34,34
SPJJG37C0219105,0,48,48
SPJJG37C0219110,0,28,28
SPJJG37C0249100,0,6,6
SPJJG37C0251095,0,2,2
SPJJG37C0251105,0,6,6
SPJJG37C0251110,0,2,2
SPJJG37C0260095,0,50,50
SPJJG37C0260100,0,62,62
SPJJG37C0260105,0,22,22
SPJJG37C0275090,0,22,22
SPJJG37C0275095,0,64,64
SPJJG37C0275100,0,96,96
SPJJG37C0275105,0,76,76
SPJJG37C0275110,0,36,36
SPJJG37C0335090,0,4,4
SPJJG37C0335095,0,4,4
SPJJG37C0335100,0,8,8
SPJJG37C0335105,0,6,6
SPJJG37C0995090,0,16,16
SPJJG37C0995095,0,32,32
SPJJG37C0995100,0,80,80
SPJJG37C0995105,0,14,14
SPJJG37C0995110,0,10,10
SPJJG37C0995115,0,10,10
SPJJG37G0110085,0,6,6
SPJJG37G0110090,0,32,32
SPJJG37G0110095,0,42,42
SPJJG37G0110100,0,4,4
SPJJG37G0119085,0,56,56
SPJJG37G0119090,0,72,72
SPJJG37G0119095,0,54,54
SPJJG37G0119100,0,36,36
SPJJG37G0130085,0,78,78
SPJJG37G0130090,0,130,130
SPJJG37G0130095,0,58,58
SPJJG37G0130100,0,18,18
SPJJG37G0151085,0,14,14
SPJJG37G0151090,0,58,58
SPJJG37G0151095,0,50,50
SPJJG37G0151100,0,22,22
SPJJG37G0210085,0,10,10
SPJJG37G0210090,0,20,20
SPJJG37G0210095,0,74,74
SPJJG37G0215090,0,8,8
SPJJG37G0225085,0,18,18
SPJJG37G0225090,0,16,16
SPJJG37G0225095,0,6,6
SPJJG37G0225100,0,6,6
SPJJG37G0230085,0,10,10
SPJJG37G0230090,0,32,32
SPJJG37G0230100,0,8,8
SPJJG37G0275085,0,26,26
SPJJG37G0275090,0,28,28
SPJJG37G0275095,0,12,12
SPJJG37G0275100,0,14,14
SPJJG37G0284085,0,24,24
SPJJG37G0284090,0,112,112
SPJJG37G0284100,0,4,4
SPJJG37G0310085,0,2,2
SPJJG37G0351085,0,2,2
SPJJG37G0359085,0,2,2
SPJJG37G9010090,0,2,2
SPJJG37G9010095,0,140,140
SPJJG37GS110085,0,2,2
SPJJG37GS119090,0,2,2
SPJJG37U0219105,0,2,2
SPJJG37U0325095,0,2,2
SPJJG37U0349090,0,2,2
SPJJG37U0349095,0,2,2
SPJJG37U0349105,0,2,2
SPJJG37U0419090,0,12,12
SPJJG37U0419095,0,4,4
SPJJG49C0119090,0,452,452
SPJJG49C0119095,0,678,678
SPJJG49C0119100,0,904,904
SPJJG49C0119105,0,678,678
SPJJG49C0128095,0,660,660
SPJJG49C0128100,0,660,660
SPJJG49C0128105,0,690,690
SPJJG49C0139090,0,380,380
SPJJG49C0139095,0,570,570
SPJJG49C0139100,0,760,760
SPJJG49C0139105,0,570,570
SPJJG49C0159090,0,336,336
SPJJG49C0159095,0,504,504
SPJJG49C0159100,0,672,672
SPJJG49C0159105,0,504,504
SPJJG49C0175090,0,180,180
SPJJG49C0175095,0,690,690
SPJJG49C0175100,0,660,660
SPJJG49C0175105,0,660,660
SPJJG49C0185090,0,112,112
SPJJG49C0185095,0,250,250
SPJJG49C0185100,0,324,324
SPJJG49C0185105,0,240,240
SPJJG49C1159090,0,518,518
SPJJG49C1159095,0,816,816
SPJJG49C1159100,0,1072,1072
SPJJG49C1159105,0,816,816
SPJJG49C1185090,0,164,164
SPJJG49C1185095,0,220,220
SPJJG49C1185100,0,294,294
SPJJG49C1185105,0,218,218
SPJKE23W0119090,0,2,2
SPJKE23W0217090,0,2,2
SPJKE24M0719095,0,2,2
SPJKE24M0817095,0,6,6
SPJKE24M0817100,0,2,2
SPJKE24M0817110,0,6,6
SPJKE24M0819095,0,2,2
SPJKE24M0819100,0,12,12
SPJKE24M0819105,0,2,2
SPJKE24W0519085,0,2,2
SPJKE25W0735090,0,2,2
SPJKE25W0735095,0,2,2
SPJKE25W0859095,0,4,4
SPJKE37M0719095,0,2,2
SPJKE37M0719105,0,6,6
SPJKE37M0737100,0,4,4
SPJKE37M0737105,0,4,4
SPJKE37M0737110,0,2,2
SPJKE49M0119110,0,2,2
SPJKE49W0117085,0,4,4
SPJKE49W0117090,0,2,2
SPJKE49W0117095,0,4,4
SPJKE49W0119085,0,4,4
SPJKE49W0439085,0,2,2
SPJKE49W0439090,0,4,4
SPJKE49W0439095,0,4,4
SPJKE49W04UY090,0,4,4
SPJKE49W91AC999,0,2,2
SPJKE4TW0415085,0,2,2
SPJKE4TW0415095,0,2,2
SPJKE4TW0460085,0,14,14
SPJKE4TW0460090,0,6,6
SPJKE4TW0460095,0,4,4
SPJKEA9M0103100,0,2,2
SPJKEA9M0219095,0,34,34
SPJKEA9M0219100,0,80,80
SPJKEA9M0219105,0,30,30
SPJKEA9M0219110,0,8,8
SPJKEA9W0317085,0,28,28
SPJKEA9W0317090,0,8,8
SPJKEA9W0317095,0,6,6
SPJKEA9W0319085,0,2,2
SPJKEA9W0319090,0,16,16
SPJKEA9W0319095,0,12,12
SPJKEA9W0335085,0,26,26
SPJKEA9W0335090,0,4,4
SPJKEA9W0335095,0,18,18
SPJKF12W01UY090,0,2,2
SPJKF23M0219100,0,2,2
SPJKF23W0119085,0,8,8
SPJKF23W0119090,0,2,2
SPJKF23W0119095,0,2,2
SPJKF23W0159085,0,6,6
SPJKF23W0159095,0,4,4
SPJKF23W0160095,0,2,2
SPJKF23W0219085,0,4,4
SPJKF23W0260095,0,8,8
SPJKF23W0330085,0,30,30
SPJKF23W0330090,0,8,8
SPJKF24M0817105,0,2,2
SPJKF24M0859095,0,2,2
SPJKF24M0859105,0,2,2
SPJKF24M1116100,0,4,4
SPJKF24M1119095,0,2,2
SPJKF24M1119100,0,6,6
SPJKF24M1119110,0,2,2
SPJKF24M1160095,0,4,4
SPJKF24M1160100,0,10,10
SPJKF24M1160105,0,8,8
SPJKF24M1160110,0,4,4
SPJKF24M11MB100,0,2,2
SPJKF24M11MB110,0,2,2
SPJKF24W0519085,0,2,2
SPJKF24W0519095,0,4,4
SPJKF24W0533085,0,4,4
SPJKF24W0533090,0,2,2
SPJKF24W0533095,0,6,6
SPJKF24W0839095,0,2,2
SPJKF24W9119999,0,2,2
SPJKF25W0660085,0,2,2
SPJKF25W1064085,0,2,2
SPJKF49M0119095,0,86,86
SPJKF49M0119100,0,124,124
SPJKF49M0119105,0,116,116
SPJKF49M0119110,0,104,104
SPJKF49M0149095,0,96,96
SPJKF49M0149100,0,96,96
SPJKF49M0149105,0,98,98
SPJKF49M0149110,0,56,56
SPJKF49M0160095,0,70,70
SPJKF49M0160100,0,114,114
SPJKF49M0160105,0,118,118
SPJKF49M0160110,0,128,128
SPJKF49W0137085,0,24,24
SPJKF49W0137090,0,12,12
SPJKF49W0137095,0,22,22
SPJKF49W0164085,0,4,4
SPJKF49W0164090,0,10,10
SPJKF49W0164095,0,4,4
SPJKF49W01MB085,0,6,6
SPJKF49W01MB090,0,4,4
SPJKF49W01MB095,0,4,4
SPJKF49W0217085,0,4,4
SPJKF49W0217095,0,6,6
SPJKF49W0219085,0,4,4
SPJKF49W0219090,0,4,4
SPJKF49W0219095,0,4,4
SPJKF49W9110085,0,20,20
SPJKF49W9110090,0,20,20
SPJKF49W9110095,0,4,4
SPJKF49W91B0085,0,16,16
SPJKF49W91B0090,0,12,12
SPJKF49W91B0095,0,4,4
SPJKF49W9317085,0,10,10
SPJKF49W9317090,0,6,6
SPJKF49W9317095,0,6,6
SPJKF49W9319090,0,6,6
SPJKF49W9319095,0,6,6
SPJKF49W9337085,0,4,4
SPJKF49W9337090,0,4,4
SPJKF49W9337095,0,4,4
SPJKF4TM0760095,0,2,2
SPJKF4TM0760100,0,4,4
SPJKF4TM0785095,0,6,6
SPJKF4TU0135090,0,16,16
SPJKF4TU0135095,0,58,58
SPJKF4TU0135100,0,18,18
SPJKF4TU0135105,0,18,18
SPJKF4TU0159090,0,12,12
SPJKF4TU0159095,0,12,12
SPJKF4TU0159100,0,4,4
SPJKF4TU0159105,0,8,8
SPJKF4TW0516085,0,4,4
SPJKF4TW0516090,0,12,12
SPJKF4TW0516095,0,2,2
SPJKF4TW0536085,0,26,26
SPJKF4TW0536090,0,18,18
SPJKF4TW0536095,0,18,18
SPJKF4TW05BU085,0,20,20
SPJKF4TW05BU090,0,14,14
SPJKF4TW05BU095,0,12,12
SPJKF4TW05KB085,0,14,14
SPJKF4TW05KB090,0,8,8
SPJKF4TW05KB095,0,2,2
SPJKF4TW0635085,0,4,4
SPJKF4TW0635095,0,2,2
SPJKF4TW0659090,0,2,2
SPJKF4TW1511085,0,4,4
SPJKF4TW1511090,0,2,2
SPJKFA9M0119095,0,156,156
SPJKFA9M0119100,0,98,98
SPJKFA9M0119105,0,180,180
SPJKFA9M0119110,0,44,44
SPJKFA9M0136095,0,176,176
SPJKFA9M0136100,0,148,148
SPJKFA9M0136105,0,198,198
SPJKFA9M0136110,0,80,80
SPJKFA9M0159095,0,18,18
SPJKFA9M0159100,0,28,28
SPJKFA9M0159105,0,36,36
SPJKFA9M0159110,0,12,12
SPJKFA9M0160095,0,120,120
SPJKFA9M0160100,0,92,92
SPJKFA9M0160105,0,146,146
SPJKFA9M0160110,0,48,48
SPJKFA9M0316095,0,288,288
SPJKFA9M0316100,0,412,412
SPJKFA9M0316105,0,278,278
SPJKFA9M0316110,0,184,184
SPJKFA9M0319095,0,240,240
SPJKFA9M0319100,0,350,350
SPJKFA9M0319105,0,254,254
SPJKFA9M0319110,0,154,154
SPJKFA9M0360095,0,268,268
SPJKFA9M0360100,0,346,346
SPJKFA9M0360105,0,270,270
SPJKFA9M0360110,0,166,166
SPJKFA9W1119085,0,18,18
SPJKFA9W1119090,0,54,54
SPJKFA9W1119095,0,28,28
SPJKFA9W11AC085,0,24,24
SPJKFA9W11AC090,0,60,60
SPJKFA9W11AC095,0,18,18
SPJKG23M0119095,0,2,2
SPJKG23M0119100,0,6,6
SPJKG23M0119105,0,16,16
SPJKG23M0119110,0,38,38
SPJKG23M0127105,0,2,2
SPJKG23M0135095,0,4,4
SPJKG23M0135100,0,66,66
SPJKG23M0135105,0,2,2
SPJKG23M0135110,0,24,24
SPJKG23M0160100,0,2,2
SPJKG23M0160110,0,2,2
SPJKG23W0310090,0,2,2
SPJKG23W0310095,0,2,2
SPJKG23W03WG090,0,4,4
SPJKG24M2317100,0,10,10
SPJKG24M2317105,0,2,2
SPJKG24M2317110,0,28,28
SPJKG24M2337095,0,12,12
SPJKG24M2337100,0,46,46
SPJKG24M2337105,0,52,52
SPJKG24W0239085,0,2,2
SPJKG25W0119085,0,20,20
SPJKG25W0119090,0,122,122
SPJKG25W0135085,0,102,102
SPJKG25W0135090,0,100,100
SPJKG25W0135095,0,20,20
SPJKG25W0139085,0,2,2
SPJKG25W0139090,0,40,40
SPJKG25W0139095,0,2,2
SPJKGA9M0119105,0,2,2
SPJKGA9M0219105,0,2,2
SPJKGA9M0260105,0,2,2
SPJKGA9M2316105,0,2,2
SPJKGA9W0117090,0,2,2
SPJKGA9W0119090,0,6,6
SPJKGA9W0119095,0,4,4
SPJKGA9W0217085,0,4,4
SPJKGA9W0217090,0,2,2
SPJKGA9W0219085,0,2,2
SPJKGA9W0237085,0,2,2
SPJLE12M0519105,0,2,2
SPJLE12M0764095,0,2,2
SPJLE12M0764105,0,2,2
SPJLE49M0485100,0,2,2
SPJLE49W0119085,0,10,10
SPJLE49W0119090,0,4,4
SPJLE49W0119095,0,2,2
SPJLE49W0185085,0,2,2
SPJLE49W0185090,0,2,2
SPJLE4VM0735095,0,8,8
SPJLE4VM0735100,0,4,4
SPJLE4VM0735105,0,4,4
SPJLE4VM0735110,0,4,4
SPJLE4VW0419085,0,2,2
SPJLE4VW0464090,0,2,2
SPJLF49M0211095,0,30,30
SPJLF49M0211100,0,32,32
SPJLF49M0211105,0,60,60
SPJLF49M0211110,0,78,78
SPJLF49M0219095,0,54,54
SPJLF49M0219100,0,46,46
SPJLF49M0219105,0,46,46
SPJLF49M0219110,0,32,32
SPJLF49M0264095,0,28,28
SPJLF49M0264100,0,78,78
SPJLF49M0264105,0,84,84
SPJLF49M0264110,0,46,46
SPJLF49M0285095,0,6,6
SPJLF49M0285100,0,4,4
SPJLF49M0285105,0,28,28
SPJLF49M0285110,0,10,10
SPJLF49M0311095,0,6,6
SPJLF49M0311100,0,22,22
SPJLF49M0311105,0,20,20
SPJLF49M0311110,0,20,20
SPJLF49M0319095,0,2,2
SPJLF49M0319100,0,8,8
SPJLF49M0319105,0,6,6
SPJLF49M0319110,0,8,8
SPJLF49M0419095,0,14,14
SPJLF49M0419100,0,6,6
SPJLF49M0419105,0,8,8
SPJLF49M0419110,0,10,10
SPJLF49M0485095,0,2,2
SPJLF49M0485100,0,8,8
SPJLF49M0485105,0,2,2
SPJLF49M0485110,0,8,8
SPJLF49M04B0100,0,2,2
SPJLF49M0519095,0,58,58
SPJLF49M0519100,0,68,68
SPJLF49M0519105,0,88,88
SPJLF49M0519110,0,22,22
SPJLF49M0585095,0,2,2
SPJLF49M0585100,0,10,10
SPJLF49M0585105,0,4,4
SPJLF49M0611095,0,36,36
SPJLF49M0611100,0,66,66
SPJLF49M0611105,0,48,48
SPJLF49M0611110,0,44,44
SPJLF49M0685095,0,12,12
SPJLF49M0685100,0,30,30
SPJLF49M0685105,0,32,32
SPJLF49M0685110,0,20,20
SPJLF49W1219085,0,58,58
SPJLF49W1219090,0,20,20
SPJLF49W1219095,0,12,12
SPJLF49W1285085,0,24,24
SPJLF49W1285090,0,30,30
SPJLF49W1285095,0,8,8
SPJLF49W1311085,0,18,18
SPJLF49W1311090,0,2,2
SPJLF49W1311095,0,2,2
SPJLF49W1364085,0,40,40
SPJLF49W1364090,0,36,36
SPJLF49W1364095,0,6,6
SPJLF49W1411085,0,12,12
SPJLF49W1411090,0,2,2
SPJLF49W1411095,0,2,2
SPJLF49W1419085,0,46,46
SPJLF49W1419090,0,2,2
SPJLF49W1511085,0,24,24
SPJLF49W1511090,0,84,84
SPJLF49W1511095,0,72,72
SPJLF49W1519085,0,66,66
SPJLF49W1519090,0,90,90
SPJLF49W1519095,0,74,74
SPJLF49W1585085,0,66,66
SPJLF49W1585090,0,116,116
SPJLF49W1585095,0,54,54
SPJLF49W1611085,0,16,16
SPJLF49W1611090,0,38,38
SPJLF49W1611095,0,44,44
SPJLF49W1619085,0,2,2
SPJLF49W1619090,0,10,10
SPJLF49W1685085,0,14,14
SPJLF49W1685090,0,46,46
SPJLF49W1685095,0,16,16
SPJLF49W1719085,0,4,4
SPJLF49W1719090,0,4,4
SPJLF49W1719095,0,4,4
SPJLF49W1785095,0,2,2
SPJLF4VM0711095,0,8,8
SPJLF4VM0711100,0,6,6
SPJLF4VM0711105,0,4,4
SPJLF4VM0711110,0,2,2
SPJLF4VM0719095,0,2,2
SPJLF4VM0719100,0,2,2
SPJLF4VM0719105,0,2,2
SPJLF4VM0722095,0,2,2
SPJLF4VM0722100,0,2,2
SPJLF4VM0722110,0,2,2
SPJLF4VM0785095,0,2,2
SPJLF4VM0785105,0,2,2
SPJLF4VW0135085,0,10,10
SPJLF4VW0135090,0,6,6
SPJLF4VW0135095,0,10,10
SPJLF4VW0185085,0,24,24
SPJLF4VW0185090,0,20,20
SPJLF4VW0185095,0,20,20
SPJLF4VW0419085,0,6,6
SPJLF4VW0419090,0,4,4
SPJLF4VW0419095,0,6,6
SPJLF4VW0435085,0,4,4
SPJLF4VW0435090,0,6,6
SPJLF4VW0435095,0,4,4
SPJLF4VW0464085,0,40,40
SPJLF4VW0464090,0,28,28
SPJLF4VW0464095,0,22,22
SPJLF4VW0485085,0,6,6
SPJLF4VW0485090,0,4,4
SPJLF4VW04BF085,0,58,58
SPJLF4VW04BF090,0,126,126
SPJLF4VW04BF095,0,48,48
SPJLG11M0711095,0,176,176
SPJLG11M0711100,0,188,188
SPJLG11M0711105,0,224,224
SPJLG11M0711110,0,184,184
SPJLG11M0719095,0,16,16
SPJLG11M0719100,0,10,10
SPJLG11M0719105,0,32,32
SPJLG11M0719110,0,14,14
SPJLG11M0722095,0,136,136
SPJLG11M0722100,0,128,128
SPJLG11M0722105,0,70,70
SPJLG11M0722110,0,66,66
SPJLG11M0785095,0,332,332
SPJLG11M0785100,0,312,312
SPJLG11M0785105,0,60,60
SPJLG11M0785110,0,66,66
SPJLG11W0135085,0,34,34
SPJLG11W0135090,0,32,32
SPJLG11W0135095,0,28,28
SPJLG11W0185085,0,138,138
SPJLG11W0185090,0,134,134
SPJLG11W0185095,0,50,50
SPJLG11W0435085,0,250,250
SPJLG11W0435090,0,252,252
SPJLG11W0435095,0,24,24
SPJLG11W0464085,0,32,32
SPJLG11W0464090,0,24,24
SPJLG11W0464095,0,10,10
SPJLG11W0485085,0,38,38
SPJLG11W0485090,0,20,20
SPJLG11W0485095,0,20,20
SPJLG11W04BF085,0,8,8
SPJLG11W04BF090,0,18,18
SPJLG11W04BF095,0,8,8
SPJLG11W9185999,0,20,20
SPJLG11W9311999,0,40,40
SPJLG11W9349999,0,12,12
SPJLG11W9411999,0,74,74
SPJLG11W9485999,0,78,78
SPJLG11W9535999,0,10,10
SPJLG11W9560999,0,22,22
SPJLG11W9719999,0,272,272
SPJLG11W9739999,0,166,166
SPJLG11W9819085,0,4,4
SPJLG11W9911999,0,8,8
SPJLG11W9936999,0,2,2
SPJLG12M0119095,0,10,10
SPJLG12M0119100,0,4,4
SPJLG12M0119110,0,10,10
SPJLG12M0149095,0,18,18
SPJLG12M0149100,0,22,22
SPJLG12M0149105,0,20,20
SPJLG12M0164095,0,24,24
SPJLG12M0164100,0,12,12
SPJLG12M0164105,0,4,4
SPJLG12M0164110,0,8,8
SPJLG12M0419100,0,2,2
SPJLG12M0419105,0,2,2
SPJLG12M0537095,0,10,10
SPJLG12M0537100,0,20,20
SPJLG12M0537105,0,10,10
SPJLG12M0537110,0,14,14
SPJLG12M0585095,0,2,2
SPJLG12M0585100,0,6,6
SPJLG12M0585105,0,8,8
SPJLG12M0585110,0,2,2
SPJLG12M05BU105,0,4,4
SPJLG12W12B0085,0,2,2
SPJLG12W12B0090,0,2,2
SPJLG12W12B0095,0,2,2
SPJLG12W1435085,0,4,4
SPJLG12W1435095,0,2,2
SPJLG12W1485085,0,2,2
SPJLG12W1535085,0,176,176
SPJLG12W1535090,0,116,116
SPJLG12W1535095,0,54,54
SPJLG12W1585085,0,40,40
SPJLG12W1585090,0,40,40
SPJLG12W1585095,0,14,14
SPJLG12W1635085,0,184,184
SPJLG12W1635090,0,76,76
SPJLG12W1635095,0,56,56
SPJLG12W1659085,0,6,6
SPJLG12W1659090,0,4,4
SPJLG12W1659095,0,6,6
SPJLG12W1685085,0,12,12
SPJLG12W1685090,0,20,20
SPJLG12W1685095,0,36,36
SPJLG12W1735085,0,2,2
SPJLG12W1785085,0,4,4
SPJPE4TC0116090,0,2,2
SPJPE4TC0116095,0,4,4
SPJPE4TC0116100,0,4,4
SPJPE4TC0116105,0,6,6
SPJPE4TC0119095,0,6,6
SPJPE4TC0119100,0,4,4
SPJPE4TC0135100,0,2,2
SPJPE4TC0139090,0,6,6
SPJPE4TC0139095,0,12,12
SPJPE4TC0139100,0,22,22
SPJPE4TC0139105,0,14,14
SPJPE4TC0149090,0,6,6
SPJPE4TC0149095,0,14,14
SPJPE4TC01BU090,0,2,2
SPJPE4TC0216100,0,2,2
SPJPE4TC0216105,0,2,2
SPJPE4TC0219090,0,2,2
SPJPE4TC0415090,0,20,20
SPJPE4TC0415095,0,6,6
SPJPE4TC0415100,0,2,2
SPJPE4TC0419090,0,2,2
SPJPE4TC0419105,0,4,4
SPJPE4TC1119100,0,2,2
SPJPE4TC1139105,0,2,2
SPJPE4TC11BU090,0,2,2
SPJPE4TG0119090,0,2,2
SPJPE4TG0139085,0,4,4
SPJPE4TG0235090,0,6,6
SPJPE4TG0250090,0,2,2
SPJPE4TG3139085,0,2,2
SPJPE4TG3139095,0,2,2
SPJPE4VC1419100,0,2,2
SPJPE4VC1439100,0,2,2
SPJPE4VC1439105,0,2,2
SPJPE4VG0119085,0,6,6
SPJPE4VG0139090,0,2,2
SPJPE4VG0151095,0,2,2
SPJPF11C1119095,0,6,6
SPJPF11C1119100,0,14,14
SPJPF11C1319095,0,2,2
SPJPF11C1335100,0,10,10
SPJPF11C1335105,0,2,2
SPJPF11C13BU090,0,4,4
SPJPF11C13BU100,0,4,4
SPJPF11C13G2100,0,6,6
SPJPF11G0119085,0,2,2
SPJPF11G0119090,0,2,2
SPJPF11G0131090,0,14,14
SPJPF4TC0119090,0,12,12
SPJPF4TC0119100,0,2,2
SPJPF4TC0149095,0,2,2
SPJPF4TC1116090,0,398,398
SPJPF4TC1116095,0,8,8
SPJPF4TC1116105,0,8,8
SPJPF4TC1119085,0,10,10
SPJPF4TC1119095,0,14,14
SPJPF4TC1135090,0,8,8
SPJPF4TC1135095,0,2,2
SPJPF4TC1135100,0,30,30
SPJPF4TC1139085,0,10,10
SPJPF4TC1139090,0,44,44
SPJPF4TC1139095,0,4,4
SPJPF4TC1139100,0,6,6
SPJPF4TC1139105,0,2,2
SPJPF4TC11G2090,0,2,2
SPJPF4TC11G2095,0,2,2
SPJPF4TC11G3090,0,4,4
SPJPF4TC11G3095,0,8,8
SPJPF4TC11G3105,0,4,4
SPJPF4TC11G6090,0,4,4
SPJPF4TC11G6100,0,2,2
SPJPF4TC1219090,0,78,78
SPJPF4TC1219100,0,32,32
SPJPF4TC1219105,0,36,36
SPJPF4TC1239095,0,6,6
SPJPF4TC1239100,0,4,4
SPJPF4TC1239105,0,12,12
SPJPF4TC1249090,0,10,10
SPJPF4TC1249095,0,14,14
SPJPF4TC1249100,0,24,24
SPJPF4TC1249105,0,8,8
SPJPF4TC1280100,0,2,2
SPJPF4TC1280105,0,2,2
SPJPF4TC12PB090,0,6,6
SPJPF4TC12PB095,0,12,12
SPJPF4TC12PB100,0,2,2
SPJPF4TC12PB105,0,14,14
SPJPF4TC2216105,0,2,2
SPJPF4TC2219100,0,2,2
SPJPF4TC2259100,0,2,2
SPJPF4TC2285100,0,2,2
SPJPF4TC2285105,0,2,2
SPJPF4TC2319105,0,2,2
SPJPF4TC2349100,0,2,2
SPJPF4TC2351105,0,2,2
SPJPF4TC2416090,0,2,2
SPJPF4TC2419090,0,2,2
SPJPF4TC2451105,0,2,2
SPJPF4TC24B2095,0,2,2
SPJPF4TC24PB095,0,4,4
SPJPF4TC24PB100,0,2,2
SPJPF4TC24PB110,0,2,2
SPJPF4TC2619100,0,2,2
SPJPF4TC3216090,0,6,6
SPJPF4TC3216095,0,16,16
SPJPF4TC3216105,0,4,4
SPJPF4TC3219095,0,12,12
SPJPF4TC4019100,0,2,2
SPJPF4TC4039105,0,2,2
SPJPF4TC4116095,0,4,4
SPJPF4TC4139105,0,10,10
SPJPF4TG0119085,0,24,24
SPJPF4TG0119090,0,18,18
SPJPF4TG0119095,0,30,30
SPJPF4TG0119100,0,16,16
SPJPF4TG0139085,0,32,32
SPJPF4TG0139095,0,12,12
SPJPF4TG0139100,0,2,2
SPJPF4TG01G2085,0,8,8
SPJPF4TG01G2090,0,6,6
SPJPF4TG01G3085,0,8,8
SPJPF4TG01G3090,0,4,4
SPJPF4TG01G3095,0,10,10
SPJPF4TG01GB085,0,2,2
SPJPF4TG01GR090,0,4,4
SPJPF4TG0235085,0,2,2
SPJPF4TG0235090,0,10,10
SPJPF4TG0235095,0,4,4
SPJPF4TG0250085,0,4,4
SPJPF4TG0285085,0,2,2
SPJPF4TG0285090,0,2,2
SPJPF4TG0319085,0,54,54
SPJPF4TG0319090,0,20,20
SPJPF4TG0335085,0,2,2
SPJPF4TG0339085,0,46,46
SPJPF4TG0339095,0,4,4
SPJPF4TG03BU085,0,4,4
SPJPF4TG05G7085,0,2,2
SPJPF4TG05GK085,0,6,6
SPJPF4TG05GM085,0,4,4
SPJPF4TG2116090,0,2,2
SPJPF4TG2116095,0,2,2
SPJPF4TG2116100,0,2,2
SPJPF4TG2149085,0,2,2
SPJPF4TG2319085,0,2,2
SPJPF4TG2319100,0,2,2
SPJPF4TG2339090,0,2,2
SPJPF4TG2375085,0,2,2
SPJPF4TG2376100,0,2,2
SPJPF4TG2385090,0,12,12
SPJPF4TG2385095,0,6,6
SPJPF4TG2385100,0,2,2
SPJPF4TG3139085,0,2,2
SPJPF4TG4019085,0,2,2
SPJPF4TG4031085,0,2,2
SPJPF4TG40G7085,0,2,2
SPJPF4TG40GK085,0,2,2
SPJPF4TG9039085,0,2,2
SPJPF4TKU119110,0,2,2
SPJPF4TKU150110,0,2,2
SPJPF4TKU150150,0,2,2
SPJPF4VC1119095,0,2,2
SPJPF4VC1119105,0,2,2
SPJPF4VC1139085,0,4,4
SPJPF4VC1139090,0,4,4
SPJPF4VC1139105,0,2,2
SPJPF4VC4019105,0,2,2
SPJPF4VC9215090,0,30,30
SPJPF4VC9215105,0,2,2
SPJPF4VG9284095,0,2,2
SPJPF4VU0119095,0,6,6
SPJPF4VU0119100,0,4,4
SPJPF4VU0119105,0,2,2
SPJPG11C1116085,0,4,4
SPJPG11C1116090,0,134,134
SPJPG11C1116095,0,68,68
SPJPG11C1116100,0,12,12
SPJPG11C1116105,0,18,18
SPJPG11C1116110,0,4,4
SPJPG11C1119085,0,420,420
SPJPG11C1119090,0,840,840
SPJPG11C1119095,0,284,284
SPJPG11C1119100,0,10,10
SPJPG11C1119105,0,48,48
SPJPG11C1139105,0,2,2
SPJPG11C1585090,0,4,4
SPJPG11C1585105,0,4,4
SPJPG11C15A1090,0,4,4
SPJPG11C15A1095,0,2,2
SPJPG11C15A1105,0,2,2
SPJPG11C1619090,0,32,32
SPJPG11C1619095,0,246,246
SPJPG11C1619100,0,162,162
SPJPG11C1619105,0,28,28
SPJPG11C1620105,0,2,2
SPJPG11C1636090,0,30,30
SPJPG11C1636095,0,216,216
SPJPG11C1636100,0,178,178
SPJPG11C1636105,0,78,78
SPJPG11C1651090,0,72,72
SPJPG11C1651095,0,110,110
SPJPG11C1651100,0,104,104
SPJPG11C1651105,0,38,38
SPJPG11C2119090,0,14,14
SPJPG11C2119095,0,10,10
SPJPG11C2119100,0,4,4
SPJPG11C2119105,0,4,4
SPJPG11C2149090,0,106,106
SPJPG11C2149095,0,78,78
SPJPG11C2149100,0,38,38
SPJPG11C2149105,0,20,20
SPJPG11C2191090,0,24,24
SPJPG11C2191095,0,6,6
SPJPG11C2191100,0,2,2
SPJPG11C2216090,0,76,76
SPJPG11C2216095,0,332,332
SPJPG11C2216100,0,334,334
SPJPG11C2216105,0,116,116
SPJPG11C2216110,0,94,94
SPJPG11C2219090,0,80,80
SPJPG11C2219095,0,100,100
SPJPG11C2219100,0,168,168
SPJPG11C2219105,0,130,130
SPJPG11C2219110,0,96,96
SPJPG11C2285090,0,40,40
SPJPG11C2285095,0,36,36
SPJPG11C2285100,0,74,74
SPJPG11C2285105,0,52,52
SPJPG11C2285110,0,20,20
SPJPG11C2416090,0,28,28
SPJPG11C2416095,0,664,664
SPJPG11C2416100,0,12,12
SPJPG11C2416105,0,82,82
SPJPG11C2416110,0,86,86
SPJPG11C2419085,0,10,10
SPJPG11C2419090,0,14,14
SPJPG11C2419095,0,22,22
SPJPG11C2419100,0,4,4
SPJPG11C2419105,0,36,36
SPJPG11C2419110,0,18,18
SPJPG11C2436090,0,4,4
SPJPG11C2436100,0,6,6
SPJPG11C2449090,0,22,22
SPJPG11C2449095,0,4,4
SPJPG11C2449100,0,6,6
SPJPG11C2449105,0,40,40
SPJPG11C2485090,0,10,10
SPJPG11C2485095,0,4,4
SPJPG11C2485100,0,2,2
SPJPG11C2485110,0,8,8
SPJPG11C24B2105,0,2,2
SPJPG11C24B2110,0,4,4
SPJPG11C24GW090,0,2,2
SPJPG11C24PB085,0,238,238
SPJPG11C24PB090,0,8,8
SPJPG11C24PB095,0,140,140
SPJPG11C24PB100,0,52,52
SPJPG11C24PB105,0,176,176
SPJPG11C24PB110,0,2,2
SPJPG11C24SG095,0,2,2
SPJPG11C3116095,0,2,2
SPJPG11C3116100,0,42,42
SPJPG11C3116105,0,50,50
SPJPG11C3116110,0,4,4
SPJPG11C3119090,0,4,4
SPJPG11C3119095,0,10,10
SPJPG11C3119100,0,46,46
SPJPG11C3119105,0,56,56
SPJPG11C3119110,0,2,2
SPJPG11C31B2090,0,8,8
SPJPG11C31B2095,0,50,50
SPJPG11C31B2100,0,88,88
SPJPG11C31B2105,0,82,82
SPJPG11C31B2110,0,10,10
SPJPG11C9316095,0,12,12
SPJPG11C9316100,0,16,16
SPJPG11C9337095,0,22,22
SPJPG11C9337100,0,20,20
SPJPG11G0119085,0,50,50
SPJPG11G0119090,0,62,62
SPJPG11G0119095,0,16,16
SPJPG11G0139085,0,122,122
SPJPG11G0139090,0,172,172
SPJPG11G0139095,0,138,138
SPJPG11G05GB085,0,2,2
SPJPG11G05GY090,0,356,356
SPJPG11G05GY095,0,104,104
SPJPG11G1585085,0,4,4
SPJPG11G1585090,0,2,2
SPJPG11G15A1085,0,4,4
SPJPG11G15A1090,0,4,4
SPJPG11G1619085,0,846,846
SPJPG11G1619090,0,546,546
SPJPG11G1619095,0,62,62
SPJPG11G1639085,0,416,416
SPJPG11G1639090,0,378,378
SPJPG11G1639095,0,30,30
SPJPG11G1651085,0,218,218
SPJPG11G1651090,0,226,226
SPJPG11G1651095,0,14,14
SPJPG11G2116085,0,22,22
SPJPG11G2116090,0,70,70
SPJPG11G2116095,0,38,38
SPJPG11G2116100,0,18,18
SPJPG11G2119085,0,278,278
SPJPG11G2119090,0,520,520
SPJPG11G2119095,0,458,458
SPJPG11G2119100,0,30,30
SPJPG11G2126085,0,180,180
SPJPG11G2126090,0,138,138
SPJPG11G2126095,0,34,34
SPJPG11G2139085,0,1104,1104
SPJPG11G2139090,0,412,412
SPJPG11G2139095,0,194,194
SPJPG11G2139100,0,32,32
SPJPG11G2151085,0,2,2
SPJPG11G2151090,0,2,2
SPJPG11G2151095,0,4,4
SPJPG11G2184085,0,86,86
SPJPG11G2184090,0,28,28
SPJPG11G2184095,0,42,42
SPJPG11G2184100,0,14,14
SPJPG11G3116085,0,10,10
SPJPG11G3116095,0,8,8
SPJPG11G3119085,0,10,10
SPJPG11G3119090,0,4,4
SPJPG11G3119095,0,4,4
SPJPG11G3119100,0,2,2
SPJPG11G31GW085,0,4,4
SPJPG11G31GW095,0,16,16
SPJPG11G31GW100,0,4,4
SPJPG11G31PB085,0,2,2
SPJPG11G31PB090,0,66,66
SPJPG11G31PB095,0,4,4
SPJPG11G31PB100,0,2,2
SPJPG11G31PK085,0,16,16
SPJPG11G31PK090,0,6,6
SPJPG11G9019085,0,4,4
SPJPG11G9019090,0,4,4
SPJPG11G9019095,0,2,2
SPJPG11G9039085,0,4,4
SPJPG11G9039090,0,2,2
SPJPG11W9115999,0,8,8
SPJPG11W9185999,0,6,6
SPJPG12C2115105,0,2,2
SPJPG12C21GW090,0,2,2
SPJPG12C2315100,0,36,36
SPJPG12C2315105,0,6,6
SPJPG12C2315110,0,4,4
SPJPG12C2319090,0,2,2
SPJPG12C2319110,0,2,2
SPJPG12C2337090,0,2,2
SPJPG12C2349105,0,2,2
SPJPG12C23PB090,0,4,4
SPJPG12C23PB095,0,10,10
SPJPG12C23PB100,0,10,10
SPJPG12C23PB105,0,32,32
SPJPG12C23PB110,0,20,20
SPJPG12C5119085,0,6,6
SPJPG12C5119090,0,38,38
SPJPG12C5119095,0,34,34
SPJPG12C5119100,0,18,18
SPJPG12C5119105,0,12,12
SPJPG12C5139085,0,42,42
SPJPG12C5139090,0,970,970
SPJPG12C5139095,0,938,938
SPJPG12C5139100,0,330,330
SPJPG12C5139105,0,10,10
SPJPG12C9319100,0,2,2
SPJPG12CY115090,0,8,8
SPJPG12CY115095,0,2,2
SPJPG12CY115100,0,24,24
SPJPG12CY115105,0,10,10
SPJPG12CY150090,0,2,2
SPJPG12CY150095,0,4,4
SPJPG12CY150100,0,6,6
SPJPG12CY159095,0,4,4
SPJPG12CY159100,0,4,4
SPJPG12CY159105,0,4,4
SPJPG12G2219085,0,64,64
SPJPG12G2219095,0,28,28
SPJPG12G2219100,0,30,30
SPJPG12G2226085,0,18,18
SPJPG12G2226090,0,54,54
SPJPG12G2226095,0,60,60
SPJPG12G2226100,0,34,34
SPJPG12G2235085,0,160,160
SPJPG12G2235090,0,128,128
SPJPG12G2235095,0,36,36
SPJPG12G2235100,0,8,8
SPJPG12G2239085,0,82,82
SPJPG12G2239090,0,94,94
SPJPG12G2239095,0,50,50
SPJPG12G2239100,0,54,54
SPJPG12G2251085,0,12,12
SPJPG12G2251090,0,44,44
SPJPG12G2251095,0,8,8
SPJPG12G2284085,0,46,46
SPJPG12G2284090,0,36,36
SPJPG12G2284095,0,50,50
SPJPG12G2284100,0,8,8
SPJPG12KU1GW110,0,8,8
SPJPG12KU1GW120,0,16,16
SPJPG12KU1GW130,0,6,6
SPJPG12KU1GW140,0,2,2
SPJPG12KU1GW150,0,8,8
SPJPG12KU1GW160,0,4,4
SPJPG12KU1PB110,0,4,4
SPJPG12KU1PB120,0,2,2
SPJPG12KU1PB130,0,2,2
SPJPG12KU1PB140,0,4,4
SPJPG12KU1PB150,0,8,8
SPJPG4TC1316090,0,192,192
SPJPG4TC1316095,0,396,396
SPJPG4TC1316100,0,456,456
SPJPG4TC1316105,0,336,336
SPJPG4TC1317090,0,432,432
SPJPG4TC1317095,0,504,504
SPJPG4TC1317100,0,360,360
SPJPG4TC1317105,0,324,324
SPJPG4TC2319090,0,156,156
SPJPG4TC2319095,0,304,304
SPJPG4TC2319100,0,612,612
SPJPG4TC2319105,0,456,456
SPJPG4TC2319110,0,304,304
SPJPG4TC2337090,0,146,146
SPJPG4TC2337095,0,296,296
SPJPG4TC2337100,0,606,606
SPJPG4TC2337105,0,448,448
SPJPG4TC2337110,0,286,286
SPJPG4TC2359090,0,156,156
SPJPG4TC2359095,0,314,314
SPJPG4TC2359100,0,620,620
SPJPG4TC2359105,0,474,474
SPJPG4TC2359110,0,312,312
SPJPG4TG11BF085,0,70,70
SPJPG4TG11BF090,0,80,80
SPJPG4TG11BF095,0,50,50
SPJPG4TG11CH085,0,134,134
SPJPG4TG11CH090,0,134,134
SPJPG4TG11CH095,0,134,134
SPJPG4TG11G2085,0,140,140
SPJPG4TG11G2090,0,160,160
SPJPG4TG11G2095,0,100,100
SPJPG4TG11G3085,0,66,66
SPJPG4TG11G3090,0,66,66
SPJPG4TG11G3095,0,66,66
SPJPG4TG11GK085,0,90,90
SPJPG4TG11GK090,0,80,80
SPJPG4TG11GK095,0,30,30
SPJPG4TG2119085,0,164,164
SPJPG4TG2119090,0,272,272
SPJPG4TG2119095,0,268,268
SPJPG4TG2119100,0,96,96
SPJPG4TG2139085,0,324,324
SPJPG4TG2139090,0,456,456
SPJPG4TG2139095,0,324,324
SPJPG4TG2139100,0,96,96
SPJPG4TG2319085,0,116,116
SPJPG4TG2319090,0,80,80
SPJPG4TG2319100,0,88,88
SPJPG4TG2339085,0,156,156
SPJPG4TG2339090,0,142,142
SPJPG4TG2339095,0,104,104
SPJPG4TG2339100,0,36,36
SPJTE23M0319095,0,8,8
SPJTE23M0319100,0,10,10
SPJTE23M0319105,0,12,12
SPJTE23M0319110,0,6,6
SPJTF49W9235090,0,4,4
SPJTF49W9235095,0,8,8
SPJTF49W9259090,0,6,6
SPJTF49W9259095,0,10,10
SPJVE26C9110105,0,8,8
SPJVE26C9119090,0,4,4
SPJVE26C9119095,0,10,10
SPJVE26C9119100,0,4,4
SPJVE26C9119105,0,10,10
SPJVE26C9184100,0,2,2
SPJVE26C9184105,0,4,4
SPJVE37C24BU100,0,2,2
SPJVE4TC0139095,0,2,2
SPJVE4TC0139105,0,2,2
SPJVE4TC0219090,0,2,2
SPJVE4TC0219095,0,4,4
SPJVE4TC0235090,0,4,4
SPJVE4TC0235095,0,4,4
SPJVE4TC0239090,0,14,14
SPJVE4TC0239095,0,12,12
SPJVE4TC0239100,0,2,2
SPJVE4TC0239105,0,8,8
SPJVE4TC0315100,0,2,2
SPJVE4TC0319095,0,4,4
SPJVE4TC0319100,0,2,2
SPJVE4TG0139090,0,4,4
SPJVE4TG0139095,0,2,2
SPJVE4TG01G2085,0,4,4
SPJVE4TG1119085,0,10,10
SPJVE4TG1119095,0,2,2
SPJVE4TG1139085,0,8,8
SPJVE4TG1139090,0,10,10
SPJVE4TG1139095,0,4,4
SPJVE4TG3119085,0,2,2
SPJVE4TG3119090,0,6,6
SPJVE4TG3139085,0,4,4
SPJVE4TG3139090,0,4,4
SPJVE4TKU239120,0,2,2
SPJVF11G0139085,0,2,2
SPJVF11G01G2090,0,2,2
SPJVF11G9319090,0,2,2
SPJVF11G9319095,0,6,6
SPJVF37C2119100,0,2,2
SPJVF4TC1119090,0,8,8
SPJVF4TC1119095,0,10,10
SPJVF4TC1119100,0,2,2
SPJVF4TC1119105,0,2,2
SPJVF4TC1135090,0,6,6
SPJVF4TC1135100,0,2,2
SPJVF4TC1139090,0,2,2
SPJVF4TC1139100,0,4,4
SPJVF4TC1159095,0,2,2
SPJVF4TC1180095,0,2,2
SPJVF4TC1180105,0,4,4
SPJVF4TC11G6090,0,2,2
SPJVF4TC11G6105,0,2,2
SPJVF4TC2117095,0,2,2
SPJVF4TC2117100,0,2,2
SPJVF4TC2119095,0,2,2
SPJVF4TC2119105,0,2,2
SPJVF4TC2159090,0,2,2
SPJVF4TC2159095,0,2,2
SPJVF4TC2159100,0,2,2
SPJVF4TC2159105,0,4,4
SPJVF4TC2185090,0,4,4
SPJVF4TC2185095,0,2,2
SPJVF4TCS129095,0,2,2
SPJVF4TCS129100,0,4,4
SPJVF4TCS129105,0,2,2
SPJVF4TCS137095,0,2,2
SPJVF4TCS149090,0,4,4
SPJVF4TG0139085,0,2,2
SPJVF4TG0139090,0,2,2
SPJVF4TG0139095,0,8,8
SPJVF4TG01G2090,0,4,4
SPJVF4TG11G2085,0,6,6
SPJVF4TG2219085,0,2,2
SPJVF4TG2219095,0,2,2
SPJVF4TG2226085,0,8,8
SPJVF4TG2226090,0,2,2
SPJVF4TG2226095,0,4,4
SPJVF4TG2235085,0,6,6
SPJVF4TG2235090,0,2,2
SPJVF4TG2239085,0,4,4
SPJVF4TG2239090,0,4,4
SPJVF4TG2239095,0,4,4
SPJVF4TG2276085,0,4,4
SPJVF4TG2276090,0,2,2
SPJVF4TG2285085,0,10,10
SPJVF4TG2285090,0,6,6
SPJVF4TG2285095,0,4,4
SPJVF4TKU119110,0,60,60
SPJVF4TKU119120,0,62,62
SPJVF4TKU119130,0,60,60
SPJVF4TKU119140,0,92,92
SPJVF4TKU119150,0,78,78
SPJVF4TKU119160,0,66,66
SPJVF4TKU139110,0,70,70
SPJVF4TKU139120,0,46,46
SPJVF4TKU139130,0,90,90
SPJVF4TKU139140,0,264,264
SPJVF4TKU139150,0,280,280
SPJVF4TKU139160,0,194,194
SPJVF4TKU219110,0,62,62
SPJVF4TKU219120,0,66,66
SPJVF4TKU219130,0,64,64
SPJVF4TKU219140,0,84,84
SPJVF4TKU219150,0,112,112
SPJVF4TKU219160,0,138,138
SPJVF4TKU2AU110,0,8,8
SPJVF4TKU2AU140,0,4,4
SPJVF4TKU2AU150,0,28,28
SPJVF4TKU2AU160,0,72,72
SPJVF4TKU2G2110,0,70,70
SPJVF4TKU2G2120,0,96,96
SPJVF4TKU2G2130,0,104,104
SPJVF4TKU2G2140,0,70,70
SPJVF4TKU2G2150,0,122,122
SPJVF4TKU2G2160,0,94,94
SPJVG11C2117090,0,110,110
SPJVG11C2117095,0,264,264
SPJVG11C2117100,0,442,442
SPJVG11C2117105,0,484,484
SPJVG11C2117110,0,388,388
SPJVG11C2117115,0,52,52
SPJVG11C2119090,0,94,94
SPJVG11C2119095,0,248,248
SPJVG11C2119100,0,740,740
SPJVG11C2119105,0,752,752
SPJVG11C2119110,0,674,674
SPJVG11C2119115,0,16,16
SPJVG11C2159090,0,16,16
SPJVG11C2159095,0,14,14
SPJVG11C2159100,0,182,182
SPJVG11C2159105,0,146,146
SPJVG11C2159110,0,30,30
SPJVG11C2159115,0,4,4
SPJVG11KU239110,0,42,42
SPJVG11KU239120,0,16,16
SPJVG11KU239130,0,50,50
SPJVG11KU239140,0,42,42
SPJVG11KU239150,0,32,32
SPJVG11KU239160,0,50,50
SPJVG11KU291110,0,8,8
SPJVG11KU291120,0,2,2
SPJVG11KU291130,0,10,10
SPJVG11KU291140,0,16,16
SPJVG11KU291150,0,16,16
SPJVG11KU291160,0,20,20
SPJVG12C2249105,0,2,2
SPJVG12C2251095,0,2,2
SPJVG12C2251100,0,6,6
SPJVG12C2251105,0,4,4
SPJVG12C2259090,0,2,2
SPJVG12C22GW090,0,2,2
SPJVG12C22GW105,0,4,4
SPJVG12C22PB090,0,4,4
SPJVG12C22PB095,0,4,4
SPJVG12C22PB100,0,4,4
SPJVG12C22PB105,0,4,4
SPJVG25C2135105,0,2,2
SPJVG25U0119999,0,2,2
SPJVG37U0149090,0,2,2
SPJVG37U0149095,0,2,2
SPJVG37U0149100,0,2,2
SPJVG37U0149105,0,2,2
SPJWE4TKU159140,0,2,2
SPJWE4VM01AC105,0,2,2
SPJWE4VM0219105,0,2,2
SPJWE4VW0619085,0,6,6
SPJWF11C0459090,0,20,20
SPJWF11C0459095,0,8,8
SPJWF11C0459105,0,4,4
SPJWF11C04AC095,0,4,4
SPJWF11M0119105,0,4,4
SPJWF11M0119110,0,8,8
SPJWF11M0133095,0,4,4
SPJWF11M0133110,0,6,6
SPJWF11M0222110,0,2,2
SPJWF4TGY411085,0,4,4
SPJWF4TGY411090,0,28,28
SPJWF4TGY411095,0,2,2
SPJWF4TGY417085,0,4,4
SPJWF4TGY419085,0,4,4
SPJWF4TGY459085,0,16,16
SPJWF4TGY459095,0,10,10
SPJWF4TGY464085,0,6,6
SPJWF4TGY464090,0,4,4
SPJWF4TGY464095,0,8,8
SPJWF4TGY4AC085,0,4,4
SPJWF4TGY4AC090,0,2,2
SPJWF4TGY4AC095,0,6,6
SPJWF4VCY559105,0,2,2
SPJWF4VCY5AC105,0,2,2
SPJWF4VM0119095,0,50,50
SPJWF4VM0119100,0,70,70
SPJWF4VM0119105,0,48,48
SPJWF4VM0119110,0,18,18
SPJWF4VM0137095,0,28,28
SPJWF4VM0137100,0,34,34
SPJWF4VM0137105,0,28,28
SPJWF4VM0137110,0,8,8
SPJWF4VM01AC095,0,16,16
SPJWF4VM01AC100,0,32,32
SPJWF4VM01AC105,0,20,20
SPJWF4VM01AC110,0,22,22
SPJWF4VM0319095,0,20,20
SPJWF4VM0319100,0,10,10
SPJWF4VM0319105,0,18,18
SPJWF4VM0319110,0,14,14
SPJWF4VM03AC095,0,16,16
SPJWF4VM03AC100,0,22,22
SPJWF4VM03AC105,0,26,26
SPJWF4VM03AC110,0,28,28
SPJWF4VM0415095,0,14,14
SPJWF4VM0415100,0,38,38
SPJWF4VM0415105,0,32,32
SPJWF4VM0415110,0,28,28
SPJWF4VM0419095,0,10,10
SPJWF4VM0419105,0,8,8
SPJWF4VM0419110,0,6,6
SPJWF4VM0460095,0,16,16
SPJWF4VM0460100,0,16,16
SPJWF4VM0460105,0,14,14
SPJWF4VM0460110,0,8,8
SPJWF4VMY217095,0,60,60
SPJWF4VMY217100,0,56,56
SPJWF4VMY217105,0,82,82
SPJWF4VMY217110,0,46,46
SPJWF4VMY219095,0,24,24
SPJWF4VMY219100,0,20,20
SPJWF4VMY219105,0,22,22
SPJWF4VMY219110,0,22,22
SPJWF4VMY260095,0,4,4
SPJWF4VMY260100,0,6,6
SPJWF4VMY260105,0,22,22
SPJWF4VMY260110,0,12,12
SPJWF4VW0115090,0,6,6
SPJWF4VW0119095,0,6,6
SPJWF4VW0133085,0,6,6
SPJWF4VW0133090,0,2,2
SPJWF4VW0133095,0,2,2
SPJWF4VW0135085,0,6,6
SPJWF4VW0135090,0,4,4
SPJWF4VW0135095,0,2,2
SPJWF4VW0136085,0,2,2
SPJWF4VW0136090,0,2,2
SPJWF4VW0185095,0,2,2
SPJWF4VW0219090,0,6,6
SPJWF4VW0219095,0,12,12
SPJWF4VW02AC090,0,4,4
SPJWFA9W1011999,0,22,22
SPJWFA9W1019999,0,8,8
SPJWFA9W1064999,0,20,20
SPJWFA9W10AC999,0,52,52
SPJWG11GY459085,0,38,38
SPJWG11GY459090,0,18,18
SPJWG11GY459095,0,16,16
SPJWG11GY464085,0,16,16
SPJWG11GY464095,0,2,2
SPJWG11GY4AC085,0,16,16
SPJWG11GY4AC090,0,6,6
SPJWG11GY4AC095,0,10,10
SPJWG11M0119095,0,40,40
SPJWG11M0119100,0,88,88
SPJWG11M0119105,0,134,134
SPJWG11M0119110,0,52,52
SPJWG11M01AC095,0,20,20
SPJWG11M01AC100,0,46,46
SPJWG11M01AC105,0,64,64
SPJWG11M01AC110,0,34,34
SPJWG11MY217095,0,28,28
SPJWG11MY217100,0,66,66
SPJWG11MY217105,0,56,56
SPJWG11MY217110,0,16,16
SPJWG11MY219095,0,18,18
SPJWG11MY219100,0,40,40
SPJWG11MY219105,0,10,10
SPJWG11MY219110,0,10,10
SPJWG11W0115085,0,78,78
SPJWG11W0115090,0,46,46
SPJWG11W0119085,0,610,610
SPJWG11W0119090,0,180,180
SPJWG11W0119095,0,82,82
SPJWG11W0133085,0,220,220
SPJWG11W0133090,0,4,4
SPJWG11W1119085,0,2,2
SPKAE49M0119100,0,4,4
SPKAE49M0119105,0,2,2
SPKAE49M0139105,0,4,4
SPKAE49W3219085,0,6,6
SPKAE49W3219090,0,4,4
SPKAE49W3233085,0,4,4
SPKAE49W3233090,0,8,8
SPKAE4TC0115095,0,4,4
SPKAE4TC0115100,0,2,2
SPKAE4TC0115105,0,4,4
SPKAE4TC0139100,0,4,4
SPKAE4TC0139105,0,4,4
SPKAE4TC0139110,0,4,4
SPKAE4TM0115100,0,2,2
SPKAE4TM0119100,0,2,2
SPKAE4TM0139110,0,4,4
SPKAE4TM0179100,0,2,2
SPKAE4TM0319095,0,2,2
SPKAE4TM0319100,0,2,2
SPKAE4TM0335095,0,2,2
SPKAE4TM0335100,0,6,6
SPKAE4TM0335110,0,2,2
SPKAE4TM0339095,0,8,8
SPKAE4TM0339100,0,10,10
SPKAE4TM0339105,0,2,2
SPKAE4TM0339110,0,20,20
SPKAE4TM0360095,0,2,2
SPKAE4TM0386100,0,2,2
SPKAE4TM0386105,0,2,2
SPKAE4TM03AC095,0,2,2
SPKAE4TM03AC100,0,2,2
SPKAE4TM03AC110,0,4,4
SPKAE4TM0439100,0,4,4
SPKAE4TM0439110,0,4,4
SPKAE4TM0460105,0,2,2
SPKAE4TW0119085,0,10,10
SPKAE4TW0119090,0,2,2
SPKAE4TW0133085,0,10,10
SPKAE4TW0133090,0,2,2
SPKAE4TW0133095,0,4,4
SPKAE4TW0139085,0,8,8
SPKAE4TW0139095,0,2,2
SPKAE4TW0160085,0,12,12
SPKAE4TW0160090,0,6,6
SPKAE4TW0199085,0,10,10
SPKAE4TW0199090,0,2,2
SPKAF11C0219090,0,2,2
SPKAF12M0139100,0,32,32
SPKAF12M0139105,0,4,4
SPKAF12M0160105,0,6,6
SPKAF12M0186095,0,12,12
SPKAF12M0186100,0,2,2
SPKAF12M0186110,0,4,4
SPKAF49W0119085,0,126,126
SPKAF49W0119090,0,114,114
SPKAF49W0119095,0,112,112
SPKAF49W0126085,0,74,74
SPKAF49W0126090,0,30,30
SPKAF49W0126095,0,42,42
SPKAF49W0133085,0,300,300
SPKAF49W0133090,0,134,134
SPKAF49W0133095,0,102,102
SPKAF49W0139085,0,170,170
SPKAF49W0139090,0,116,116
SPKAF49W0139095,0,130,130
SPKAF49W0141085,0,118,118
SPKAF49W0141090,0,70,70
SPKAF49W0141095,0,56,56
SPKAF49W0176085,0,94,94
SPKAF49W0176090,0,66,66
SPKAF49W0176095,0,38,38
SPKAF49W0185085,0,50,50
SPKAF49W0185090,0,50,50
SPKAF49W0185095,0,30,30
SPKAF49W01AC085,0,106,106
SPKAF49W01AC090,0,118,118
SPKAF49W01AC095,0,58,58
SPKAF4TC0119095,0,2,2
SPKAF4TC0159100,0,2,2
SPKAF4TC0179100,0,2,2
SPKAF4TC01AC100,0,4,4
SPKAF4TC0235095,0,26,26
SPKAF4TC0235100,0,10,10
SPKAF4TC0235105,0,4,4
SPKAF4TC0235110,0,8,8
SPKAF4TC0259095,0,26,26
SPKAF4TC0259100,0,28,28
SPKAF4TC0259105,0,16,16
SPKAF4TC0259110,0,30,30
SPKAF4TM0119095,0,146,146
SPKAF4TM0119100,0,80,80
SPKAF4TM0119105,0,74,74
SPKAF4TM0119110,0,34,34
SPKAF4TM0133095,0,412,412
SPKAF4TM0133100,0,262,262
SPKAF4TM0133105,0,280,280
SPKAF4TM0133110,0,66,66
SPKAF4TM0149095,0,144,144
SPKAF4TM0149100,0,248,248
SPKAF4TM0149105,0,148,148
SPKAF4TM0149110,0,28,28
SPKAF4TM0164095,0,484,484
SPKAF4TM0164100,0,550,550
SPKAF4TM0164105,0,290,290
SPKAF4TM0164110,0,60,60
SPKAF4TM0173095,0,90,90
SPKAF4TM0173100,0,160,160
SPKAF4TM0173105,0,132,132
SPKAF4TM0173110,0,22,22
SPKAF4TM01AC095,0,548,548
SPKAF4TM01AC100,0,342,342
SPKAF4TM01AC105,0,184,184
SPKAF4TM01AC110,0,120,120
SPKAF4TM0219095,0,68,68
SPKAF4TM0219100,0,44,44
SPKAF4TM0219105,0,30,30
SPKAF4TM0219110,0,16,16
SPKAF4TM0239095,0,112,112
SPKAF4TM0239100,0,206,206
SPKAF4TM0239105,0,76,76
SPKAF4TM0239110,0,76,76
SPKAF4TM0260095,0,82,82
SPKAF4TM0260100,0,102,102
SPKAF4TM0260105,0,36,36
SPKAF4TM0260110,0,22,22
SPKAF4TM0286095,0,216,216
SPKAF4TM0286100,0,192,192
SPKAF4TM0286105,0,52,52
SPKAF4TM0286110,0,76,76
SPKAF4VC9033999,0,6,6
SPKAF4VC9060999,0,6,6
SPKAF4VC9085999,0,6,6
SPKAG12M0119095,0,12,12
SPKAG12M0119100,0,6,6
SPKAG12M0119105,0,8,8
SPKAG12M0119110,0,4,4
SPKAG12M0133095,0,14,14
SPKAG12M0133100,0,16,16
SPKAG12M0133105,0,18,18
SPKAG12M0133110,0,10,10
SPKAG12M0164095,0,26,26
SPKAG12M0164100,0,38,38
SPKAG12M0164105,0,28,28
SPKAG12M01AC095,0,24,24
SPKAG12M01AC100,0,10,10
SPKAG12M01AC105,0,20,20
SPKAG12M01AC110,0,18,18
SPKAG12M0219095,0,20,20
SPKAG12M0219100,0,16,16
SPKAG12M0219105,0,6,6
SPKAG12M0219110,0,2,2
SPKAG12M0239095,0,64,64
SPKAG12M0239100,0,48,48
SPKAG12M0239105,0,22,22
SPKAG12M0239110,0,2,2
SPKAG12M0260095,0,24,24
SPKAG12M0260100,0,20,20
SPKAG12M0260105,0,18,18
SPKAG12M0260110,0,16,16
SPKAG12M0286095,0,52,52
SPKAG12M0286100,0,44,44
SPKAG12M0286105,0,34,34
SPKAG12M0286110,0,16,16
SPKAG23W0219085,0,4,4
SPKAG23W0219090,0,8,8
SPKAG23W0219095,0,6,6
SPKAG23W0235085,0,2,2
SPKAG23W0235090,0,4,4
SPKAG23W0235095,0,6,6
SPKAG23W0279085,0,22,22
SPKAG23W0279090,0,16,16
SPKAG23W0279095,0,6,6
SPKAG23WS119095,0,6,6
SPKAG23WS149085,0,2,2
SPKKF49G9019999,0,6,6
SPKKF49G9035999,0,6,6
SPKKG12W9015999,0,6,6
SPKKG12W9039999,0,14,14
SPKNG37G0120085,0,2,2
SPKNG37G0139085,0,2,2
SPKNG37G01AC085,0,2,2
SPKNG37G9126999,0,8,8
SPKNG37G9131999,0,4,4
SPKNG37G91AC999,0,2,2
SPKNG37G9259999,0,18,18
SPKNG37G92AC999,0,16,16
SPKNG37W9136999,0,10,10
SPKNG37W9185999,0,2,2
SPKNG37W91AC999,0,18,18
SPKNG37W9217999,0,14,14
SPKNG37W9239999,0,30,30
SPKVE12G6115085,0,2,2
SPKVE12G6115090,0,4,4
SPKVE26W0439095,0,2,2
SPKVE26W1339090,0,4,4
SPKVE26W1339095,0,4,4
SPKVE37G0139090,0,4,4
SPKVE37G0139095,0,4,4
SPKVE37G0159085,0,4,4
SPKVE37G0159095,0,2,2
SPKVE37G0199090,0,4,4
SPKVE38W0419085,0,2,2
SPKVE38W0439085,0,8,8
SPKVE38W0439090,0,6,6
SPKVE38W0439095,0,6,6
SPKVE38W0495085,0,2,2
SPKVE4TKU259160,0,2,2
SPKVE4TW2019085,0,12,12
SPKVE4TW2019090,0,6,6
SPKVE4TW2019095,0,4,4
SPKVE4TW2060085,0,2,2
SPKVE4TW2060090,0,6,6
SPKVF11KU139140,0,2,2
SPKVF11KU139160,0,2,2
SPKVF11KU159120,0,2,2
SPKVF11KU159150,0,4,4
SPKVF12C5339090,0,6,6
SPKVF12C5339095,0,8,8
SPKVF12C5339100,0,6,6
SPKVF12C5339105,0,6,6
SPKVF12C5359090,0,6,6
SPKVF12C5359095,0,12,12
SPKVF12W1219090,0,2,2
SPKVF12W1219095,0,2,2
SPKVF23W01AC085,0,2,2
SPKVF23W0215085,0,6,6
SPKVF23W0237085,0,8,8
SPKVF23W0237090,0,2,2
SPKVF25G0185095,0,2,2
SPKVF25W0110085,0,2,2
SPKVF25W0119090,0,2,2
SPKVF49G9019999,0,6,6
SPKVF49G9035999,0,6,6
SPKVF49G9119999,0,4,4
SPKVF49WS119085,0,160,160
SPKVF49WS119090,0,98,98
SPKVF49WS119095,0,86,86
SPKVF49WS135085,0,186,186
SPKVF49WS135090,0,150,150
SPKVF49WS135095,0,134,134
SPKVF49WS1AC085,0,164,164
SPKVF49WS1AC090,0,150,150
SPKVF49WS1AC095,0,146,146
SPKVF4TW0133085,0,72,72
SPKVF4TW0133090,0,86,86
SPKVF4TW0133095,0,92,92
SPKVF4TW0159085,0,38,38
SPKVF4TW0159090,0,42,42
SPKVF4TW0159095,0,18,18
SPKVF4TW01AC085,0,40,40
SPKVF4TW01AC090,0,58,58
SPKVF4TW01AC095,0,46,46
SPKVG12W9035999,0,16,16
SPKVG12W9039999,0,12,12
SPKVG12W9060999,0,22,22
SPKWE11C5262100,0,2,2
SPKWE11KG326120,0,2,2
SPKWE11KG326140,0,6,6
SPKWE11KG351130,0,10,10
SPKWE11KG351140,0,18,18
SPKWE11M9859105,0,2,2
SPKWE11W0759085,0,2,2
SPKWE12G5251085,0,8,8
SPKWE12G5251090,0,8,8
SPKWE12G5259085,0,24,24
SPKWE12G5259090,0,6,6
SPKWE12G5259095,0,14,14
SPKWE12G9859085,0,2,2
SPKWE12G98B7085,0,2,2
SPKWE12G98B7090,0,2,2
SPKWE12G9919999,0,4,4
SPKWE12G9939999,0,4,4
SPKWE12M0119095,0,2,2
SPKWE12M0119100,0,8,8
SPKWE12M0139100,0,12,12
SPKWE12M0139105,0,10,10
SPKWE12M0158095,0,2,2
SPKWE12M0158100,0,8,8
SPKWE12M01AC105,0,2,2
SPKWE12M0219095,0,6,6
SPKWE12M0219100,0,6,6
SPKWE12M0219105,0,6,6
SPKWE12M0239105,0,6,6
SPKWE12M9519100,0,8,8
SPKWE12M9533100,0,6,6
SPKWE12M9535100,0,12,12
SPKWE12M9559100,0,14,14
SPKWE12M9916105,0,2,2
SPKWE12M9919100,0,2,2
SPKWE12M9919105,0,2,2
SPKWE12M9941100,0,2,2
SPKWE12M9941105,0,2,2
SPKWE12W0159090,0,2,2
SPKWE12W7850999,0,4,4
SPKWE23M0459095,0,4,4
SPKWE23M0459100,0,2,2
SPKWE23M0519095,0,4,4
SPKWE23M0519100,0,4,4
SPKWE23M0519105,0,4,4
SPKWE23M0519110,0,2,2
SPKWE23M0539095,0,4,4
SPKWE23M0539100,0,4,4
SPKWE23M0539105,0,4,4
SPKWE23M0539110,0,4,4
SPKWE23W0659085,0,2,2
SPKWE23W8919999,0,8,8
SPKWE24C0619095,0,16,16
SPKWE24C0619100,0,10,10
SPKWE24C0659095,0,10,10
SPKWE24C0659100,0,4,4
SPKWE24M0119095,0,8,8
SPKWE24M0119110,0,2,2
SPKWE24M0219095,0,2,2
SPKWE24M0236095,0,4,4
SPKWE24M0239095,0,2,2
SPKWE24M0239105,0,2,2
SPKWE24M0258095,0,4,4
SPKWE24M0279110,0,2,2
SPKWE24M0285110,0,4,4
SPKWE24M0719105,0,2,2
SPKWE24M0736105,0,2,2
SPKWE24M0736110,0,2,2
SPKWE24W0110085,0,4,4
SPKWE24W0110095,0,4,4
SPKWE24W0151085,0,2,2
SPKWE24W0159085,0,4,4
SPKWE24W0219095,0,2,2
SPKWE24W1439095,0,2,2
SPKWE24W8715999,0,2,2
SPKWE24W8719999,0,4,4
SPKWE25C0859100,0,2,2
SPKWE25M0519095,0,2,2
SPKWE25M0519100,0,2,2
SPKWE25M0549095,0,2,2
SPKWE25M0559095,0,2,2
SPKWE25M0559100,0,2,2
SPKWE25W0359085,0,2,2
SPKWE25W0399090,0,4,4
SPKWE25W0710085,0,2,2
SPKWE25W0710090,0,2,2
SPKWE25W0719085,0,6,6
SPKWE26M0939110,0,2,2
SPKWE26M0960095,0,2,2
SPKWE26M0960100,0,2,2
SPKWE37C0639095,0,10,10
SPKWE37C0639100,0,8,8
SPKWE37C0639105,0,2,2
SPKWE37C0639110,0,2,2
SPKWE37C0659100,0,4,4
SPKWE37C0659105,0,4,4
SPKWE37C0659110,0,2,2
SPKWE37G4259085,0,4,4
SPKWE37G4259095,0,2,2
SPKWE37M0119095,0,2,2
SPKWE37M0136100,0,2,2
SPKWE37M0185095,0,4,4
SPKWE37M0216095,0,2,2
SPKWE37M0219100,0,2,2
SPKWE37M0516095,0,2,2
SPKWE37M0516100,0,4,4
SPKWE37M0516110,0,6,6
SPKWE37M0519095,0,2,2
SPKWE37M0519100,0,4,4
SPKWE37M0560110,0,2,2
SPKWE37M0603105,0,2,2
SPKWE37M0636095,0,2,2
SPKWE37M0662100,0,6,6
SPKWE37M0662105,0,2,2
SPKWE37M0662110,0,4,4
SPKWE37M0740095,0,2,2
SPKWE37M0749100,0,2,2
SPKWE37M0819105,0,2,2
SPKWE37M0819110,0,2,2
SPKWE37M0836110,0,2,2
SPKWE37W0339085,0,2,2
SPKWE37W9119085,0,4,4
SPKWE37W9119090,0,4,4
SPKWE37W9119095,0,2,2
SPKWE37W9135085,0,4,4
SPKWE37W9135090,0,4,4
SPKWE37W9135095,0,2,2
SPKWE37W9139095,0,2,2
SPKWE49C4039090,0,4,4
SPKWE49C4039095,0,4,4
SPKWE49C4039100,0,4,4
SPKWE49C4039105,0,4,4
SPKWE49C4059090,0,6,6
SPKWE49C4059095,0,4,4
SPKWE49C4059100,0,4,4
SPKWE49C4059105,0,4,4
SPKWE49G4059085,0,2,2
SPKWE49G4060085,0,2,2
SPKWE49M0219100,0,2,2
SPKWE49M0251105,0,2,2
SPKWE49M0262095,0,2,2
SPKWE49M0285100,0,2,2
SPKWE49W0239085,0,2,2
SPKWE49W0239095,0,2,2
SPKWE49W0264085,0,4,4
SPKWE49W0319090,0,4,4
SPKWE49W0333095,0,2,2
SPKWE49W0339090,0,4,4
SPKWE49W0419085,0,4,4
SPKWE49W0419095,0,2,2
SPKWE49W0459085,0,2,2
SPKWE49W0459090,0,2,2
SPKWE49W04AC085,0,2,2
SPKWE49W04AC095,0,2,2
SPKWE49W1515085,0,6,6
SPKWE49W1533085,0,2,2
SPKWE49W1539095,0,2,2
SPKWE49W1615085,0,10,10
SPKWE49W1615090,0,8,8
SPKWE49W1615095,0,8,8
SPKWE49W1619095,0,2,2
SPKWE49W1633085,0,6,6
SPKWE49W1633090,0,10,10
SPKWE49W1639085,0,6,6
SPKWE49W1639090,0,6,6
SPKWE49W1651085,0,6,6
SPKWE49W1651090,0,8,8
SPKWE49W1651095,0,2,2
SPKWE49W1699085,0,2,2
SPKWE4TC03CB095,0,4,4
SPKWE4TC03CB100,0,2,2
SPKWE4TC03CB105,0,2,2
SPKWE4TC4059105,0,6,6
SPKWE4TC4060105,0,2,2
SPKWE4TC4062090,0,2,2
SPKWE4TC4139090,0,4,4
SPKWE4TC4139095,0,4,4
SPKWE4TC4139100,0,4,4
SPKWE4TC4139105,0,4,4
SPKWE4TC4159090,0,4,4
SPKWE4TC4159095,0,4,4
SPKWE4TC4159100,0,4,4
SPKWE4TC4159105,0,4,4
SPKWE4TC4162090,0,4,4
SPKWE4TC4162095,0,4,4
SPKWE4TC4162100,0,4,4
SPKWE4TG0819085,0,2,2
SPKWE4TG0839090,0,2,2
SPKWE4TG08AC090,0,2,2
SPKWE4TG1239085,0,8,8
SPKWE4TG1259090,0,2,2
SPKWE4TG1262085,0,12,12
SPKWE4TG1262090,0,6,6
SPKWE4TG1262095,0,2,2
SPKWE4TG12AC090,0,4,4
SPKWE4TG12AC095,0,2,2
SPKWE4TG12B7085,0,8,8
SPKWE4TG12BM085,0,4,4
SPKWE4TG12PP085,0,2,2
SPKWE4TG12PP090,0,4,4
SPKWE4TKU115110,0,2,2
SPKWE4TKU164110,0,4,4
SPKWE4TKU339110,0,2,2
SPKWE4TKU339150,0,2,2
SPKWE4TKU362140,0,2,2
SPKWE4TM0119095,0,4,4
SPKWE4TM0129095,0,2,2
SPKWE4TM0135110,0,2,2
SPKWE4TM0150095,0,2,2
SPKWE4TM0162100,0,4,4
SPKWE4TM0162105,0,6,6
SPKWE4TM0186095,0,2,2
SPKWE4TM01BU100,0,4,4
SPKWE4TM0219110,0,2,2
SPKWE4TM0284095,0,2,2
SPKWE4TM1115105,0,4,4
SPKWE4TU0119095,0,2,2
SPKWE4TU0119100,0,16,16
SPKWE4TU0119105,0,2,2
SPKWE4TW0259085,0,4,4
SPKWE4TW0259095,0,2,2
SPKWE4TW0284095,0,2,2
SPKWE4TW0459090,0,2,2
SPKWE4TW0519085,0,6,6
SPKWE4TW0519090,0,8,8
SPKWE4TW0519095,0,2,2
SPKWE4TW0529085,0,2,2
SPKWE4TW0550090,0,2,2
SPKWE4TW05AC085,0,4,4
SPKWE4TW3033085,0,6,6
SPKWE4TW3039085,0,10,10
SPKWE4TW3039090,0,4,4
SPKWE4TW3039095,0,4,4
SPKWE4TW3129085,0,2,2
SPKWE4TW3133085,0,2,2
SPKWE4TW3139085,0,16,16
SPKWE4TW3139090,0,14,14
SPKWE4TW3139095,0,6,6
SPKWE4TW3160085,0,4,4
SPKWE4TW3162085,0,20,20
SPKWE4TW3162090,0,2,2
SPKWE4TW3162095,0,2,2
SPKWE4TW31BV085,0,4,4
SPKWE4TW31BV090,0,2,2
SPKWE4TW7119999,0,2,2
SPKWE4TW7136999,0,4,4
SPKWE4TW7137999,0,4,4
SPKWF11C0110095,0,4,4
SPKWF11C0115095,0,2,2
SPKWF11C0135090,0,2,2
SPKWF11C0135095,0,4,4
SPKWF11C0135100,0,4,4
SPKWF11C0152090,0,4,4
SPKWF11C0159095,0,8,8
SPKWF11C0159100,0,2,2
SPKWF11C0160090,0,8,8
SPKWF11C5150105,0,2,2
SPKWF11C5159095,0,2,2
SPKWF11C5159105,0,2,2
SPKWF11C5162095,0,4,4
SPKWF11G0126085,0,6,6
SPKWF11G0126090,0,4,4
SPKWF11G0131085,0,6,6
SPKWF11G0176085,0,2,2
SPKWF11G0199085,0,2,2
SPKWF11G0199090,0,2,2
SPKWF11G01AC085,0,2,2
SPKWF11KU339130,0,2,2
SPKWF11M0119095,0,2,2
SPKWF11M01AC095,0,2,2
SPKWF12C5215090,0,4,4
SPKWF12C5215095,0,4,4
SPKWF12C5215100,0,2,2
SPKWF12C5220090,0,2,2
SPKWF12C5220095,0,8,8
SPKWF12C5220100,0,4,4
SPKWF12C5235090,0,4,4
SPKWF12C5235095,0,2,2
SPKWF12C5239090,0,8,8
SPKWF12C5239095,0,10,10
SPKWF12C5239100,0,8,8
SPKWF12C5239105,0,4,4
SPKWF12C5250090,0,8,8
SPKWF12C5250095,0,2,2
SPKWF12C5250100,0,4,4
SPKWF12C5250105,0,4,4
SPKWF12C5259100,0,2,2
SPKWF12C5259105,0,2,2
SPKWF12C5262095,0,6,6
SPKWF12C5262100,0,2,2
SPKWF12C5262105,0,6,6
SPKWF12G5162090,0,6,6
SPKWF12M0119095,0,10,10
SPKWF12M0119100,0,14,14
SPKWF12M0119105,0,12,12
SPKWF12M0119110,0,10,10
SPKWF12M0132100,0,6,6
SPKWF12M0132110,0,2,2
SPKWF12M0139095,0,26,26
SPKWF12M0139100,0,20,20
SPKWF12M0139105,0,18,18
SPKWF12M0139110,0,18,18
SPKWF12M0179100,0,4,4
SPKWF12M0179105,0,10,10
SPKWF12M0179110,0,4,4
SPKWF12M01AA100,0,8,8
SPKWF12M01AA105,0,16,16
SPKWF12M01AA110,0,2,2
SPKWF12M01AC100,0,14,14
SPKWF12M01AC105,0,50,50
SPKWF12M0219100,0,4,4
SPKWF12M0236095,0,4,4
SPKWF12M0236110,0,4,4
SPKWF12M0239095,0,2,2
SPKWF12M0239100,0,2,2
SPKWF12M0239105,0,6,6
SPKWF12M0239110,0,4,4
SPKWF12M0240100,0,2,2
SPKWF12M0250100,0,2,2
SPKWF12M0251100,0,2,2
SPKWF12M02AC095,0,2,2
SPKWF12M02AC110,0,4,4
SPKWF12W0319085,0,2,2
SPKWF12W0319090,0,4,4
SPKWF12W0339090,0,2,2
SPKWF12W0339095,0,4,4
SPKWF12W0539085,0,2,2
SPKWF23W0219090,0,2,2
SPKWF23W0219095,0,2,2
SPKWF23W0239085,0,8,8
SPKWF23W0239095,0,2,2
SPKWF23W0485095,0,6,6
SPKWF23W1133090,0,2,2
SPKWF24C0139100,0,10,10
SPKWF24C0139105,0,6,6
SPKWF24C0179100,0,2,2
SPKWF24G5199090,0,2,2
SPKWF24G5219090,0,2,2
SPKWF24KU1CH150,0,2,2
SPKWF24M0119095,0,2,2
SPKWF24M0186100,0,2,2
SPKWF24M0236095,0,12,12
SPKWF24M0236100,0,4,4
SPKWF25G0184085,0,2,2
SPKWF25M0185105,0,6,6
SPKWF25M01BU100,0,6,6
SPKWF25M01BU105,0,12,12
SPKWF25M01BU110,0,2,2
SPKWF25W0110090,0,2,2
SPKWF25W0199085,0,2,2
SPKWF25W0199090,0,2,2
SPKWF49C5129090,0,12,12
SPKWF49C5129095,0,14,14
SPKWF49C5129100,0,30,30
SPKWF49C5129105,0,4,4
SPKWF49C5159090,0,16,16
SPKWF49C5159095,0,28,28
SPKWF49C5159100,0,60,60
SPKWF49C5159105,0,24,24
SPKWF49C5211095,0,2,2
SPKWF49C5211100,0,4,4
SPKWF49C5215090,0,4,4
SPKWF49C5215095,0,14,14
SPKWF49C5215100,0,6,6
SPKWF49C5215105,0,10,10
SPKWF49C5229095,0,4,4
SPKWF49C5229100,0,4,4
SPKWF49C5229105,0,4,4
SPKWF49C5233090,0,26,26
SPKWF49C5233095,0,24,24
SPKWF49C5233100,0,16,16
SPKWF49C5233105,0,18,18
SPKWF49C5259090,0,12,12
SPKWF49C5259095,0,20,20
SPKWF49C5259100,0,12,12
SPKWF49C5259105,0,2,2
SPKWF49C9015999,0,20,20
SPKWF49C9019999,0,34,34
SPKWF49C9085999,0,28,28
SPKWF49C9115095,0,14,14
SPKWF49C9115100,0,14,14
SPKWF49C9119095,0,6,6
SPKWF49G0119085,0,96,96
SPKWF49G0119090,0,52,52
SPKWF49G0139085,0,82,82
SPKWF49G0139090,0,62,62
SPKWF49G0150085,0,86,86
SPKWF49G0150090,0,44,44
SPKWF49G5015085,0,46,46
SPKWF49G5015090,0,60,60
SPKWF49G5015095,0,10,10
SPKWF49G5020085,0,30,30
SPKWF49G5020090,0,26,26
SPKWF49G5020095,0,8,8
SPKWF49G5059085,0,88,88
SPKWF49G5059090,0,114,114
SPKWF49G5059095,0,68,68
SPKWF49GY115085,0,30,30
SPKWF49GY115090,0,24,24
SPKWF49GY115095,0,10,10
SPKWF49GY120085,0,36,36
SPKWF49GY120090,0,24,24
SPKWF49GY120095,0,4,4
SPKWF49GY125085,0,16,16
SPKWF49GY125095,0,6,6
SPKWF49GY159085,0,22,22
SPKWF49GY159090,0,12,12
SPKWF49GY159095,0,18,18
SPKWF49M0119095,0,22,22
SPKWF49M0119100,0,28,28
SPKWF49M0119105,0,14,14
SPKWF49M0119110,0,4,4
SPKWF49M0135095,0,112,112
SPKWF49M0135100,0,108,108
SPKWF49M0135105,0,116,116
SPKWF49M0135110,0,48,48
SPKWF49M0149095,0,114,114
SPKWF49M0149100,0,58,58
SPKWF49M0149105,0,20,20
SPKWF49M0149110,0,8,8
SPKWF49M0159095,0,36,36
SPKWF49M0159100,0,54,54
SPKWF49M0159105,0,36,36
SPKWF49M0159110,0,32,32
SPKWF49M0164095,0,50,50
SPKWF49M0164100,0,64,64
SPKWF49M0164105,0,82,82
SPKWF49M0164110,0,28,28
SPKWF49W0119085,0,116,116
SPKWF49W0119090,0,120,120
SPKWF49W0119095,0,72,72
SPKWF49W0135085,0,24,24
SPKWF49W0135090,0,16,16
SPKWF49W0135095,0,14,14
SPKWF49W0139085,0,50,50
SPKWF49W0139090,0,64,64
SPKWF49W0139095,0,54,54
SPKWF49W0185085,0,40,40
SPKWF49W0185090,0,14,14
SPKWF49W0185095,0,4,4
SPKWF49W0219085,0,52,52
SPKWF49W0219090,0,36,36
SPKWF49W0219095,0,30,30
SPKWF49W0220085,0,12,12
SPKWF49W0220090,0,8,8
SPKWF49W0220095,0,4,4
SPKWF49W0235090,0,2,2
SPKWF49W0239085,0,6,6
SPKWF49W0239090,0,24,24
SPKWF49W0239095,0,28,28
SPKWF49W0259085,0,50,50
SPKWF49W0259090,0,86,86
SPKWF49W0259095,0,46,46
SPKWF49W0299085,0,100,100
SPKWF49W0299090,0,112,112
SPKWF49W0299095,0,46,46
SPKWF49W0333085,0,6,6
SPKWF49W0333090,0,14,14
SPKWF49W0333095,0,24,24
SPKWF49W0385085,0,866,866
SPKWF49W0385090,0,324,324
SPKWF49W0385095,0,234,234
SPKWF49W03AC085,0,160,160
SPKWF49W03AC090,0,254,254
SPKWF49W03AC095,0,116,116
SPKWF49W03BS085,0,2,2
SPKWF49W03BS090,0,4,4
SPKWF49W0419085,0,4,4
SPKWF49W0419090,0,8,8
SPKWF49W0419095,0,8,8
SPKWF49W0435085,0,6,6
SPKWF49W0435090,0,2,2
SPKWF49W0439085,0,6,6
SPKWF49W0439090,0,12,12
SPKWF49W0439095,0,2,2
SPKWF49W0450085,0,10,10
SPKWF49W0450090,0,8,8
SPKWF49W0519085,0,70,70
SPKWF49W0519090,0,54,54
SPKWF49W0519095,0,12,12
SPKWF49W0533085,0,70,70
SPKWF49W0533090,0,24,24
SPKWF49W0533095,0,6,6
SPKWF49W0539085,0,84,84
SPKWF49W0539090,0,116,116
SPKWF49W0539095,0,44,44
SPKWF49W0573085,0,6,6
SPKWF49W0573090,0,2,2
SPKWF49W0573100,0,2,2
SPKWF49W0579085,0,8,8
SPKWF49W0579090,0,4,4
SPKWF49W0579095,0,2,2
SPKWF49W0586085,0,126,126
SPKWF49W0586090,0,104,104
SPKWF49W0586095,0,28,28
SPKWF49W0739085,0,32,32
SPKWF49W0739090,0,36,36
SPKWF49W0739095,0,6,6
SPKWF49W0759085,0,52,52
SPKWF49W0759090,0,60,60
SPKWF49W0759095,0,8,8
SPKWF49W0785085,0,36,36
SPKWF49W0785090,0,46,46
SPKWF49W0785095,0,16,16
SPKWF49W0819085,0,6,6
SPKWF49W0819090,0,14,14
SPKWF49W0819095,0,2,2
SPKWF49W0820085,0,2,2
SPKWF49W0820090,0,6,6
SPKWF49W0820095,0,2,2
SPKWF49W0839085,0,16,16
SPKWF49W0839090,0,14,14
SPKWF49W0839095,0,12,12
SPKWF49W9019999,0,10,10
SPKWF49W9050999,0,4,4
SPKWF49W9235999,0,8,8
SPKWF49W9239999,0,10,10
SPKWF49W9241999,0,10,10
SPKWF49W9339999,0,4,4
SPKWF49W9359999,0,4,4
SPKWF49W9360999,0,2,2
SPKWF49W9439999,0,22,22
SPKWF49W94AC999,0,24,24
SPKWF49W9685999,0,2,2
SPKWF49W96AC999,0,2,2
SPKWF49W9719999,0,48,48
SPKWF49W9739999,0,46,46
SPKWF49W9749999,0,38,38
SPKWF49W97AC999,0,46,46
SPKWF49W9819999,0,2,2
SPKWF49W9825999,0,2,2
SPKWF49W9839999,0,2,2
SPKWF49W9939999,0,32,32
SPKWF49W9979999,0,14,14
SPKWF49W99AC999,0,20,20
SPKWF49WS619085,0,32,32
SPKWF49WS619090,0,36,36
SPKWF49WS619095,0,20,20
SPKWF49WS633085,0,28,28
SPKWF49WS633090,0,22,22
SPKWF49WS633095,0,18,18
SPKWF49WS639085,0,34,34
SPKWF49WS639090,0,18,18
SPKWF49WS639095,0,8,8
SPKWF49WS641085,0,18,18
SPKWF49WS641090,0,28,28
SPKWF49WS641095,0,18,18
SPKWF49WS685085,0,28,28
SPKWF49WS685090,0,32,32
SPKWF49WS685095,0,20,20
SPKWF49WS688085,0,20,20
SPKWF49WS688090,0,18,18
SPKWF49WS688095,0,16,16
SPKWF4TC0119090,0,86,86
SPKWF4TC0119095,0,36,36
SPKWF4TC0119100,0,26,26
SPKWF4TC0119105,0,6,6
SPKWF4TC0135090,0,282,282
SPKWF4TC0135095,0,232,232
SPKWF4TC0135100,0,44,44
SPKWF4TC0135105,0,6,6
SPKWF4TC0139090,0,170,170
SPKWF4TC0139095,0,92,92
SPKWF4TC0139100,0,120,120
SPKWF4TC0139105,0,30,30
SPKWF4TC0150090,0,132,132
SPKWF4TC0150095,0,64,64
SPKWF4TC0150100,0,32,32
SPKWF4TC0150105,0,18,18
SPKWF4TC01BM090,0,46,46
SPKWF4TC01BM095,0,44,44
SPKWF4TC01BM100,0,38,38
SPKWF4TC01BM105,0,16,16
SPKWF4TC01RB090,0,84,84
SPKWF4TC01RB095,0,102,102
SPKWF4TC01RB100,0,54,54
SPKWF4TC01RB105,0,32,32
SPKWF4TC0219090,0,34,34
SPKWF4TC0219095,0,60,60
SPKWF4TC0219100,0,64,64
SPKWF4TC0219105,0,14,14
SPKWF4TC0235090,0,86,86
SPKWF4TC0235095,0,80,80
SPKWF4TC0235100,0,46,46
SPKWF4TC0235105,0,10,10
SPKWF4TC0239090,0,38,38
SPKWF4TC0239095,0,46,46
SPKWF4TC0239100,0,58,58
SPKWF4TC0239105,0,10,10
SPKWF4TC0250090,0,148,148
SPKWF4TC0250095,0,108,108
SPKWF4TC0250100,0,80,80
SPKWF4TC0250105,0,12,12
SPKWF4TC0259090,0,36,36
SPKWF4TC0259095,0,52,52
SPKWF4TC0259100,0,16,16
SPKWF4TC0259105,0,12,12
SPKWF4TC0273090,0,18,18
SPKWF4TC0273095,0,32,32
SPKWF4TC0273100,0,32,32
SPKWF4TC0273105,0,14,14
SPKWF4TC0285090,0,156,156
SPKWF4TC0285095,0,116,116
SPKWF4TC0285100,0,80,80
SPKWF4TC0285105,0,16,16
SPKWF4TC02B1090,0,32,32
SPKWF4TC02B1095,0,52,52
SPKWF4TC02B1100,0,42,42
SPKWF4TC02B1105,0,6,6
SPKWF4TG0126085,0,46,46
SPKWF4TG0126090,0,22,22
SPKWF4TG0126095,0,30,30
SPKWF4TG0131085,0,528,528
SPKWF4TG0131090,0,504,504
SPKWF4TG0131095,0,470,470
SPKWF4TG0133085,0,128,128
SPKWF4TG0133090,0,76,76
SPKWF4TG0133095,0,96,96
SPKWF4TG0139085,0,92,92
SPKWF4TG0139090,0,74,74
SPKWF4TG0139095,0,60,60
SPKWF4TG0151085,0,188,188
SPKWF4TG0151090,0,258,258
SPKWF4TG0151095,0,70,70
SPKWF4TG0184085,0,72,72
SPKWF4TG0184090,0,70,70
SPKWF4TG0184095,0,34,34
SPKWF4TG01BV085,0,96,96
SPKWF4TG01BV090,0,74,74
SPKWF4TG01BV095,0,54,54
SPKWF4TG0220085,0,2,2
SPKWF4TG0239085,0,4,4
SPKWF4TG0259090,0,10,10
SPKWF4TG0259095,0,2,2
SPKWF4TG0279085,0,4,4
SPKWF4TG0279090,0,2,2
SPKWF4TG0279095,0,4,4
SPKWF4TG02AC085,0,2,2
SPKWF4TG02AC090,0,2,2
SPKWF4TKU133110,0,32,32
SPKWF4TKU133120,0,22,22
SPKWF4TKU133130,0,36,36
SPKWF4TKU133140,0,32,32
SPKWF4TKU133150,0,36,36
SPKWF4TKU133160,0,12,12
SPKWF4TKU139110,0,24,24
SPKWF4TKU139120,0,16,16
SPKWF4TKU139130,0,44,44
SPKWF4TKU139140,0,52,52
SPKWF4TKU139150,0,36,36
SPKWF4TKU139160,0,28,28
SPKWF4TKU159110,0,74,74
SPKWF4TKU159120,0,48,48
SPKWF4TKU159130,0,74,74
SPKWF4TKU159140,0,124,124
SPKWF4TKU159150,0,118,118
SPKWF4TKU159160,0,18,18
SPKWF4TKU162110,0,48,48
SPKWF4TKU162120,0,32,32
SPKWF4TKU162130,0,74,74
SPKWF4TKU162140,0,94,94
SPKWF4TKU162150,0,100,100
SPKWF4TKU162160,0,46,46
SPKWF4TKU173110,0,104,104
SPKWF4TKU173120,0,72,72
SPKWF4TKU173130,0,116,116
SPKWF4TKU173140,0,222,222
SPKWF4TKU173150,0,152,152
SPKWF4TKU173160,0,64,64
SPKWF4TKU250110,0,52,52
SPKWF4TKU250120,0,16,16
SPKWF4TKU250130,0,10,10
SPKWF4TKU250140,0,8,8
SPKWF4TKU250150,0,20,20
SPKWF4TKU250160,0,10,10
SPKWF4TKU262110,0,48,48
SPKWF4TKU262120,0,26,26
SPKWF4TKU262130,0,40,40
SPKWF4TKU262140,0,76,76
SPKWF4TKU262150,0,78,78
SPKWF4TKU262160,0,38,38
SPKWF4TKU459110,0,114,114
SPKWF4TKU459120,0,60,60
SPKWF4TKU459130,0,110,110
SPKWF4TKU459140,0,78,78
SPKWF4TKU459150,0,52,52
SPKWF4TKU459160,0,48,48
SPKWF4TKU473110,0,142,142
SPKWF4TKU473120,0,162,162
SPKWF4TKU473130,0,166,166
SPKWF4TKU473140,0,210,210
SPKWF4TKU473150,0,106,106
SPKWF4TKU473160,0,40,40
SPKWF4TM0119095,0,80,80
SPKWF4TM0119100,0,20,20
SPKWF4TM0119105,0,14,14
SPKWF4TM0133095,0,40,40
SPKWF4TM0133100,0,30,30
SPKWF4TM0133105,0,34,34
SPKWF4TM0133110,0,20,20
SPKWF4TM0150095,0,44,44
SPKWF4TM0150100,0,40,40
SPKWF4TM0150105,0,68,68
SPKWF4TM0150110,0,52,52
SPKWF4TM0179095,0,8,8
SPKWF4TM0179100,0,32,32
SPKWF4TM0179105,0,16,16
SPKWF4TM0179110,0,10,10
SPKWF4TM01AC095,0,4,4
SPKWF4TM01AC100,0,6,6
SPKWF4TM01AC105,0,28,28
SPKWF4TM01AC110,0,2,2
SPKWF4TM0219095,0,102,102
SPKWF4TM0219100,0,58,58
SPKWF4TM0219105,0,40,40
SPKWF4TM0219110,0,6,6
SPKWF4TM0233095,0,52,52
SPKWF4TM0233100,0,68,68
SPKWF4TM0233105,0,26,26
SPKWF4TM0233110,0,30,30
SPKWF4TM0249095,0,92,92
SPKWF4TM0249100,0,52,52
SPKWF4TM0249105,0,22,22
SPKWF4TM0249110,0,6,6
SPKWF4TM0259095,0,98,98
SPKWF4TM0259100,0,72,72
SPKWF4TM0259105,0,22,22
SPKWF4TM0259110,0,8,8
SPKWF4TM0333095,0,14,14
SPKWF4TM0333100,0,32,32
SPKWF4TM0333105,0,30,30
SPKWF4TM0333110,0,6,6
SPKWF4TM0339095,0,36,36
SPKWF4TM0339100,0,42,42
SPKWF4TM0339105,0,46,46
SPKWF4TM0339110,0,8,8
SPKWF4TM0359095,0,8,8
SPKWF4TM0359100,0,4,4
SPKWF4TM0359105,0,2,2
SPKWF4TM0359110,0,4,4
SPKWF4TM03AC095,0,4,4
SPKWF4TM03AC100,0,2,2
SPKWF4TM03AC105,0,4,4
SPKWF4TM03AF095,0,70,70
SPKWF4TM03AF100,0,68,68
SPKWF4TM03AF105,0,44,44
SPKWF4TM03AF110,0,6,6
SPKWF4TM03BV095,0,14,14
SPKWF4TM03BV100,0,18,18
SPKWF4TM03BV105,0,6,6
SPKWF4TM03BV110,0,2,2
SPKWF4TM0519095,0,30,30
SPKWF4TM0519100,0,20,20
SPKWF4TM0519105,0,28,28
SPKWF4TM0519110,0,2,2
SPKWF4TM0535095,0,40,40
SPKWF4TM0535100,0,46,46
SPKWF4TM0535105,0,38,38
SPKWF4TM0535110,0,6,6
SPKWF4TM0633090,0,4,4
SPKWF4TM0633095,0,2,2
SPKWF4TM0633105,0,2,2
SPKWF4TM0650090,0,8,8
SPKWF4TM0650095,0,18,18
SPKWF4TM0650100,0,28,28
SPKWF4TM0650105,0,2,2
SPKWF4TM0650110,0,6,6
SPKWF4TM0680095,0,20,20
SPKWF4TM0680100,0,22,22
SPKWF4TM0680105,0,10,10
SPKWF4TM0685090,0,2,2
SPKWF4TM0685095,0,2,2
SPKWF4TU0115090,0,28,28
SPKWF4TU0115095,0,58,58
SPKWF4TU0115100,0,48,48
SPKWF4TU0115105,0,4,4
SPKWF4TU0160090,0,12,12
SPKWF4TU0160095,0,58,58
SPKWF4TU0160100,0,10,10
SPKWF4TU0160105,0,6,6
SPKWF4TW0126085,0,10,10
SPKWF4TW0126090,0,8,8
SPKWF4TW0126095,0,6,6
SPKWF4TW0131085,0,22,22
SPKWF4TW0131090,0,14,14
SPKWF4TW0131095,0,12,12
SPKWF4TW0133085,0,4,4
SPKWF4TW0133090,0,2,2
SPKWF4TW0139085,0,24,24
SPKWF4TW0139090,0,8,8
SPKWF4TW0139095,0,2,2
SPKWF4TW0151085,0,8,8
SPKWF4TW0151090,0,4,4
SPKWF4TW0151095,0,4,4
SPKWF4TW0185085,0,4,4
SPKWF4TW0185095,0,4,4
SPKWF4TW0419085,0,202,202
SPKWF4TW0419090,0,262,262
SPKWF4TW0419095,0,84,84
SPKWF4TW0439085,0,174,174
SPKWF4TW0439090,0,336,336
SPKWF4TW0439095,0,82,82
SPKWF4TW0473085,0,48,48
SPKWF4TW0473090,0,132,132
SPKWF4TW0473095,0,70,70
SPKWF4TW04AC085,0,18,18
SPKWF4TW04AC090,0,80,80
SPKWF4TW04AC095,0,18,18
SPKWF4TW0551085,0,22,22
SPKWF4TW0551090,0,24,24
SPKWF4TW0551095,0,4,4
SPKWF4TW0559085,0,188,188
SPKWF4TW0559090,0,258,258
SPKWF4TW0559095,0,170,170
SPKWF4TW0585085,0,242,242
SPKWF4TW0585090,0,262,262
SPKWF4TW0585095,0,172,172
SPKWF4TW0599085,0,10,10
SPKWF4TW0599090,0,16,16
SPKWF4TW0599095,0,4,4
SPKWF4TW9160999,0,34,34
SPKWF4TW9184999,0,32,32
SPKWF4VC9015100,0,12,12
SPKWF4VC9050095,0,6,6
SPKWF4VC9050100,0,20,20
SPKWF4VC9085100,0,18,18
SPKWF4VC9185999,0,26,26
SPKWF4VC91BV999,0,22,22
SPKWF4VC9215999,0,4,4
SPKWF4VC9285999,0,6,6
SPKWF4VC9385999,0,2,2
SPKWF4VC9511100,0,4,4
SPKWF4VC9560100,0,18,18
SPKWF4VGY115085,0,104,104
SPKWF4VGY115090,0,68,68
SPKWF4VGY115095,0,34,34
SPKWF4VGY120085,0,196,196
SPKWF4VGY120090,0,166,166
SPKWF4VGY120095,0,96,96
SPKWF4VGY164085,0,82,82
SPKWF4VGY164090,0,56,56
SPKWF4VGY164095,0,40,40
SPKWG11C0119090,0,124,124
SPKWG11C0119095,0,170,170
SPKWG11C0119100,0,116,116
SPKWG11C0119105,0,48,48
SPKWG11C0135090,0,36,36
SPKWG11C0135095,0,76,76
SPKWG11C0135100,0,22,22
SPKWG11C0135105,0,34,34
SPKWG11C0139090,0,108,108
SPKWG11C0139095,0,112,112
SPKWG11C0139100,0,156,156
SPKWG11C0139105,0,290,290
SPKWG11C0151090,0,510,510
SPKWG11C0151095,0,478,478
SPKWG11C0151100,0,300,300
SPKWG11C0163090,0,250,250
SPKWG11C0163095,0,696,696
SPKWG11C0163100,0,466,466
SPKWG11C0163105,0,332,332
SPKWG11C0219090,0,374,374
SPKWG11C0219095,0,490,490
SPKWG11C0219100,0,512,512
SPKWG11C0219105,0,228,228
SPKWG11C0285090,0,1004,1004
SPKWG11C0285095,0,778,778
SPKWG11C0285100,0,874,874
SPKWG11C0285105,0,196,196
SPKWG11C02AC090,0,292,292
SPKWG11C02AC095,0,512,512
SPKWG11C02AC100,0,668,668
SPKWG11C02AC105,0,288,288
SPKWG11C0319090,0,186,186
SPKWG11C0319095,0,226,226
SPKWG11C0319100,0,202,202
SPKWG11C0319105,0,84,84
SPKWG11C0335090,0,106,106
SPKWG11C0335095,0,192,192
SPKWG11C0335100,0,94,94
SPKWG11C0335105,0,32,32
SPKWG11C0339090,0,16,16
SPKWG11C0339095,0,22,22
SPKWG11C0339100,0,18,18
SPKWG11C0339105,0,14,14
SPKWG11C0359090,0,164,164
SPKWG11C0359095,0,202,202
SPKWG11C0359100,0,198,198
SPKWG11C0359105,0,92,92
SPKWG11C0385090,0,118,118
SPKWG11C0385095,0,106,106
SPKWG11C0385100,0,76,76
SPKWG11C0385105,0,24,24
SPKWG11C5159090,0,400,400
SPKWG11C5159095,0,326,326
SPKWG11C5159100,0,218,218
SPKWG11C5159105,0,202,202
SPKWG11C5185090,0,246,246
SPKWG11C5185095,0,88,88
SPKWG11C5185100,0,52,52
SPKWG11C5185105,0,50,50
SPKWG11C9015999,0,4,4
SPKWG11C9019999,0,4,4
SPKWG11C9085999,0,18,18
SPKWG11C9119999,0,16,16
SPKWG11C9133999,0,14,14
SPKWG11C9179999,0,10,10
SPKWG11C9185999,0,6,6
SPKWG11G0126085,0,484,484
SPKWG11G0126090,0,454,454
SPKWG11G0126095,0,436,436
SPKWG11G0126100,0,82,82
SPKWG11G0131085,0,154,154
SPKWG11G0131090,0,208,208
SPKWG11G0131095,0,234,234
SPKWG11G0131100,0,66,66
SPKWG11G0133085,0,106,106
SPKWG11G0133090,0,108,108
SPKWG11G0133095,0,152,152
SPKWG11G0133100,0,12,12
SPKWG11G0139085,0,334,334
SPKWG11G0139090,0,452,452
SPKWG11G0139095,0,504,504
SPKWG11G0139100,0,122,122
SPKWG11G0179085,0,918,918
SPKWG11G0179090,0,896,896
SPKWG11G0179095,0,890,890
SPKWG11G0179100,0,156,156
SPKWG11G0185085,0,1118,1118
SPKWG11G0185090,0,1170,1170
SPKWG11G0185095,0,1290,1290
SPKWG11G0185100,0,246,246
SPKWG11G9120999,0,84,84
SPKWG11G9160999,0,80,80
SPKWG11KU125110,0,112,112
SPKWG11KU125120,0,80,80
SPKWG11KU125130,0,168,168
SPKWG11KU125140,0,210,210
SPKWG11KU125150,0,226,226
SPKWG11KU125160,0,180,180
SPKWG11KU133110,0,130,130
SPKWG11KU133120,0,130,130
SPKWG11KU133130,0,190,190
SPKWG11KU133140,0,270,270
SPKWG11KU133150,0,176,176
SPKWG11KU133160,0,218,218
SPKWG11KU139110,0,126,126
SPKWG11KU139120,0,112,112
SPKWG11KU139130,0,188,188
SPKWG11KU139140,0,288,288
SPKWG11KU139150,0,214,214
SPKWG11KU139160,0,216,216
SPKWG11KU1BV110,0,168,168
SPKWG11KU1BV120,0,168,168
SPKWG11KU1BV130,0,272,272
SPKWG11KU1BV140,0,374,374
SPKWG11KU1BV150,0,346,346
SPKWG11KU1BV160,0,256,256
SPKWG11KU239120,0,78,78
SPKWG11KU239130,0,28,28
SPKWG11KU239140,0,78,78
SPKWG11KU239150,0,148,148
SPKWG11KU239160,0,48,48
SPKWG11KU259120,0,32,32
SPKWG11KU259130,0,44,44
SPKWG11KU259140,0,112,112
SPKWG11KU259150,0,124,124
SPKWG11KU259160,0,124,124
SPKWG11KU951110,0,114,114
SPKWG11KU951120,0,160,160
SPKWG11KU951130,0,224,224
SPKWG11KU951140,0,266,266
SPKWG11KU951150,0,264,264
SPKWG11KU951160,0,194,194
SPKWG11KU976110,0,94,94
SPKWG11KU976120,0,92,92
SPKWG11KU976130,0,190,190
SPKWG11KU976140,0,260,260
SPKWG11KU976150,0,318,318
SPKWG11KU976160,0,204,204
SPKWG11KU985110,0,116,116
SPKWG11KU985120,0,112,112
SPKWG11KU985130,0,220,220
SPKWG11KU985140,0,366,366
SPKWG11KU985150,0,354,354
SPKWG11KU985160,0,214,214
SPKWG11M0115095,0,58,58
SPKWG11M0115100,0,36,36
SPKWG11M0115105,0,52,52
SPKWG11M0115110,0,44,44
SPKWG11M0135095,0,124,124
SPKWG11M0135100,0,140,140
SPKWG11M0135105,0,144,144
SPKWG11M0135110,0,132,132
SPKWG11M0159095,0,16,16
SPKWG11M0159100,0,36,36
SPKWG11M0159105,0,42,42
SPKWG11M0159110,0,30,30
SPKWG11M0233095,0,372,372
SPKWG11M0233100,0,122,122
SPKWG11M0233105,0,66,66
SPKWG11M0233110,0,70,70
SPKWG11M0251095,0,1046,1046
SPKWG11M0251100,0,802,802
SPKWG11M0251105,0,290,290
SPKWG11M0251110,0,216,216
SPKWG11M0260095,0,1082,1082
SPKWG11M0260100,0,306,306
SPKWG11M0260105,0,202,202
SPKWG11M0260110,0,120,120
SPKWG11W9019999,0,22,22
SPKWG11W9025999,0,32,32
SPKWG11W9039999,0,28,28
SPKWG12C5020090,0,46,46
SPKWG12C5020095,0,72,72
SPKWG12C5020100,0,70,70
SPKWG12C5020105,0,70,70
SPKWG12C5039090,0,60,60
SPKWG12C5039095,0,42,42
SPKWG12C5039100,0,30,30
SPKWG12C5039105,0,40,40
SPKWG12C5040090,0,56,56
SPKWG12C5040095,0,56,56
SPKWG12C5040100,0,132,132
SPKWG12C5040105,0,66,66
SPKWG12C5050090,0,34,34
SPKWG12C5050095,0,30,30
SPKWG12C5050100,0,40,40
SPKWG12C5050105,0,42,42
SPKWG12C5059090,0,46,46
SPKWG12C5059095,0,58,58
SPKWG12C5059100,0,42,42
SPKWG12C5059105,0,44,44
SPKWG12C5085090,0,6,6
SPKWG12C5085095,0,4,4
SPKWG12C5085100,0,4,4
SPKWG12C5085105,0,12,12
SPKWG12C5159090,0,16,16
SPKWG12C5159095,0,18,18
SPKWG12C5159100,0,20,20
SPKWG12C5159105,0,6,6
SPKWG12C5185090,0,26,26
SPKWG12C5185095,0,2,2
SPKWG12C5185100,0,12,12
SPKWG12C5185105,0,6,6
SPKWG12G0220085,0,90,90
SPKWG12G0220090,0,82,82
SPKWG12G0220095,0,76,76
SPKWG12G0239085,0,172,172
SPKWG12G0239090,0,80,80
SPKWG12G0239095,0,54,54
SPKWG12G0259085,0,66,66
SPKWG12G0259090,0,56,56
SPKWG12G0259095,0,34,34
SPKWG12G0286085,0,86,86
SPKWG12G0286090,0,74,74
SPKWG12G0286095,0,42,42
SPKWG12G02AC085,0,60,60
SPKWG12G02AC090,0,54,54
SPKWG12G02AC095,0,50,50
SPKWG12G5031085,0,40,40
SPKWG12G5031090,0,36,36
SPKWG12G5031095,0,60,60
SPKWG12G5039085,0,18,18
SPKWG12G5039090,0,12,12
SPKWG12G5039095,0,10,10
SPKWG12G5059095,0,16,16
SPKWG12G9119999,0,18,18
SPKWG12G9239999,0,2,2
SPKWG12GY039085,0,6,6
SPKWG12GY039090,0,6,6
SPKWG12GY039095,0,20,20
SPKWG12GY059085,0,44,44
SPKWG12GY059090,0,22,22
SPKWG12GY059095,0,30,30
SPKWG12GY151085,0,18,18
SPKWG12GY151090,0,4,4
SPKWG12GY151095,0,10,10
SPKWG12GY164085,0,16,16
SPKWG12GY164090,0,14,14
SPKWG12GY164095,0,16,16
SPKWG12M0219095,0,8,8
SPKWG12M0219105,0,4,4
SPKWG12M0219110,0,12,12
SPKWG12M0251095,0,10,10
SPKWG12M0251100,0,20,20
SPKWG12M0251105,0,2,2
SPKWG12M0251110,0,2,2
SPKWG12M0264095,0,2,2
SPKWG12M0264100,0,8,8
SPKWG12M02AC095,0,2,2
SPKWG12M02AC105,0,2,2
SPKWG12M0335100,0,6,6
SPKWG12M0335105,0,18,18
SPKWG12M0360100,0,2,2
SPKWG12M0360105,0,4,4
SPKWG12W0419085,0,28,28
SPKWG12W0419090,0,20,20
SPKWG12W0419095,0,16,16
SPKWG12W0439085,0,2,2
SPKWG12W0473085,0,92,92
SPKWG12W0473090,0,32,32
SPKWG12W0473095,0,38,38
SPKWG12W04AC085,0,210,210
SPKWG12W04AC090,0,208,208
SPKWG12W04AC095,0,124,124
SPKWG12W0579085,0,158,158
SPKWG12W0579090,0,118,118
SPKWG12W0579095,0,104,104
SPKWG12W0585085,0,86,86
SPKWG12W0585090,0,128,128
SPKWG12W0585095,0,46,46
SPKWG12W9015999,0,14,14
SPKWG12W9039999,0,26,26
SPKWG12W9219999,0,2,2
SPKWG12W9315999,0,2,2
SPKWG23C9060999,0,2,2
SPKWG23G0119085,0,4,4
SPKWG23G0119095,0,6,6
SPKWG23G0133090,0,4,4
SPKWG23G0133095,0,6,6
SPKWG23G01AC090,0,2,2
SPKWG23G01AC095,0,2,2
SPKWG23G0219090,0,2,2
SPKWG23G0219095,0,2,2
SPKWG23G02AC090,0,2,2
SPKWG23G0319085,0,16,16
SPKWG23G0319090,0,14,14
SPKWG23G0319095,0,14,14
SPKWG23G0379085,0,2,2
SPKWG23G0379095,0,6,6
SPKWG23M2117105,0,2,2
SPKWG23M2119105,0,2,2
SPKWG23M2139105,0,2,2
SPKWG23M2150105,0,2,2
SPKWG23M2159105,0,2,2
SPKWG23M2185105,0,2,2
SPKWG23W0119085,0,8,8
SPKWG23W0119090,0,4,4
SPKWG23W0119100,0,2,2
SPKWG23W0135085,0,76,76
SPKWG23W0135090,0,72,72
SPKWG23W0135095,0,56,56
SPKWG23W0139085,0,18,18
SPKWG23W0139090,0,14,14
SPKWG23W0139095,0,6,6
SPKWG23W0185085,0,92,92
SPKWG23W0185090,0,130,130
SPKWG23W0185095,0,82,82
SPKWG23W0225085,0,30,30
SPKWG23W0225090,0,20,20
SPKWG23W0225095,0,22,22
SPKWG23W0239085,0,16,16
SPKWG23W0239090,0,2,2
SPKWG23W0239095,0,30,30
SPKWG23W0239100,0,4,4
SPKWG23W0259085,0,4,4
SPKWG23W0259090,0,14,14
SPKWG23W0259095,0,8,8
SPKWG23W0259100,0,4,4
SPKWG23W0279085,0,18,18
SPKWG23W0279090,0,10,10
SPKWG23W0279095,0,6,6
SPKWG23W02AB085,0,6,6
SPKWG23W02AB090,0,12,12
SPKWG23W02AB095,0,24,24
SPKWG23W02AB100,0,6,6
SPKWG23W02AC090,0,12,12
SPKWG23W02AC095,0,8,8
SPKWG23W0319085,0,4,4
SPKWG23W0319090,0,10,10
SPKWG23W0319095,0,4,4
SPKWG23W0335095,0,4,4
SPKWG23W0339085,0,12,12
SPKWG23W0339090,0,4,4
SPKWG23W0339095,0,10,10
SPKWG23W0359085,0,6,6
SPKWG23W0359090,0,8,8
SPKWG23W0359095,0,4,4
SPKWG23W0379085,0,10,10
SPKWG23W0379090,0,4,4
SPKWG23W0379095,0,2,2
SPKWG23W0385085,0,24,24
SPKWG23W0385090,0,20,20
SPKWG23W0385095,0,24,24
SPKWG23W2015085,0,2,2
SPKWG23W2019085,0,2,2
SPKWG23W2026085,0,2,2
SPKWG23W2026090,0,6,6
SPKWG23W2028085,0,2,2
SPKWG23W2035085,0,2,2
SPKWG23W2039085,0,4,4
SPKWG23W2059085,0,2,2
SPKWG23W2075085,0,2,2
SPKWG23W2085085,0,2,2
SPKWG23WS119090,0,2,2
SPKWG23WS185095,0,2,2
SPKWG23WS233095,0,2,2
SPKWG23WS285090,0,2,2
SPKWG24G0139090,0,60,60
SPKWG24G0139095,0,94,94
SPKWG24G0139100,0,50,50
SPKWG24G0159085,0,2,2
SPKWG24G0159090,0,58,58
SPKWG24G0159095,0,58,58
SPKWG24G0159100,0,62,62
SPKWG24G0159105,0,4,4
SPKWG24G0176090,0,20,20
SPKWG24G0219085,0,2,2
SPKWG24G0233085,0,2,2
SPKWG24G0239085,0,2,2
SPKWG24G0239095,0,2,2
SPKWG24KU126110,0,14,14
SPKWG24KU126120,0,20,20
SPKWG24KU126130,0,12,12
SPKWG24KU126140,0,10,10
SPKWG24KU126150,0,14,14
SPKWG24KU126160,0,8,8
SPKWG24KU130110,0,16,16
SPKWG24KU130120,0,20,20
SPKWG24KU130130,0,14,14
SPKWG24KU130140,0,12,12
SPKWG24KU130150,0,12,12
SPKWG24KU130160,0,12,12
SPKWG24KU139110,0,16,16
SPKWG24KU139120,0,20,20
SPKWG24KU139130,0,10,10
SPKWG24KU139140,0,18,18
SPKWG24KU139150,0,10,10
SPKWG24KU139160,0,20,20
SPKWG24KU151110,0,16,16
SPKWG24KU151120,0,18,18
SPKWG24KU151130,0,16,16
SPKWG24KU151140,0,14,14
SPKWG24KU151150,0,16,16
SPKWG24KU151160,0,20,20
SPKWG25G0120085,0,2,2
SPKWG25G0120090,0,2,2
SPKWG25G0139090,0,60,60
SPKWG25G0139100,0,2,2
SPKWG25G0159085,0,2,2
SPKWG25G0185095,0,4,4
SPKWG25M0119095,0,2,2
SPKWG25M0119100,0,2,2
SPKWG25M0119105,0,2,2
SPKWG25M0119110,0,2,2
SPKWG25M0158105,0,2,2
SPKWG25M0158110,0,4,4
SPKWG25M0186095,0,4,4
SPKWG25M0219105,0,2,2
SPKWG25M0259105,0,2,2
SPKWG25M0264110,0,2,2
SPKWG25M0286105,0,2,2
SPKWG25M0335110,0,8,8
SPKWG25M0419105,0,10,10
SPKWG25M0425100,0,58,58
SPKWG25M0425105,0,2,2
SPKWG25M0435095,0,6,6
SPKWG25M0435100,0,124,124
SPKWG25M0435105,0,114,114
SPKWG25M0459100,0,322,322
SPKWG25M0459105,0,302,302
SPKWG25M0459110,0,176,176
SPKWG25M0519100,0,2,2
SPKWG25M0564105,0,2,2
SPKWG25W9020999,0,2,2
SPKWG25W9059999,0,2,2
SPKWG25W9136999,0,2,2
SPKWG25W9279999,0,2,2
SPKWG37G0119085,0,4,4
SPKWG37G0119090,0,172,172
SPKWG37G0119095,0,154,154
SPKWG37G0119100,0,184,184
SPKWG37G0159090,0,318,318
SPKWG37G0159095,0,168,168
SPKWG37G0159100,0,72,72
SPKWG37G0175085,0,42,42
SPKWG37G0175095,0,188,188
SPKWG37G01AC085,0,80,80
SPKWG37G01AC090,0,254,254
SPKWG37G01AC095,0,86,86
SPKWG37G01AC100,0,156,156
SPKWG37M0435105,0,2,2
SPKWG37W0119085,0,2,2
SPKWG37W0160085,0,4,4
SPKWG37W0160090,0,2,2
SPKWG37W0533090,0,10,10
SPKWG37W0559095,0,2,2
SPKWG37W0559100,0,24,24
SPKWG37W05AC085,0,6,6
SPKWG37W05AC090,0,4,4
SPKWG37W05AC095,0,6,6
SPKWG37W05AC100,0,4,4
SPKWG37W9233999,0,10,10
SPKWG37W9439999,0,2,2
SPKWG37WS233085,0,8,8
SPKWG37WS260085,0,2,2
SPKWG37WS260090,0,6,6
SPKWG37WS260095,0,6,6
SPKWG37WS285085,0,8,8
SPKWG37WS285095,0,6,6
SPKWG38G0131095,0,2,2
SPKWG38G0159090,0,2,2
SPKWG38G0176090,0,2,2
SPLAF49KG115120,0,2,2
SPLAF49KG115130,0,2,2
SPLAF49KG150120,0,2,2
SPLAF49KU162110,0,4,4
SPLAF49KU162120,0,2,2
SPLAF49KU162130,0,4,4
SPLAF49KU162140,0,2,2
SPLAF49KU185110,0,2,2
SPLAF49KU185120,0,2,2
SPLAF49KU185130,0,4,4
SPLAF4TU0185090,0,14,14
SPLAF4TU0185095,0,6,6
SPLAF4TU0185100,0,4,4
SPLAF4TU0185105,0,4,4
SPLAG12KU110130,0,2,2
SPLAG12KU110150,0,18,18
SPLAG12KU110160,0,44,44
SPLAG12KU119140,0,14,14
SPLAG12KU119150,0,8,8
SPLAG12KU119160,0,58,58
SPLAG12KU259140,0,12,12
SPLAG12KU259150,0,10,10
SPLAG12KU259160,0,46,46
SPLAG12KU2AC150,0,2,2
SPLAG12KU2AC160,0,40,40
SPLAG23KU119110,0,24,24
SPLAG23KU119120,0,26,26
SPLAG23KU119140,0,62,62
SPLAG23KU119150,0,70,70
SPLAG23KU119160,0,30,30
SPLAG23KU125110,0,38,38
SPLAG23KU125120,0,50,50
SPLAG23KU125130,0,56,56
SPLAG23KU125150,0,30,30
SPLAG23KU125160,0,28,28
SPLAG23KU150110,0,30,30
SPLAG23KU150120,0,34,34
SPLAG23KU150130,0,62,62
SPLAG23KU150140,0,72,72
SPLAG23U0119105,0,2,2
SPLAG23U0419090,0,2,2
SPLAG23U0419095,0,8,8
SPLAG23U0419100,0,6,6
SPLAG23U0419105,0,4,4
SPLAG23U0475095,0,8,8
SPLAG23U0475105,0,4,4
SPLOE37A0217080,0,2,2
SPLOE37A0219070,0,2,2
SPLOE37A0317085,0,2,2
SPLOE37A0319085,0,2,2
SPLOE37A0319090,0,2,2
SPLOE37A0319095,0,4,4
SPLOE37A0517085,0,2,2
SPLOE37A0617080,0,4,4
SPLOE37A0617090,0,2,2
SPLOE4VA0117090,0,2,2
SPLOE4VA0119090,0,4,4
SPLOE4VA0135095,0,2,2
SPLOE4VA0139095,0,2,2
SPLOE4VA0319085,0,4,4
SPLOE4VA0319090,0,2,2
SPLOE4VA0335090,0,2,2
SPLOF37A1016090,0,2,2
SPLOF37A1016095,0,28,28
SPLOF37A1016105,0,2,2
SPLOF37A1026100,0,2,2
SPLOF37A1051100,0,2,2
SPLOF37A1051105,0,2,2
SPLOF37A1059095,0,2,2
SPLOF37A1059100,0,2,2
SPLOF4VA0115090,0,8,8
SPLOF4VA0115095,0,16,16
SPLOF4VA0115100,0,16,16
SPLOF4VA0115105,0,8,8
SPLOF4VA0119090,0,6,6
SPLOF4VA0119095,0,24,24
SPLOF4VA0119100,0,8,8
SPLOF4VA0119105,0,6,6
SPLOF4VA0135090,0,30,30
SPLOF4VA0135095,0,20,20
SPLOF4VA0135100,0,32,32
SPLOF4VA0135105,0,4,4
SPLOF4VA0139095,0,14,14
SPLOF4VA0139100,0,18,18
SPLOF4VA0139105,0,2,2
SPLOF4VA0151095,0,2,2
SPLOF4VA0151100,0,6,6
SPLOF4VA0215080,0,2,2
SPLOF4VA0219085,0,2,2
SPLOF4VA0235075,0,12,12
SPLOF4VA0235080,0,8,8
SPLOF4VA0235085,0,8,8
SPLOF4VA0235090,0,4,4
SPLOF4VA0239075,0,10,10
SPLOF4VA0239080,0,6,6
SPLOF4VA0239085,0,20,20
SPLOF4VA0239090,0,8,8
SPLOF4VA0251080,0,2,2
SPLOF4VA0251090,0,2,2
SPLOF4VA0319085,0,20,20
SPLOF4VA0319090,0,20,20
SPLOF4VA0335085,0,12,12
SPLOF4VA0335090,0,8,8
SPLOF4VA0339085,0,18,18
SPLOF4VA0339090,0,26,26
SPLOF4VA1002090,0,140,140
SPLOF4VA1002095,0,48,48
SPLOF4VA1002100,0,40,40
SPLOF4VA1002105,0,54,54
SPLOF4VA1002110,0,12,12
SPLOF4VA1015090,0,102,102
SPLOF4VA1015095,0,40,40
SPLOF4VA1015100,0,68,68
SPLOF4VA1015105,0,102,102
SPLOF4VA1015110,0,10,10
SPLOF4VA1059090,0,118,118
SPLOF4VA1059095,0,42,42
SPLOF4VA1059100,0,36,36
SPLOF4VA1059105,0,52,52
SPLOF4VA1059110,0,10,10
SPLOF4VA10AC090,0,218,218
SPLOF4VA10AC095,0,90,90
SPLOF4VA10AC100,0,72,72
SPLOF4VA10AC105,0,86,86
SPLOF4VA10AC110,0,20,20
SPLOFA9A0102095,0,168,168
SPLOFA9A0102100,0,204,204
SPLOFA9A0102105,0,158,158
SPLOFA9A0102110,0,66,66
SPLOFA9A0102120,0,58,58
SPLOFA9A0115095,0,94,94
SPLOFA9A0115100,0,46,46
SPLOFA9A0115105,0,54,54
SPLOFA9A0115110,0,38,38
SPLOFA9A0115120,0,82,82
SPLOFA9A0119095,0,16,16
SPLOFA9A0119100,0,14,14
SPLOFA9A0119105,0,14,14
SPLOFA9A0119110,0,10,10
SPLOFA9A0119120,0,10,10
SPLOFA9A0139095,0,40,40
SPLOFA9A0139100,0,36,36
SPLOFA9A0139105,0,76,76
SPLOFA9A0139110,0,34,34
SPLOFA9A0139120,0,36,36
SPLOFA9A0159095,0,4,4
SPLOFA9A0159100,0,12,12
SPLOFA9A0159105,0,10,10
SPLOFA9A0159110,0,8,8
SPLOFA9A0159120,0,6,6
SPLOFA9A0162095,0,50,50
SPLOFA9A0162100,0,42,42
SPLOFA9A0162105,0,64,64
SPLOFA9A0162110,0,36,36
SPLOFA9A0162120,0,40,40
SPLOFA9A0185095,0,24,24
SPLOFA9A0185100,0,28,28
SPLOFA9A0185105,0,30,30
SPLOFA9A0185110,0,10,10
SPLOFA9A0185120,0,20,20
SPLOFA9A0199095,0,28,28
SPLOFA9A0199100,0,22,22
SPLOFA9A0199105,0,32,32
SPLOFA9A0199110,0,16,16
SPLOFA9A0199120,0,36,36
SPLOFA9A01AC095,0,140,140
SPLOFA9A01AC100,0,216,216
SPLOFA9A01AC105,0,160,160
SPLOFA9A01AC110,0,52,52
SPLOFA9A01AC120,0,58,58
SPLOFA9A0240095,0,22,22
SPLOFA9A0240100,0,28,28
SPLOFA9A0240105,0,14,14
SPLOFA9A0240110,0,10,10
SPLOFA9A0240120,0,12,12
SPLOFA9A0259095,0,18,18
SPLOFA9A0259100,0,24,24
SPLOFA9A0259105,0,12,12
SPLOFA9A0259110,0,14,14
SPLOFA9A0259120,0,4,4
SPLOFA9A0351095,0,12,12
SPLOFA9A0351100,0,8,8
SPLOFA9A0351105,0,6,6
SPLOFA9A0351110,0,6,6
SPLOFA9A0351120,0,4,4
SPLOFA9A0359095,0,10,10
SPLOFA9A0359100,0,4,4
SPLOFA9A0359105,0,6,6
SPLOFA9A0359110,0,2,2
SPLOFA9A0359120,0,2,2
SPLOFA9A0426085,0,14,14
SPLOFA9A0426090,0,16,16
SPLOFA9A0426095,0,6,6
SPLOFA9A0426100,0,8,8
SPLOFA9A0430085,0,12,12
SPLOFA9A0430090,0,16,16
SPLOFA9A0430095,0,6,6
SPLOFA9A0430100,0,4,4
SPLOFA9A0451085,0,14,14
SPLOFA9A0451090,0,10,10
SPLOFA9A0451095,0,14,14
SPLOFA9A0451100,0,8,8
SPLOFA9A0459085,0,8,8
SPLOFA9A0459090,0,8,8
SPLOFA9A0459095,0,14,14
SPLOFA9A0459100,0,10,10
SPLOFA9A0616090,0,28,28
SPLOFA9A0616095,0,34,34
SPLOFA9A0616100,0,56,56
SPLOFA9A0616105,0,60,60
SPLOFA9A0626090,0,8,8
SPLOFA9A0626095,0,6,6
SPLOFA9A0626100,0,4,4
SPLOFA9A0626105,0,4,4
SPLOFA9A0631090,0,12,12
SPLOFA9A0631095,0,8,8
SPLOFA9A0651090,0,62,62
SPLOFA9A0651095,0,32,32
SPLOFA9A0651100,0,32,32
SPLOFA9A0651105,0,28,28
SPLOFA9A0716090,0,42,42
SPLOFA9A0716095,0,38,38
SPLOFA9A0716100,0,42,42
SPLOFA9A0716105,0,44,44
SPLOFA9A0726090,0,50,50
SPLOFA9A0726095,0,50,50
SPLOFA9A0726100,0,34,34
SPLOFA9A0726105,0,36,36
SPLOFA9A9159085,0,6,6
SPLOFA9A9159090,0,4,4
SPLOFA9KU150110,0,2,2
SPLOFA9KU150120,0,2,2
SPLOFA9KU150130,0,2,2
SPLOFA9KU159110,0,2,2
SPLOFA9KU159120,0,2,2
SPLOG24KU151120,0,2,2
SPLOG24KU151140,0,2,2
SPLOG37A0116090,0,4,4
SPLOG37A0116095,0,86,86
SPLOG37A0116100,0,6,6
SPLOG37A0116105,0,480,480
SPLOG37A0151095,0,14,14
SPLOG37A0351090,0,84,84
SPLOG37A0351095,0,16,16
SPLOG37A0359090,0,2,2
SPLOG37A0364085,0,2,2
SPLOG37A0531095,0,2,2
SPLOG37A0531100,0,2,2
SPLOG37A0531105,0,4,4
SPLOG37A0559100,0,2,2
SPLOG37A0639085,0,2,2
SPLOG37A0659085,0,2,2
SPLOG37G0110090,0,86,86
SPLOG37G0110095,0,10,10
SPLOG37G0110100,0,14,14
SPLOG37G0119090,0,28,28
SPLOG37G0119095,0,4,4
SPLOG37G01AC100,0,8,8
SPLOGA9A0426090,0,6,6
SPLOGA9A0426095,0,6,6
SPLOGA9A0426100,0,12,12
SPLOGA9A0426105,0,2,2
SPLOGA9A0431090,0,4,4
SPLOGA9A0431095,0,2,2
SPLOGA9KU125100,0,2,2
SPLOGA9KU125110,0,6,6
SPLOGA9KU125120,0,6,6
SPLOGA9KU125130,0,2,2
SPLOGA9KU125140,0,2,2
SPLOGA9KU125150,0,2,2
SPLOGA9KU130110,0,4,4
SPLOGA9KU130120,0,4,4
SPLOGA9KU130130,0,2,2
SPLOGA9KU130140,0,2,2
SPLOGA9KU175100,0,4,4
SPLOGA9KU175110,0,4,4
SPLOGA9KU175120,0,6,6
SPLOGA9KU175130,0,4,4
SPLOGA9KU175140,0,2,2
SPLOGA9KU1AC100,0,2,2
SPLOGA9KU1AC130,0,4,4
SPLOGA9KU1AC140,0,2,2
SPLOGA9KU220100,0,4,4
SPLOGA9KU220110,0,2,2
SPLOGA9KU220130,0,2,2
SPLOGA9KU225120,0,10,10
SPLOGA9KU225140,0,6,6
SPLOGA9KU226110,0,2,2
SPLOGA9KU375150,0,2,2
SPLOGA9KU410120,0,6,6
SPLOGA9KU440120,0,2,2
SPLSE23C7059095,0,2,2
SPLSE23C7059100,0,2,2
SPLSF23C9026999,0,4,4
SPLSF23C9059999,0,2,2
SPLSF38KU229110,0,22,22
SPLSF38KU229120,0,44,44
SPLSF38KU229130,0,48,48
SPLSF38KU229140,0,68,68
SPLSF38KU229150,0,66,66
SPLSF38KU229160,0,44,44
SPLSF38KU250110,0,22,22
SPLSF38KU250120,0,44,44
SPLSF38KU250130,0,44,44
SPLSF38KU250140,0,66,66
SPLSF38KU250150,0,66,66
SPLSF38KU250160,0,44,44
SPLSF38KU259110,0,50,50
SPLSF38KU259120,0,100,100
SPLSF38KU259130,0,102,102
SPLSF38KU259140,0,150,150
SPLSF38KU259150,0,152,152
SPLSF38KU259160,0,100,100
SPLSF38KU262110,0,16,16
SPLSF38KU262120,0,32,32
SPLSF38KU262130,0,32,32
SPLSF38KU262140,0,48,48
SPLSF38KU262150,0,48,48
SPLSF38KU262160,0,32,32
SPLSF49C0115090,0,96,96
SPLSF49C0115095,0,48,48
SPLSF49C0115100,0,40,40
SPLSF49C0115105,0,50,50
SPLSF49C0119090,0,260,260
SPLSF49C0119095,0,130,130
SPLSF49C0119100,0,88,88
SPLSF49C0119105,0,32,32
SPLSF49C0129090,0,66,66
SPLSF49C0129095,0,90,90
SPLSF49C0129100,0,64,64
SPLSF49C0129105,0,62,62
SPLSF49C0159090,0,94,94
SPLSF49C0159095,0,30,30
SPLSF49C0159100,0,16,16
SPLSF49C0159105,0,16,16
SPLSF49C0162090,0,230,230
SPLSF49C0162095,0,98,98
SPLSF49C0162100,0,94,94
SPLSF49C0162105,0,32,32
SPLSF49C0185090,0,8,8
SPLSF49C0185095,0,16,16
SPLSF49C0185100,0,12,12
SPLSF49C0185105,0,4,4
SPLSF49C0229090,0,2,2
SPLSF49C0229105,0,2,2
SPLSF49C0240090,0,48,48
SPLSF49C0240095,0,32,32
SPLSF49C0240100,0,6,6
SPLSF49C0240105,0,6,6
SPLSF49C0250999,0,30,30
SPLSF49C0259090,0,2,2
SPLSF49C0262090,0,4,4
SPLSF49C0262095,0,4,4
SPLSF49C0262100,0,24,24
SPLSF49C9050999,0,8,8
SPLSF49C9115999,0,20,20
SPLSF49C9119999,0,8,8
SPLSF49C9215999,0,22,22
SPLSF49C9249999,0,28,28
SPLSF49C9339999,0,4,4
SPLSF49C9359999,0,16,16
SPLSF49G9039999,0,10,10
SPLSF49G9085999,0,8,8
SPLSF49G9159999,0,22,22
SPLSF49G91AC999,0,18,18
SPLSF49KU162140,0,44,44
SPLSG12G0125090,0,4,4
SPLSG12G0125095,0,2,2
SPLSG12G0159090,0,12,12
SPLSG12G0159095,0,10,10
SPLSG12G0185085,0,2,2
SPLSG12G0185090,0,8,8
SPLSG12G0185095,0,8,8
SPLSG23C0319105,0,2,2
SPLSG23C0360105,0,2,2
SPLSG23C0385100,0,28,28
SPLSG23C0459090,0,24,24
SPLSG23C0459095,0,26,26
SPLSG23C0459100,0,30,30
SPLSG23C0459105,0,26,26
SPLSG23C0460090,0,24,24
SPLSG23C0460095,0,32,32
SPLSG23C0460100,0,36,36
SPLSG23C0460105,0,34,34
SPLSG23C0485090,0,22,22
SPLSG23C0485095,0,26,26
SPLSG23C0485100,0,36,36
SPLSG23C0485105,0,24,24
SPLSG23G9019999,0,2,2
SPLSG23G9039999,0,2,2
SPLSG23KU225140,0,2,2
SPLSG24KG950120,0,4,4
SPLSG24KG950130,0,12,12
SPLSG24KG950140,0,22,22
SPLSG24KG950150,0,22,22
SPLSG24KG9AC130,0,30,30
SPLSG24KG9AC140,0,16,16
SPLSG24KG9AC150,0,2,2
SPLSG24KG9AC160,0,8,8
SPLWE11KU139140,0,2,2
SPLWE23C6336090,0,8,8
SPLWE23C6336095,0,8,8
SPLWE23C6360090,0,6,6
SPLWE23C6360095,0,4,4
SPLWE23C6360100,0,2,2
SPLWE23C6360105,0,4,4
SPLWE23G0415085,0,2,2
SPLWE23G0419085,0,2,2
SPLWE23G0419095,0,2,2
SPLWE23G5110095,0,4,4
SPLWE23G5151085,0,2,2
SPLWE23G9819090,0,10,10
SPLWE23G9819095,0,12,12
SPLWE23G9839095,0,4,4
SPLWE23G9931085,0,4,4
SPLWE23G9931090,0,4,4
SPLWE23G9931095,0,4,4
SPLWE23G9949090,0,2,2
SPLWE23G9949095,0,2,2
SPLWE23KG325130,0,2,2
SPLWE23KG339130,0,2,2
SPLWE23KU150120,0,2,2
SPLWE23KU151120,0,2,2
SPLWE23KU250120,0,2,2
SPLWE23M1210110,0,2,2
SPLWE23M1260100,0,2,2
SPLWE49C0119095,0,2,2
SPLWE49G0119085,0,2,2
SPLWE49G0125085,0,4,4
SPLWE49G0125090,0,4,4
SPLWE49G0125095,0,4,4
SPLWE49G0139085,0,4,4
SPLWE49G0139090,0,2,2
SPLWE49G0152085,0,8,8
SPLWE49G0152090,0,4,4
SPLWE49G0152095,0,4,4
SPLWE49G0164085,0,4,4
SPLWE49G0164090,0,2,2
SPLWE49G0164095,0,4,4
SPLWE49G01AA085,0,6,6
SPLWE49G01AA090,0,2,2
SPLWE49G01AA095,0,2,2
SPLWE49G0219085,0,4,4
SPLWE49G0219090,0,4,4
SPLWE49G0239090,0,2,2
SPLWE49G0319085,0,4,4
SPLWE49G0319090,0,2,2
SPLWE49G0325085,0,10,10
SPLWE49G0325090,0,2,2
SPLWE49G0325095,0,6,6
SPLWE49G0349085,0,2,2
SPLWE49G0349090,0,4,4
SPLWE49G0349095,0,4,4
SPLWE49G0364090,0,2,2
SPLWE49G0385085,0,4,4
SPLWE49G0385090,0,4,4
SPLWE49G0395085,0,2,2
SPLWE49G0399085,0,6,6
SPLWE49G0399090,0,4,4
SPLWE49G0399095,0,4,4
SPLWE49G4019085,0,14,14
SPLWE49G4019090,0,8,8
SPLWE49G4019095,0,10,10
SPLWE49G4049095,0,4,4
SPLWE49G4085085,0,2,2
SPLWE49G4085090,0,2,2
SPLWE49G4085095,0,14,14
SPLWE49G4110085,0,2,2
SPLWE49G4119090,0,2,2
SPLWE49KU139110,0,2,2
SPLWE49KU139160,0,2,2
SPLWE49M0239105,0,2,2
SPLWE49M0319100,0,8,8
SPLWE49M0335095,0,4,4
SPLWE49M0335100,0,6,6
SPLWE49M0335105,0,6,6
SPLWE49M0339095,0,8,8
SPLWE49M0339105,0,2,2
SPLWE49M0339110,0,2,2
SPLWE49M0350095,0,12,12
SPLWE49M0350100,0,2,2
SPLWE49M0350105,0,4,4
SPLWE49M0350110,0,4,4
SPLWE49M03BS105,0,2,2
SPLWE49M03BS110,0,6,6
SPLWE49M03BU095,0,4,4
SPLWE49M03BU100,0,4,4
SPLWE49M03BU105,0,2,2
SPLWE49M03BU110,0,2,2
SPLWE49M0419105,0,2,2
SPLWE49M0419110,0,2,2
SPLWE4TG0316085,0,4,4
SPLWE4TG0316095,0,4,4
SPLWE4TG0325085,0,2,2
SPLWE4TG0325090,0,4,4
SPLWE4TG0325095,0,4,4
SPLWE4TG0333085,0,4,4
SPLWE4TG0333095,0,2,2
SPLWE4TG0339085,0,12,12
SPLWE4TG0339090,0,10,10
SPLWE4TG0339095,0,6,6
SPLWE4TG0349085,0,4,4
SPLWE4TG0349095,0,2,2
SPLWE4TG0351085,0,2,2
SPLWE4TG0351090,0,6,6
SPLWE4TG0351095,0,8,8
SPLWF12G0119085,0,10,10
SPLWF12G0119090,0,2,2
SPLWF12G0119095,0,4,4
SPLWF12G0139085,0,10,10
SPLWF12G0325085,0,2,2
SPLWF12G0360085,0,10,10
SPLWF23G0226085,0,10,10
SPLWF23G0226090,0,12,12
SPLWF23G0226095,0,2,2
SPLWF23G0284085,0,10,10
SPLWF23G0284090,0,6,6
SPLWF23G0284095,0,2,2
SPLWF23G0295085,0,4,4
SPLWF23G0295090,0,4,4
SPLWF23G0295095,0,10,10
SPLWF23G02AC085,0,4,4
SPLWF23G02AC090,0,6,6
SPLWF23G02AC095,0,2,2
SPLWF23KU119140,0,2,2
SPLWF23M0119100,0,4,4
SPLWF23M0119105,0,2,2
SPLWF23M0136100,0,8,8
SPLWF23M0136105,0,12,12
SPLWF23M0136110,0,12,12
SPLWF23M0150110,0,6,6
SPLWF23M0160105,0,4,4
SPLWF23M0160110,0,6,6
SPLWF23W0351090,0,2,2
SPLWF38KU162110,0,6,6
SPLWF38KU162150,0,6,6
SPLWF38KU185130,0,2,2
SPLWF38KU185150,0,2,2
SPLWF38KU185160,0,4,4
SPLWF49C0103090,0,4,4
SPLWF49C0103095,0,2,2
SPLWF49C0103100,0,4,4
SPLWF49C0103105,0,6,6
SPLWF49C0119090,0,12,12
SPLWF49C0119100,0,14,14
SPLWF49C0119105,0,2,2
SPLWF49C0139090,0,16,16
SPLWF49C0139095,0,12,12
SPLWF49C0139100,0,52,52
SPLWF49C0139105,0,36,36
SPLWF49C01AC090,0,22,22
SPLWF49C01AC095,0,4,4
SPLWF49C01AC100,0,32,32
SPLWF49C01AC105,0,16,16
SPLWF49C01BH090,0,2,2
SPLWF49C01BH095,0,4,4
SPLWF49C01BH100,0,10,10
SPLWF49C01DH090,0,6,6
SPLWF49C01DH100,0,6,6
SPLWF49C01DH105,0,2,2
SPLWF49C0319090,0,34,34
SPLWF49C0319095,0,18,18
SPLWF49C0319100,0,8,8
SPLWF49C0319105,0,10,10
SPLWF49C0333090,0,34,34
SPLWF49C0333095,0,28,28
SPLWF49C0333100,0,10,10
SPLWF49C0333105,0,10,10
SPLWF49C0339090,0,22,22
SPLWF49C0339095,0,22,22
SPLWF49C0339100,0,28,28
SPLWF49C0339105,0,8,8
SPLWF49C03AC090,0,8,8
SPLWF49C03AC095,0,8,8
SPLWF49C03AC100,0,18,18
SPLWF49C03AC105,0,14,14
SPLWF49C6010090,0,36,36
SPLWF49C6010095,0,36,36
SPLWF49C6010100,0,42,42
SPLWF49C6010105,0,52,52
SPLWF49C6059090,0,78,78
SPLWF49C6059095,0,96,96
SPLWF49C6059100,0,80,80
SPLWF49C6059105,0,80,80
SPLWF49G0119085,0,32,32
SPLWF49G0119090,0,32,32
SPLWF49G0119095,0,36,36
SPLWF49G0129085,0,2,2
SPLWF49G0139085,0,18,18
SPLWF49G0139090,0,16,16
SPLWF49G0139095,0,44,44
SPLWF49G0159085,0,4,4
SPLWF49G0195085,0,8,8
SPLWF49G0199085,0,16,16
SPLWF49G0199090,0,4,4
SPLWF49G0199095,0,4,4
SPLWF49G0219085,0,66,66
SPLWF49G0219090,0,72,72
SPLWF49G0219095,0,26,26
SPLWF49G0226085,0,40,40
SPLWF49G0226090,0,38,38
SPLWF49G0226095,0,22,22
SPLWF49G0229085,0,4,4
SPLWF49G0229090,0,6,6
SPLWF49G0229095,0,2,2
SPLWF49G0233085,0,4,4
SPLWF49G0233090,0,6,6
SPLWF49G0233095,0,4,4
SPLWF49G0239085,0,14,14
SPLWF49G0239090,0,8,8
SPLWF49G0239095,0,14,14
SPLWF49G0251085,0,222,222
SPLWF49G0251090,0,346,346
SPLWF49G0251095,0,220,220
SPLWF49G0259085,0,4,4
SPLWF49G0259090,0,6,6
SPLWF49G0259095,0,6,6
SPLWF49G0260085,0,10,10
SPLWF49G0260090,0,30,30
SPLWF49G0260095,0,28,28
SPLWF49G0284085,0,2,2
SPLWF49G0284090,0,12,12
SPLWF49G0284095,0,8,8
SPLWF49G0289085,0,6,6
SPLWF49G0289090,0,4,4
SPLWF49G0295085,0,4,4
SPLWF49G0295090,0,20,20
SPLWF49G0295095,0,22,22
SPLWF49G0299090,0,10,10
SPLWF49G0299095,0,14,14
SPLWF49G0419085,0,44,44
SPLWF49G0419090,0,12,12
SPLWF49G0419095,0,20,20
SPLWF49G0485085,0,32,32
SPLWF49G0485090,0,20,20
SPLWF49G0485095,0,8,8
SPLWF49G04AC085,0,92,92
SPLWF49G04AC090,0,12,12
SPLWF49G04AC095,0,20,20
SPLWF49G0539085,0,34,34
SPLWF49G0539090,0,40,40
SPLWF49G0539095,0,4,4
SPLWF49G05AC085,0,36,36
SPLWF49G05AC090,0,36,36
SPLWF49G05AC095,0,28,28
SPLWF49G05BU085,0,16,16
SPLWF49G05BU090,0,12,12
SPLWF49G05BU095,0,20,20
SPLWF49G0619085,0,34,34
SPLWF49G0619090,0,38,38
SPLWF49G0619095,0,50,50
SPLWF49G0639085,0,24,24
SPLWF49G0639090,0,14,14
SPLWF49G0660085,0,2,2
SPLWF49G0660090,0,4,4
SPLWF49G0660095,0,8,8
SPLWF49G1139085,0,246,246
SPLWF49G1139090,0,188,188
SPLWF49G1139095,0,148,148
SPLWF49G1151085,0,140,140
SPLWF49G1151090,0,230,230
SPLWF49G1151095,0,194,194
SPLWF49G1159085,0,150,150
SPLWF49G1159090,0,264,264
SPLWF49G1159095,0,182,182
SPLWF49G5115085,0,20,20
SPLWF49G5115090,0,10,10
SPLWF49G5115095,0,8,8
SPLWF49G5119085,0,24,24
SPLWF49G5119090,0,8,8
SPLWF49G5119095,0,14,14
SPLWF49G5149085,0,20,20
SPLWF49G5149090,0,4,4
SPLWF49G5149095,0,16,16
SPLWF49G5219999,0,6,6
SPLWF49G5239999,0,2,2
SPLWF49G5536085,0,42,42
SPLWF49G5536090,0,20,20
SPLWF49G5536095,0,36,36
SPLWF49G5560085,0,30,30
SPLWF49G5560090,0,28,28
SPLWF49G5560095,0,18,18
SPLWF49G5585085,0,52,52
SPLWF49G5585090,0,24,24
SPLWF49G5585095,0,20,20
SPLWF49G9016999,0,2,2
SPLWF49G9019999,0,2,2
SPLWF49G9039999,0,8,8
SPLWF49G9359999,0,34,34
SPLWF49G9385999,0,10,10
SPLWF49G93AC999,0,16,16
SPLWF49G9417999,0,26,26
SPLWF49G9464999,0,36,36
SPLWF49G94AC999,0,30,30
SPLWF49GY219085,0,56,56
SPLWF49GY219090,0,38,38
SPLWF49GY219095,0,20,20
SPLWF49GY239085,0,48,48
SPLWF49GY239090,0,22,22
SPLWF49GY239095,0,26,26
SPLWF49GY252085,0,150,150
SPLWF49GY252090,0,76,76
SPLWF49GY252095,0,34,34
SPLWF49GY285085,0,92,92
SPLWF49GY285090,0,82,82
SPLWF49GY285095,0,38,38
SPLWF49GY295085,0,4,4
SPLWF49GY295090,0,8,8
SPLWF49GY299085,0,2,2
SPLWF49GY2AC085,0,18,18
SPLWF49GY2AC090,0,10,10
SPLWF49GY2AC095,0,4,4
SPLWF49KU210130,0,2,2
SPLWF49KU299120,0,2,2
SPLWF49M0119095,0,22,22
SPLWF49M0119100,0,64,64
SPLWF49M0119105,0,54,54
SPLWF49M0119110,0,20,20
SPLWF49M0135095,0,318,318
SPLWF49M0135100,0,212,212
SPLWF49M0135105,0,180,180
SPLWF49M0135110,0,68,68
SPLWF49M0139095,0,50,50
SPLWF49M0139100,0,104,104
SPLWF49M0139105,0,70,70
SPLWF49M0139110,0,24,24
SPLWF49M0160095,0,116,116
SPLWF49M0160100,0,102,102
SPLWF49M0160105,0,74,74
SPLWF49M0160110,0,18,18
SPLWF49M0185095,0,100,100
SPLWF49M0185100,0,78,78
SPLWF49M0185105,0,86,86
SPLWF49M0185110,0,68,68
SPLWF49M01BS095,0,80,80
SPLWF49M01BS100,0,102,102
SPLWF49M01BS105,0,66,66
SPLWF49M01BS110,0,50,50
SPLWF49W0419085,0,20,20
SPLWF49W0419090,0,12,12
SPLWF49W0419095,0,2,2
SPLWF49W04AC085,0,16,16
SPLWF49W04AC090,0,18,18
SPLWF49W04AC095,0,4,4
SPLWF49W9016999,0,8,8
SPLWF49W9039999,0,2,2
SPLWF49W9519999,0,6,6
SPLWF49W9539999,0,4,4
SPLWF49W9560999,0,22,22
SPLWF4TC9010999,0,12,12
SPLWF4TC9060999,0,16,16
SPLWF4TC90AC999,0,24,24
SPLWF4TG0116085,0,622,622
SPLWF4TG0116090,0,618,618
SPLWF4TG0116095,0,558,558
SPLWF4TG0119085,0,556,556
SPLWF4TG0119090,0,598,598
SPLWF4TG0119095,0,246,246
SPLWF4TG0127085,0,148,148
SPLWF4TG0127090,0,124,124
SPLWF4TG0127095,0,88,88
SPLWF4TG0133085,0,144,144
SPLWF4TG0133090,0,284,284
SPLWF4TG0133095,0,228,228
SPLWF4TG0139085,0,618,618
SPLWF4TG0139090,0,432,432
SPLWF4TG0139095,0,312,312
SPLWF4TG0152085,0,104,104
SPLWF4TG0152090,0,192,192
SPLWF4TG0152095,0,100,100
SPLWF4TG0179085,0,30,30
SPLWF4TG0179090,0,34,34
SPLWF4TG0179095,0,26,26
SPLWF4TG0189085,0,210,210
SPLWF4TG0189090,0,336,336
SPLWF4TG0189095,0,128,128
SPLWF4TG01AC085,0,586,586
SPLWF4TG01AC090,0,528,528
SPLWF4TG01AC095,0,392,392
SPLWF4TG01AD085,0,362,362
SPLWF4TG01AD090,0,504,504
SPLWF4TG01AD095,0,322,322
SPLWF4TG01BS085,0,30,30
SPLWF4TG01BS090,0,64,64
SPLWF4TG01BS095,0,4,4
SPLWF4TG01CO085,0,196,196
SPLWF4TG01CO090,0,242,242
SPLWF4TG01CO095,0,198,198
SPLWF4TG5139085,0,26,26
SPLWF4TG5139090,0,20,20
SPLWF4TG5149085,0,84,84
SPLWF4TG5149090,0,32,32
SPLWF4TG5149095,0,20,20
SPLWF4TG9015999,0,4,4
SPLWF4TG9049999,0,16,16
SPLWF4TG9059999,0,8,8
SPLWF4TKU815120,0,4,4
SPLWF4TKU815160,0,4,4
SPLWF4TKU819160,0,4,4
SPLWF4TKU959130,0,8,8
SPLWF4TKU959140,0,10,10
SPLWF4TKU959150,0,4,4
SPLWF4TKU959160,0,10,10
SPLWF4TKU9AC140,0,6,6
SPLWF4TKU9AC150,0,2,2
SPLWG11G0119085,0,686,686
SPLWG11G0119090,0,1042,1042
SPLWG11G0119095,0,476,476
SPLWG11G0139085,0,616,616
SPLWG11G0139090,0,390,390
SPLWG11G0139095,0,188,188
SPLWG12C5015090,0,12,12
SPLWG12C5015095,0,60,60
SPLWG12C5015100,0,8,8
SPLWG12C5015105,0,10,10
SPLWG12C5040090,0,10,10
SPLWG12C5040095,0,12,12
SPLWG12C5040100,0,10,10
SPLWG12C5040105,0,16,16
SPLWG12C5050090,0,14,14
SPLWG12C5050095,0,30,30
SPLWG12C5050100,0,2,2
SPLWG12C5050105,0,12,12
SPLWG12C5059090,0,34,34
SPLWG12C5059095,0,10,10
SPLWG12C5059100,0,18,18
SPLWG12C5059105,0,20,20
SPLWG12C5085090,0,8,8
SPLWG12C5085095,0,8,8
SPLWG12C5085100,0,12,12
SPLWG12C5085105,0,10,10
SPLWG12G5051085,0,14,14
SPLWG12G5051090,0,12,12
SPLWG12G5051095,0,12,12
SPLWG12G5059085,0,12,12
SPLWG12G5059090,0,6,6
SPLWG12G5059095,0,4,4
SPLWG12G5099085,0,12,12
SPLWG12G5099090,0,4,4
SPLWG12G5099095,0,2,2
SPLWG12G9039999,0,2,2
SPLWG12G9085999,0,2,2
SPLWG12G9119085,0,6,6
SPLWG12G9119090,0,2,2
SPLWG12G9139085,0,64,64
SPLWG12G9139090,0,2,2
SPLWG12G9185085,0,4,4
SPLWG12G9185090,0,2,2
SPLWG12G9319999,0,36,36
SPLWG12G9360999,0,56,56
SPLWG12G9385999,0,40,40
SPLWG12G9419085,0,254,254
SPLWG12G9419090,0,2,2
SPLWG12G9429085,0,2,2
SPLWG12G9435085,0,194,194
SPLWG12G9439085,0,44,44
SPLWG12G9660999,0,2,2
SPLWG12GY031085,0,4,4
SPLWG12GY031090,0,8,8
SPLWG12GY031095,0,2,2
SPLWG12GY051085,0,20,20
SPLWG12GY051090,0,22,22
SPLWG12GY051095,0,16,16
SPLWG12GY059085,0,24,24
SPLWG12GY059090,0,20,20
SPLWG12GY059095,0,28,28
SPLWG23C0116100,0,4,4
SPLWG23C0116105,0,2,2
SPLWG23C0119090,0,10,10
SPLWG23C0119095,0,4,4
SPLWG23C0119100,0,10,10
SPLWG23C0119105,0,20,20
SPLWG23C0139090,0,24,24
SPLWG23C0139095,0,14,14
SPLWG23C0139100,0,28,28
SPLWG23C0139105,0,18,18
SPLWG23C0159090,0,10,10
SPLWG23C0159100,0,6,6
SPLWG23C0159105,0,8,8
SPLWG23C0195095,0,24,24
SPLWG23C0199090,0,2,2
SPLWG23C0199100,0,6,6
SPLWG23C0199105,0,4,4
SPLWG23C0219095,0,8,8
SPLWG23C0219100,0,4,4
SPLWG23C0219105,0,4,4
SPLWG23C0239090,0,44,44
SPLWG23C0260095,0,50,50
SPLWG23C0260100,0,8,8
SPLWG23C0264090,0,48,48
SPLWG23C9019999,0,2,2
SPLWG23C9059999,0,2,2
SPLWG23C9086999,0,2,2
SPLWG23C95AA095,0,2,2
SPLWG23C9619095,0,10,10
SPLWG23C9619100,0,24,24
SPLWG23G0119085,0,170,170
SPLWG23G0121090,0,16,16
SPLWG23G0121095,0,2,2
SPLWG23G0135085,0,4,4
SPLWG23G0135095,0,2,2
SPLWG23G0139085,0,78,78
SPLWG23G0139090,0,28,28
SPLWG23G0151095,0,14,14
SPLWG23G0199085,0,14,14
SPLWG23G0199090,0,26,26
SPLWG23G0199095,0,2,2
SPLWG23G01AC085,0,6,6
SPLWG23G01AC090,0,18,18
SPLWG23G01AC095,0,2,2
SPLWG23G0219090,0,60,60
SPLWG23G0220085,0,148,148
SPLWG23G0220095,0,4,4
SPLWG23G0226090,0,2,2
SPLWG23G0285090,0,18,18
SPLWG23G0299085,0,4,4
SPLWG23G0299090,0,2,2
SPLWG23G0299095,0,52,52
SPLWG23G02AC085,0,2,2
SPLWG23G02AC090,0,10,10
SPLWG23G0360085,0,16,16
SPLWG23G0360090,0,10,10
SPLWG23G0360095,0,4,4
SPLWG23G0379085,0,6,6
SPLWG23G0379090,0,8,8
SPLWG23G0379095,0,6,6
SPLWG23G0385090,0,10,10
SPLWG23G0385095,0,30,30
SPLWG23G03AC085,0,12,12
SPLWG23G03AC090,0,28,28
SPLWG23G03AC095,0,10,10
SPLWG23G0419095,0,2,2
SPLWG23G0433085,0,4,4
SPLWG23G0433090,0,18,18
SPLWG23G0459085,0,2,2
SPLWG23G0485085,0,20,20
SPLWG23G0485090,0,38,38
SPLWG23G0485095,0,26,26
SPLWG23G04AC085,0,52,52
SPLWG23G04AC090,0,8,8
SPLWG23G04AC095,0,2,2
SPLWG23G0539085,0,2,2
SPLWG23G0539095,0,2,2
SPLWG23G0560090,0,2,2
SPLWG23G9051999,0,2,2
SPLWG23G9085999,0,2,2
SPLWG23G9251085,0,4,4
SPLWG23G9259085,0,16,16
SPLWG23G9259090,0,6,6
SPLWG23G9285085,0,4,4
SPLWG23G9716999,0,2,2
SPLWG23G99AC999,0,2,2
SPLWG23GY019085,0,4,4
SPLWG23GY019095,0,4,4
SPLWG23GY049085,0,4,4
SPLWG23GY049090,0,14,14
SPLWG23GY049095,0,6,6
SPLWG23GY064090,0,4,4
SPLWG23GY064095,0,6,6
SPLWG23GY260085,0,2,2
SPLWG23GY260095,0,2,2
SPLWG23GY264085,0,12,12
SPLWG23GY264090,0,4,4
SPLWG23GY264095,0,6,6
SPLWG23W0119085,0,16,16
SPLWG23W0119090,0,24,24
SPLWG23W0119095,0,18,18
SPLWG23W0135085,0,2,2
SPLWG23W0135090,0,2,2
SPLWG23W0139095,0,2,2
SPLWG23W01AC085,0,10,10
SPLWG23W01AC090,0,2,2
SPLWG23W01AC095,0,4,4
SPLWG24G0131095,0,14,14
SPLWG24G0184085,0,2,2
SPLWG24G01AA085,0,2,2
SPLWG24G01AA090,0,2,2
SPLWG24G9139999,0,2,2
SPLWG24G9160999,0,2,2
SPLWG24G9319070,0,24,24
SPLWG24G9339070,0,8,8
SPLWG24G9360070,0,2,2
SPLWG24GY039085,0,16,16
SPLWG24GY039090,0,8,8
SPLWG24GY039095,0,2,2
SPLWG24GY059085,0,26,26
SPLWG24GY059090,0,18,18
SPLWG24GY059095,0,14,14
SPLWG25G9151999,0,8,8
SPLWG37G8185085,0,20,20
SPMAE37U0125090,0,8,8
SPMAE37U0140090,0,40,40
SPMAE37U0140095,0,40,40
SPMAE37U0140100,0,26,26
SPMAG24A0139999,0,2,2
SPMAGA9KU126999,0,2,2
SPMAGA9KU159999,0,2,2
SPMHE11C4159095,0,6,6
SPMHE11C4159100,0,10,10
SPMHE11C4159105,0,2,2
SPMHE11C4162090,0,4,4
SPMHE11C4162100,0,2,2
SPMHE11C4162105,0,2,2
SPMHE11C4199090,0,2,2
SPMHE11C4199095,0,4,4
SPMHE11C4199100,0,2,2
SPMHE11C4199105,0,4,4
SPMHE11C41AA090,0,2,2
SPMHE11C41AA095,0,34,34
SPMHE11C41AA100,0,10,10
SPMHE11G5125085,0,8,8
SPMHE11G5125090,0,4,4
SPMHE11G5164085,0,14,14
SPMHE11G5164090,0,12,12
SPMHE11G5164095,0,2,2
SPMHE11G51AA085,0,12,12
SPMHE11G51AA090,0,12,12
SPMHE11G51AA095,0,20,20
SPMHE11KU415110,0,22,22
SPMHE11KU415120,0,6,6
SPMHE11KU415130,0,2,2
SPMHE11KU415150,0,2,2
SPMHE11KU439120,0,4,4
SPMHE12C6462095,0,2,2
SPMHE12G5159085,0,4,4
SPMHE12G51AA085,0,18,18
SPMHE12G51AA090,0,10,10
SPMHE12G51AA095,0,4,4
SPMHE49KU317120,0,2,2
SPMHE49KU317150,0,2,2
SPMHE49KU350130,0,2,2
SPMHE49KU350140,0,2,2
SPMHE49KU350150,0,2,2
SPMHE4TC0119100,0,2,2
SPMHE4TC4119095,0,2,2
SPMHE4TC4129095,0,4,4
SPMHE4TC4159095,0,10,10
SPMHE4TC4159100,0,2,2
SPMHE4TC4162090,0,4,4
SPMHE4TC4162095,0,6,6
SPMHE4TC4162100,0,6,6
SPMHE4TC4195090,0,2,2
SPMHE4TG4062085,0,2,2
SPMHE4TG4219085,0,2,2
SPMHE4TKU133110,0,2,2
SPMHE4TKU133120,0,2,2
SPMHE4TKU159110,0,2,2
SPMHE4TKU159130,0,4,4
SPMHE4TKU159140,0,4,4
SPMHE4TKU162120,0,2,2
SPMHE4TKU162130,0,2,2
SPMHE4TKU550110,0,2,2
SPMHE4VU0219090,0,4,4
SPMHE4VU0219095,0,2,2
SPMHE4VU0219100,0,4,4
SPMHE4VU0219105,0,6,6
SPMHF11C0133095,0,2,2
SPMHF11C0133100,0,2,2
SPMHF11C4159090,0,2,2
SPMHF11C4159095,0,2,2
SPMHF11C4164100,0,2,2
SPMHF11C52AA090,0,2,2
SPMHF11G5126085,0,2,2
SPMHF11G5126090,0,6,6
SPMHF11G5159095,0,4,4
SPMHF11G5162085,0,6,6
SPMHF11G5162095,0,4,4
SPMHF11G5164095,0,2,2
SPMHF11G51AA090,0,2,2
SPMHF11KU125130,0,2,2
SPMHF11KU125160,0,2,2
SPMHF11U0415095,0,6,6
SPMHF11U0415100,0,2,2
SPMHF11U0415105,0,6,6
SPMHF11U0419090,0,4,4
SPMHF11U0419095,0,4,4
SPMHF11U0419105,0,4,4
SPMHF11U0564105,0,2,2
SPMHF12C0119090,0,6,6
SPMHF12C0119095,0,4,4
SPMHF12C0119105,0,4,4
SPMHF12C0136090,0,6,6
SPMHF12C0136095,0,6,6
SPMHF12C0136100,0,8,8
SPMHF12C0136105,0,8,8
SPMHF12C0160090,0,4,4
SPMHF12C0160100,0,6,6
SPMHF12C01AC095,0,4,4
SPMHF12C01AC100,0,4,4
SPMHF12C01AC105,0,4,4
SPMHF12G0219085,0,2,2
SPMHF12G02AC090,0,4,4
SPMHF12G02AC095,0,2,2
SPMHF12KU164110,0,8,8
SPMHF24C6162095,0,2,2
SPMHF49C0115090,0,28,28
SPMHF49C0115095,0,34,34
SPMHF49C0115100,0,44,44
SPMHF49C0115105,0,22,22
SPMHF49C0149090,0,18,18
SPMHF49C0149095,0,18,18
SPMHF49C0149100,0,26,26
SPMHF49C0149105,0,8,8
SPMHF49C0185090,0,14,14
SPMHF49C0185095,0,24,24
SPMHF49C0185100,0,32,32
SPMHF49C0185105,0,6,6
SPMHF49C6259095,0,10,10
SPMHF49C6259105,0,2,2
SPMHF49C62AA090,0,4,4
SPMHF49C62AA095,0,22,22
SPMHF49C62AA100,0,28,28
SPMHF49C62AA105,0,10,10
SPMHF49KU159120,0,4,4
SPMHF49KU159150,0,6,6
SPMHF49KU1AC120,0,2,2
SPMHF49KU1AC130,0,2,2
SPMHF49U0364095,0,6,6
SPMHF49U0364100,0,6,6
SPMHF49U03AA090,0,4,4
SPMHF49U03AA095,0,12,12
SPMHF49U03AA100,0,12,12
SPMHF49U0419090,0,4,4
SPMHF49U0419100,0,4,4
SPMHF49U0464100,0,2,2
SPMHF49U0619090,0,20,20
SPMHF49U0619095,0,2,2
SPMHF49U0816090,0,4,4
SPMHF49U0816095,0,10,10
SPMHF49U0816100,0,12,12
SPMHF49U0816105,0,6,6
SPMHF49U0819090,0,20,20
SPMHF49U0819100,0,2,2
SPMHF49U0819105,0,16,16
SPMHF49U1016090,0,2,2
SPMHF49U1016095,0,6,6
SPMHF49U1016100,0,10,10
SPMHF49U1016105,0,8,8
SPMHF4TC0119090,0,22,22
SPMHF4TC0119095,0,28,28
SPMHF4TC0119100,0,24,24
SPMHF4TC0119105,0,20,20
SPMHF4TC01AC090,0,8,8
SPMHF4TC01AC095,0,38,38
SPMHF4TC01AC100,0,38,38
SPMHF4TC01AC105,0,18,18
SPMHF4TC9019999,0,68,68
SPMHF4TC90AC999,0,34,34
SPMHF4TKG119110,0,50,50
SPMHF4TKG119120,0,48,48
SPMHF4TKG119130,0,28,28
SPMHF4TKG119140,0,18,18
SPMHF4TKG119150,0,100,100
SPMHF4TKG119160,0,262,262
SPMHF4TKU119110,0,30,30
SPMHF4TKU119120,0,36,36
SPMHF4TKU119130,0,62,62
SPMHF4TKU119140,0,66,66
SPMHF4TKU119150,0,48,48
SPMHF4TKU119160,0,62,62
SPMHF4TKU129110,0,34,34
SPMHF4TKU129120,0,20,20
SPMHF4TKU129130,0,36,36
SPMHF4TKU129140,0,60,60
SPMHF4TKU129150,0,34,34
SPMHF4TKU129160,0,60,60
SPMHF4TKU162110,0,38,38
SPMHF4TKU162120,0,80,80
SPMHF4TKU162130,0,92,92
SPMHF4TKU162140,0,80,80
SPMHF4TKU162150,0,104,104
SPMHF4TKU162160,0,102,102
SPMHF4TKU1AA110,0,26,26
SPMHF4TKU1AA120,0,20,20
SPMHF4TKU1AA130,0,20,20
SPMHF4TKU1AA140,0,38,38
SPMHF4TKU1AA150,0,26,26
SPMHF4TKU1AA160,0,66,66
SPMHF4TKU219140,0,48,48
SPMHF4TKU219150,0,50,50
SPMHF4TKU219160,0,54,54
SPMHF4TKU2AA130,0,20,20
SPMHF4TKU2AA140,0,46,46
SPMHF4TKU2AA150,0,48,48
SPMHF4TKU2AA160,0,44,44
SPMHF4TKU315110,0,64,64
SPMHF4TKU315120,0,150,150
SPMHF4TKU315130,0,62,62
SPMHF4TKU315140,0,66,66
SPMHF4TKU315150,0,54,54
SPMHF4TKU315160,0,48,48
SPMHF4TKU3AC110,0,90,90
SPMHF4TKU3AC120,0,162,162
SPMHF4TKU3AC130,0,52,52
SPMHF4TKU3AC140,0,124,124
SPMHF4TKU3AC150,0,140,140
SPMHF4TKU3AC160,0,136,136
SPMHF4TU0151090,0,332,332
SPMHF4TU0151095,0,406,406
SPMHF4TU0151100,0,626,626
SPMHF4TU0151105,0,426,426
SPMHF4TU0219090,0,18,18
SPMHF4TU0219095,0,88,88
SPMHF4TU0219100,0,88,88
SPMHF4TU0219105,0,82,82
SPMHF4TU0260090,0,106,106
SPMHF4TU0260095,0,142,142
SPMHF4TU0260100,0,176,176
SPMHF4TU0260105,0,152,152
SPMHF4VKU926120,0,38,38
SPMHF4VKU926130,0,76,76
SPMHF4VKU926140,0,42,42
SPMHF4VKU926150,0,46,46
SPMHF4VKU926160,0,66,66
SPMHF4VKU960120,0,142,142
SPMHF4VKU960130,0,214,214
SPMHF4VKU960140,0,306,306
SPMHF4VKU960150,0,80,80
SPMHF4VKU960160,0,20,20
SPMHF4VKU985120,0,78,78
SPMHF4VKU985130,0,146,146
SPMHF4VKU985140,0,158,158
SPMHF4VKU985150,0,34,34
SPMHF4VKU985160,0,12,12
SPMHF4VU0210090,0,2,2
SPMHF4VU0210095,0,12,12
SPMHF4VU0210100,0,28,28
SPMHF4VU0210105,0,16,16
SPMHF4VU0219090,0,4,4
SPMHF4VU0219095,0,18,18
SPMHF4VU0219100,0,24,24
SPMHF4VU0219105,0,12,12
SPMHF4VU0359090,0,14,14
SPMHF4VU0359095,0,64,64
SPMHF4VU0359100,0,106,106
SPMHF4VU0359105,0,34,34
SPMHG11KU962110,0,116,116
SPMHG11KU962120,0,118,118
SPMHG11KU962130,0,164,164
SPMHG11KU962140,0,216,216
SPMHG11KU962150,0,214,214
SPMHG11KU962160,0,206,206
SPMHG11KU9AA140,0,250,250
SPMHG11KU9AA150,0,458,458
SPMHG11KU9AA160,0,528,528
SPMHG11U0159090,0,10,10
SPMHG11U0159095,0,22,22
SPMHG11U0159100,0,30,30
SPMHG11U0159105,0,34,34
SPMHG11U0210090,0,14,14
SPMHG11U0210095,0,32,32
SPMHG11U0210100,0,28,28
SPMHG11U0210105,0,10,10
SPMHG11U0225090,0,2,2
SPMHG11U0225095,0,10,10
SPMHG11U0225100,0,12,12
SPMHG11U0225105,0,4,4
SPMHG12KU150110,0,4,4
SPMHG12KU150120,0,6,6
SPMHG12KU150130,0,2,2
SPMHG12KU150140,0,2,2
SPMHG12KU150150,0,8,8
SPMHG12KU150160,0,2,2
SPMHG12KU159110,0,8,8
SPMHG12KU159120,0,4,4
SPMHG12KU159130,0,12,12
SPMHG12KU159140,0,8,8
SPMHG12KU159150,0,6,6
SPMHG12KU159160,0,6,6
SPMHG12KU1AC110,0,10,10
SPMHG12KU1AC120,0,6,6
SPMHG12KU1AC130,0,2,2
SPMHG12KU1AC140,0,12,12
SPMHG12KU1AC150,0,2,2
SPMHG12KU1AC160,0,12,12
SPMHG23U01AA095,0,6,6
SPMNE23KU6AA130,0,2,2
SPMNE23KU6AA150,0,2,2
SPMNF49C4129090,0,16,16
SPMNF49C4129095,0,16,16
SPMNF49C4129100,0,10,10
SPMNF49C4129105,0,14,14
SPMNF49C4159090,0,18,18
SPMNF49C4159095,0,22,22
SPMNF49C4159100,0,2,2
SPMNF49C4159105,0,6,6
SPMNF49C4185090,0,12,12
SPMNF49C4185095,0,10,10
SPMNF49C4185100,0,4,4
SPMNF49C4185105,0,12,12
SPMNF49C4195090,0,12,12
SPMNF49C4195095,0,4,4
SPMNF49C4195100,0,8,8
SPMNF49C4195105,0,6,6
SPMNF49C4199090,0,26,26
SPMNF49C4199095,0,6,6
SPMNF49C4199100,0,10,10
SPMNF49C4199105,0,12,12
SPMNF49C5029090,0,12,12
SPMNF49C5029105,0,2,2
SPMNF49C5059090,0,40,40
SPMNF49C5059095,0,42,42
SPMNF49C5059100,0,18,18
SPMNF49C5059105,0,8,8
SPMNF49C5062090,0,8,8
SPMNF49C5062095,0,4,4
SPMNF49C5062100,0,6,6
SPMNF49C5062105,0,4,4
SPMNF49C50AA090,0,36,36
SPMNF49C50AA095,0,12,12
SPMNF49C50AA100,0,10,10
SPMNF49C50AA105,0,2,2
SPMNF49C6159090,0,60,60
SPMNF49C6159095,0,74,74
SPMNF49C6159100,0,64,64
SPMNF49C6159105,0,54,54
SPMNF49C61AC090,0,192,192
SPMNF49C61AC095,0,164,164
SPMNF49C61AC100,0,68,68
SPMNF49C61AC105,0,46,46
SPMNF49C6216090,0,220,220
SPMNF49C6216095,0,174,174
SPMNF49C6216100,0,202,202
SPMNF49C6216105,0,154,154
SPMNF49C6250090,0,104,104
SPMNF49C6250095,0,188,188
SPMNF49C6250100,0,80,80
SPMNF49C6250105,0,80,80
SPMNF49C6260090,0,76,76
SPMNF49C6260095,0,148,148
SPMNF49C6260100,0,76,76
SPMNF49C6260105,0,18,18
SPMNF49C7059090,0,60,60
SPMNF49C7059095,0,38,38
SPMNF49C7059100,0,4,4
SPMNF49C7059105,0,18,18
SPMNF49C7062090,0,34,34
SPMNF49C7062095,0,10,10
SPMNF49C7062100,0,16,16
SPMNF49C7062105,0,10,10
SPMNF49C7064090,0,12,12
SPMNF49C7064100,0,20,20
SPMNF49C7064105,0,4,4
SPMNF49C70AA090,0,14,14
SPMNF49C70AA095,0,14,14
SPMNF49C70AA100,0,6,6
SPMNF49C70AA105,0,12,12
SPMNF49C9019100,0,6,6
SPMNF49C9159100,0,74,74
SPMNF49C91AA100,0,50,50
SPMNF49G5020090,0,2,2
SPMNF49G5026085,0,42,42
SPMNF49G5026090,0,32,32
SPMNF49G5026095,0,10,10
SPMNF49G5059085,0,46,46
SPMNF49G5059090,0,28,28
SPMNF49G5059095,0,10,10
SPMNF49G7059085,0,28,28
SPMNF49G7059090,0,4,4
SPMNF49G7059095,0,6,6
SPMNF49G7064085,0,10,10
SPMNF49G7064090,0,16,16
SPMNF49G7064095,0,14,14
SPMNF49G70AA085,0,10,10
SPMNF49G70AA090,0,14,14
SPMNF49G70AA095,0,4,4
SPMNF49G7159085,0,12,12
SPMNF49G7159090,0,16,16
SPMNF49G7159095,0,2,2
SPMNF49G7162085,0,4,4
SPMNF49G7162090,0,4,4
SPMNF49G7162095,0,2,2
SPMNF49G7164085,0,18,18
SPMNF49G7164090,0,14,14
SPMNF49G7164095,0,10,10
SPMNF49G71AA085,0,2,2
SPMNF49G71AA090,0,2,2
SPMNF49G71AA095,0,8,8
SPMNF49G7225085,0,90,90
SPMNF49G7225090,0,76,76
SPMNF49G7225095,0,54,54
SPMNF49G7260085,0,108,108
SPMNF49G7260090,0,18,18
SPMNF49G7260095,0,30,30
SPMNF49G7325085,0,76,76
SPMNF49G7325090,0,38,38
SPMNF49G7325095,0,22,22
SPMNF49G7360085,0,98,98
SPMNF49G7360090,0,44,44
SPMNF49G7360095,0,22,22
SPMNF4TC5016090,0,68,68
SPMNF4TC5016095,0,56,56
SPMNF4TC5016100,0,40,40
SPMNF4TC5016105,0,38,38
SPMNF4TC5059090,0,10,10
SPMNF4TC5059095,0,18,18
SPMNF4TC5059100,0,4,4
SPMNF4TC5059105,0,20,20
SPMNF4TC5062090,0,20,20
SPMNF4TC5062095,0,62,62
SPMNF4TC5062100,0,28,28
SPMNF4TC5062105,0,18,18
SPMNF4TC50AA090,0,30,30
SPMNF4TC50AA095,0,6,6
SPMNF4TC50AA100,0,10,10
SPMNF4TC50AA105,0,16,16
SPMNF4TC5211090,0,12,12
SPMNF4TC5211095,0,6,6
SPMNF4TC5211100,0,4,4
SPMNF4TC5259090,0,18,18
SPMNF4TC5259095,0,36,36
SPMNF4TC5259100,0,8,8
SPMNF4TC5259105,0,2,2
SPMNF4TC5260090,0,6,6
SPMNF4TC5260095,0,2,2
SPMNF4TC5264090,0,2,2
SPMNF4TC5264100,0,8,8
SPMNF4TC5285090,0,16,16
SPMNF4TC5285095,0,22,22
SPMNF4TC5285100,0,4,4
SPMNF4TC5295090,0,28,28
SPMNF4TC5295095,0,24,24
SPMNF4TC52AA090,0,52,52
SPMNF4TC52AA095,0,32,32
SPMNF4TC52AA105,0,4,4
SPMNF4TG5029085,0,20,20
SPMNF4TG5029095,0,2,2
SPMNF4TG5033085,0,4,4
SPMNF4TG5033095,0,6,6
SPMNF4TG5085085,0,24,24
SPMNF4TG50AA085,0,20,20
SPMNF4TG50AA090,0,2,2
SPMNF4TG50AA095,0,10,10
SPMNF4TG5229085,0,8,8
SPMNF4TG5229095,0,6,6
SPMNF4TG5233085,0,6,6
SPMNF4TG5233090,0,8,8
SPMNF4TG5233095,0,20,20
SPMNF4TG5259085,0,6,6
SPMNF4TG5259090,0,4,4
SPMNF4TG5259095,0,4,4
SPMNF4TG52AA085,0,14,14
SPMNF4TG52AA090,0,18,18
SPMNF4TG52AA095,0,22,22
SPMNF4TG7019085,0,44,44
SPMNF4TG7019090,0,18,18
SPMNF4TG7019095,0,18,18
SPMNF4TG7059085,0,48,48
SPMNF4TG7059090,0,2,2
SPMNF4TG7059095,0,36,36
SPMNF4TG7062085,0,84,84
SPMNF4TG7062090,0,42,42
SPMNF4TG7062095,0,36,36
SPMNF4TG7064085,0,110,110
SPMNF4TG7064090,0,92,92
SPMNF4TG7064095,0,40,40
SPMNF4TG70AA085,0,60,60
SPMNF4TG70AA090,0,16,16
SPMNF4TG70AA095,0,10,10
SPMNF4TG9019999,0,8,8
SPMNF4TGY133085,0,18,18
SPMNF4TGY133090,0,10,10
SPMNF4TGY133095,0,12,12
SPMNF4TGY1AA085,0,10,10
SPMNF4TGY1AA090,0,12,12
SPMNF4TGY1AA095,0,12,12
SPMNF4VC5020095,0,4,4
SPMNF4VC5020100,0,8,8
SPMNF4VC5020105,0,4,4
SPMNF4VC5040090,0,26,26
SPMNF4VC5040095,0,34,34
SPMNF4VC5040100,0,10,10
SPMNF4VC5040105,0,10,10
SPMNF4VC5059090,0,12,12
SPMNF4VC5059095,0,12,12
SPMNF4VC5059100,0,16,16
SPMNF4VC5059105,0,10,10
SPMNF4VC50AA095,0,12,12
SPMNF4VC50AA100,0,10,10
SPMNF4VC50AA105,0,10,10
SPMNFA9C8159090,0,82,82
SPMNFA9C8159095,0,122,122
SPMNFA9C8159100,0,34,34
SPMNFA9C8159105,0,64,64
SPMNFA9C8160090,0,90,90
SPMNFA9C8160095,0,22,22
SPMNFA9C8160100,0,18,18
SPMNFA9C8160105,0,36,36
SPMNFA9C81AA090,0,36,36
SPMNFA9C81AA095,0,34,34
SPMNFA9C81AA100,0,68,68
SPMNFA9C81AA105,0,96,96
SPMNFA9C8259090,0,40,40
SPMNFA9C8259095,0,32,32
SPMNFA9C8259100,0,48,48
SPMNFA9C8259105,0,20,20
SPMNFA9C82AA095,0,48,48
SPMNFA9C82AA100,0,30,30
SPMNFA9C82AA105,0,24,24
SPMNFA9C8359090,0,4,4
SPMNFA9C8359095,0,10,10
SPMNFA9C8359100,0,4,4
SPMNFA9C8359105,0,16,16
SPMNFA9C83AA095,0,4,4
SPMNFA9C83AA100,0,36,36
SPMNFA9C83AA105,0,140,140
SPMNG11C6133090,0,194,194
SPMNG11C6133095,0,170,170
SPMNG11C6133100,0,152,152
SPMNG11C6133105,0,100,100
SPMNG11C6150090,0,428,428
SPMNG11C6150095,0,314,314
SPMNG11C6150100,0,402,402
SPMNG11C6150105,0,438,438
SPMNG11C6159090,0,178,178
SPMNG11C6159095,0,188,188
SPMNG11C6159100,0,190,190
SPMNG11C6159105,0,144,144
SPMNG11C6160090,0,192,192
SPMNG11C6160095,0,90,90
SPMNG11C6160100,0,66,66
SPMNG11C6160105,0,50,50
SPMNG11C61AC090,0,298,298
SPMNG11C61AC095,0,210,210
SPMNG11C61AC100,0,240,240
SPMNG11C61AC105,0,248,248
SPMNG11G5033085,0,82,82
SPMNG11G5033090,0,50,50
SPMNG11G5033095,0,50,50
SPMNG11G5051085,0,46,46
SPMNG11G5051090,0,56,56
SPMNG11G5051095,0,40,40
SPMNG11G5059085,0,170,170
SPMNG11G5059090,0,158,158
SPMNG11G5059095,0,94,94
SPMNG11G5064085,0,56,56
SPMNG11G5064090,0,48,48
SPMNG11G5064095,0,36,36
SPMNG11G50AA085,0,226,226
SPMNG11G50AA090,0,224,224
SPMNG11G50AA095,0,224,224
SPMNG11G5619085,0,64,64
SPMNG11G5619090,0,52,52
SPMNG11G5619095,0,28,28
SPMNG11G5652085,0,46,46
SPMNG11G5652090,0,52,52
SPMNG11G5652095,0,28,28
SPMNG11G56AA085,0,10,10
SPMNG11G56AA090,0,18,18
SPMNG11G56AA095,0,14,14
SPMNG12C5059090,0,24,24
SPMNG12C5059095,0,34,34
SPMNG12C5059100,0,18,18
SPMNG12C5059105,0,20,20
SPMNG12C5062090,0,28,28
SPMNG12C5062095,0,16,16
SPMNG12C5062100,0,6,6
SPMNG12C5062105,0,10,10
SPMNG12C5085090,0,30,30
SPMNG12C5085095,0,28,28
SPMNG12C5085100,0,42,42
SPMNG12C5085105,0,36,36
SPMNG12C50AA090,0,24,24
SPMNG12C50AA095,0,20,20
SPMNG12C50AA100,0,18,18
SPMNG12C50AA105,0,28,28
SPMNG12C7159090,0,42,42
SPMNG12C7159095,0,108,108
SPMNG12C7159100,0,40,40
SPMNG12C7159105,0,26,26
SPMNG12C7164090,0,18,18
SPMNG12C7164095,0,6,6
SPMNG12C7164100,0,18,18
SPMNG12C7164105,0,10,10
SPMNG12C7185090,0,34,34
SPMNG12C7185095,0,26,26
SPMNG12C7185100,0,34,34
SPMNG12C7185105,0,28,28
SPMNG12C71AA090,0,42,42
SPMNG12C71AA095,0,40,40
SPMNG12C71AA100,0,38,38
SPMNG12C71AA105,0,32,32
SPMNG12C7259090,0,8,8
SPMNG12C7259095,0,20,20
SPMNG12C7259100,0,12,12
SPMNG12C7259105,0,16,16
SPMNG12C7264090,0,14,14
SPMNG12C7264095,0,12,12
SPMNG12C7264100,0,14,14
SPMNG12C7264105,0,10,10
SPMNG12C72AC090,0,12,12
SPMNG12C72AC095,0,20,20
SPMNG12C72AC100,0,10,10
SPMNG12C72AC105,0,6,6
SPMNG12C7359090,0,28,28
SPMNG12C7359095,0,32,32
SPMNG12C7359100,0,28,28
SPMNG12C7359105,0,14,14
SPMNG12C7360090,0,46,46
SPMNG12C7360095,0,44,44
SPMNG12C7360100,0,38,38
SPMNG12C7360105,0,36,36
SPMNG12C73AA090,0,16,16
SPMNG12C73AA095,0,12,12
SPMNG12C73AA100,0,2,2
SPMNG12C73AA105,0,2,2
SPMNG12G5059085,0,4,4
SPMNG12G5059090,0,4,4
SPMNG12G5059095,0,2,2
SPMNG12G5064085,0,8,8
SPMNG12G5064090,0,4,4
SPMNG12G5064095,0,10,10
SPMNG12G50AA085,0,4,4
SPMNG12G50AA090,0,8,8
SPMNG12G50AA095,0,8,8
SPMNG12G5159085,0,12,12
SPMNG12G5159095,0,6,6
SPMNG12G5164085,0,14,14
SPMNG12G5164090,0,24,24
SPMNG12G5164095,0,34,34
SPMNG12G51AA085,0,10,10
SPMNG12G51AA095,0,6,6
SPMNG23C6249090,0,10,10
SPMNG23C6249095,0,6,6
SPMNG23C6249100,0,2,2
SPMNG23C6249105,0,2,2
SPMNG23C6250090,0,16,16
SPMNG23C6250095,0,14,14
SPMNG23C6250100,0,16,16
SPMNG23C6250105,0,14,14
SPMNG23C6260090,0,12,12
SPMNG23C6260095,0,2,2
SPMNG23C6260100,0,8,8
SPMNG23C6260105,0,8,8
SPMNG23C6519090,0,30,30
SPMNG23C6519095,0,26,26
SPMNG23C6519100,0,28,28
SPMNG23C6519105,0,26,26
SPMNG23C6550090,0,18,18
SPMNG23C6550095,0,12,12
SPMNG23C6550100,0,12,12
SPMNG23C6550105,0,14,14
SPMNG23C6560090,0,32,32
SPMNG23C6560095,0,40,40
SPMNG23C6560100,0,32,32
SPMNG23C6560105,0,16,16
SPMNG23C65AC090,0,30,30
SPMNG23C65AC095,0,28,28
SPMNG23C65AC100,0,32,32
SPMNG23C65AC105,0,26,26
SPMNG23G6029085,0,12,12
SPMNG23G6029090,0,16,16
SPMNG23G6029095,0,14,14
SPMNG23G6059085,0,14,14
SPMNG23G6059090,0,22,22
SPMNG23G6059095,0,14,14
SPMNG23GY015085,0,2,2
SPMNG23GY015090,0,2,2
SPMNG23GY060085,0,10,10
SPMNG23GY060090,0,6,6
SPMREA9A0110095,0,68,68
SPMREA9A0110100,0,8,8
SPMREA9A0110105,0,10,10
SPMREA9A0110110,0,2,2
SPMREA9A0119095,0,24,24
SPMREA9A0119100,0,2,2
SPMREA9A0119105,0,2,2
SPMREA9A0210095,0,2,2
SPMREA9A0210100,0,2,2
SPMREA9A0310095,0,44,44
SPMREA9A0310100,0,10,10
SPMREA9A0310105,0,12,12
SPMREA9A0319095,0,26,26
SPMREA9A0319100,0,6,6
SPMREA9A0319105,0,2,2
SPMREA9A1110095,0,74,74
SPMREA9A1110100,0,128,128
SPMREA9A1110105,0,110,110
SPMREA9A1110110,0,30,30
SPMREA9A1119095,0,50,50
SPMREA9A1119100,0,84,84
SPMREA9A1119105,0,46,46
SPMREA9A1119110,0,2,2
SPMREA9A1135095,0,72,72
SPMREA9A1135100,0,112,112
SPMREA9A1135105,0,282,282
SPMREA9A1135110,0,294,294
SPMREA9A1210095,0,160,160
SPMREA9A1210100,0,146,146
SPMREA9A1210105,0,54,54
SPMREA9A1210110,0,236,236
SPMREA9A1219095,0,122,122
SPMREA9A1219100,0,78,78
SPMREA9A1219105,0,80,80
SPMREA9A1219110,0,86,86
SPMREA9A1235095,0,244,244
SPMREA9A1235100,0,252,252
SPMREA9A1235105,0,304,304
SPMREA9A1235110,0,508,508
SPMREA9KU110110,0,32,32
SPMREA9KU110120,0,114,114
SPMREA9KU110130,0,20,20
SPMREA9KU110140,0,14,14
SPMREA9KU110150,0,16,16
SPMREA9KU110160,0,20,20
SPMREA9KU225110,0,110,110
SPMREA9KU225120,0,270,270
SPMREA9KU225130,0,210,210
SPMREA9KU225140,0,28,28
SPMREA9KU225150,0,96,96
SPMREA9KU225160,0,138,138
SPMREA9KU239110,0,116,116
SPMREA9KU239120,0,32,32
SPMREA9KU239130,0,16,16
SPMREA9KU239140,0,20,20
SPMREA9KU239150,0,56,56
SPMREA9KU239160,0,28,28
SPMREA9KU250110,0,136,136
SPMREA9KU250120,0,226,226
SPMREA9KU250130,0,182,182
SPMREA9KU250140,0,76,76
SPMREA9KU250150,0,10,10
SPMREA9KU250160,0,16,16
SPMRFA9A0110095,0,42,42
SPMRFA9A0110100,0,8,8
SPMRFA9A0110105,0,26,26
SPMRFA9A0110110,0,28,28
SPMRFA9A0119090,0,2,2
SPMRFA9A0119095,0,30,30
SPMRFA9A0119100,0,32,32
SPMRFA9A0119105,0,30,30
SPMRFA9A0119110,0,38,38
SPMRFA9A0210090,0,4,4
SPMRFA9A0210095,0,24,24
SPMRFA9A0210100,0,18,18
SPMRFA9A0210105,0,2,2
SPMRFA9A0219090,0,2,2
SPMRFA9A0219095,0,2,2
SPMRFA9A0219105,0,4,4
SPMRFA9A0310090,0,22,22
SPMRFA9A0310095,0,66,66
SPMRFA9A0310100,0,214,214
SPMRFA9A0310105,0,168,168
SPMRFA9A0319090,0,28,28
SPMRFA9A0319095,0,38,38
SPMRFA9A0319100,0,76,76
SPMRFA9A0319105,0,32,32
SPMRFA9A1110090,0,324,324
SPMRFA9A1110095,0,712,712
SPMRFA9A1110100,0,836,836
SPMRFA9A1110105,0,780,780
SPMRFA9A1110110,0,268,268
SPMRFA9A1119090,0,2,2
SPMRFA9A1119095,0,2,2
SPMRFA9A1119105,0,2,2
SPMRFA9A1119110,0,2,2
SPMRFA9A1135095,0,2,2
SPMRFA9A1135100,0,8,8
SPMRFA9A1135105,0,2,2
SPMRFA9A1210090,0,450,450
SPMRFA9A1210095,0,2428,2428
SPMRFA9A1210100,0,3320,3320
SPMRFA9A1210105,0,2656,2656
SPMRFA9A1210110,0,1134,1134
SPMRFA9A1219095,0,24,24
SPMRFA9A1219100,0,336,336
SPMRFA9A1219105,0,142,142
SPMRFA9A1219110,0,150,150
SPMRFA9A1235090,0,4,4
SPMRFA9A1235095,0,42,42
SPMRFA9A1235100,0,60,60
SPMRFA9A1235105,0,34,34
SPMRFA9A1235110,0,26,26
SPMRFA9KU110110,0,8,8
SPMRFA9KU110120,0,8,8
SPMRFA9KU110130,0,16,16
SPMRFA9KU110140,0,20,20
SPMRFA9KU110150,0,18,18
SPMRFA9KU126120,0,2,2
SPMRFA9KU126130,0,14,14
SPMRFA9KU126140,0,4,4
SPMRFA9KU126150,0,4,4
SPMRFA9KU126160,0,6,6
SPMRFA9KU151110,0,8,8
SPMRFA9KU151120,0,10,10
SPMRFA9KU151130,0,10,10
SPMRFA9KU151140,0,6,6
SPMRFA9KU151150,0,6,6
SPMRFA9KU210110,0,16,16
SPMRFA9KU210120,0,22,22
SPMRFA9KU210130,0,20,20
SPMRFA9KU210140,0,24,24
SPMRFA9KU210150,0,22,22
SPMRFA9KU210160,0,20,20
SPMRGA9A0110095,0,1160,1160
SPMRGA9A0110100,0,3806,3806
SPMRGA9A0110105,0,2832,2832
SPMRGA9A0110110,0,382,382
SPMRGA9A0119095,0,64,64
SPMRGA9A0119100,0,384,384
SPMRGA9A0119105,0,738,738
SPMRGA9A0119110,0,80,80
SPMRGA9A0210090,0,2,2
SPMRGA9A0210095,0,4,4
SPMRGA9A0210100,0,712,712
SPMRGA9A0210105,0,696,696
SPMRGA9A0219095,0,2,2
SPMRGA9A0219100,0,6,6
SPMRGA9A0310090,0,2,2
SPMRGA9A0310095,0,10,10
SPMRGA9A0310100,0,26,26
SPMRGA9A0319095,0,8,8
SPMRGA9A0319100,0,18,18
SPMRGA9A1110095,0,16,16
SPMRGA9A1110100,0,96,96
SPMRGA9A1110110,0,4,4
SPMRGA9A1119095,0,20,20
SPMRGA9A1119100,0,44,44
SPMRGA9A1119105,0,30,30
SPMRGA9A1119110,0,14,14
SPMRGA9A1135090,0,8,8
SPMRGA9A1135095,0,34,34
SPMRGA9A1135105,0,38,38
SPMRGA9A1135110,0,12,12
SPMRGA9A1210095,0,44,44
SPMRGA9A1210100,0,52,52
SPMRGA9A1210105,0,102,102
SPMRGA9A1210110,0,12,12
SPMRGA9A1219095,0,26,26
SPMRGA9A1219100,0,48,48
SPMRGA9A1219105,0,28,28
SPMRGA9A1235090,0,8,8
SPMRGA9A1235095,0,52,52
SPMRGA9A1235100,0,670,670
SPMRGA9A1235105,0,40,40
SPMRGA9A1235110,0,14,14
SPMRGA9KU110110,0,242,242
SPMRGA9KU110120,0,236,236
SPMRGA9KU110130,0,464,464
SPMRGA9KU110140,0,460,460
SPMRGA9KU110150,0,464,464
SPMRGA9KU110160,0,464,464
SPMRGA9KU126150,0,12,12
SPMRGA9KU126160,0,8,8
SPMRGA9KU151110,0,8,8
SPMRGA9KU151120,0,26,26
SPMRGA9KU151130,0,26,26
SPMRGA9KU151140,0,26,26
SPMRGA9KU151150,0,28,28
SPMRGA9KU151160,0,26,26
SPMRGA9KU251110,0,2,2
SPMTE11C4162090,0,2,2
SPMTE11G24AA070,0,4,4
SPMTE11KU319120,0,6,6
SPMTE11KU319130,0,2,2
SPMTE11KU339120,0,2,2
SPMTE11KU919130,0,2,2
SPMTE12C62AA080,0,2,2
SPMTE12G9919080,0,2,2
SPMTE12G99AA070,0,2,2
SPMTE23C0319090,0,2,2
SPMTE23C03AC080,0,4,4
SPMTE23C04AC075,0,2,2
SPMTE23C04AC080,0,4,4
SPMTE23C04AC085,0,4,4
SPMTE23C04AC090,0,2,2
SPMTE23C0519080,0,2,2
SPMTE23C05AC080,0,18,18
SPMTE23C05AC085,0,34,34
SPMTE23C0619075,0,4,4
SPMTE23C0619080,0,4,4
SPMTE23C0619085,0,10,10
SPMTE23C0619090,0,2,2
SPMTE23C06AC075,0,4,4
SPMTE23C06AC080,0,4,4
SPMTE23C06AC085,0,4,4
SPMTE23C06AC090,0,4,4
SPMTE23C6164080,0,6,6
SPMTE23C6164085,0,10,10
SPMTE23C61B7075,0,8,8
SPMTE23C61B7080,0,12,12
SPMTE23C61B7085,0,2,2
SPMTE23G0219075,0,2,2
SPMTE23G0264070,0,6,6
SPMTE23G0264075,0,6,6
SPMTE23G0319070,0,2,2
SPMTE23G0319080,0,2,2
SPMTE23G03AA070,0,2,2
SPMTE23G03AC075,0,2,2
SPMTE23G03AC080,0,2,2
SPMTE23G21AC075,0,2,2
SPMTE23G9919999,0,26,26
SPMTE23G9936999,0,14,14
SPMTE23KU625150,0,2,2
SPMTE24C0159075,0,10,10
SPMTE24C0159080,0,14,14
SPMTE24C0159085,0,12,12
SPMTE24C0159090,0,26,26
SPMTE24C0162085,0,10,10
SPMTE24C0162090,0,28,28
SPMTE24C01AC090,0,2,2
SPMTE24C0219075,0,2,2
SPMTE24C0219080,0,2,2
SPMTE24C0219085,0,2,2
SPMTE24C02AB075,0,2,2
SPMTE24C02AB085,0,2,2
SPMTE24G0526075,0,4,4
SPMTE24G0551070,0,4,4
SPMTE24G0564070,0,4,4
SPMTE24G0564080,0,2,2
SPMTE24G05AA070,0,2,2
SPMTE24KU1AC130,0,2,2
SPMTE25C0119075,0,2,2
SPMTE25C0119085,0,2,2
SPMTE25KG419120,0,22,22
SPMTE25KG425110,0,50,50
SPMTE25KG425120,0,18,18
SPMTE25KG425130,0,28,28
SPMTE25KG425140,0,14,14
SPMTE25KG425150,0,4,4
SPMTE25KG425160,0,12,12
SPMTE25KG4AC120,0,2,2
SPMTE25KG4AC130,0,2,2
SPMTE26G1215070,0,170,170
SPMTE26G1215075,0,68,68
SPMTE26G1215080,0,56,56
SPMTE26G1219070,0,112,112
SPMTE26G1219075,0,22,22
SPMTE26G1219080,0,4,4
SPMTE26G1249070,0,104,104
SPMTE26G1249075,0,64,64
SPMTE26G1249080,0,16,16
SPMTE26G1260070,0,144,144
SPMTE26G1260075,0,36,36
SPMTE26G1260080,0,28,28
SPMTE37C0219075,0,2,2
SPMTE37C0219080,0,4,4
SPMTE37C0219085,0,2,2
SPMTE37C02AA075,0,2,2
SPMTE37C02AA080,0,6,6
SPMTE37C02AA085,0,2,2
SPMTE37C02AC080,0,10,10
SPMTE37C03AC090,0,2,2
SPMTE37C0419075,0,4,4
SPMTE37C04AC080,0,4,4
SPMTE37C04AC090,0,2,2
SPMTE37C0519075,0,10,10
SPMTE37C0519080,0,10,10
SPMTE37C0519085,0,10,10
SPMTE37C0519090,0,8,8
SPMTE37C0619085,0,2,2
SPMTE37C0719080,0,2,2
SPMTE37C0719090,0,2,2
SPMTE37C07AB085,0,2,2
SPMTE37C07AB090,0,2,2
SPMTE37C0819080,0,2,2
SPMTE37C0819085,0,4,4
SPMTE37C0819090,0,4,4
SPMTE37C08AC080,0,2,2
SPMTE37C08AC085,0,2,2
SPMTE37C08AC090,0,4,4
SPMTE37G0264070,0,2,2
SPMTE37G0264075,0,2,2
SPMTE37G0319070,0,10,10
SPMTE37G0319075,0,10,10
SPMTE37G0319080,0,6,6
SPMTE37G0351070,0,2,2
SPMTE37G0385075,0,2,2
SPMTE37G03AA070,0,2,2
SPMTE37G0419070,0,8,8
SPMTE37G0460070,0,6,6
SPMTE37G0460080,0,8,8
SPMTE37G04AC070,0,2,2
SPMTE37G0619070,0,6,6
SPMTE37G06AA070,0,14,14
SPMTE37G06AA075,0,4,4
SPMTE37G06AA080,0,2,2
SPMTE37G06AC070,0,6,6
SPMTE37G06AC075,0,4,4
SPMTE37G5119075,0,4,4
SPMTE37KU619110,0,2,2
SPMTE38G0519070,0,6,6
SPMTE38G0519080,0,2,2
SPMTE38G05AA075,0,2,2
SPMTE38G1215070,0,22,22
SPMTE38G1215075,0,10,10
SPMTE38G1215080,0,16,16
SPMTE38G1219070,0,8,8
SPMTE38G1219075,0,6,6
SPMTE38G1219080,0,2,2
SPMTE38G1249070,0,16,16
SPMTE38G1249075,0,14,14
SPMTE38G1249080,0,6,6
SPMTE38G1260070,0,20,20
SPMTE38G1260075,0,20,20
SPMTE38G1260080,0,10,10
SPMTE38G1339070,0,2,2
SPMTE38KU119120,0,2,2
SPMTE49C0119085,0,2,2
SPMTE49C1419075,0,2,2
SPMTE49C14AC075,0,2,2
SPMTE49C14AC080,0,16,16
SPMTE49C4216075,0,2,2
SPMTE49C4216080,0,2,2
SPMTE49C4216085,0,2,2
SPMTE49C4219075,0,2,2
SPMTE49C4219085,0,2,2
SPMTE49C4219090,0,4,4
SPMTE49G1119070,0,8,8
SPMTE49G11AC070,0,6,6
SPMTE49G1319070,0,4,4
SPMTE49G1319075,0,6,6
SPMTE49G13AC070,0,2,2
SPMTE49G13AC075,0,2,2
SPMTE49G13AC080,0,4,4
SPMTE49G4085070,0,18,18
SPMTE49G4085075,0,10,10
SPMTE49G4085080,0,8,8
SPMTE49KU619120,0,4,4
SPMTE49KU619160,0,4,4
SPMTE4TC1151080,0,10,10
SPMTE4TC1151085,0,2,2
SPMTE4TC1151090,0,2,2
SPMTE4TC1160075,0,2,2
SPMTE4TC1160085,0,4,4
SPMTE4TC1160090,0,4,4
SPMTE4TC1185075,0,2,2
SPMTE4TC11AC075,0,2,2
SPMTE4TC1219075,0,2,2
SPMTE4TC12AC075,0,6,6
SPMTE4TC12AC080,0,2,2
SPMTE4TC12AC085,0,2,2
SPMTE4TC1319075,0,24,24
SPMTE4TC13AC080,0,8,8
SPMTE4TC13AC090,0,2,2
SPMTE4TC2149075,0,6,6
SPMTE4TC2149080,0,4,4
SPMTE4TC2149085,0,4,4
SPMTE4TC2149090,0,2,2
SPMTE4TC2150075,0,4,4
SPMTE4TC2150080,0,4,4
SPMTE4TC2150085,0,4,4
SPMTE4TC2150090,0,4,4
SPMTE4TC4159080,0,4,4
SPMTE4TC4162075,0,6,6
SPMTE4TC4162080,0,4,4
SPMTE4TC4162085,0,4,4
SPMTE4TC4162090,0,2,2
SPMTE4TC41AC080,0,4,4
SPMTE4TC41AC085,0,2,2
SPMTE4TG11AC070,0,4,4
SPMTE4TG3160070,0,2,2
SPMTE4TG3160075,0,2,2
SPMTE4TKU239110,0,2,2
SPMTE4TKU2B7110,0,4,4
SPMTE4TKU2PP150,0,2,2
SPMTE4TKU3AA110,0,2,2
SPMTF11C1119090,0,2,2
SPMTF11C11AC080,0,2,2
SPMTF11C1319075,0,2,2
SPMTF11C13AC075,0,14,14
SPMTF11C4159080,0,2,2
SPMTF11C4159090,0,2,2
SPMTF11C4162085,0,2,2
SPMTF11G5164080,0,2,2
SPMTF11G51AA070,0,2,2
SPMTF12C0133090,0,2,2
SPMTF12C0160085,0,2,2
SPMTF12C0219085,0,4,4
SPMTF12C02AC075,0,4,4
SPMTF12C02AC080,0,8,8
SPMTF12C02AC090,0,2,2
SPMTF12G0119070,0,2,2
SPMTF12G0131070,0,2,2
SPMTF12G0131080,0,2,2
SPMTF12G0139075,0,2,2
SPMTF12G5160075,0,2,2
SPMTF12G91AC075,0,2,2
SPMTF12KU119130,0,6,6
SPMTF12KU119140,0,6,6
SPMTF12KU119150,0,4,4
SPMTF23C03AA080,0,2,2
SPMTF23C03AC075,0,2,2
SPMTF23C0419085,0,2,2
SPMTF23C0419090,0,4,4
SPMTF23C1119075,0,2,2
SPMTF23C11AC085,0,2,2
SPMTF23C6162075,0,6,6
SPMTF23C6162080,0,6,6
SPMTF23G03AC075,0,2,2
SPMTF23G51AA080,0,2,2
SPMTF23KG115120,0,4,4
SPMTF23KG115130,0,6,6
SPMTF23KG115140,0,8,8
SPMTF23KG115150,0,8,8
SPMTF23KG115160,0,8,8
SPMTF23KG119120,0,4,4
SPMTF23KG119140,0,4,4
SPMTF23KG119150,0,4,4
SPMTF23KG119160,0,4,4
SPMTF23KG219130,0,4,4
SPMTF23KG219140,0,2,2
SPMTF23KG219150,0,2,2
SPMTF23KG2AC130,0,2,2
SPMTF23KU115140,0,2,2
SPMTF23KU119130,0,2,2
SPMTF23KU133120,0,2,2
SPMTF23KU133140,0,26,26
SPMTF23KU133150,0,18,18
SPMTF23KU133160,0,2,2
SPMTF23KU175160,0,18,18
SPMTF24C0133075,0,2,2
SPMTF24C0133080,0,2,2
SPMTF24C0133085,0,4,4
SPMTF24C0133090,0,6,6
SPMTF24C01AA075,0,2,2
SPMTF24C01AA085,0,4,4
SPMTF24C01AA090,0,4,4
SPMTF24C01AC085,0,4,4
SPMTF24C0219075,0,4,4
SPMTF24C0219080,0,2,2
SPMTF24C0219085,0,4,4
SPMTF24C0219090,0,4,4
SPMTF24C02AA080,0,4,4
SPMTF24C02AA085,0,2,2
SPMTF24C02AC075,0,2,2
SPMTF24C02AC080,0,2,2
SPMTF24C02AC085,0,6,6
SPMTF24C02AC090,0,12,12
SPMTF24C11AC075,0,2,2
SPMTF24C11AC080,0,2,2
SPMTF24C11AC085,0,2,2
SPMTF24G15AA080,0,4,4
SPMTF24G15AC075,0,4,4
SPMTF24G15AC080,0,8,8
SPMTF24G1619070,0,4,4
SPMTF24G1619080,0,2,2
SPMTF24G16AC080,0,6,6
SPMTF24G17AA075,0,2,2
SPMTF24G17AC075,0,2,2
SPMTF25G0519070,0,2,2
SPMTF25G0519075,0,4,4
SPMTF25G0519080,0,4,4
SPMTF25G0526070,0,16,16
SPMTF25G0526075,0,10,10
SPMTF25G0526080,0,4,4
SPMTF25G0550070,0,14,14
SPMTF25G0550075,0,10,10
SPMTF25G0550080,0,4,4
SPMTF25G0562070,0,20,20
SPMTF25G0562075,0,8,8
SPMTF25G0562080,0,6,6
SPMTF25G05AA070,0,6,6
SPMTF25G05AA075,0,2,2
SPMTF25G05AC070,0,10,10
SPMTF25G05AC075,0,6,6
SPMTF25G05AC080,0,8,8
SPMTF25G0719070,0,2,2
SPMTF25G5062070,0,2,2
SPMTF25G5133070,0,4,4
SPMTF26G0119070,0,4,4
SPMTF26G0119075,0,6,6
SPMTF26G0135080,0,2,2
SPMTF26G0149075,0,2,2
SPMTF26G0149080,0,2,2
SPMTF26G0160070,0,2,2
SPMTF26G01AC070,0,4,4
SPMTF26G01AC075,0,2,2
SPMTF26G01AC080,0,10,10
SPMTF26G0219070,0,2,2
SPMTF26G0235070,0,2,2
SPMTF26G0239075,0,4,4
SPMTF37A0119075,0,4,4
SPMTF37A0119080,0,4,4
SPMTF37C0229075,0,2,2
SPMTF37C0259090,0,4,4
SPMTF37C04AC080,0,6,6
SPMTF49C0115080,0,8,8
SPMTF49C0115085,0,10,10
SPMTF49C0115090,0,26,26
SPMTF49C0149080,0,2,2
SPMTF49C0149085,0,6,6
SPMTF49C0149090,0,4,4
SPMTF49C0185085,0,8,8
SPMTF49C0185090,0,4,4
SPMTF49C0319090,0,64,64
SPMTF49C0319095,0,8,8
SPMTF49C0319100,0,8,8
SPMTF49C0319105,0,32,32
SPMTF49C03AC090,0,58,58
SPMTF49C03AC095,0,8,8
SPMTF49C03AC100,0,22,22
SPMTF49C03AC105,0,16,16
SPMTF49C0419085,0,2,2
SPMTF49C0419090,0,6,6
SPMTF49C0419095,0,14,14
SPMTF49C0419100,0,8,8
SPMTF49C0419105,0,8,8
SPMTF49C04AC085,0,20,20
SPMTF49C04AC090,0,12,12
SPMTF49C04AC095,0,8,8
SPMTF49C04AC100,0,22,22
SPMTF49C04AC105,0,24,24
SPMTF49C1119075,0,10,10
SPMTF49C1119080,0,8,8
SPMTF49C1119090,0,2,2
SPMTF49C1129075,0,2,2
SPMTF49C1129080,0,20,20
SPMTF49C1129085,0,8,8
SPMTF49C1129090,0,6,6
SPMTF49C1159075,0,4,4
SPMTF49C1159080,0,4,4
SPMTF49C1159085,0,6,6
SPMTF49C1159090,0,2,2
SPMTF49C11AC075,0,20,20
SPMTF49C11AC080,0,26,26
SPMTF49C11AC085,0,28,28
SPMTF49C11AC090,0,4,4
SPMTF49C1219075,0,6,6
SPMTF49C1219080,0,6,6
SPMTF49C1219085,0,6,6
SPMTF49C1219090,0,6,6
SPMTF49C12AC075,0,26,26
SPMTF49C12AC080,0,16,16
SPMTF49C12AC085,0,16,16
SPMTF49C3119075,0,32,32
SPMTF49C3119080,0,24,24
SPMTF49C3119085,0,30,30
SPMTF49C3119090,0,32,32
SPMTF49C31AC075,0,32,32
SPMTF49C31AC080,0,62,62
SPMTF49C31AC085,0,34,34
SPMTF49C31AC090,0,36,36
SPMTF49C3219075,0,8,8
SPMTF49C3219080,0,12,12
SPMTF49C3219085,0,24,24
SPMTF49C3219090,0,10,10
SPMTF49C32AA075,0,16,16
SPMTF49C32AA080,0,14,14
SPMTF49C32AA085,0,8,8
SPMTF49C32AA090,0,14,14
SPMTF49C32AC075,0,8,8
SPMTF49C32AC085,0,14,14
SPMTF49C32AC090,0,8,8
SPMTF49C6159075,0,16,16
SPMTF49C6159080,0,12,12
SPMTF49C6159085,0,20,20
SPMTF49C6159090,0,4,4
SPMTF49C61AC075,0,6,6
SPMTF49C61AC080,0,6,6
SPMTF49C61AC090,0,4,4
SPMTF49C9049085,0,6,6
SPMTF49C9119999,0,10,10
SPMTF49C91AC999,0,6,6
SPMTF49CY260075,0,14,14
SPMTF49CY260080,0,12,12
SPMTF49CY260085,0,22,22
SPMTF49CY260090,0,2,2
SPMTF49CY285075,0,40,40
SPMTF49CY285080,0,36,36
SPMTF49CY285085,0,20,20
SPMTF49CY285090,0,12,12
SPMTF49G0119070,0,28,28
SPMTF49G0119075,0,6,6
SPMTF49G0119080,0,16,16
SPMTF49G0160070,0,44,44
SPMTF49G0160075,0,24,24
SPMTF49G0160080,0,24,24
SPMTF49G0164070,0,84,84
SPMTF49G0164075,0,62,62
SPMTF49G0164080,0,36,36
SPMTF49G01AC070,0,56,56
SPMTF49G01AC075,0,42,42
SPMTF49G01AC080,0,12,12
SPMTF49G01CO070,0,38,38
SPMTF49G01CO075,0,38,38
SPMTF49G01CO080,0,8,8
SPMTF49G0219075,0,18,18
SPMTF49G0219080,0,58,58
SPMTF49G02AC070,0,18,18
SPMTF49G02AC075,0,26,26
SPMTF49G02AC080,0,112,112
SPMTF49G0452070,0,6,6
SPMTF49G0452075,0,26,26
SPMTF49G0452080,0,32,32
SPMTF49G04AC070,0,32,32
SPMTF49G04AC075,0,40,40
SPMTF49G04AC080,0,46,46
SPMTF49G0539070,0,12,12
SPMTF49G0539075,0,24,24
SPMTF49G0539080,0,26,26
SPMTF49G0552070,0,16,16
SPMTF49G0552080,0,32,32
SPMTF49G0585070,0,6,6
SPMTF49G0585075,0,22,22
SPMTF49G0585080,0,16,16
SPMTF49G05AC070,0,80,80
SPMTF49G05AC075,0,16,16
SPMTF49G05AC080,0,34,34
SPMTF49G9019999,0,2,2
SPMTF49G9039999,0,12,12
SPMTF49G9115999,0,8,8
SPMTF49G9159999,0,8,8
SPMTF49G9249075,0,2,2
SPMTF49G9319999,0,20,20
SPMTF49G93AC999,0,6,6
SPMTF49G94AC999,0,4,4
SPMTF49G9559999,0,6,6
SPMTF49G9585999,0,6,6
SPMTF49G95AC999,0,2,2
SPMTF49G9719070,0,4,4
SPMTF49G9719075,0,4,4
SPMTF49G9760070,0,4,4
SPMTF49G9760075,0,10,10
SPMTF49GY219070,0,2,2
SPMTF49GY219080,0,2,2
SPMTF49GY2AC070,0,54,54
SPMTF49GY2AC075,0,46,46
SPMTF49GY2AC080,0,20,20
SPMTF49KU119150,0,2,2
SPMTF49KU264110,0,2,2
SPMTF49KU264120,0,2,2
SPMTF49KU264130,0,4,4
SPMTF49KU264140,0,6,6
SPMTF49KU264150,0,8,8
SPMTF49KU264160,0,4,4
SPMTF49KU2AA110,0,18,18
SPMTF49KU2AA120,0,18,18
SPMTF49KU2AA130,0,36,36
SPMTF49KU2AA140,0,54,54
SPMTF49KU2AA150,0,56,56
SPMTF49KU2AA160,0,36,36
SPMTF49KU4AC130,0,2,2
SPMTF4TC0119075,0,170,170
SPMTF4TC0119080,0,72,72
SPMTF4TC0119085,0,82,82
SPMTF4TC0119090,0,30,30
SPMTF4TC0160075,0,36,36
SPMTF4TC0160080,0,24,24
SPMTF4TC0160085,0,18,18
SPMTF4TC0160090,0,16,16
SPMTF4TC01AA075,0,26,26
SPMTF4TC01AA080,0,26,26
SPMTF4TC01AA085,0,60,60
SPMTF4TC01AA090,0,26,26
SPMTF4TC01AC075,0,216,216
SPMTF4TC01AC080,0,62,62
SPMTF4TC01AC085,0,52,52
SPMTF4TC01AC090,0,38,38
SPMTF4TC0219075,0,318,318
SPMTF4TC0219080,0,86,86
SPMTF4TC0219085,0,52,52
SPMTF4TC0219090,0,44,44
SPMTF4TC02AC075,0,292,292
SPMTF4TC02AC080,0,96,96
SPMTF4TC02AC085,0,52,52
SPMTF4TC02AC090,0,14,14
SPMTF4TC1119075,0,30,30
SPMTF4TC1119080,0,24,24
SPMTF4TC1119085,0,24,24
SPMTF4TC1119090,0,16,16
SPMTF4TC1149075,0,42,42
SPMTF4TC1149080,0,68,68
SPMTF4TC1149085,0,74,74
SPMTF4TC1149090,0,54,54
SPMTF4TC1185075,0,30,30
SPMTF4TC1185080,0,66,66
SPMTF4TC1185085,0,82,82
SPMTF4TC1185090,0,60,60
SPMTF4TC5359075,0,34,34
SPMTF4TC5359080,0,10,10
SPMTF4TC5359085,0,6,6
SPMTF4TC5359090,0,4,4
SPMTF4TC5360075,0,12,12
SPMTF4TC5360080,0,26,26
SPMTF4TC5360085,0,2,2
SPMTF4TC5360090,0,4,4
SPMTF4TC5385085,0,4,4
SPMTF4TC5385090,0,2,2
SPMTF4TC53AC075,0,14,14
SPMTF4TC53AC080,0,16,16
SPMTF4TC53AC085,0,8,8
SPMTF4TC53AC090,0,6,6
SPMTF4TC9003999,0,14,14
SPMTF4TC9019999,0,2,2
SPMTF4TG0119070,0,630,630
SPMTF4TG0119075,0,376,376
SPMTF4TG0119080,0,202,202
SPMTF4TG0133070,0,110,110
SPMTF4TG0133075,0,40,40
SPMTF4TG0133080,0,34,34
SPMTF4TG01AC070,0,796,796
SPMTF4TG01AC075,0,252,252
SPMTF4TG01AC080,0,272,272
SPMTF4TG0219070,0,578,578
SPMTF4TG0219075,0,326,326
SPMTF4TG0219080,0,232,232
SPMTF4TG0233070,0,52,52
SPMTF4TG0233075,0,28,28
SPMTF4TG0233080,0,12,12
SPMTF4TG02AC070,0,592,592
SPMTF4TG02AC075,0,228,228
SPMTF4TG02AC080,0,74,74
SPMTF4TG1119070,0,100,100
SPMTF4TG1119075,0,106,106
SPMTF4TG1119080,0,110,110
SPMTF4TG1136070,0,278,278
SPMTF4TG1136075,0,148,148
SPMTF4TG1136080,0,70,70
SPMTF4TG1186070,0,106,106
SPMTF4TG1186075,0,160,160
SPMTF4TG1186080,0,80,80
SPMTF4TG3126070,0,244,244
SPMTF4TG3126075,0,106,106
SPMTF4TG3126080,0,156,156
SPMTF4TG3139070,0,108,108
SPMTF4TG3139075,0,44,44
SPMTF4TG3139080,0,76,76
SPMTF4TG4119070,0,696,696
SPMTF4TG4119075,0,546,546
SPMTF4TG4119080,0,526,526
SPMTF4TG4139070,0,8,8
SPMTF4TG4139075,0,2,2
SPMTF4TG4185070,0,480,480
SPMTF4TG4185075,0,184,184
SPMTF4TG4185080,0,270,270
SPMTF4TG41AC070,0,766,766
SPMTF4TG41AC075,0,464,464
SPMTF4TG41AC080,0,434,434
SPMTF4TG5085070,0,14,14
SPMTF4TG5085075,0,10,10
SPMTF4TG5085080,0,18,18
SPMTF4TG50AA070,0,64,64
SPMTF4TG50AA075,0,60,60
SPMTF4TG50AA080,0,38,38
SPMTF4TG5149070,0,28,28
SPMTF4TG5149075,0,76,76
SPMTF4TG5149080,0,94,94
SPMTF4TGY227070,0,32,32
SPMTF4TGY227075,0,38,38
SPMTF4TGY227080,0,26,26
SPMTF4TGY260070,0,4,4
SPMTF4TGY260075,0,4,4
SPMTF4TGY260080,0,8,8
SPMTF4TGY285070,0,20,20
SPMTF4TGY285075,0,22,22
SPMTF4TGY285080,0,18,18
SPMTF4TKU119110,0,2,2
SPMTF4TKU119120,0,2,2
SPMTF4TKU119140,0,2,2
SPMTF4TKU133130,0,2,2
SPMTF4TKU133140,0,2,2
SPMTF4TKU133150,0,2,2
SPMTF4TKU150110,0,2,2
SPMTF4TKU150120,0,2,2
SPMTF4TKU150130,0,2,2
SPMTF4TKU150140,0,2,2
SPMTF4TKU150150,0,2,2
SPMTF4TKU150160,0,2,2
SPMTF4TKU176120,0,2,2
SPMTF4TKU176130,0,4,4
SPMTF4TKU176140,0,4,4
SPMTF4TKU176150,0,4,4
SPMTF4TKU176160,0,4,4
SPMTF4TKU1AC110,0,2,2
SPMTF4TKU1AC120,0,2,2
SPMTF4TKU1AC130,0,2,2
SPMTF4TKU1AC140,0,2,2
SPMTF4TKU1AC150,0,2,2
SPMTF4TKU219120,0,2,2
SPMTF4TKU219140,0,2,2
SPMTF4TKU219150,0,2,2
SPMTF4TKU233120,0,16,16
SPMTF4TKU233130,0,32,32
SPMTF4TKU233140,0,58,58
SPMTF4TKU233150,0,52,52
SPMTF4TKU233160,0,52,52
SPMTF4TKU315120,0,36,36
SPMTF4TKU315130,0,8,8
SPMTF4TKU315150,0,2,2
SPMTF4TKU319110,0,4,4
SPMTF4TKU319120,0,2,2
SPMTF4TKU319130,0,2,2
SPMTF4TKU319140,0,2,2
SPMTF4TKU319160,0,4,4
SPMTF4TKU326110,0,2,2
SPMTF4TKU326120,0,2,2
SPMTF4TKU326130,0,2,2
SPMTF4TKU326150,0,4,4
SPMTF4TKU326160,0,2,2
SPMTF4TKU339110,0,2,2
SPMTF4TKU339120,0,2,2
SPMTF4TKU339130,0,2,2
SPMTF4TKU339140,0,2,2
SPMTF4TKU339150,0,2,2
SPMTF4TKU339160,0,6,6
SPMTF4TKU3B7110,0,6,6
SPMTF4TKU3B7120,0,6,6
SPMTF4TKU3B7130,0,10,10
SPMTF4TKU3B7140,0,12,12
SPMTF4TKU3B7150,0,14,14
SPMTF4TKU3B7160,0,6,6
SPMTF4TKU3BU150,0,2,2
SPMTF4VG5035070,0,72,72
SPMTF4VG5035075,0,54,54
SPMTF4VG5035080,0,30,30
SPMTF4VG5039070,0,52,52
SPMTF4VG5039075,0,42,42
SPMTF4VG5039080,0,30,30
SPMTFA9C1119075,0,16,16
SPMTFA9C1119080,0,16,16
SPMTFA9C1119085,0,16,16
SPMTFA9C1119090,0,14,14
SPMTFA9C11AC075,0,44,44
SPMTFA9C11AC080,0,48,48
SPMTFA9C11AC085,0,58,58
SPMTFA9C11AC090,0,24,24
SPMTFA9G1119070,0,98,98
SPMTFA9G1119075,0,98,98
SPMTFA9G1119080,0,40,40
SPMTFA9G11AC070,0,72,72
SPMTFA9G11AC075,0,60,60
SPMTFA9G11AC080,0,26,26
SPMTG11C0119075,0,84,84
SPMTG11C0119080,0,88,88
SPMTG11C0119085,0,62,62
SPMTG11C0119090,0,38,38
SPMTG11C01AC075,0,96,96
SPMTG11C01AC080,0,52,52
SPMTG11C01AC085,0,32,32
SPMTG11C01AC090,0,36,36
SPMTG11C6159075,0,634,634
SPMTG11C6159080,0,570,570
SPMTG11C6159085,0,490,490
SPMTG11C6159090,0,376,376
SPMTG11C6160075,0,196,196
SPMTG11C6160080,0,154,154
SPMTG11C6160085,0,112,112
SPMTG11C6160090,0,90,90
SPMTG11C61AC075,0,770,770
SPMTG11C61AC080,0,698,698
SPMTG11C61AC085,0,490,490
SPMTG11C61AC090,0,492,492
SPMTG11G3119070,0,528,528
SPMTG11G3119075,0,348,348
SPMTG11G3119080,0,310,310
SPMTG11G3126070,0,152,152
SPMTG11G3126075,0,48,48
SPMTG11G3126080,0,70,70
SPMTG11G3139070,0,274,274
SPMTG11G3139075,0,122,122
SPMTG11G3139080,0,98,98
SPMTG11G31BU070,0,2,2
SPMTG11G31BU080,0,4,4
SPMTG11G5033070,0,86,86
SPMTG11G5033075,0,110,110
SPMTG11G5033080,0,34,34
SPMTG11G5059070,0,48,48
SPMTG11G5059075,0,70,70
SPMTG11G5059080,0,18,18
SPMTG11G5085070,0,58,58
SPMTG11G5085075,0,102,102
SPMTG11G5085080,0,12,12
SPMTG11G50AA070,0,24,24
SPMTG11G50AA075,0,84,84
SPMTG11G50AA080,0,26,26
SPMTG11KU819130,0,10,10
SPMTG11KU819140,0,18,18
SPMTG11KU819150,0,18,18
SPMTG11KU819160,0,14,14
SPMTG11KU8AC130,0,6,6
SPMTG11KU8AC140,0,2,2
SPMTG11KU8AC160,0,10,10
SPMTG11KU919130,0,14,14
SPMTG11KU919140,0,20,20
SPMTG11KU919150,0,6,6
SPMTG11KU919160,0,32,32
SPMTG11KU9AC130,0,6,6
SPMTG11KU9AC140,0,4,4
SPMTG11KU9AC150,0,8,8
SPMTG11KU9AC160,0,14,14
SPMTG12C0119075,0,26,26
SPMTG12C0119080,0,54,54
SPMTG12C0119085,0,24,24
SPMTG12C0119090,0,10,10
SPMTG12C0159080,0,2,2
SPMTG12C0159085,0,28,28
SPMTG12C0159090,0,14,14
SPMTG12C0160075,0,16,16
SPMTG12C0160080,0,8,8
SPMTG12C0160085,0,8,8
SPMTG12C0160090,0,2,2
SPMTG12C01AC075,0,78,78
SPMTG12C01AC080,0,46,46
SPMTG12C01AC085,0,26,26
SPMTG12C01AC090,0,24,24
SPMTG12C0219075,0,10,10
SPMTG12C0219080,0,20,20
SPMTG12C0219085,0,10,10
SPMTG12C0219090,0,14,14
SPMTG12C0232075,0,2,2
SPMTG12C0232085,0,4,4
SPMTG12C0259075,0,34,34
SPMTG12C0259080,0,32,32
SPMTG12C0259085,0,22,22
SPMTG12C0259090,0,20,20
SPMTG12C0285075,0,6,6
SPMTG12C0285080,0,14,14
SPMTG12C0285085,0,14,14
SPMTG12C0285090,0,24,24
SPMTG12C02AA075,0,24,24
SPMTG12C02AA080,0,14,14
SPMTG12C02AA085,0,46,46
SPMTG12C02AA090,0,8,8
SPMTG12C02AC075,0,54,54
SPMTG12C02AC080,0,62,62
SPMTG12C02AC085,0,34,34
SPMTG12C02AC090,0,20,20
SPMTG12C0319075,0,40,40
SPMTG12C0319080,0,20,20
SPMTG12C0319085,0,24,24
SPMTG12C0319090,0,26,26
SPMTG12C03AC075,0,32,32
SPMTG12C03AC080,0,4,4
SPMTG12C03AC085,0,40,40
SPMTG12C03AC090,0,68,68
SPMTG12C9029999,0,2,2
SPMTG12G0119070,0,28,28
SPMTG12G0119075,0,26,26
SPMTG12G0119080,0,38,38
SPMTG12G0121080,0,2,2
SPMTG12G0139070,0,30,30
SPMTG12G0139080,0,6,6
SPMTG12G0160070,0,34,34
SPMTG12G0160075,0,2,2
SPMTG12G0160080,0,12,12
SPMTG12G0195070,0,184,184
SPMTG12G0195075,0,20,20
SPMTG12G0195080,0,36,36
SPMTG12G01AA070,0,44,44
SPMTG12G01AA075,0,28,28
SPMTG12G01AA080,0,24,24
SPMTG12G01AC070,0,18,18
SPMTG12G01AC080,0,20,20
SPMTG12G0219070,0,28,28
SPMTG12G0219075,0,18,18
SPMTG12G0219080,0,22,22
SPMTG12G02AC070,0,12,12
SPMTG12G02AC075,0,4,4
SPMTG12G9119085,0,2,2
SPMTG12G91AC085,0,2,2
SPMTG12KU119120,0,12,12
SPMTG12KU119130,0,14,14
SPMTG12KU119140,0,28,28
SPMTG12KU119150,0,58,58
SPMTG12KU119160,0,70,70
SPMTG12KU1AC120,0,10,10
SPMTG12KU1AC130,0,24,24
SPMTG12KU1AC140,0,50,50
SPMTG12KU1AC150,0,56,56
SPMTG12KU1AC160,0,84,84
SPMTG12KU219120,0,8,8
SPMTG12KU219130,0,20,20
SPMTG12KU219140,0,26,26
SPMTG12KU219150,0,52,52
SPMTG12KU219160,0,82,82
SPMTG12KU2AC120,0,12,12
SPMTG12KU2AC130,0,10,10
SPMTG12KU2AC140,0,58,58
SPMTG12KU2AC150,0,48,48
SPMTG12KU2AC160,0,96,96
SPMTG23C0119085,0,2,2
SPMTG23C0119095,0,2,2
SPMTG23C01AC075,0,2,2
SPMTG23C01AC080,0,4,4
SPMTG23C01AC085,0,2,2
SPMTG23C6449090,0,2,2
SPMTG23C6660090,0,2,2
SPMTG23G0219070,0,12,12
SPMTG23G0219075,0,12,12
SPMTG23G0219080,0,4,4
SPMTG23G02AC070,0,12,12
SPMTG23G02AC075,0,26,26
SPMTG23G02AC080,0,28,28
SPMTG23G0452075,0,2,2
SPMTG23G0452080,0,6,6
SPMTG23G0485070,0,14,14
SPMTG23G0485075,0,36,36
SPMTG23G0485080,0,12,12
SPMTG23G04AC070,0,16,16
SPMTG23G04AC075,0,22,22
SPMTG23G04AC080,0,32,32
SPMTG23G9059999,0,2,2
SPMTG23G94AC999,0,2,2
SPMTG23KU119150,0,4,4
SPMTG23KU119160,0,4,4
SPMTG23KU164140,0,4,4
SPMTG23KU164150,0,18,18
SPMTG23KU1AA160,0,4,4
SPMTG24C6029075,0,4,4
SPMTG24C6029080,0,6,6
SPMTG24C6029085,0,16,16
SPMTG24C6029090,0,4,4
SPMTG24G0119075,0,2,2
SPMTG24G01AC070,0,2,2
SPMTG24G01AC075,0,2,2
SPMTG24G0231070,0,2,2
SPMTG24G0231075,0,28,28
SPMTG24G0231080,0,46,46
SPMTG24G0519075,0,64,64
SPMTG24G0526070,0,16,16
SPMTG24G0526080,0,4,4
SPMTG24G0564070,0,4,4
SPMTG24G0564080,0,2,2
SPMTG24G05AC070,0,26,26
SPMTG24G05AC075,0,24,24
SPMTG24G05AC080,0,4,4
SPMTG24G0619070,0,6,6
SPMTG24G0619075,0,8,8
SPMTG24G0619080,0,14,14
SPMTG24G06AA070,0,2,2
SPMTG24G06AA075,0,2,2
SPMTG24G06AA080,0,4,4
SPMTG24G06AC075,0,4,4
SPMTG24G9119070,0,20,20
SPMTG24G9119075,0,12,12
SPMTG24G91AC070,0,20,20
SPMTG24G91AC075,0,18,18
SPMTG24G9219070,0,2,2
SPMTG24G92AC075,0,2,2
SPMTG24KG150150,0,10,10
SPMTG24KU119160,0,2,2
SPMTG24KU149160,0,2,2
SPMTG25C3119075,0,28,28
SPMTG25C3119085,0,10,10
SPMTG25C3119090,0,8,8
SPMTG25C3133075,0,16,16
SPMTG25C3133080,0,16,16
SPMTG25C3133085,0,18,18
SPMTG25C3133090,0,8,8
SPMTG25C31AC075,0,44,44
SPMTG25C31AC080,0,14,14
SPMTG25C31AC085,0,12,12
SPMTG25C31AC090,0,8,8
SPMTG25C3219075,0,6,6
SPMTG25C3219080,0,6,6
SPMTG25C3219085,0,10,10
SPMTG25C3219090,0,2,2
SPMTG25C32AC075,0,6,6
SPMTG25C32AC080,0,6,6
SPMTG25C32AC085,0,4,4
SPMTG25C32AC090,0,6,6
SPMTG25C5116080,0,4,4
SPMTG25C5119090,0,8,8
SPMTG25C5159080,0,4,4
SPMTG25C5162080,0,4,4
SPMTG25C5162085,0,2,2
SPMTG25C6119070,0,600,600
SPMTG25C6119075,0,800,800
SPMTG25C6119080,0,778,778
SPMTG25C6119085,0,800,800
SPMTG25C6119090,0,6,6
SPMTG25C61AA070,0,1436,1436
SPMTG25C61AA075,0,1368,1368
SPMTG25C61AA080,0,2384,2384
SPMTG25C61AA085,0,1000,1000
SPMTG25C61AA090,0,28,28
SPMTG25U0219085,0,2,2
SPMTG26C0119090,0,2,2
SPMTG26C01AA085,0,4,4
SPMTG26C01AC090,0,2,2
SPMTG26C0219080,0,2,2
SPMTG26C0219085,0,2,2
SPMTG26C0260090,0,2,2
SPMTG37C0260080,0,6,6
SPMTG37C0260090,0,60,60
SPMTG37C02AC070,0,6,6
SPMTG37C02AC075,0,312,312
SPMTG37C02AC080,0,812,812
SPMTG37C02AC085,0,364,364
SPMTG37C02AC090,0,86,86
SPMTG37C1119080,0,32,32
SPMTG37C1119085,0,154,154
SPMTG37C1119090,0,38,38
SPMTG37C11AC075,0,2,2
SPMTG37C11AC080,0,70,70
SPMTG37C11AC085,0,80,80
SPMTG37C61AC080,0,100,100
SPMTG37C61AC090,0,172,172
SPMTG37C6449090,0,2,2
SPMTG37G01AC070,0,14,14
SPMTG37G0219070,0,598,598
SPMTG37G0219075,0,402,402
SPMTG37G0219080,0,240,240
SPMTG37G0299070,0,2,2
SPMTG37G02AC070,0,1774,1774
SPMTG37G02AC075,0,672,672
SPMTG37G02AC080,0,392,392
SPMTG37G0416070,0,20,20
SPMTG37G0419070,0,50,50
SPMTG37G0419075,0,114,114
SPMTG37G0419080,0,508,508
SPMTG37G0425070,0,12,12
SPMTG37G0425075,0,22,22
SPMTG37G0425080,0,16,16
SPMTG37G04AC070,0,92,92
SPMTG37G04AC075,0,310,310
SPMTG37G8115085,0,70,70
SPMTG37G8115090,0,200,200
SPMTG37G8115095,0,2,2
SPMTG37G8119090,0,4,4
SPMTG37G8119095,0,6,6
SPMTG37G8139085,0,36,36
SPMTG37G8139090,0,126,126
SPMTG37G8139095,0,22,22
SPMTG37G8216085,0,56,56
SPMTG37G8216090,0,120,120
SPMTG37G8216095,0,16,16
SPMTG37G8219085,0,40,40
SPMTG37G8219090,0,82,82
SPMTG37G8219095,0,32,32
SPMTG37G8239085,0,22,22
SPMTG37G8239090,0,60,60
SPMTG37G8239095,0,212,212
SPMTG37G8260085,0,190,190
SPMTG37G8260090,0,380,380
SPMTG37G8260095,0,242,242
SPMTG37G9010070,0,32,32
SPMTG37G9010075,0,14,14
SPMTG37G9019070,0,238,238
SPMTG37G9019075,0,396,396
SPMTG37G9019080,0,264,264
SPMTG37G90AA070,0,566,566
SPMTG37G90AA075,0,168,168
SPMTG37G90AA080,0,264,264
SPMTG37G90AC070,0,598,598
SPMTG37G90AC075,0,422,422
SPMTG37G90AC080,0,76,76
SPMTG37GY010070,0,2,2
SPMTG37KU9AC120,0,6,6
SPMTG37KU9AC130,0,6,6
SPMTG37KU9AC140,0,6,6
SPMTG37KU9AC150,0,6,6
SPMTG37KU9AC160,0,6,6
SPMTG37U0215070,0,282,282
SPMTG37U0215075,0,384,384
SPMTG37U0215080,0,322,322
SPMTGA9KU119130,0,24,24
SPMTGA9KU119140,0,2,2
SPMTGA9KU119150,0,54,54
SPMTGA9KU119160,0,50,50
SPMTGA9KU1AA130,0,32,32
SPMTGA9KU219130,0,2,2
SPMTGA9KU2AA130,0,26,26
SPMTGA9KU2AA140,0,8,8
SPMTGA9KU2AA150,0,78,78
SPMTGA9KU2AA160,0,112,112
SPMTGA9KU319130,0,36,36
SPMTGA9KU319140,0,20,20
SPMTGA9KU319150,0,8,8
SPMTGA9KU319160,0,6,6
SPMTGA9KU3AC120,0,10,10
SPMTGA9KU3AC130,0,10,10
SPMTGA9KU3AC140,0,20,20
SPMTGA9KU3AC150,0,28,28
SPMTGA9KU3AC160,0,32,32
SPMTGA9KU419150,0,2,2
SPMTGA9KU419160,0,10,10
SPMTGA9KU4AA140,0,4,4
SPMWE11G5120085,0,2,2
SPMWE11G5164090,0,2,2
SPMWE11G52AB085,0,2,2
SPMWE11KG715120,0,32,32
SPMWE11KG715130,0,2,2
SPMWE11KG725120,0,46,46
SPMWE11KG725130,0,66,66
SPMWE11KG725140,0,42,42
SPMWE11KG725150,0,18,18
SPMWE11KG739120,0,56,56
SPMWE11KG739130,0,8,8
SPMWE11U0215090,0,8,8
SPMWE11U0215095,0,2,2
SPMWE11U0219090,0,2,2
SPMWE11U0219095,0,6,6
SPMWE11U0219100,0,18,18
SPMWE11U0219105,0,2,2
SPMWE12C06AC105,0,2,2
SPMWE12C5262090,0,2,2
SPMWE12C5262105,0,2,2
SPMWE12C52AB090,0,4,4
SPMWE12C52AB095,0,2,2
SPMWE12C52AB105,0,2,2
SPMWE12C6219090,0,8,8
SPMWE12C6219100,0,10,10
SPMWE12C6219105,0,8,8
SPMWE12C6251095,0,2,2
SPMWE12C62AA090,0,6,6
SPMWE12C62AA095,0,14,14
SPMWE12C62AA100,0,6,6
SPMWE12C62AA105,0,6,6
SPMWE12G52AB095,0,2,2
SPMWE12G5310085,0,12,12
SPMWE12G5310090,0,8,8
SPMWE12G5319085,0,12,12
SPMWE12G5425085,0,2,2
SPMWE12G5460085,0,36,36
SPMWE12G5460090,0,2,2
SPMWE12G5460095,0,10,10
SPMWE12G5519085,0,18,18
SPMWE12G5519090,0,44,44
SPMWE12G5519095,0,14,14
SPMWE12G55AA085,0,14,14
SPMWE12G55AA090,0,22,22
SPMWE12G55AA095,0,14,14
SPMWE12KU519110,0,14,14
SPMWE23C6316090,0,2,2
SPMWE23C6316105,0,2,2
SPMWE23G0419085,0,24,24
SPMWE23G0419090,0,10,10
SPMWE23G0451085,0,2,2
SPMWE23G04AA085,0,6,6
SPMWE23KU915140,0,2,2
SPMWE23KU919140,0,2,2
SPMWE49C0119095,0,2,2
SPMWE49C0160090,0,2,2
SPMWE49C01BU100,0,2,2
SPMWE49C4216090,0,4,4
SPMWE49C4216095,0,4,4
SPMWE49C4216100,0,2,2
SPMWE49C4216105,0,2,2
SPMWE49C4219090,0,2,2
SPMWE49C4219095,0,6,6
SPMWE49C4219100,0,4,4
SPMWE49C4219105,0,2,2
SPMWE49C5115090,0,2,2
SPMWE49C5115095,0,2,2
SPMWE49C5159090,0,2,2
SPMWE49C5362090,0,2,2
SPMWE49C5362100,0,4,4
SPMWE49C5364090,0,2,2
SPMWE49C5364095,0,6,6
SPMWE49C5364100,0,4,4
SPMWE49C5364105,0,2,2
SPMWE49G0119085,0,8,8
SPMWE49G0119095,0,2,2
SPMWE49G0126085,0,2,2
SPMWE49G0164085,0,4,4
SPMWE49G01AC085,0,2,2
SPMWE49G01AC090,0,2,2
SPMWE49G4116085,0,2,2
SPMWE49KG459120,0,2,2
SPMWE4TC2160100,0,2,2
SPMWE4TG4159085,0,6,6
SPMWE4TG4162085,0,2,2
SPMWE4TG4162090,0,2,2
SPMWE4TG4219085,0,2,2
SPMWE4TG4219095,0,2,2
SPMWE4TG4233085,0,2,2
SPMWE4TG4233090,0,2,2
SPMWE4TKU319110,0,2,2
SPMWE4TKU319120,0,4,4
SPMWE4TKU319140,0,4,4
SPMWE4TKU3AA110,0,12,12
SPMWE4TKU3AA120,0,2,2
SPMWE4TKU433110,0,2,2
SPMWE4TKU919120,0,4,4
SPMWE4TKU964120,0,2,2
SPMWE4VKU959160,0,2,2
SPMWE4VU0139095,0,2,2
SPMWE4VU0139105,0,2,2
SPMWE4VU02AA105,0,2,2
SPMWF11C4150105,0,2,2
SPMWF11C4159090,0,2,2
SPMWF11C4162100,0,8,8
SPMWF11C4162105,0,2,2
SPMWF11C4164095,0,2,2
SPMWF11C5064105,0,2,2
SPMWF11G5126095,0,2,2
SPMWF11G5164085,0,18,18
SPMWF11G5164090,0,62,62
SPMWF11G51AA085,0,10,10
SPMWF11KU619110,0,10,10
SPMWF11KU619140,0,2,2
SPMWF11KU6AC120,0,6,6
SPMWF11KU6AC130,0,2,2
SPMWF11KU6AC150,0,10,10
SPMWF11KU6AC160,0,6,6
SPMWF11KU939110,0,6,6
SPMWF11KU939120,0,24,24
SPMWF11KU939130,0,12,12
SPMWF11KU939140,0,20,20
SPMWF11KU939150,0,16,16
SPMWF11KU939160,0,18,18
SPMWF11KU9AC110,0,16,16
SPMWF11KU9AC120,0,28,28
SPMWF11KU9AC130,0,10,10
SPMWF11KU9AC140,0,22,22
SPMWF11KU9AC150,0,20,20
SPMWF11KU9AC160,0,2,2
SPMWF12C5150095,0,2,2
SPMWF12C5159090,0,2,2
SPMWF12C5199105,0,2,2
SPMWF12G5119090,0,2,2
SPMWF12G51AA085,0,2,2
SPMWF12G5262095,0,2,2
SPMWF12KU115160,0,2,2
SPMWF12KU259110,0,2,2
SPMWF23C6150105,0,2,2
SPMWF23C6164100,0,2,2
SPMWF23G0136085,0,6,6
SPMWF23G0159085,0,2,2
SPMWF23G5119085,0,2,2
SPMWF23G5164090,0,2,2
SPMWF23G51AA085,0,4,4
SPMWF23G9159999,0,2,2
SPMWF23G9164999,0,2,2
SPMWF23KU115110,0,4,4
SPMWF23KU115120,0,12,12
SPMWF23KU115130,0,6,6
SPMWF23KU115140,0,6,6
SPMWF23KU119110,0,4,4
SPMWF23KU119120,0,6,6
SPMWF23KU119130,0,4,4
SPMWF23KU119150,0,4,4
SPMWF23KU119160,0,2,2
SPMWF23KU175110,0,6,6
SPMWF23KU175120,0,6,6
SPMWF23KU175130,0,4,4
SPMWF23KU175140,0,8,8
SPMWF23KU175150,0,14,14
SPMWF23KU175160,0,6,6
SPMWF25C5016105,0,4,4
SPMWF25C5059090,0,2,2
SPMWF25G5116090,0,2,2
SPMWF25G5133085,0,2,2
SPMWF49G1229085,0,22,22
SPMWF49G1229090,0,26,26
SPMWF49G1229095,0,6,6
SPMWF49G1233085,0,2,2
SPMWF49G1259085,0,2,2
SPMWF49G1259090,0,6,6
SPMWF49G51AA999,0,10,10
SPMWF49G9019999,0,8,8
SPMWF49G90AC999,0,12,12
SPMWF49G9115999,0,14,14
SPMWF49G9159999,0,4,4
SPMWF49G9219999,0,2,2
SPMWF49G92AC999,0,16,16
SPMWF49KG164120,0,76,76
SPMWF49KG164130,0,124,124
SPMWF49KG164140,0,116,116
SPMWF49KG164150,0,164,164
SPMWF49KG164160,0,90,90
SPMWF49KG1AA120,0,46,46
SPMWF49KG1AA130,0,52,52
SPMWF49KG1AA140,0,104,104
SPMWF49KG1AA150,0,80,80
SPMWF49KG1AA160,0,32,32
SPMWF49KG919110,0,10,10
SPMWF49KG919120,0,30,30
SPMWF49KG919130,0,24,24
SPMWF49KG9AC110,0,12,12
SPMWF49KG9AC120,0,22,22
SPMWF49KG9AC130,0,38,38
SPMWF49KG9AC140,0,14,14
SPMWF49KG9AC150,0,2,2
SPMWF49KG9AC160,0,2,2
SPMWF49KU1BH110,0,6,6
SPMWF49KU219110,0,12,12
SPMWF49KU219120,0,24,24
SPMWF49KU219130,0,14,14
SPMWF49KU219140,0,18,18
SPMWF49KU219150,0,6,6
SPMWF49KU264110,0,26,26
SPMWF49KU264120,0,60,60
SPMWF49KU264130,0,60,60
SPMWF49KU264140,0,90,90
SPMWF49KU264150,0,50,50
SPMWF49KU264160,0,16,16
SPMWF49KU2AA110,0,22,22
SPMWF49KU2AA120,0,46,46
SPMWF49KU2AA130,0,34,34
SPMWF49KU2AA140,0,38,38
SPMWF49KU2AA150,0,26,26
SPMWF49KU2AA160,0,14,14
SPMWF49KU419110,0,24,24
SPMWF49KU419130,0,8,8
SPMWF4TC6159085,0,28,28
SPMWF4TC6159090,0,64,64
SPMWF4TC6159095,0,106,106
SPMWF4TC6159100,0,66,66
SPMWF4TC6162085,0,42,42
SPMWF4TC6162090,0,48,48
SPMWF4TC6162095,0,80,80
SPMWF4TC6162100,0,64,64
SPMWF4TC6185085,0,22,22
SPMWF4TC6185090,0,16,16
SPMWF4TC6185095,0,6,6
SPMWF4TC6185100,0,14,14
SPMWF4TC61AA085,0,28,28
SPMWF4TC61AA090,0,36,36
SPMWF4TC61AA095,0,36,36
SPMWF4TC61AA100,0,50,50
SPMWF4TKU219110,0,70,70
SPMWF4TKU219120,0,70,70
SPMWF4TKU219130,0,104,104
SPMWF4TKU219140,0,164,164
SPMWF4TKU219150,0,244,244
SPMWF4TKU219160,0,178,178
SPMWF4TKU264110,0,26,26
SPMWF4TKU264120,0,120,120
SPMWF4TKU264130,0,82,82
SPMWF4TKU264140,0,80,80
SPMWF4TKU264150,0,44,44
SPMWF4TKU264160,0,10,10
SPMWF4TKU2AC110,0,64,64
SPMWF4TKU2AC120,0,58,58
SPMWF4TKU2AC130,0,124,124
SPMWF4TKU2AC140,0,220,220
SPMWF4TKU2AC150,0,154,154
SPMWF4TKU2AC160,0,146,146
SPMWF4TKU364110,0,30,30
SPMWF4TKU364120,0,44,44
SPMWF4TKU364130,0,60,60
SPMWF4TKU364140,0,72,72
SPMWF4TKU364150,0,56,56
SPMWF4TKU364160,0,24,24
SPMWF4TKU3AC110,0,42,42
SPMWF4TKU3AC120,0,44,44
SPMWF4TKU3AC130,0,106,106
SPMWF4TKU3AC140,0,80,80
SPMWF4TKU3AC150,0,74,74
SPMWF4TKU3AC160,0,20,20
SPMWF4TKU815130,0,6,6
SPMWF4TKU815150,0,2,2
SPMWF4TKU815160,0,2,2
SPMWF4TKU964110,0,40,40
SPMWF4TKU964120,0,32,32
SPMWF4TKU964130,0,50,50
SPMWF4TKU964140,0,34,34
SPMWF4TKU964150,0,20,20
SPMWF4TKU964160,0,12,12
SPMWF4TKU9AC110,0,66,66
SPMWF4TKU9AC120,0,66,66
SPMWF4TKU9AC130,0,54,54
SPMWF4TKU9AC140,0,122,122
SPMWF4TKU9AC150,0,14,14
SPMWF4TKU9AC160,0,10,10
SPMWF4VKU819120,0,14,14
SPMWF4VKU819130,0,4,4
SPMWF4VKU819140,0,40,40
SPMWF4VKU819150,0,138,138
SPMWF4VKU819160,0,214,214
SPMWF4VKU8AC110,0,60,60
SPMWF4VKU8AC120,0,90,90
SPMWF4VKU8AC130,0,74,74
SPMWF4VKU8AC140,0,172,172
SPMWF4VKU8AC150,0,138,138
SPMWF4VKU8AC160,0,118,118
SPMWF4VKU933110,0,70,70
SPMWF4VKU933120,0,82,82
SPMWF4VKU933130,0,64,64
SPMWF4VKU933140,0,84,84
SPMWF4VKU933150,0,66,66
SPMWF4VKU933160,0,84,84
SPMWF4VKU964110,0,66,66
SPMWF4VKU964120,0,82,82
SPMWF4VKU964130,0,86,86
SPMWF4VKU964140,0,116,116
SPMWF4VKU964150,0,82,82
SPMWF4VKU964160,0,132,132
SPMWFA9C1111095,0,2,2
SPMWFA9C1111100,0,2,2
SPMWFA9C1111105,0,2,2
SPMWFA9C1119090,0,26,26
SPMWFA9C1119095,0,4,4
SPMWFA9C1119100,0,6,6
SPMWFA9C1119105,0,2,2
SPMWFA9C1129100,0,2,2
SPMWFA9C1129105,0,6,6
SPMWFA9C1149105,0,2,2
SPMWFA9C1150090,0,12,12
SPMWFA9C1150095,0,14,14
SPMWFA9C1150105,0,6,6
SPMWFA9C1150110,0,2,2
SPMWFA9C1159090,0,2,2
SPMWFA9C1160090,0,14,14
SPMWFA9C1160095,0,30,30
SPMWFA9C11AA090,0,8,8
SPMWFA9C11AA095,0,4,4
SPMWFA9C11AA100,0,6,6
SPMWFA9C11AA105,0,2,2
SPMWFA9C11AC090,0,18,18
SPMWFA9C11AC095,0,12,12
SPMWFA9C11AC100,0,2,2
SPMWFA9C11AC110,0,2,2
SPMWFA9C8003085,0,12,12
SPMWFA9C8003090,0,10,10
SPMWFA9C8003095,0,12,12
SPMWFA9C8003100,0,12,12
SPMWFA9C8004085,0,10,10
SPMWFA9C8004090,0,10,10
SPMWFA9C8004095,0,18,18
SPMWFA9C8004100,0,18,18
SPMWFA9C8015085,0,22,22
SPMWFA9C8015090,0,18,18
SPMWFA9C8015095,0,18,18
SPMWFA9C8015100,0,24,24
SPMWFA9C8017085,0,6,6
SPMWFA9C8017090,0,16,16
SPMWFA9C8017095,0,12,12
SPMWFA9C8017100,0,18,18
SPMWFA9C8040085,0,4,4
SPMWFA9C8040090,0,12,12
SPMWFA9C8040100,0,12,12
SPMWFA9C8059085,0,20,20
SPMWFA9C8059090,0,22,22
SPMWFA9C8059095,0,34,34
SPMWFA9C8059100,0,12,12
SPMWFA9C80AA085,0,14,14
SPMWFA9C80AA090,0,18,18
SPMWFA9C80AA095,0,12,12
SPMWFA9C80AA100,0,10,10
SPMWFA9C80BV085,0,18,18
SPMWFA9C80BV090,0,14,14
SPMWFA9C80BV095,0,22,22
SPMWFA9C80BV100,0,24,24
SPMWFA9G1119085,0,92,92
SPMWFA9G1119090,0,58,58
SPMWFA9G1119095,0,36,36
SPMWFA9G1133085,0,38,38
SPMWFA9G1133090,0,38,38
SPMWFA9G1133095,0,30,30
SPMWFA9G1151085,0,84,84
SPMWFA9G1151090,0,46,46
SPMWFA9G1151095,0,46,46
SPMWFA9G1159085,0,96,96
SPMWFA9G1159090,0,52,52
SPMWFA9G1159095,0,26,26
SPMWFA9G1164085,0,24,24
SPMWFA9G1164090,0,34,34
SPMWFA9G1164095,0,14,14
SPMWFA9G11AC085,0,68,68
SPMWFA9G11AC090,0,56,56
SPMWFA9G11AC095,0,48,48
SPMWFA9G11CO085,0,34,34
SPMWFA9G11CO090,0,32,32
SPMWFA9G11CO095,0,12,12
SPMWFA9G8019085,0,14,14
SPMWFA9G8019090,0,16,16
SPMWFA9G8019095,0,6,6
SPMWFA9G8050085,0,14,14
SPMWFA9G8050090,0,6,6
SPMWFA9G8050095,0,8,8
SPMWFA9G8052085,0,18,18
SPMWFA9G8052090,0,56,56
SPMWFA9G8052095,0,24,24
SPMWFA9G8059085,0,10,10
SPMWFA9G8059090,0,16,16
SPMWFA9G8059095,0,2,2
SPMWFA9G8062085,0,16,16
SPMWFA9G8062090,0,28,28
SPMWFA9G8062095,0,20,20
SPMWFA9G8064085,0,26,26
SPMWFA9G80AA085,0,10,10
SPMWFA9G80AA090,0,8,8
SPMWFA9G80AA095,0,2,2
SPMWFA9G80BE085,0,14,14
SPMWFA9G80BE090,0,8,8
SPMWFA9G80BE095,0,4,4
SPMWFA9G80BS085,0,38,38
SPMWFA9G80BS090,0,50,50
SPMWFA9G80BS095,0,32,32
SPMWFA9G80CC085,0,12,12
SPMWFA9G80CC090,0,20,20
SPMWFA9G80CC095,0,10,10
SPMWFA9KU164110,0,122,122
SPMWFA9KU164120,0,280,280
SPMWFA9KU164130,0,784,784
SPMWFA9KU164140,0,128,128
SPMWG12KG959120,0,2,2
SPMWG12KG959130,0,2,2
SPMWG12KG959140,0,4,4
SPMWG12KG959150,0,8,8
SPMWG12KG976130,0,2,2
SPMWG12KG976140,0,10,10
SPMWG12KG976150,0,10,10
SPMWG12KU125100,0,64,64
SPMWG12KU125110,0,138,138
SPMWG12KU125120,0,122,122
SPMWG12KU125130,0,146,146
SPMWG12KU1CD100,0,104,104
SPMWG12KU1CD110,0,6,6
SPMWG12KU1CD130,0,2,2
SPMWG12KU1CD140,0,2,2
SPMWG12KU1CD150,0,42,42
SPMWG12KU264150,0,28,28
SPMWG12KU264160,0,6,6
SPMWG12KU935110,0,14,14
SPMWG12KU935120,0,16,16
SPMWG12KU935130,0,32,32
SPMWG12KU935140,0,38,38
SPMWG12KU935150,0,32,32
SPMWG12KU935160,0,38,38
SPMWG12KU959110,0,18,18
SPMWG12KU959120,0,22,22
SPMWG12KU959130,0,110,110
SPMWG12KU959140,0,86,86
SPMWG12KU959150,0,42,42
SPMWG12KU959160,0,48,48
SPMWG23G0119085,0,10,10
SPMWG23G0119090,0,34,34
SPMWG23G0119095,0,44,44
SPMWG23G0149085,0,4,4
SPMWG23G0149090,0,24,24
SPMWG23G0149095,0,40,40
SPMWG23G01AC085,0,14,14
SPMWG23G01AC090,0,42,42
SPMWG23G01AC095,0,58,58
SPMWG23KU115110,0,18,18
SPMWG23KU115120,0,26,26
SPMWG23KU115130,0,36,36
SPMWG23KU115140,0,36,36
SPMWG23KU115150,0,60,60
SPMWG23KU115160,0,34,34
SPMWG23KU125110,0,16,16
SPMWG23KU125120,0,22,22
SPMWG23KU125130,0,24,24
SPMWG23KU125140,0,30,30
SPMWG23KU125150,0,12,12
SPMWG23KU125160,0,12,12
SPMWG23KU159110,0,36,36
SPMWG23KU159120,0,38,38
SPMWG23KU159130,0,30,30
SPMWG23KU159140,0,20,20
SPMWG23KU159150,0,58,58
SPMWG23KU159160,0,52,52
SPMWG23KU199110,0,44,44
SPMWG23KU199120,0,42,42
SPMWG23KU199130,0,58,58
SPMWG23KU199140,0,52,52
SPMWG23KU199150,0,32,32
SPMWG23KU199160,0,82,82
SPMWG23KU251110,0,10,10
SPMWG23KU251120,0,6,6
SPMWG23KU251130,0,8,8
SPMWG23KU251140,0,8,8
SPMWG23KU251150,0,8,8
SPMWG23KU251160,0,6,6
SPMWG23KU264110,0,4,4
SPMWG23KU264120,0,8,8
SPMWG23KU264130,0,8,8
SPMWG23KU264140,0,14,14
SPMWG23KU264150,0,12,12
SPMWG23KU264160,0,10,10
SPMWG23KU2AA110,0,6,6
SPMWG23KU2AA120,0,8,8
SPMWG23KU2AA130,0,14,14
SPMWG23KU2AA140,0,16,16
SPMWG23KU2AA150,0,18,18
SPMWG23KU2AA160,0,22,22
SPMWG23KU319140,0,4,4
SPMWG23KU333130,0,2,2
SPMWG37G8215085,0,4,4
SPMWG37G8219085,0,4,4
SPMWG37G8260085,0,4,4
SPMWGA9C1119090,0,2,2
SPMWGA9C1119095,0,4,4
SPMWGA9C1119100,0,8,8
SPMWGA9C1119105,0,12,12
SPMWGA9C1159090,0,2,2
SPMWGA9C1159100,0,2,2
SPMWGA9C1159105,0,2,2
SPMWGA9C1159110,0,10,10
SPMWGA9C1185090,0,8,8
SPMWGA9C1185100,0,6,6
SPMWGA9C1185105,0,2,2
SPMWGA9C11AC100,0,18,18
SPMWGA9GS119085,0,2,2
SPMWGA9GS119090,0,10,10
SPMWGA9GS119095,0,2,2
SPMWGA9GS135085,0,4,4
SPMWGA9GS1AC095,0,2,2
SPMZE23G0119085,0,32,32
SPMZE23G0119090,0,6,6
SPMZE23G0126085,0,4,4
SPMZE23G0126090,0,6,6
SPMZE23G0164090,0,4,4
SPMZE23G0164095,0,8,8
SPMZE23G01AC085,0,12,12
SPMZE23G01AC095,0,2,2
SPMZE37G0151085,0,8,8
SPMZE37G0151090,0,6,6
SPMZE37G0151095,0,8,8
SPMZE37G0164085,0,2,2
SPMZE37G0164090,0,2,2
SPMZE37G0164095,0,6,6
SPMZE37G01AC090,0,2,2
SPMZE37G0215085,0,4,4
SPMZE37G0215090,0,4,4
SPMZE37G0215095,0,4,4
SPMZE37G0219085,0,10,10
SPMZE37G0219090,0,4,4
SPMZE37G0219095,0,6,6
SPMZE37G0264085,0,6,6
SPMZE37G0264090,0,4,4
SPMZE37G0264095,0,4,4
SPMZE49C0119080,0,2,2
SPMZE49C0131080,0,6,6
SPMZE49C0131085,0,4,4
SPMZE49C0131090,0,6,6
SPMZE49C0131095,0,8,8
SPMZE49C0185090,0,4,4
SPMZE49C0185095,0,4,4
SPMZE49C01AA095,0,2,2
SPMZE49G0119095,0,2,2
SPMZE49G0126095,0,4,4
SPMZE49G0160085,0,4,4
SPMZE49G0160090,0,6,6
SPMZE49G0164090,0,2,2
SPMZE49G0164095,0,2,2
SPMZE49G0176085,0,2,2
SPMZE49G0176090,0,6,6
SPMZE49G0176095,0,4,4
SPMZE49G01AA085,0,4,4
SPMZE49G01AA090,0,2,2
SPMZE4TG2149090,0,2,2
SPMZE4TG3039095,0,2,2
SPMZE4TG3060090,0,2,2
SPMZE4TKU239150,0,2,2
SPMZE4TKU319110,0,6,6
SPMZE4TKU319120,0,4,4
SPMZE4TKU319130,0,4,4
SPMZE4TKU3PP130,0,2,2
SPMZF11C0119085,0,10,10
SPMZF11C0119090,0,8,8
SPMZF11C0119095,0,10,10
SPMZF11C0119100,0,2,2
SPMZF11C0119105,0,6,6
SPMZF11C01AC085,0,10,10
SPMZF11C01AC090,0,10,10
SPMZF11C01AC095,0,8,8
SPMZF11C01AC100,0,8,8
SPMZF11G4033085,0,4,4
SPMZF11G4033090,0,2,2
SPMZF11G4033095,0,4,4
SPMZF11G4059085,0,4,4
SPMZF11G4059090,0,4,4
SPMZF11G4059095,0,6,6
SPMZF11G40AA085,0,6,6
SPMZF11G40AA090,0,6,6
SPMZF11G40AA095,0,4,4
SPMZF12C0133085,0,2,2
SPMZF12C0133095,0,2,2
SPMZF12C0151090,0,2,2
SPMZF12C0176080,0,8,8
SPMZF12C0176085,0,2,2
SPMZF12C0176095,0,2,2
SPMZF12C0219085,0,2,2
SPMZF12C0219095,0,4,4
SPMZF12C0260085,0,2,2
SPMZF12C0260090,0,2,2
SPMZF12C0260095,0,12,12
SPMZF12C0260100,0,4,4
SPMZF12C02AC085,0,2,2
SPMZF12C02AC095,0,6,6
SPMZF12C8059090,0,6,6
SPMZF12C80AA095,0,2,2
SPMZF12C80AA100,0,2,2
SPMZF12G0119085,0,8,8
SPMZF12G0119090,0,24,24
SPMZF12G0119095,0,14,14
SPMZF12G0131085,0,32,32
SPMZF12G0131090,0,18,18
SPMZF12G0131095,0,4,4
SPMZF12G0139085,0,12,12
SPMZF12G0139090,0,12,12
SPMZF12G0176085,0,24,24
SPMZF12G0176090,0,10,10
SPMZF12G0176095,0,10,10
SPMZF12G01AA085,0,4,4
SPMZF12G01AA090,0,8,8
SPMZF12G01AA095,0,4,4
SPMZF12G01AC090,0,4,4
SPMZF12G01AC095,0,2,2
SPMZF12G5160085,0,2,2
SPMZF23C4159095,0,2,2
SPMZF23C4159105,0,2,2
SPMZF23C4164105,0,4,4
SPMZF23C41AA095,0,10,10
SPMZF23G0527085,0,2,2
SPMZF24G1519085,0,8,8
SPMZF24G1519090,0,16,16
SPMZF24G1519095,0,12,12
SPMZF24G1526090,0,2,2
SPMZF24G1550085,0,2,2
SPMZF24G15AA085,0,12,12
SPMZF24G15AA090,0,16,16
SPMZF24G15AA095,0,4,4
SPMZF24G15AC085,0,2,2
SPMZF24G15AC090,0,2,2
SPMZF24G15AC095,0,2,2
SPMZF49C3119090,0,24,24
SPMZF49C3119095,0,14,14
SPMZF49C3119100,0,6,6
SPMZF49C31AC090,0,26,26
SPMZF49C31AC095,0,40,40
SPMZF49C31AC100,0,18,18
SPMZF49C31AC105,0,58,58
SPMZF49C5111090,0,4,4
SPMZF49C5111105,0,2,2
SPMZF49C5159090,0,6,6
SPMZF49C5159095,0,8,8
SPMZF49C5159100,0,4,4
SPMZF49C5164090,0,4,4
SPMZF49C5164095,0,2,2
SPMZF49C5164105,0,14,14
SPMZF49C5185090,0,20,20
SPMZF49C5185095,0,6,6
SPMZF49C5185100,0,6,6
SPMZF49C51AA105,0,6,6
SPMZF49CY129090,0,2,2
SPMZF49CY129095,0,6,6
SPMZF49CY129100,0,2,2
SPMZF49CY129105,0,8,8
SPMZF49CY159090,0,4,4
SPMZF49CY159095,0,4,4
SPMZF49CY159100,0,2,2
SPMZF49CY1AA095,0,2,2
SPMZF49CY1AA100,0,4,4
SPMZF49CY1AA105,0,4,4
SPMZF49CY260090,0,48,48
SPMZF49CY260095,0,24,24
SPMZF49CY260100,0,22,22
SPMZF49CY260105,0,50,50
SPMZF49CY285095,0,30,30
SPMZF49CY285100,0,8,8
SPMZF49CY285105,0,92,92
SPMZF49G0119085,0,40,40
SPMZF49G0119090,0,50,50
SPMZF49G0119095,0,26,26
SPMZF49G0160085,0,18,18
SPMZF49G0160090,0,20,20
SPMZF49G0160095,0,26,26
SPMZF49G0164085,0,32,32
SPMZF49G0164090,0,16,16
SPMZF49G0164095,0,8,8
SPMZF49G0199085,0,4,4
SPMZF49G01AC085,0,34,34
SPMZF49G01AC090,0,2,2
SPMZF49G01AC095,0,2,2
SPMZF49G01CO085,0,62,62
SPMZF49G01CO090,0,28,28
SPMZF49G01CO095,0,4,4
SPMZF49G0252085,0,30,30
SPMZF49G0252090,0,18,18
SPMZF49G0252095,0,2,2
SPMZF49G02AC085,0,2,2
SPMZF49G02AC090,0,12,12
SPMZF49G02AC095,0,16,16
SPMZF49G5033085,0,20,20
SPMZF49G5033090,0,8,8
SPMZF49G5033095,0,12,12
SPMZF49G5059085,0,12,12
SPMZF49G5059090,0,12,12
SPMZF49G5059095,0,8,8
SPMZF49G5060085,0,18,18
SPMZF49G5060090,0,20,20
SPMZF49G5060095,0,4,4
SPMZF49G50AA085,0,22,22
SPMZF49G50AA090,0,18,18
SPMZF49G50AA095,0,4,4
SPMZF49G5560085,0,10,10
SPMZF49G5560090,0,4,4
SPMZF49G5560095,0,2,2
SPMZF49G5585085,0,6,6
SPMZF49G5585090,0,6,6
SPMZF4TC0119090,0,80,80
SPMZF4TC0119095,0,128,128
SPMZF4TC0119100,0,174,174
SPMZF4TC0119105,0,70,70
SPMZF4TC0149090,0,60,60
SPMZF4TC0149095,0,100,100
SPMZF4TC0149100,0,106,106
SPMZF4TC0149105,0,74,74
SPMZF4TC0185090,0,50,50
SPMZF4TC0185095,0,82,82
SPMZF4TC0185100,0,112,112
SPMZF4TC0185105,0,76,76
SPMZF4TC0219090,0,4,4
SPMZF4TC0219095,0,10,10
SPMZF4TC0219100,0,6,6
SPMZF4TC0219105,0,4,4
SPMZF4TC0219110,0,2,2
SPMZF4TC0229090,0,2,2
SPMZF4TC0229105,0,2,2
SPMZF4TC0236105,0,2,2
SPMZF4TC0237090,0,12,12
SPMZF4TC0237095,0,6,6
SPMZF4TC0237100,0,6,6
SPMZF4TC0259105,0,2,2
SPMZF4TC0260085,0,2,2
SPMZF4TC0260090,0,2,2
SPMZF4TC0260095,0,4,4
SPMZF4TC0260100,0,4,4
SPMZF4TC0260105,0,2,2
SPMZF4TC0260110,0,6,6
SPMZF4TC02AA090,0,12,12
SPMZF4TC02AA095,0,4,4
SPMZF4TC02AA100,0,2,2
SPMZF4TC02AC090,0,12,12
SPMZF4TC02AC095,0,2,2
SPMZF4TC02AC100,0,4,4
SPMZF4TC02AC110,0,2,2
SPMZF4TC9015999,0,4,4
SPMZF4TC9039999,0,6,6
SPMZF4TC9085999,0,8,8
SPMZF4TG3126085,0,162,162
SPMZF4TG3126090,0,194,194
SPMZF4TG3126095,0,182,182
SPMZF4TG3139085,0,150,150
SPMZF4TG3139090,0,140,140
SPMZF4TG3139095,0,168,168
SPMZF4TG31BU085,0,16,16
SPMZF4TG31BU090,0,28,28
SPMZF4TG31BU095,0,16,16
SPMZF4TGY227090,0,2,2
SPMZF4TGY260085,0,2,2
SPMZF4TGY260090,0,2,2
SPMZF4TGY285090,0,16,16
SPMZF4TKU119110,0,84,84
SPMZF4TKU119120,0,76,76
SPMZF4TKU119130,0,52,52
SPMZF4TKU119140,0,76,76
SPMZF4TKU119150,0,48,48
SPMZF4TKU119160,0,38,38
SPMZF4TKU150110,0,96,96
SPMZF4TKU150120,0,50,50
SPMZF4TKU150130,0,162,162
SPMZF4TKU150140,0,218,218
SPMZF4TKU150150,0,240,240
SPMZF4TKU150160,0,84,84
SPMZF4TKU176110,0,108,108
SPMZF4TKU176120,0,60,60
SPMZF4TKU176130,0,138,138
SPMZF4TKU176140,0,130,130
SPMZF4TKU176150,0,98,98
SPMZF4TKU176160,0,52,52
SPMZF4TKU1AC110,0,32,32
SPMZF4TKU1AC120,0,36,36
SPMZF4TKU1AC130,0,28,28
SPMZF4TKU1AC140,0,20,20
SPMZF4TKU1AC150,0,16,16
SPMZF4TKU1AC160,0,18,18
SPMZF4TKU215120,0,98,98
SPMZF4TKU215130,0,38,38
SPMZF4TKU215140,0,34,34
SPMZF4TKU215150,0,12,12
SPMZF4TKU219130,0,222,222
SPMZF4TKU219140,0,190,190
SPMZF4TKU219150,0,136,136
SPMZF4TKU219160,0,210,210
SPMZF4TKU226120,0,96,96
SPMZF4TKU226130,0,158,158
SPMZF4TKU226140,0,236,236
SPMZF4TKU226150,0,304,304
SPMZF4TKU226160,0,174,174
SPMZF4TKU2B7120,0,54,54
SPMZF4TKU2B7130,0,74,74
SPMZF4TKU2B7140,0,124,124
SPMZF4TKU2B7150,0,106,106
SPMZF4TKU2B7160,0,82,82
SPMZF4TKU310120,0,36,36
SPMZF4TKU310130,0,84,84
SPMZF4TKU310140,0,62,62
SPMZF4TKU310150,0,44,44
SPMZF4TKU310160,0,18,18
SPMZF4VCY135090,0,40,40
SPMZF4VCY135095,0,28,28
SPMZF4VCY135100,0,50,50
SPMZF4VCY135105,0,50,50
SPMZF4VCY139090,0,90,90
SPMZF4VCY139095,0,54,54
SPMZF4VCY139100,0,72,72
SPMZF4VCY139105,0,112,112
SPMZG11C0219090,0,58,58
SPMZG11C0219095,0,70,70
SPMZG11C0219100,0,66,66
SPMZG11C0219105,0,16,16
SPMZG11C02AA090,0,26,26
SPMZG11C02AA095,0,30,30
SPMZG11C02AA100,0,20,20
SPMZG11C02AA105,0,8,8
SPMZG11C02AC090,0,30,30
SPMZG11C02AC095,0,28,28
SPMZG11C02AC100,0,24,24
SPMZG11C02AC105,0,26,26
SPMZG11C6033090,0,16,16
SPMZG11C6033095,0,12,12
SPMZG11C6033100,0,12,12
SPMZG11C6033105,0,28,28
SPMZG11C6050090,0,42,42
SPMZG11C6050095,0,134,134
SPMZG11C6050100,0,132,132
SPMZG11C6050105,0,144,144
SPMZG11C6059090,0,20,20
SPMZG11C6059095,0,10,10
SPMZG11C6059100,0,10,10
SPMZG11C6059105,0,22,22
SPMZG11C6060090,0,168,168
SPMZG11C6060095,0,168,168
SPMZG11C6060100,0,156,156
SPMZG11C6060105,0,154,154
SPMZG11C6064090,0,20,20
SPMZG11C6064095,0,16,16
SPMZG11C6064100,0,8,8
SPMZG11C6064105,0,14,14
SPMZG11C60AC095,0,8,8
SPMZG11C60AC100,0,30,30
SPMZG11G3119085,0,2062,2062
SPMZG11G3119090,0,1226,1226
SPMZG11G3119095,0,898,898
SPMZG11G3126085,0,242,242
SPMZG11G3126090,0,206,206
SPMZG11G3126095,0,164,164
SPMZG11G3139085,0,900,900
SPMZG11G3139090,0,690,690
SPMZG11G3139095,0,524,524
SPMZG11G31BU085,0,34,34
SPMZG11G31BU090,0,24,24
SPMZG11G31BU095,0,30,30
SPMZG11G5560085,0,636,636
SPMZG11G5560090,0,576,576
SPMZG11G5560095,0,296,296
SPMZG11G5585085,0,258,258
SPMZG11G5585090,0,84,84
SPMZG11G5585095,0,110,110
SPMZG11KU150120,0,8,8
SPMZG11KU150130,0,58,58
SPMZG11KU150140,0,20,20
SPMZG11KU150150,0,8,8
SPMZG11KU150160,0,8,8
SPMZG11KU159120,0,4,4
SPMZG11KU159130,0,6,6
SPMZG11KU159140,0,16,16
SPMZG11KU159150,0,18,18
SPMZG11KU164120,0,10,10
SPMZG11KU164130,0,12,12
SPMZG11KU164140,0,10,10
SPMZG11KU164160,0,2,2
SPMZG11KU1AC120,0,6,6
SPMZG11KU1AC130,0,12,12
SPMZG11KU1AC140,0,14,14
SPMZG11KU1AC150,0,2,2
SPMZG11U0110100,0,2,2
SPMZG12G9119999,0,2,2
SPMZG23C0119085,0,8,8
SPMZG23C0119095,0,76,76
SPMZG23C0119100,0,44,44
SPMZG23C0119105,0,60,60
SPMZG23C0132085,0,2,2
SPMZG23C0132095,0,2,2
SPMZG23C0132105,0,2,2
SPMZG23C0133085,0,14,14
SPMZG23C0133090,0,60,60
SPMZG23C0133095,0,8,8
SPMZG23C0159085,0,6,6
SPMZG23C0159090,0,4,4
SPMZG23C0159095,0,12,12
SPMZG23C0159105,0,8,8
SPMZG23C0185085,0,4,4
SPMZG23C0185090,0,4,4
SPMZG23C0185095,0,10,10
SPMZG23C0185100,0,2,2
SPMZG23C0185105,0,2,2
SPMZG23C01AC090,0,10,10
SPMZG23C01AC105,0,118,118
SPMZG23C0259090,0,2,2
SPMZG23C0259100,0,56,56
SPMZG23C0260095,0,4,4
SPMZG23C0260105,0,22,22
SPMZG23C0260110,0,2,2
SPMZG23C0299090,0,4,4
SPMZG23C0299100,0,2,2
SPMZG23CY159090,0,10,10
SPMZG23CY159095,0,4,4
SPMZG23CY159105,0,10,10
SPMZG23CY185090,0,10,10
SPMZG23CY185095,0,14,14
SPMZG23CY185105,0,10,10
SPMZG23CY199090,0,8,8
SPMZG23CY199095,0,4,4
SPMZG23CY199100,0,6,6
SPMZG23CY199105,0,8,8
SPMZG23CY1AA090,0,2,2
SPMZG23CY1AA095,0,6,6
SPMZG23CY1AA100,0,2,2
SPMZG23CY1AA105,0,4,4
SPMZG23CY259090,0,18,18
SPMZG23CY259095,0,16,16
SPMZG23CY259100,0,2,2
SPMZG23CY259105,0,4,4
SPMZG23CY260090,0,12,12
SPMZG23CY260095,0,12,12
SPMZG23CY260100,0,4,4
SPMZG23CY260105,0,4,4
SPMZG23G0119090,0,10,10
SPMZG23G0121085,0,2,2
SPMZG23G0135085,0,12,12
SPMZG23G0135090,0,10,10
SPMZG23G0135095,0,6,6
SPMZG23G0160085,0,10,10
SPMZG23G0160095,0,4,4
SPMZG23G0195085,0,18,18
SPMZG23G0195095,0,22,22
SPMZG23G01AA085,0,2,2
SPMZG23G01AA090,0,16,16
SPMZG23G01AA095,0,6,6
SPMZG23G0252085,0,4,4
SPMZG23G0252090,0,2,2
SPMZG23G0252095,0,6,6
SPMZG23G0285085,0,10,10
SPMZG23G0285090,0,14,14
SPMZG23G02AC085,0,52,52
SPMZG23G02AC095,0,6,6
SPMZG23G5033095,0,2,2
SPMZG23G5051085,0,18,18
SPMZG23G5051090,0,14,14
SPMZG23G5051095,0,8,8
SPMZG23G5060085,0,16,16
SPMZG23G5060090,0,6,6
SPMZG23G5060095,0,16,16
SPMZG23G5064085,0,34,34
SPMZG23G5064090,0,14,14
SPMZG23G5064095,0,4,4
SPMZG23G5085090,0,4,4
SPMZG23G50AA090,0,6,6
SPMZG23GY049085,0,14,14
SPMZG23GY049090,0,10,10
SPMZG23GY060085,0,22,22
SPMZG23GY060090,0,6,6
SPMZG23GY060095,0,6,6
SPMZG23KU119120,0,4,4
SPMZG23KU119140,0,76,76
SPMZG23KU119150,0,10,10
SPMZG23KU119160,0,10,10
SPMZG23KU164110,0,2,2
SPMZG23KU164140,0,2,2
SPMZG23KU199110,0,4,4
SPMZG23KU199120,0,2,2
SPMZG23KU199130,0,74,74
SPMZG23KU199150,0,10,10
SPMZG23KU199160,0,10,10
SPMZG23KU1AA110,0,6,6
SPMZG23KU1AA120,0,6,6
SPMZG23KU1AA150,0,8,8
SPMZG23KU1AA160,0,6,6
SPMZG24G0519085,0,16,16
SPMZG24G0519090,0,10,10
SPMZG24G0519095,0,28,28
SPMZG24G0526085,0,6,6
SPMZG24G0526090,0,8,8
SPMZG24G0526095,0,16,16
SPMZG24G0564085,0,2,2
SPMZG24G0564090,0,10,10
SPMZG24G0564095,0,8,8
SPMZG24G05AC085,0,12,12
SPMZG24G05AC090,0,18,18
SPMZG24G05AC095,0,8,8
SPMZG24KG150130,0,2,2
SPMZG24KG164150,0,2,2
SPMZG25C0219100,0,10,10
SPMZG25C0219105,0,2,2
SPMZG25C0233090,0,2,2
SPMZG25C0233095,0,8,8
SPMZG25C0233100,0,4,4
SPMZG25C02AC100,0,2,2
SPMZG25C02AC105,0,4,4
SPMZG37G0219085,0,4,4
SPMZG37G0219090,0,6,6
SPMZG37G0219095,0,2,2
SPMZG37G0299085,0,2,2
SPMZG37G02AC085,0,6,6
SPMZG37U0419090,0,6,6
SPMZG37U0419095,0,2,2
SPMZG37U0419100,0,16,16
SPOJF24G0119085,0,2,2
SPOJF24G0119090,0,2,2
SPOJG24G0119085,0,10,10
SPOJG24G0119095,0,2,2
SPOJG24G0155090,0,4,4
SPOJG24G0155100,0,2,2
SPOJG24G0159085,0,6,6
SPOJG24G0159100,0,4,4
SPOJG37G0159085,0,2,2
SPOKE4TW7336999,0,2,2
SPOKE4TW7385999,0,4,4
SPOME24G0219085,0,4,4
SPOME24G0219090,0,2,2
SPOME24G0259085,0,12,12
SPOME24G0295085,0,4,4
SPOME24G0295090,0,10,10
SPOME24G0295095,0,6,6
SPOME24G0299085,0,4,4
SPOME24G0299090,0,6,6
SPOME24G5119085,0,2,2
SPOME24G5139095,0,2,2
SPOMF24G5019090,0,2,2
SPOMF24G5039090,0,2,2
SPOMF37A0119085,0,2,2
SPOWE25W1219090,0,2,2
SPOWE25W1251090,0,2,2
SPOWE37W0110090,0,2,2
SPOWE37W1139085,0,8,8
SPOWE37W1139090,0,8,8
SPOWE37W1151085,0,12,12
SPOWE37W1151090,0,10,10
SPOWF24W0151085,0,2,2
SPOWF25W0259085,0,4,4
SPOWF25W0259095,0,2,2
SPOWF25W0264085,0,2,2
SPOWF25W0264090,0,4,4
SPOWF25W0351085,0,6,6
SPOWF25W0351090,0,4,4
SPOWF25W1239085,0,6,6
SPOWF37G0119095,0,2,2
SPOWF37G0160085,0,2,2
SPOWF37G0219095,0,2,2
SPOWF37W1259085,0,2,2
SPOWF49G0110085,0,50,50
SPOWF49G0110090,0,32,32
SPOWF49G0110095,0,32,32
SPOWF49G0119085,0,42,42
SPOWF49G0119090,0,20,20
SPOWF49G0119095,0,34,34
SPOWF49W1119085,0,52,52
SPOWF49W1119090,0,74,74
SPOWF49W1119095,0,64,64
SPOWF49W1185085,0,32,32
SPOWF49W1185090,0,22,22
SPOWF49W1185095,0,20,20
SPOWF4TW9164999,0,22,22
SPOWG23W0119085,0,2,2
SPOWG23W0164085,0,2,2
SPOWG23W0164090,0,2,2
SPOWG23W0164095,0,6,6
SPOWG24G9119999,0,2,2
SPOWG26G9019999,0,4,4
SPOWG26G9060999,0,2,2
SPOWG37G9051090,0,4,4
SPOWG37G9051095,0,14,14
SPOWG37G9119090,0,26,26
SPOWG37W0110090,0,2,2
SPOWG38G9016085,0,20,20
SPOWG38G9016090,0,16,16
SPOWG38G9016095,0,6,6
SPOWG38G9019090,0,8,8
SPOWG38G9019095,0,8,8
SPOWG38G9060085,0,14,14
SPOWG38G9060090,0,16,16
SPOWG38G9060095,0,56,56
SPOWG38G9115085,0,2,2
SPOWG38G9115090,0,20,20
SPOWG38G9115095,0,6,6
SPOWG38G9160085,0,14,14
SPOWG38G9160090,0,18,18
SPOWG38G9160095,0,4,4
SPOWG38G9410999,0,18,18
SPOWG38G9510085,0,10,10
SPOWG38G9510090,0,24,24
SPOWG38G9510095,0,10,10
SPOWG38G9559085,0,6,6
SPOWG38G9559095,0,36,36
SPOWG38G9610999,0,8,8
SPOWG38G9619999,0,14,14
SPOWG38G9651999,0,6,6
SPOWG38G9860999,0,10,10
SPOWG38G9885999,0,12,12
SPPGEA9A5119230,0,76,76
SPPGEA9A5119240,0,106,106
SPPGEA9A5119250,0,58,58
SPPGEA9A5119260,0,52,52
SPPGEA9A5119270,0,38,38
SPPGEA9A5119280,0,14,14
SPPGEA9A5135230,0,6,6
SPPGEA9A5135240,0,22,22
SPPGEA9A5135250,0,6,6
SPPGEA9A5135260,0,20,20
SPPGEA9A5135270,0,22,22
SPPGEA9A5135280,0,2,2
SPPGEA9A5159230,0,8,8
SPPGEA9A5159240,0,18,18
SPPGEA9A5159250,0,8,8
SPPGEA9A5159260,0,6,6
SPPGEA9A5159270,0,4,4
SPPGEA9A5162230,0,6,6
SPPGEA9A5162240,0,16,16
SPPGEA9A5162250,0,10,10
SPPGEA9A5162270,0,2,2
SPPGEA9A5162280,0,2,2
SPPGEA9A5164230,0,16,16
SPPGEA9A5164240,0,44,44
SPPGEA9A5164250,0,22,22
SPPGEA9A5164260,0,12,12
SPPGEA9A5164270,0,16,16
SPPGEA9A5164280,0,4,4
SPPGF4TKU919170,0,26,26
SPPGF4TKU919180,0,26,26
SPPGF4TKU919190,0,24,24
SPPGF4TKU919200,0,18,18
SPPGF4TKU925170,0,20,20
SPPGF4TKU925180,0,22,22
SPPGF4TKU925190,0,20,20
SPPGF4TKU925200,0,14,14
SPPGF4TKU939170,0,20,20
SPPGF4TKU939180,0,22,22
SPPGF4TKU939190,0,22,22
SPPGF4TKU939200,0,16,16
SPPGFA9A5119230,0,128,128
SPPGFA9A5119240,0,110,110
SPPGFA9A5119250,0,82,82
SPPGFA9A5119260,0,70,70
SPPGFA9A5119270,0,36,36
SPPGFA9A5119280,0,42,42
SPPGFA9A5139230,0,82,82
SPPGFA9A5139240,0,40,40
SPPGFA9A5139250,0,62,62
SPPGFA9A5139260,0,42,42
SPPGFA9A5139270,0,42,42
SPPGFA9A5139280,0,40,40
SPPGFA9A5159230,0,72,72
SPPGFA9A5159240,0,50,50
SPPGFA9A5159250,0,44,44
SPPGFA9A5159260,0,46,46
SPPGFA9A5159270,0,40,40
SPPGFA9A5159280,0,34,34
SPPGFA9A5162230,0,68,68
SPPGFA9A5162240,0,70,70
SPPGFA9A5162250,0,66,66
SPPGFA9A5162260,0,62,62
SPPGFA9A5162270,0,50,50
SPPGFA9A5162280,0,40,40
SPPGGA9A9119235,0,4,4
SPPGGA9A9119240,0,2,2
SPPGGA9A9191250,0,4,4
SPPJE37A5119240,0,4,4
SPPJE37A5119260,0,6,6
SPPJE37A5164260,0,22,22
SPPJE37A5219240,0,2,2
SPPJE37A5264240,0,2,2
SPPJE37A5264250,0,2,2
SPPJE4VA5039100,0,2,2
SPPJF37A5010230,0,6,6
SPPJF37A5010240,0,10,10
SPPJF37A5010250,0,6,6
SPPJF37A5010260,0,4,4
SPPJF37A5010270,0,6,6
SPPJF37A5019230,0,4,4
SPPJF37A5019240,0,12,12
SPPJF37A5019250,0,6,6
SPPJF37A5019260,0,6,6
SPPJF37A5019270,0,4,4
SPPJF4TA9219230,0,52,52
SPPJF4TA9219240,0,38,38
SPPJF4TA9219250,0,34,34
SPPJF4TA9235230,0,6,6
SPPJF4TA9319230,0,6,6
SPPJF4TA9319240,0,6,6
SPPJF4TA9319260,0,10,10
SPPJF4TA9319270,0,4,4
SPPJF4TA9319280,0,4,4
SPPJF4TA9385230,0,2,2
SPPJF4TA9385250,0,4,4
SPPJF4TA9385260,0,4,4
SPPJF4TA9385270,0,4,4
SPPJF4TA9385280,0,2,2
SPPJF4TKU925170,0,108,108
SPPJF4TKU925180,0,90,90
SPPJF4TKU925190,0,96,96
SPPJF4TKU925200,0,66,66
SPPJF4TKU935170,0,124,124
SPPJF4TKU935180,0,138,138
SPPJF4TKU935190,0,96,96
SPPJF4TKU935200,0,52,52
SPPJF4TKU9CO170,0,154,154
SPPJF4TKU9CO180,0,138,138
SPPJF4TKU9CO190,0,114,114
SPPJF4TKU9CO200,0,64,64
SPPJG24KU819150,0,42,42
SPPJG24KU819160,0,170,170
SPPJG24KU819170,0,318,318
SPPJG24KU819180,0,46,46
SPPJG24KU891150,0,28,28
SPPJG24KU891160,0,156,156
SPPJG24KU891170,0,304,304
SPPJG24KU891180,0,54,54
SPPJG24KU899150,0,36,36
SPPJG24KU899160,0,148,148
SPPJG24KU899170,0,268,268
SPPJG24KU899180,0,26,26
SPPJGA9A0119230,0,2,2
SPPJGA9A0119250,0,2,2
SPPJGA9A0119260,0,2,2
SPPJGA9A0219230,0,150,150
SPPJGA9A0219240,0,42,42
SPPJGA9A0219250,0,52,52
SPPJGA9A0219260,0,4,4
SPPJGA9A0219270,0,48,48
SPPJGA9A0239230,0,74,74
SPPJGA9A0239240,0,120,120
SPPJGA9A0239250,0,72,72
SPPJGA9A0239260,0,114,114
SPPJGA9A0239270,0,180,180
SPPJGA9A0319230,0,54,54
SPPJGA9A0319240,0,30,30
SPPJGA9A0319250,0,64,64
SPPJGA9A0339230,0,232,232
SPPJGA9A0339240,0,138,138
SPPJGA9A0339250,0,152,152
SPPJGA9KU819190,0,72,72
SPPJGA9KU819200,0,60,60
SPPJGA9KU819210,0,66,66
SPPJGA9KU819220,0,50,50
SPPJGA9KU839190,0,66,66
SPPJGA9KU839200,0,72,72
SPPJGA9KU839210,0,92,92
SPPJGA9KU839220,0,94,94
SPPPE12KU251110,0,208,208
SPPPE12KU251120,0,10,10
SPPPE12KU264110,0,204,204
SPPPE12KU264120,0,82,82
SPPPE12KU264130,0,12,12
SPPPE12KU264140,0,2,2
SPPPE12KU264150,0,4,4
SPPPE12KU264160,0,2,2
SPPPE12KU484110,0,28,28
SPPPE12KU484120,0,196,196
SPPPE12KU484130,0,108,108
SPPPE12KU484140,0,4,4
SPPPE12KU525120,0,4,4
SPPPE12KU525130,0,4,4
SPPPE12KU584120,0,100,100
SPPPE12KU584130,0,6,6
SPPPE12KU584150,0,2,2
SPPPE12KU584160,0,4,4
SPPPE12KU630130,0,2,2
SPPPE12KU630140,0,4,4
SPPPE12KU650130,0,2,2
SPPPE12KU739130,0,6,6
SPPPE12KU751140,0,2,2
SPPPE12KU759130,0,18,18
SPPPE12KU759140,0,8,8
SPPPE23U0119090,0,16,16
SPPPE23U0120090,0,2,2
SPPPE23U0151090,0,44,44
SPPPE23U0151095,0,2,2
SPPPE23U0184090,0,2,2
SPPPE23U0384105,0,2,2
SPPPE23U0575090,0,22,22
SPPPE23U0575095,0,2,2
SPPPE24KU230160,0,2,2
SPPPE24KU240140,0,2,2
SPPPE24KU240150,0,4,4
SPPPE24KU251130,0,6,6
SPPPE24KU251140,0,4,4
SPPPE24KU251150,0,38,38
SPPPE24KU251160,0,4,4
SPPPE24KU264120,0,4,4
SPPPE24KU264140,0,2,2
SPPPE24KU264150,0,4,4
SPPPE24KU264160,0,6,6
SPPPE24KU315120,0,102,102
SPPPE24KU315130,0,32,32
SPPPE24KU315140,0,14,14
SPPPE24KU315150,0,4,4
SPPPE24KU335120,0,22,22
SPPPE24KU335130,0,2,2
SPPPE24KU420140,0,6,6
SPPPE24KU420150,0,2,2
SPPPE24KU420160,0,2,2
SPPPE24KU425100,0,8,8
SPPPE24KU425110,0,2,2
SPPPE24KU425130,0,42,42
SPPPE24KU425140,0,10,10
SPPPE24KU425150,0,12,12
SPPPE24KU430110,0,8,8
SPPPE24KU430120,0,2,2
SPPPE24KU430130,0,8,8
SPPPE24KU430140,0,54,54
SPPPE24KU430150,0,88,88
SPPPE24KU430160,0,12,12
SPPPE24KU440130,0,2,2
SPPPE24KU450110,0,6,6
SPPPE24KU450120,0,26,26
SPPPE24KU450130,0,18,18
SPPPE24KU450140,0,108,108
SPPPE24KU450150,0,72,72
SPPPE24KU450160,0,30,30
SPPPE24KU475110,0,4,4
SPPPE24KU475120,0,12,12
SPPPE24KU475130,0,98,98
SPPPE24KU475140,0,150,150
SPPPE24KU475150,0,12,12
SPPPE24KU475160,0,2,2
SPPPE24KU484110,0,8,8
SPPPE24KU484120,0,18,18
SPPPE24KU484130,0,46,46
SPPPE24KU484140,0,118,118
SPPPE24KU484150,0,116,116
SPPPE24KU484160,0,106,106
SPPPE24KU550120,0,2,2
SPPPE24KU550130,0,2,2
SPPPE24KU550140,0,2,2
SPPPE24KU550150,0,4,4
SPPPE24KU625120,0,58,58
SPPPE24KU630120,0,22,22
SPPPE24KU650120,0,26,26
SPPPE24KU725130,0,2,2
SPPPE24KU725140,0,2,2
SPPPE24KU739120,0,6,6
SPPPE24KU739130,0,2,2
SPPPE24KU739160,0,2,2
SPPPE24KU759120,0,6,6
SPPPE25KU935130,0,6,6
SPPPE25U0115090,0,12,12
SPPPE25U0115095,0,6,6
SPPPE25U0115100,0,2,2
SPPPE25U0125095,0,6,6
SPPPE25U0125100,0,46,46
SPPPE25U0125105,0,12,12
SPPPE25U0135090,0,8,8
SPPPE25U0135095,0,2,2
SPPPE25U0135100,0,10,10
SPPPE25U0159090,0,4,4
SPPPE25U0220090,0,6,6
SPPPE25U0220095,0,4,4
SPPPE25U0225090,0,2,2
SPPPE25U0225095,0,4,4
SPPPE25U0225100,0,4,4
SPPPE25U0230090,0,14,14
SPPPE25U0230095,0,4,4
SPPPE25U0230100,0,8,8
SPPPE25U0230105,0,24,24
SPPPE25U0250100,0,8,8
SPPPE25U0330090,0,10,10
SPPPE25U0330100,0,4,4
SPPPE25U0340090,0,6,6
SPPPE25U0375090,0,14,14
SPPPE25U0375100,0,2,2
SPPPE25U0375105,0,2,2
SPPPE25U03CF090,0,14,14
SPPPE25U03CF095,0,4,4
SPPPE25U0425105,0,2,2
SPPPE25U0439090,0,2,2
SPPPE25U0439100,0,2,2
SPPPE25U0484095,0,2,2
SPPPE25U0719095,0,2,2
SPPPE25U0719100,0,2,2
SPPPE25U0925090,0,20,20
SPPPE25U0925095,0,6,6
SPPPE25U0925100,0,12,12
SPPPE25U0940090,0,4,4
SPPPE25U0959090,0,4,4
SPPPE25U0959095,0,2,2
SPPPE25U1015090,0,4,4
SPPPE25U1015095,0,2,2
SPPPE25U1035090,0,4,4
SPPPE25U1035095,0,2,2
SPPPE25U1035100,0,2,2
SPPPE25U1110105,0,2,2
SPPPE25U1151090,0,2,2
SPPPE26U0125095,0,2,2
SPPPE26U0125100,0,8,8
SPPPE26U0419999,0,2,2
SPPPE37KU040120,0,6,6
SPPPE37KU040130,0,2,2
SPPPE37KU050130,0,34,34
SPPPE37KU240120,0,2,2
SPPPE37KU240130,0,2,2
SPPPE37KU240150,0,2,2
SPPPE37KU251130,0,2,2
SPPPE37KU251140,0,2,2
SPPPE37KU251150,0,2,2
SPPPE37KU264150,0,2,2
SPPPE37KU325120,0,2,2
SPPPE37KU325140,0,4,4
SPPPE37KU325150,0,2,2
SPPPE37KU325160,0,2,2
SPPPE37KU339120,0,2,2
SPPPE37KU350110,0,2,2
SPPPE37KU350140,0,2,2
SPPPE37KU351110,0,2,2
SPPPE37KU351140,0,8,8
SPPPE37KU351150,0,8,8
SPPPE37KU370120,0,4,4
SPPPE37KU370130,0,2,2
SPPPE37KU370140,0,4,4
SPPPE37KU430110,0,10,10
SPPPE37KU430130,0,2,2
SPPPE37KU430160,0,8,8
SPPPE37KU450110,0,2,2
SPPPE37KU450120,0,6,6
SPPPE37KU450130,0,44,44
SPPPE37KU450140,0,46,46
SPPPE37KU450150,0,4,4
SPPPE37KU450160,0,6,6
SPPPE37KU475120,0,2,2
SPPPE37KU484120,0,2,2
SPPPE37KU484130,0,32,32
SPPPE37KU484140,0,6,6
SPPPE37KU484150,0,10,10
SPPPE37KU550120,0,16,16
SPPPE37KU550130,0,6,6
SPPPE37KU550140,0,4,4
SPPPE37KU550150,0,6,6
SPPPE37KU550160,0,18,18
SPPPE37KU584120,0,16,16
SPPPE37KU584130,0,8,8
SPPPE37KU584140,0,4,4
SPPPE37KU584150,0,30,30
SPPPE37KU584160,0,42,42
SPPPE37KU725130,0,12,12
SPPPE37KU725140,0,14,14
SPPPE37KU725150,0,28,28
SPPPE37KU725160,0,30,30
SPPPE37KU739130,0,14,14
SPPPE37KU739140,0,4,4
SPPPE37KU739150,0,48,48
SPPPE37KU739160,0,6,6
SPPPE37U0525095,0,10,10
SPPPE37U0535095,0,2,2
SPPPE37U0535105,0,4,4
SPPPE37U0625100,0,20,20
SPPPE37U0625105,0,10,10
SPPPE37U0650090,0,2,2
SPPPE37U0684095,0,2,2
SPPPE37U0710095,0,4,4
SPPPE37U0710105,0,4,4
SPPPE37U0719090,0,2,2
SPPPE37U0751105,0,2,2
SPPPE37U0819095,0,2,2
SPPPE37U1030095,0,2,2
SPPPE37U1030105,0,2,2
SPPPE37U1075095,0,2,2
SPPPE38KU125120,0,4,4
SPPPE38KU175120,0,10,10
SPPPE38KU175130,0,2,2
SPPPE38U0320100,0,2,2
SPPPE38U0320105,0,2,2
SPPPE38U0325090,0,6,6
SPPPE38U0325100,0,6,6
SPPPE38U0325105,0,4,4
SPPPE38U0350095,0,2,2
SPPPE38U0350100,0,4,4
SPPPE49KU126110,0,10,10
SPPPE49KU126120,0,26,26
SPPPE49KU126130,0,26,26
SPPPE49KU126140,0,22,22
SPPPE49KU126150,0,4,4
SPPPE49KU130110,0,4,4
SPPPE49KU130120,0,6,6
SPPPE49KU130130,0,8,8
SPPPE49KU130140,0,10,10
SPPPE49KU151110,0,86,86
SPPPE49KU151120,0,62,62
SPPPE49KU151130,0,52,52
SPPPE49KU151140,0,54,54
SPPPE49KU151150,0,20,20
SPPPE49KU151160,0,10,10
SPPPE49KU176110,0,6,6
SPPPE49KU176120,0,16,16
SPPPE49KU176130,0,20,20
SPPPE49KU176140,0,38,38
SPPPE49KU176150,0,10,10
SPPPE49KU176160,0,2,2
SPPPE49KU184110,0,34,34
SPPPE49KU184120,0,636,636
SPPPE49KU184130,0,472,472
SPPPE49KU184140,0,46,46
SPPPE49KU184150,0,20,20
SPPPE49KU184160,0,4,4
SPPPE49KU241110,0,344,344
SPPPE49KU241120,0,176,176
SPPPE49KU241130,0,72,72
SPPPE49KU241140,0,24,24
SPPPE49KU241150,0,6,6
SPPPE49KU250110,0,482,482
SPPPE49KU250120,0,30,30
SPPPE49KU250130,0,46,46
SPPPE49KU250140,0,18,18
SPPPE49KU250150,0,10,10
SPPPE49KU251110,0,14,14
SPPPE49KU251120,0,44,44
SPPPE49KU251130,0,32,32
SPPPE49KU251140,0,2,2
SPPPE49KU251150,0,2,2
SPPPE49KU251160,0,4,4
SPPPE49KU280110,0,44,44
SPPPE49KU280120,0,36,36
SPPPE49KU280130,0,46,46
SPPPE49KU280140,0,36,36
SPPPE49KU280150,0,16,16
SPPPE49KU280160,0,4,4
SPPPE49KU350120,0,10,10
SPPPE49KU350130,0,6,6
SPPPE49KU350140,0,4,4
SPPPE49KU350150,0,6,6
SPPPE49KU350160,0,10,10
SPPPE49KU384120,0,40,40
SPPPE49KU384130,0,2,2
SPPPE49KU384140,0,6,6
SPPPE49KU384150,0,6,6
SPPPE49KU384160,0,2,2
SPPPE49KU426120,0,14,14
SPPPE49KU426130,0,4,4
SPPPE49KU426150,0,4,4
SPPPE49KU426160,0,4,4
SPPPE49KU439120,0,116,116
SPPPE49KU439130,0,2,2
SPPPE49KU439140,0,4,4
SPPPE49KU439150,0,4,4
SPPPE49KU439160,0,6,6
SPPPE49KU451120,0,10,10
SPPPE49KU451130,0,4,4
SPPPE49KU451150,0,4,4
SPPPE49KU451160,0,4,4
SPPPE49KU459120,0,14,14
SPPPE49KU459130,0,2,2
SPPPE49KU526130,0,4,4
SPPPE49KU526140,0,4,4
SPPPE49KU526150,0,2,2
SPPPE49KU526160,0,2,2
SPPPE49KU539120,0,18,18
SPPPE49KU539130,0,4,4
SPPPE49KU539150,0,2,2
SPPPE49KU539160,0,2,2
SPPPE49KU726110,0,2,2
SPPPE49KU726130,0,26,26
SPPPE49KU726140,0,14,14
SPPPE49KU726150,0,12,12
SPPPE49KU726160,0,20,20
SPPPE49KU751120,0,2,2
SPPPE49KU751130,0,6,6
SPPPE49KU751140,0,14,14
SPPPE49KU751150,0,4,4
SPPPE49KU776110,0,6,6
SPPPE49KU776120,0,10,10
SPPPE49KU776130,0,20,20
SPPPE49KU776140,0,24,24
SPPPE49KU776150,0,10,10
SPPPE49KU776160,0,20,20
SPPPE49KU784110,0,16,16
SPPPE49KU784120,0,12,12
SPPPE49KU784130,0,58,58
SPPPE49KU784140,0,4,4
SPPPE49KU784150,0,4,4
SPPPE49KU784160,0,4,4
SPPPE49KU851120,0,8,8
SPPPE49KU851130,0,4,4
SPPPE49KU851140,0,4,4
SPPPE49KU864120,0,12,12
SPPPE49KU864130,0,6,6
SPPPE49U0119090,0,4,4
SPPPE49U0126090,0,2,2
SPPPE49U0126095,0,8,8
SPPPE49U0126100,0,4,4
SPPPE49U0126105,0,4,4
SPPPE49U0219095,0,2,2
SPPPE49U0219100,0,4,4
SPPPE49U0226090,0,4,4
SPPPE49U0226095,0,4,4
SPPPE49U0226100,0,4,4
SPPPE49U0226105,0,4,4
SPPPE49U0359090,0,2,2
SPPPE49U0425090,0,2,2
SPPPE49U0425105,0,2,2
SPPPE49U0675095,0,4,4
SPPPE49U0675100,0,2,2
SPPPE49U0726100,0,2,2
SPPPE4TU0329100,0,2,2
SPPPE4TU0340100,0,2,2
SPPPE4TU0359095,0,2,2
SPPPE4TU0419095,0,6,6
SPPPE4TU0450090,0,2,2
SPPPE4TU0450105,0,2,2
SPPPE4TU0559095,0,2,2
SPPPE4TU0626100,0,2,2
SPPPE4TU1140095,0,6,6
SPPPE4TU1140105,0,2,2
SPPPE4TU1275100,0,2,2
SPPPE4TU1685105,0,2,2
SPPPE4VKG140110,0,10,10
SPPPE4VKG140120,0,18,18
SPPPE4VKG140130,0,24,24
SPPPE4VKG140140,0,30,30
SPPPE4VKG140150,0,24,24
SPPPE4VKG140160,0,18,18
SPPPE4VKU126110,0,6,6
SPPPE4VKU126120,0,8,8
SPPPE4VKU126130,0,8,8
SPPPE4VKU126140,0,100,100
SPPPE4VKU126150,0,32,32
SPPPE4VKU126160,0,8,8
SPPPE4VKU151110,0,120,120
SPPPE4VKU151120,0,88,88
SPPPE4VKU151130,0,254,254
SPPPE4VKU151140,0,298,298
SPPPE4VKU151150,0,216,216
SPPPE4VKU151160,0,36,36
SPPPE4VKU176110,0,8,8
SPPPE4VKU176140,0,40,40
SPPPE4VKU176150,0,20,20
SPPPE4VKU184110,0,52,52
SPPPE4VKU184120,0,106,106
SPPPE4VKU184130,0,86,86
SPPPE4VKU184140,0,6,6
SPPPE4VKU184150,0,2,2
SPPPE4VKU230110,0,2,2
SPPPE4VKU230120,0,10,10
SPPPE4VKU230130,0,10,10
SPPPE4VKU230140,0,8,8
SPPPE4VKU230150,0,14,14
SPPPE4VKU230160,0,8,8
SPPPE4VKU239110,0,22,22
SPPPE4VKU239120,0,26,26
SPPPE4VKU239130,0,20,20
SPPPE4VKU284110,0,42,42
SPPPE4VKU284120,0,78,78
SPPPE4VKU284130,0,44,44
SPPPE4VKU284140,0,4,4
SPPPE4VKU284150,0,8,8
SPPPE4VKU350120,0,28,28
SPPPE4VKU350130,0,16,16
SPPPE4VKU350140,0,6,6
SPPPE4VKU384120,0,20,20
SPPPE4VKU384130,0,2,2
SPPPE4VKU439120,0,62,62
SPPPE4VKU439130,0,38,38
SPPPE4VKU439140,0,2,2
SPPPE4VKU439160,0,2,2
SPPPE4VKU451120,0,48,48
SPPPE4VKU451130,0,18,18
SPPPE4VKU459120,0,36,36
SPPPE4VKU459130,0,20,20
SPPPE4VKU625110,0,14,14
SPPPE4VKU625120,0,10,10
SPPPE4VKU625130,0,10,10
SPPPE4VKU630110,0,10,10
SPPPE4VKU630120,0,30,30
SPPPE4VKU630130,0,12,12
SPPPE4VKU630150,0,2,2
SPPPE4VKU650110,0,24,24
SPPPE4VKU650120,0,44,44
SPPPE4VKU650130,0,24,24
SPPPE4VKU650140,0,6,6
SPPPE4VKU740110,0,2,2
SPPPE4VKU740120,0,8,8
SPPPE4VKU740130,0,4,4
SPPPE4VU0499100,0,2,2
SPPPF11U0119090,0,4,4
SPPPF11U0119100,0,6,6
SPPPF11U0125100,0,4,4
SPPPF11U0125105,0,2,2
SPPPF11U0150095,0,10,10
SPPPF11U0150100,0,8,8
SPPPF11U0259090,0,2,2
SPPPF11U0319105,0,2,2
SPPPF11U0326105,0,2,2
SPPPF11U0585105,0,2,2
SPPPF11U0626100,0,2,2
SPPPF11U0759105,0,2,2
SPPPF11U1051090,0,2,2
SPPPF23KU239110,0,2,2
SPPPF25KU119160,0,2,2
SPPPF25KU139130,0,2,2
SPPPF25KU150130,0,2,2
SPPPF25KU150140,0,2,2
SPPPF25KU326130,0,2,2
SPPPF25KU326160,0,4,4
SPPPF25KU339160,0,2,2
SPPPF25KU359160,0,2,2
SPPPF25KU475120,0,2,2
SPPPF25KU484160,0,2,2
SPPPF25KU731130,0,2,2
SPPPF25U0119090,0,4,4
SPPPF25U0426090,0,2,2
SPPPF25U1151105,0,4,4
SPPPF25UF239100,0,2,2
SPPPF37KG225130,0,2,2
SPPPF37KG251110,0,2,2
SPPPF37KU126130,0,2,2
SPPPF37KU126160,0,2,2
SPPPF37KU151120,0,2,2
SPPPF37KU176140,0,2,2
SPPPF37KU331150,0,2,2
SPPPF37KU359160,0,2,2
SPPPF37KU425120,0,8,8
SPPPF37KU425130,0,2,2
SPPPF37KU450130,0,2,2
SPPPF37KU484110,0,2,2
SPPPF37KU484120,0,2,2
SPPPF37KU710110,0,14,14
SPPPF37KU710120,0,4,4
SPPPF37KU710130,0,20,20
SPPPF37KU710140,0,2,2
SPPPF37KU710160,0,2,2
SPPPF37KU925130,0,2,2
SPPPF37U0126100,0,2,2
SPPPF37U0426105,0,2,2
SPPPF37U0451110,0,2,2
SPPPF37U0459100,0,6,6
SPPPF37U0459105,0,4,4
SPPPF37U0459110,0,4,4
SPPPF37U0819090,0,2,2
SPPPF37U0939105,0,2,2
SPPPF37U1310105,0,6,6
SPPPF38KU284150,0,2,2
SPPPF49KU120110,0,4,4
SPPPF49KU120120,0,4,4
SPPPF49KU120130,0,2,2
SPPPF49KU120140,0,6,6
SPPPF49KU120150,0,10,10
SPPPF49KU120160,0,4,4
SPPPF49KU125120,0,2,2
SPPPF49KU135140,0,4,4
SPPPF49KU135160,0,4,4
SPPPF49KU151140,0,4,4
SPPPF49KU230110,0,2,2
SPPPF49KU230130,0,2,2
SPPPF49KU250110,0,8,8
SPPPF49KU250140,0,6,6
SPPPF49KU250150,0,2,2
SPPPF49KU284110,0,160,160
SPPPF49KU284140,0,2,2
SPPPF49KU284160,0,4,4
SPPPF49KU285130,0,4,4
SPPPF49KU285150,0,2,2
SPPPF49KU285160,0,2,2
SPPPF49KU325120,0,2,2
SPPPF49KU325130,0,26,26
SPPPF49KU325140,0,24,24
SPPPF49KU325150,0,2,2
SPPPF49KU350110,0,10,10
SPPPF49KU350120,0,12,12
SPPPF49KU350130,0,10,10
SPPPF49KU350140,0,10,10
SPPPF49KU375130,0,2,2
SPPPF49KU375150,0,2,2
SPPPF49KU375160,0,2,2
SPPPF49KU441140,0,2,2
SPPPF49KU441160,0,4,4
SPPPF49KU4UY150,0,2,2
SPPPF49KU4UY160,0,2,2
SPPPF49KU510130,0,4,4
SPPPF49KU510140,0,2,2
SPPPF49KU510150,0,2,2
SPPPF49KU526150,0,2,2
SPPPF49KU526160,0,2,2
SPPPF49KU539120,0,6,6
SPPPF49KU539150,0,6,6
SPPPF49KU539160,0,2,2
SPPPF49KU559120,0,2,2
SPPPF49KU559130,0,2,2
SPPPF49KU825110,0,6,6
SPPPF49KU825120,0,8,8
SPPPF49KU825150,0,2,2
SPPPF49KU875110,0,4,4
SPPPF49KU875120,0,8,8
SPPPF49U0125090,0,2,2
SPPPF49U0125095,0,2,2
SPPPF49U0125100,0,8,8
SPPPF49U0125105,0,2,2
SPPPF49U0139095,0,2,2
SPPPF49U0139100,0,8,8
SPPPF49U0159095,0,2,2
SPPPF49U0159105,0,10,10
SPPPF49U0175095,0,2,2
SPPPF49U0175100,0,2,2
SPPPF49U0175105,0,2,2
SPPPF49U0175110,0,2,2
SPPPF49U0219095,0,2,2
SPPPF49U0219100,0,4,4
SPPPF49U0219105,0,2,2
SPPPF49U0220090,0,2,2
SPPPF49U0220100,0,2,2
SPPPF49U0220105,0,2,2
SPPPF49U0225090,0,4,4
SPPPF49U0225095,0,2,2
SPPPF49U0225100,0,16,16
SPPPF49U0225105,0,8,8
SPPPF49U0235090,0,4,4
SPPPF49U0235095,0,6,6
SPPPF49U0235100,0,6,6
SPPPF49U0235105,0,22,22
SPPPF49U0310100,0,4,4
SPPPF49U0310105,0,14,14
SPPPF49U0310110,0,2,2
SPPPF49U0339100,0,6,6
SPPPF49U0339105,0,14,14
SPPPF49U0339110,0,6,6
SPPPF49U0350090,0,2,2
SPPPF49U0350095,0,2,2
SPPPF49U0350105,0,2,2
SPPPF49U0350110,0,4,4
SPPPF49U0359090,0,2,2
SPPPF49U0359095,0,2,2
SPPPF49U0359100,0,8,8
SPPPF49U0359105,0,4,4
SPPPF49U0359110,0,4,4
SPPPF49U0419105,0,4,4
SPPPF49U0419110,0,4,4
SPPPF49U0430095,0,4,4
SPPPF49U0430100,0,24,24
SPPPF49U0430105,0,36,36
SPPPF49U0430110,0,40,40
SPPPF49U0475090,0,4,4
SPPPF49U0475100,0,4,4
SPPPF49U0475105,0,8,8
SPPPF49U0475110,0,4,4
SPPPF49U0525090,0,2,2
SPPPF49U0525095,0,2,2
SPPPF49U0525100,0,6,6
SPPPF49U0525105,0,10,10
SPPPF49U0530100,0,4,4
SPPPF49U0530105,0,6,6
SPPPF49U0550090,0,4,4
SPPPF49U0550095,0,4,4
SPPPF49U0550100,0,2,2
SPPPF49U0625090,0,2,2
SPPPF49U0625095,0,6,6
SPPPF49U0625100,0,4,4
SPPPF49U0625105,0,34,34
SPPPF49U0630100,0,4,4
SPPPF49U0859090,0,4,4
SPPPF49U0859100,0,2,2
SPPPF49U0859105,0,4,4
SPPPF49U08UY095,0,2,2
SPPPF49U08UY105,0,12,12
SPPPF49U0939100,0,2,2
SPPPF49U0939105,0,2,2
SPPPF49U0959095,0,2,2
SPPPF49U0959100,0,2,2
SPPPF49U1025105,0,6,6
SPPPF4TU0120090,0,6,6
SPPPF4TU0120095,0,2,2
SPPPF4TU0120100,0,4,4
SPPPF4TU0120105,0,4,4
SPPPF4TU0120110,0,2,2
SPPPF4TU0140090,0,4,4
SPPPF4TU0140095,0,8,8
SPPPF4TU0140100,0,2,2
SPPPF4TU0140105,0,4,4
SPPPF4TU0140110,0,2,2
SPPPF4TU0141090,0,2,2
SPPPF4TU0141095,0,4,4
SPPPF4TU0141100,0,6,6
SPPPF4TU0141105,0,2,2
SPPPF4TU0141110,0,2,2
SPPPF4TU0195090,0,6,6
SPPPF4TU0195095,0,2,2
SPPPF4TU0195100,0,2,2
SPPPF4TU0195105,0,4,4
SPPPF4TU0229095,0,2,2
SPPPF4TU0229100,0,4,4
SPPPF4TU0229105,0,2,2
SPPPF4TU0230090,0,4,4
SPPPF4TU0230110,0,2,2
SPPPF4TU0240090,0,2,2
SPPPF4TU0240100,0,2,2
SPPPF4TU0259090,0,2,2
SPPPF4TU0259095,0,6,6
SPPPF4VKG126120,0,2,2
SPPPF4VKG151100,0,10,10
SPPPF4VKG151110,0,28,28
SPPPF4VKG151130,0,2,2
SPPPF4VKG184110,0,20,20
SPPPF4VKG184120,0,2,2
SPPPF4VKG184130,0,2,2
SPPPF4VKG184160,0,2,2
SPPPF4VKU226120,0,2,2
SPPPF4VKU226130,0,2,2
SPPPF4VKU226140,0,4,4
SPPPF4VKU226160,0,4,4
SPPPF4VKU251130,0,4,4
SPPPF4VKU259150,0,2,2
SPPPF4VKU331100,0,10,10
SPPPF4VKU331120,0,4,4
SPPPF4VKU331140,0,2,2
SPPPF4VKU351130,0,2,2
SPPPF4VKU351140,0,2,2
SPPPF4VKU376120,0,2,2
SPPPF4VKU376130,0,2,2
SPPPF4VKU376140,0,2,2
SPPPF4VU0110090,0,8,8
SPPPF4VU0110095,0,4,4
SPPPF4VU0110100,0,28,28
SPPPF4VU0110105,0,2,2
SPPPF4VU0126090,0,2,2
SPPPF4VU0126100,0,2,2
SPPPF4VU0176090,0,2,2
SPPPF4VU0176100,0,10,10
SPPPF4VU0176105,0,4,4
SPPPF4VU0184090,0,2,2
SPPPF4VU0184095,0,6,6
SPPPF4VU0184105,0,2,2
SPPPF4VU0199095,0,8,8
SPPPF4VU0199105,0,2,2
SPPPF4VU0226090,0,2,2
SPPPF4VU0226100,0,2,2
SPPPF4VU0226105,0,6,6
SPPPF4VU0226110,0,12,12
SPPPF4VU0240095,0,16,16
SPPPF4VU0240100,0,6,6
SPPPF4VU0240105,0,28,28
SPPPF4VU0251090,0,2,2
SPPPF4VU0251100,0,2,2
SPPPF4VU0259090,0,2,2
SPPPF4VU0259095,0,2,2
SPPPF4VU0259100,0,18,18
SPPPF4VU0439095,0,6,6
SPPPF4VU0451095,0,20,20
SPPPF4VU0484095,0,6,6
SPPPF4VU0484100,0,4,4
SPPPF4VU0559090,0,8,8
SPPPF4VU0559095,0,2,2
SPPPF4VU0559100,0,2,2
SPPPF4VU0559105,0,4,4
SPPPF4VU0725105,0,2,2
SPPPF4VU0825100,0,2,2
SPPPF4VU0930090,0,4,4
SPPPF4VU0930105,0,6,6
SPPPF4VU0951090,0,4,4
SPPPF4VU0951100,0,2,2
SPPPF4VU0951105,0,4,4
SPPPF4VU0951110,0,2,2
SPPPF4VU0975095,0,2,2
SPPPF4VU0975100,0,4,4
SPPPF4VU0975105,0,4,4
SPPPG11KU125100,0,2,2
SPPPG11KU125110,0,12,12
SPPPG11KU125120,0,4,4
SPPPG11KU125130,0,34,34
SPPPG11KU125140,0,34,34
SPPPG11KU125150,0,32,32
SPPPG11KU125160,0,26,26
SPPPG11KU176100,0,12,12
SPPPG11KU176110,0,6,6
SPPPG11KU176120,0,2,2
SPPPG11KU176130,0,14,14
SPPPG11KU176140,0,22,22
SPPPG11KU176150,0,26,26
SPPPG11KU176160,0,24,24
SPPPG11KU240120,0,86,86
SPPPG11KU240130,0,64,64
SPPPG11KU240140,0,14,14
SPPPG11KU240150,0,18,18
SPPPG11KU240160,0,18,18
SPPPG11KU259120,0,34,34
SPPPG11KU259130,0,2,2
SPPPG11KU259140,0,12,12
SPPPG11KU259150,0,14,14
SPPPG11KU259160,0,12,12
SPPPG11U0126090,0,104,104
SPPPG11U0126095,0,94,94
SPPPG11U0126100,0,148,148
SPPPG11U0126105,0,78,78
SPPPG11U0126110,0,72,72
SPPPG11U0139090,0,2,2
SPPPG11U0139095,0,26,26
SPPPG11U0139100,0,46,46
SPPPG11U0139105,0,446,446
SPPPG11U0139110,0,34,34
SPPPG11U0210095,0,24,24
SPPPG11U0210100,0,30,30
SPPPG11U0210105,0,10,10
SPPPG11U0225090,0,50,50
SPPPG11U0225095,0,40,40
SPPPG11U0225100,0,72,72
SPPPG11U0225105,0,56,56
SPPPG11U0230090,0,14,14
SPPPG11U0230095,0,34,34
SPPPG11U0230100,0,6,6
SPPPG11U0230105,0,2,2
SPPPG11U0250090,0,4,4
SPPPG11U0250095,0,56,56
SPPPG11U0250100,0,26,26
SPPPG11U0250105,0,24,24
SPPPG11U0259100,0,2,2
SPPPG11U0259105,0,2,2
SPPPG11U0259110,0,2,2
SPPPG11U0310090,0,10,10
SPPPG11U0310095,0,18,18
SPPPG11U0310100,0,18,18
SPPPG11U0310105,0,2,2
SPPPG11U0326095,0,20,20
SPPPG11U0350090,0,14,14
SPPPG11U0350095,0,12,12
SPPPG11U0350100,0,24,24
SPPPG11U0350105,0,22,22
SPPPG11U0410090,0,228,228
SPPPG11U0410095,0,798,798
SPPPG11U0410100,0,708,708
SPPPG11U0410105,0,444,444
SPPPG11U0410110,0,148,148
SPPPG11U0419090,0,354,354
SPPPG11U0419095,0,862,862
SPPPG11U0419100,0,728,728
SPPPG11U0419105,0,358,358
SPPPG11U0419110,0,138,138
SPPPG11U0650095,0,6,6
SPPPG11U0650100,0,12,12
SPPPG11U0684095,0,2,2
SPPPG11U0830100,0,6,6
SPPPG11U0830105,0,18,18
SPPPG11U0840095,0,2,2
SPPPG11U0850100,0,4,4
SPPPG11U0850105,0,8,8
SPPPG11U0940090,0,2,2
SPPPG11U0940100,0,4,4
SPPPG11U0940105,0,2,2
SPPPG11U0950095,0,4,4
SPPPG11U0950105,0,24,24
SPPPG11U1110090,0,6,6
SPPPG11U1110095,0,26,26
SPPPG11U1110100,0,12,12
SPPPG11U1110105,0,28,28
SPPPG11U1126095,0,4,4
SPPPG11U1126100,0,8,8
SPPPG11U1126105,0,2,2
SPPPG11U1176090,0,4,4
SPPPG11U1176095,0,6,6
SPPPG11U1176100,0,16,16
SPPPG11U1176105,0,4,4
SPPPG11U1184095,0,2,2
SPPPG11U1184100,0,24,24
SPPPG11U1184105,0,10,10
SPPPG11U1226090,0,4,4
SPPPG11U1226095,0,8,8
SPPPG11U1240090,0,26,26
SPPPG11U1240095,0,24,24
SPPPG11U1240100,0,84,84
SPPPG11U1240110,0,10,10
SPPPG11U1251095,0,24,24
SPPPG11U1259090,0,204,204
SPPPG11U1259095,0,184,184
SPPPG11U1259100,0,144,144
SPPPG11U1259105,0,148,148
SPPPG11U1259110,0,44,44
SPPPG11U1351090,0,8,8
SPPPG11U1351095,0,18,18
SPPPG11U1384090,0,20,20
SPPPG11U1384095,0,2,2
SPPPG11U1384100,0,4,4
SPPPG23KG125130,0,20,20
SPPPG23KG125140,0,2,2
SPPPG23KG1CD120,0,56,56
SPPPG23KG1CD130,0,38,38
SPPPG23KU120110,0,8,8
SPPPG23KU120120,0,10,10
SPPPG23KU126120,0,4,4
SPPPG23KU126130,0,4,4
SPPPG23KU126150,0,4,4
SPPPG23KU141120,0,2,2
SPPPG23KU141130,0,6,6
SPPPG23KU151120,0,2,2
SPPPG23KU151130,0,4,4
SPPPG23KU225120,0,2,2
SPPPG23KU225140,0,2,2
SPPPG23KU240130,0,2,2
SPPPG23KU251120,0,2,2
SPPPG23KU251140,0,4,4
SPPPG23KU330110,0,4,4
SPPPG23KU330120,0,2,2
SPPPG23KU350130,0,2,2
SPPPG23KU375130,0,2,2
SPPPG23KU375140,0,8,8
SPPPG23KU425110,0,24,24
SPPPG23KU425120,0,104,104
SPPPG23KU440120,0,2,2
SPPPG23KU440140,0,2,2
SPPPG23KU450120,0,20,20
SPPPG23KU450130,0,4,4
SPPPG23KU450140,0,4,4
SPPPG23KU470120,0,6,6
SPPPG23KU470150,0,6,6
SPPPG23KU470160,0,6,6
SPPPG23KU4CD100,0,2,2
SPPPG23KU4CD130,0,6,6
SPPPG23KU4CD160,0,4,4
SPPPG23U0120090,0,6,6
SPPPG23U0120095,0,6,6
SPPPG23U0120100,0,54,54
SPPPG23U0130095,0,2,2
SPPPG23U0130105,0,2,2
SPPPG23U0141095,0,4,4
SPPPG23U0141100,0,4,4
SPPPG23U0141105,0,6,6
SPPPG23U0184090,0,2,2
SPPPG23U0184105,0,14,14
SPPPG23U0225095,0,2,2
SPPPG23U0225110,0,2,2
SPPPG23U0240095,0,2,2
SPPPG23U0240100,0,2,2
SPPPG23U0251090,0,4,4
SPPPG23U0251095,0,30,30
SPPPG23U0251100,0,2,2
SPPPG23U0251105,0,4,4
SPPPG23U0251110,0,2,2
SPPPG23U0259095,0,4,4
SPPPG23U0259105,0,2,2
SPPPG23U0259110,0,2,2
SPPPG23U0319090,0,50,50
SPPPG23U0319095,0,8,8
SPPPG23U0326095,0,6,6
SPPPG23U0326100,0,114,114
SPPPG23U0425095,0,4,4
SPPPG23U0425105,0,2,2
SPPPG23U0430090,0,4,4
SPPPG23U0451090,0,2,2
SPPPG23U0451100,0,2,2
SPPPG23U0451105,0,2,2
SPPPG23U0520095,0,12,12
SPPPG23U0520100,0,28,28
SPPPG23U0520105,0,124,124
SPPPG23U0530090,0,26,26
SPPPG23U0530095,0,20,20
SPPPG23U0530100,0,2,2
SPPPG23U0530110,0,22,22
SPPPG23U0626090,0,2,2
SPPPG23U0631100,0,12,12
SPPPG23U0631110,0,2,2
SPPPG23U0651095,0,2,2
SPPPG23U0651110,0,2,2
SPPPG23U0726070,0,18,18
SPPPG23U0726075,0,42,42
SPPPG23U0726080,0,32,32
SPPPG23U0785075,0,8,8
SPPPG23U0785080,0,136,136
SPPPG23U0940100,0,2,2
SPPPG23U0940105,0,2,2
SPPPG23U1030095,0,2,2
SPPPG23U1240105,0,4,4
SPPPG23U1430100,0,2,2
SPPPG25KG185130,0,2,2
SPPPG25KU110110,0,4,4
SPPPG25KU110120,0,56,56
SPPPG25KU110130,0,6,6
SPPPG25KU110140,0,4,4
SPPPG25KU110160,0,2,2
SPPPG25KU125130,0,2,2
SPPPG25KU125140,0,4,4
SPPPG25KU125150,0,2,2
SPPPG25KU130120,0,6,6
SPPPG25KU130130,0,22,22
SPPPG25KU130140,0,14,14
SPPPG25KU130150,0,34,34
SPPPG25KU130160,0,16,16
SPPPG25KU140100,0,2,2
SPPPG25KU140120,0,6,6
SPPPG25KU140130,0,14,14
SPPPG25KU151120,0,8,8
SPPPG25KU151130,0,2,2
SPPPG25KU151140,0,12,12
SPPPG25KU151150,0,104,104
SPPPG25KU151160,0,2,2
SPPPG25KU239140,0,2,2
SPPPG25KU284120,0,4,4
SPPPG25KU284140,0,16,16
SPPPG25KU284150,0,16,16
SPPPG25KU284160,0,2,2
SPPPG25KU326120,0,12,12
SPPPG25KU326140,0,32,32
SPPPG25KU326150,0,16,16
SPPPG25KU326160,0,42,42
SPPPG25KU335120,0,16,16
SPPPG25KU335130,0,12,12
SPPPG25KU335140,0,12,12
SPPPG25KU335150,0,2,2
SPPPG25KU335160,0,40,40
SPPPG25KU351120,0,8,8
SPPPG25KU351130,0,2,2
SPPPG25KU351140,0,2,2
SPPPG25KU351150,0,16,16
SPPPG25KU351160,0,22,22
SPPPG25KU359120,0,16,16
SPPPG25KU359130,0,4,4
SPPPG25KU359140,0,12,12
SPPPG25KU359150,0,4,4
SPPPG25KU410120,0,2,2
SPPPG25KU410130,0,14,14
SPPPG25KU410140,0,2,2
SPPPG25KU410150,0,2,2
SPPPG25KU410160,0,2,2
SPPPG25KU431120,0,6,6
SPPPG25KU431130,0,2,2
SPPPG25KU431140,0,2,2
SPPPG25KU431160,0,18,18
SPPPG25KU451110,0,4,4
SPPPG25KU451130,0,10,10
SPPPG25KU451140,0,4,4
SPPPG25KU451150,0,2,2
SPPPG25KU451160,0,4,4
SPPPG25KU519140,0,2,2
SPPPG25KU519160,0,2,2
SPPPG25KU525140,0,10,10
SPPPG25KU525160,0,2,2
SPPPG25KU630150,0,2,2
SPPPG25KU650140,0,2,2
SPPPG25KU710110,0,152,152
SPPPG25KU725100,0,4,4
SPPPG25KU725110,0,8,8
SPPPG25KU725120,0,16,16
SPPPG25KU725130,0,16,16
SPPPG25KU725140,0,12,12
SPPPG25KU725150,0,8,8
SPPPG25KU725160,0,6,6
SPPPG25KU751100,0,6,6
SPPPG25KU751110,0,2,2
SPPPG25KU751130,0,2,2
SPPPG25KU751150,0,4,4
SPPPG25U0110090,0,24,24
SPPPG25U0110095,0,28,28
SPPPG25U0110100,0,18,18
SPPPG25U0110105,0,22,22
SPPPG25U0110110,0,6,6
SPPPG25U0119100,0,2,2
SPPPG25U0119105,0,2,2
SPPPG25U0130100,0,2,2
SPPPG25U0130105,0,2,2
SPPPG25U0140090,0,4,4
SPPPG25U0140095,0,8,8
SPPPG25U0140100,0,2,2
SPPPG25U0140105,0,2,2
SPPPG25U0151105,0,28,28
SPPPG25U0184090,0,6,6
SPPPG25U0184095,0,26,26
SPPPG25U0184100,0,20,20
SPPPG25U0184105,0,8,8
SPPPG25U0184110,0,8,8
SPPPG25U0225090,0,10,10
SPPPG25U0225095,0,132,132
SPPPG25U0225100,0,18,18
SPPPG25U0225105,0,10,10
SPPPG25U0239090,0,2,2
SPPPG25U0239110,0,2,2
SPPPG25U0284090,0,16,16
SPPPG25U0284105,0,6,6
SPPPG25U0284110,0,20,20
SPPPG25U0310105,0,26,26
SPPPG25U0335095,0,36,36
SPPPG25U0335100,0,12,12
SPPPG25U0335105,0,24,24
SPPPG25U0351090,0,30,30
SPPPG25U0351095,0,10,10
SPPPG25U0351110,0,30,30
SPPPG25U0359090,0,30,30
SPPPG25U0399090,0,6,6
SPPPG25U0399095,0,2,2
SPPPG25U0419095,0,6,6
SPPPG25U0419100,0,6,6
SPPPG25U0419105,0,4,4
SPPPG25U0451105,0,12,12
SPPPG25U0476090,0,176,176
SPPPG25U0525090,0,18,18
SPPPG25U0525095,0,26,26
SPPPG25U0525105,0,6,6
SPPPG25U0525110,0,44,44
SPPPG25U0530090,0,4,4
SPPPG25U0530095,0,24,24
SPPPG25U0530100,0,6,6
SPPPG25U0530105,0,4,4
SPPPG25U0530110,0,2,2
SPPPG25U0550095,0,10,10
SPPPG25U0550105,0,4,4
SPPPG25U0575095,0,36,36
SPPPG25U0575100,0,22,22
SPPPG25U0575105,0,70,70
SPPPG25U0575110,0,2,2
SPPPG25U0610095,0,4,4
SPPPG25U0610105,0,2,2
SPPPG25U0610110,0,8,8
SPPPG25U0619105,0,2,2
SPPPG25U0619110,0,12,12
SPPPG25U0625090,0,54,54
SPPPG25U0625095,0,20,20
SPPPG25U0625100,0,24,24
SPPPG25U0625105,0,12,12
SPPPG25U0625110,0,8,8
SPPPG25U0640105,0,6,6
SPPPG25U0640110,0,6,6
SPPPG25U0650090,0,14,14
SPPPG25U0650095,0,30,30
SPPPG25U0650100,0,2,2
SPPPG25U0650110,0,2,2
SPPPG25U0725090,0,62,62
SPPPG25U0725095,0,42,42
SPPPG25U0725100,0,60,60
SPPPG25U0725105,0,42,42
SPPPG25U0740095,0,32,32
SPPPG25U0740100,0,72,72
SPPPG25U0740105,0,4,4
SPPPG25U0750090,0,14,14
SPPPG25U0750095,0,40,40
SPPPG25U0750100,0,56,56
SPPPG25U0750105,0,2,2
SPPPG25U0819090,0,2,2
SPPPG25U0819105,0,52,52
SPPPG25U0825090,0,46,46
SPPPG25U0825105,0,10,10
SPPPG25U0925105,0,18,18
SPPPG25U0930090,0,2,2
SPPPG25U0951090,0,2,2
SPPPG25U0951095,0,8,8
SPPPG25U0951100,0,4,4
SPPPG25U1010105,0,2,2
SPPPG25U1030095,0,10,10
SPPPG25U1310999,0,4,4
SPPPG25U1525105,0,40,40
SPPPG25U1550095,0,2,2
SPPPG25U1575095,0,4,4
SPPPG25U1575110,0,30,30
SPPPG25U1651095,0,4,4
SPPPG25U1810100,0,2,2
SPPPG25U1835090,0,2,2
SPPPG25U1835095,0,2,2
SPPPG25U1875095,0,4,4
SPPPG25U1885105,0,2,2
SPPPG25U1889105,0,2,2
SPPPG25U1899095,0,4,4
SPPPG25U1899105,0,2,2
SPPPG25U2085100,0,2,2
SPPPG25U2085110,0,2,2
SPPPG25U2510100,0,52,52
SPPPG25U2526100,0,2,2
SPPPG25U2526105,0,2,2
SPPPG25U2535090,0,22,22
SPPPG25U2610090,0,2,2
SPPPG25U2610100,0,2,2
SPPPG37KG125100,0,4,4
SPPPG37KG125130,0,8,8
SPPPG37KG125140,0,8,8
SPPPG37KG125150,0,20,20
SPPPG37KG170100,0,2,2
SPPPG37KG170110,0,2,2
SPPPG37KG170130,0,80,80
SPPPG37KG170150,0,152,152
SPPPG37KG1CD100,0,36,36
SPPPG37KG1CD110,0,990,990
SPPPG37KG1CD120,0,156,156
SPPPG37KG1CD130,0,60,60
SPPPG37KG1CD140,0,12,12
SPPPG37KG1CD150,0,18,18
SPPPG37KG226120,0,8,8
SPPPG37KG226140,0,2,2
SPPPG37KG226150,0,4,4
SPPPG37KG285150,0,4,4
SPPPG37KU125100,0,16,16
SPPPG37KU125110,0,20,20
SPPPG37KU125120,0,8,8
SPPPG37KU125150,0,24,24
SPPPG37KU150100,0,2,2
SPPPG37KU150110,0,112,112
SPPPG37KU150120,0,508,508
SPPPG37KU150130,0,180,180
SPPPG37KU150140,0,10,10
SPPPG37KU150150,0,4,4
SPPPG37KU170100,0,10,10
SPPPG37KU170110,0,14,14
SPPPG37KU170120,0,12,12
SPPPG37KU170130,0,70,70
SPPPG37KU170140,0,14,14
SPPPG37KU170150,0,2,2
SPPPG37KU170160,0,2,2
SPPPG37KU1CD110,0,1640,1640
SPPPG37KU1CD120,0,1434,1434
SPPPG37KU1CD130,0,1424,1424
SPPPG37KU1CD140,0,200,200
SPPPG37KU225120,0,8,8
SPPPG37KU225130,0,10,10
SPPPG37KU225140,0,6,6
SPPPG37KU250120,0,6,6
SPPPG37KU250130,0,10,10
SPPPG37KU250140,0,8,8
SPPPG37KU350120,0,46,46
SPPPG37KU350130,0,82,82
SPPPG37KU350140,0,140,140
SPPPG37KU350150,0,162,162
SPPPG37KU350160,0,434,434
SPPPG37KU375120,0,68,68
SPPPG37KU375130,0,80,80
SPPPG37KU375140,0,108,108
SPPPG37KU375150,0,92,92
SPPPG37KU375160,0,138,138
SPPPG37U0125090,0,36,36
SPPPG37U0219085,0,154,154
SPPPG37U0219090,0,216,216
SPPPG37U0219095,0,232,232
SPPPG37U0225085,0,56,56
SPPPG37U0225090,0,146,146
SPPPG37U0285085,0,8,8
SPPPG37U0285090,0,232,232
SPPPG37U0285095,0,90,90
SPPPG37U1052090,0,26,26
SPPPG37U1052095,0,60,60
SPPPG37U1052100,0,38,38
SPPPG37U1052105,0,28,28
SPPPG37U1125090,0,68,68
SPPPG37U1125095,0,162,162
SPPPG37U1125100,0,94,94
SPPPG37U1125105,0,44,44
SPPPG37U1230085,0,112,112
SPPPG37U1230090,0,180,180
SPPPG37U1230095,0,92,92
SPPPG37U1425085,0,254,254
SPPPG37U1425090,0,116,116
SPPPG37U1425095,0,278,278
SPPPG37U1450085,0,282,282
SPPPG37U1450090,0,84,84
SPPPG37U1450095,0,284,284
SPPPG37U1520095,0,2,2
SPPPG37U1520100,0,2,2
SPPPG37U1520105,0,4,4
SPPPG37U1551095,0,2,2
SPPPG37U1551105,0,2,2
SPPPG37U1580095,0,2,2
SPPPG37U1580105,0,2,2
SPPPG37U1610090,0,1400,1400
SPPPG37U1610095,0,2084,2084
SPPPG37U1610100,0,1528,1528
SPPPG37U1610105,0,388,388
SPPPG37U1610110,0,400,400
SPPPG37U1619090,0,36,36
SPPPG37U1619095,0,130,130
SPPPG37U1619100,0,44,44
SPPPG37U1619105,0,72,72
SPPPG37U1619110,0,92,92
SPPPG37U1625095,0,2,2
SPPPG37U1625100,0,4,4
SPPPG37U1630090,0,56,56
SPPPG37U1630095,0,82,82
SPPPG37U1630100,0,72,72
SPPPG37U1630105,0,52,52
SPPPG37U1630110,0,70,70
SPPPG37U1640090,0,18,18
SPPPG37U1640100,0,2,2
SPPPG37U1640105,0,10,10
SPPPG37U1640110,0,4,4
SPPPG37U1651090,0,16,16
SPPPG37U1651100,0,94,94
SPPPG37U1684100,0,2,2
SPPPG37U1710090,0,564,564
SPPPG37U1710095,0,84,84
SPPPG37U1710100,0,62,62
SPPPG37U1710105,0,152,152
SPPPG37U1710115,0,30,30
SPPPG37U1725090,0,4,4
SPPPG37U1725095,0,2,2
SPPPG37U1725105,0,2,2
SPPPG37U1725110,0,4,4
SPPPG37U1740110,0,4,4
SPPPG37U1740115,0,10,10
SPPPG37U1750090,0,2,2
SPPPG37U1750100,0,6,6
SPPPG37U1750110,0,2,2
SPPPG37U1750115,0,2,2
SPPPG37U1850090,0,10,10
SPPPG37U1850095,0,10,10
SPPPG37U1850100,0,6,6
SPPPG37U1850105,0,8,8
SPPPG37U1850110,0,4,4
SPPPG37U1880090,0,10,10
SPPPG37U1880095,0,6,6
SPPPG37U1880100,0,10,10
SPPPG37U1880105,0,14,14
SPPPG37U1880110,0,4,4
SPPPG37U1930095,0,14,14
SPPPG37U1930100,0,18,18
SPPPG37U2050090,0,54,54
SPPPG37U2050095,0,36,36
SPPPG37U2050100,0,42,42
SPPPG37U2075095,0,4,4
SPPPG37U2075100,0,30,30
SPPPG37U2225095,0,14,14
SPPPG37U2226090,0,92,92
SPPPG37U2226095,0,94,94
SPPPG37U2226100,0,74,74
SPPPG37U2226105,0,28,28
SPPPG37U2226110,0,46,46
SPPPG37U2239090,0,2,2
SPPPG37U2239100,0,70,70
SPPPG37U2284095,0,124,124
SPPPG37U2284105,0,10,10
SPPPG37U2284110,0,12,12
SPPPG37U2330095,0,2,2
SPPPG37U2350090,0,6,6
SPPPG37U2350100,0,24,24
SPPPG37U2350105,0,4,4
SPPPG37U2350110,0,2,2
SPPPG37U2375090,0,50,50
SPPPG37U2375095,0,18,18
SPPPG37U2375100,0,16,16
SPPPG37U2375105,0,26,26
SPPPG37U2430100,0,16,16
SPPPG37U2451100,0,2,2
SPPPG37U2526075,0,38,38
SPPPG37U2526080,0,98,98
SPPPG37U2585070,0,16,16
SPPPG37U2585080,0,28,28
SPPPG37U2635090,0,4,4
SPPPG37U2635105,0,10,10
SPPPG37U2635110,0,18,18
SPPPG37U2659110,0,114,114
SPPPG37U2685090,0,88,88
SPPPG37U2685095,0,90,90
SPPPG37U2685100,0,104,104
SPPPG37U2685105,0,92,92
SPPPG37U2685110,0,76,76
SPPPG37U2750095,0,4,4
SPPPG37U2750105,0,6,6
SPPPG37U2775105,0,16,16
SPPPG37U2775110,0,2,2
SPPPG37U2825090,0,22,22
SPPPG37U2830090,0,16,16
SPPPG37U2830095,0,102,102
SPPPG37U2830100,0,6,6
SPPPG37U2851090,0,16,16
SPPPG37U2851100,0,46,46
SPPPG37U2851105,0,12,12
SPPPG37U2999105,0,6,6
SPPPG37U3010090,0,2,2
SPPPG37U3010095,0,2,2
SPPPG37U3010100,0,4,4
SPPPG37U3120095,0,2,2
SPPPG37U3120100,0,4,4
SPPPG37U3120105,0,10,10
SPPPG37U3130090,0,38,38
SPPPG37U3130095,0,38,38
SPPPG37U3130100,0,36,36
SPPPG37U3130105,0,2,2
SPPPG37U3140090,0,10,10
SPPPG37U3140095,0,10,10
SPPPG37U3140100,0,46,46
SPPPG37U3140105,0,2,2
SPPPG37U3150090,0,2,2
SPPPG37U3159090,0,72,72
SPPPG37U3159095,0,6,6
SPPPG37U3159100,0,10,10
SPPPG37U3159105,0,12,12
SPPPG37U3210095,0,4,4
SPPPG37U3340095,0,2,2
SPPPG37U3419090,0,20,20
SPPPG37U3419095,0,14,14
SPPPG37U3419100,0,24,24
SPPPG37U3419105,0,4,4
SPPPG37U3425105,0,16,16
SPPPG49KU151120,0,46,46
SPPPG49KU151130,0,76,76
SPPPG49KU151140,0,44,44
SPPPG49KU151150,0,42,42
SPPPG49KU419100,0,120,120
SPPPG49KU419110,0,330,330
SPPPG49KU419120,0,528,528
SPPPG49KU419130,0,850,850
SPPPG49KU419140,0,810,810
SPPPG49KU419150,0,810,810
SPPPG49KU419160,0,650,650
SPPPG49KU430100,0,222,222
SPPPG49KU430110,0,1312,1312
SPPPG49KU430120,0,2302,2302
SPPPG49KU430130,0,2728,2728
SPPPG49KU430140,0,1868,1868
SPPPG49KU430150,0,1306,1306
SPPPG49KU430160,0,1206,1206
SPPPG49KU475100,0,80,80
SPPPG49KU475110,0,204,204
SPPPG49KU475120,0,326,326
SPPPG49KU475130,0,694,694
SPPPG49KU475140,0,822,822
SPPPG49KU475150,0,896,896
SPPPG49KU475160,0,1052,1052
SPPPG49KU484100,0,192,192
SPPPG49KU484110,0,466,466
SPPPG49KU484120,0,830,830
SPPPG49KU484130,0,1836,1836
SPPPG49KU484140,0,1850,1850
SPPPG49KU484150,0,2032,2032
SPPPG49KU484160,0,2034,2034
SPPPG49U0125090,0,806,806
SPPPG49U0125095,0,716,716
SPPPG49U0125100,0,448,448
SPPPG49U0125105,0,214,214
SPPPG49U0125110,0,142,142
SPPPG49U0139090,0,878,878
SPPPG49U0139095,0,1208,1208
SPPPG49U0139100,0,728,728
SPPPG49U0139105,0,426,426
SPPPG49U0139110,0,224,224
SPPPG49U0159090,0,662,662
SPPPG49U0159095,0,926,926
SPPPG49U0159100,0,756,756
SPPPG49U0159105,0,562,562
SPPPG49U0159110,0,362,362
SPPPG49U0175090,0,670,670
SPPPG49U0175095,0,706,706
SPPPG49U0175100,0,520,520
SPPPG49U0175105,0,374,374
SPPPG49U0175110,0,220,220
SPPPG49U0220090,0,4696,4696
SPPPG49U0220095,0,5790,5790
SPPPG49U0220100,0,4358,4358
SPPPG49U0220105,0,3206,3206
SPPPG49U0230090,0,1244,1244
SPPPG49U0230095,0,1258,1258
SPPPG49U0230100,0,918,918
SPPPG49U0230105,0,650,650
SPPPG49U0241090,0,1974,1974
SPPPG49U0241095,0,2430,2430
SPPPG49U0241100,0,1500,1500
SPPPG49U0241105,0,1026,1026
SPPPG49U0284090,0,1990,1990
SPPPG49U0284095,0,3494,3494
SPPPG49U0284100,0,3210,3210
SPPPG49U0284105,0,2672,2672
SPPPG49U0350090,0,414,414
SPPPG49U0350095,0,690,690
SPPPG49U0350100,0,688,688
SPPPG49U0350105,0,552,552
SPPPG49U0350110,0,414,414
SPPPG49U0351090,0,402,402
SPPPG49U0351095,0,670,670
SPPPG49U0351100,0,668,668
SPPPG49U0351105,0,536,536
SPPPG49U0351110,0,402,402
SPPPG49U0359090,0,1208,1208
SPPPG49U0359095,0,1208,1208
SPPPG49U0359100,0,1508,1508
SPPPG49U0359105,0,1208,1208
SPPPG49U0359110,0,906,906
SPPPG49U0385090,0,280,280
SPPPG49U0385095,0,490,490
SPPPG49U0385100,0,278,278
SPPPG49U0385105,0,210,210
SPPPG49U0385110,0,140,140
SPPPG49U0419090,0,686,686
SPPPG49U0419095,0,1136,1136
SPPPG49U0419100,0,1800,1800
SPPPG49U0419105,0,1822,1822
SPPPG49U0419110,0,1622,1622
SPPPG49U0419115,0,68,68
SPPPG49U0484090,0,978,978
SPPPG49U0484095,0,2034,2034
SPPPG49U0484100,0,1622,1622
SPPPG49U0484105,0,1260,1260
SPPPG49U0484110,0,1050,1050
SPPPG49U0484115,0,66,66
SPPPG49U0485090,0,1086,1086
SPPPG49U0485095,0,1952,1952
SPPPG49U0485100,0,1344,1344
SPPPG49U0485105,0,904,904
SPPPG49U0485110,0,536,536
SPPPG49U0485115,0,28,28
SPPPG49U0625090,0,3362,3362
SPPPG49U0625095,0,4684,4684
SPPPG49U0625100,0,2906,2906
SPPPG49U0625105,0,1932,1932
SPPPG49U0651090,0,2872,2872
SPPPG49U0651095,0,3238,3238
SPPPG49U0651100,0,2468,2468
SPPPG49U0651105,0,1816,1816
SPPPG49U0719090,0,1470,1470
SPPPG49U0719095,0,3064,3064
SPPPG49U0719100,0,2838,2838
SPPPG49U0719105,0,1998,1998
SPPPG49U0719110,0,1056,1056
SPPPG49U0719115,0,106,106
SPPPG49U0739090,0,2038,2038
SPPPG49U0739095,0,3408,3408
SPPPG49U0739100,0,2864,2864
SPPPG49U0739105,0,1594,1594
SPPPG49U0739110,0,636,636
SPPPG49U0739115,0,104,104
SPPPG49U0759090,0,1244,1244
SPPPG49U0759095,0,2624,2624
SPPPG49U0759100,0,2428,2428
SPPPG49U0759105,0,1730,1730
SPPPG49U0759110,0,892,892
SPPPG49U0759115,0,88,88
SPPPG49U0840090,0,462,462
SPPPG49U0840095,0,708,708
SPPPG49U0840100,0,702,702
SPPPG49U0840105,0,676,676
SPPPG49U0840110,0,286,286
SPPPG49U0859090,0,1088,1088
SPPPG49U0859095,0,1630,1630
SPPPG49U0859100,0,1636,1636
SPPPG49U0859105,0,1486,1486
SPPPG49U0859110,0,654,654
SPPPG49U0884090,0,1528,1528
SPPPG49U0884095,0,2362,2362
SPPPG49U0884100,0,2352,2352
SPPPG49U0884105,0,2246,2246
SPPPG49U0884110,0,942,942
SPPPG49U1225090,0,184,184
SPPPG49U1225095,0,236,236
SPPPG49U1225100,0,106,106
SPPPG49U1225105,0,82,82
SPPPG49U1225110,0,28,28
SPPPG49U1230090,0,486,486
SPPPG49U1230095,0,744,744
SPPPG49U1230100,0,480,480
SPPPG49U1230105,0,408,408
SPPPG49U1230110,0,142,142
SPPPG49U1250090,0,130,130
SPPPG49U1250095,0,208,208
SPPPG49U1250100,0,174,174
SPPPG49U1250105,0,154,154
SPPPG49U1250110,0,76,76
SPPUF4TKU819170,0,48,48
SPPUF4TKU819180,0,56,56
SPPUF4TKU819190,0,48,48
SPPUF4TKU819200,0,36,36
SPPUF4TKU825170,0,64,64
SPPUF4TKU825180,0,48,48
SPPUF4TKU825190,0,56,56
SPPUF4TKU825200,0,48,48
SPPUF4TKU839170,0,66,66
SPPUF4TKU839180,0,70,70
SPPUF4TKU839190,0,58,58
SPPUF4TKU839200,0,28,28
SPRLE25U0110095,0,4,4
SPRLE25U0110100,0,4,4
SPRLE25U0110105,0,4,4
SPRLE25U01BF100,0,2,2
SPRLE25U01BF105,0,2,2
SPRLE25U0220095,0,2,2
SPRLE25U0225100,0,16,16
SPRLE25U0410095,0,4,4
SPRLE25U0610095,0,4,4
SPRLE25U0619085,0,6,6
SPRLE25U0619090,0,6,6
SPRLE25U0619095,0,2,2
SPRLE37U0299105,0,2,2
SPRLE37U02BD105,0,2,2
SPRLE37U0810090,0,4,4
SPRLE37U0810095,0,6,6
SPRLE37U0810100,0,10,10
SPRLE37U0810105,0,6,6
SPRLE37U0819105,0,6,6
SPRLE37U0899090,0,2,2
SPRLF25U0210100,0,4,4
SPRLF25U0299105,0,2,2
SPRLF25U0430100,0,2,2
SPRLF25U1099095,0,2,2
SPRLF37KG310140,0,2,2
SPRLF37U0210100,0,2,2
SPRLF37U0719095,0,2,2
SPRLF37U0725100,0,6,6
SPRLF37U1599100,0,2,2
SPRLF37U1710095,0,2,2
SPRLF37U1919100,0,2,2
SPRLF37UF119105,0,2,2
SPRLF49U0310095,0,2,2
SPRLF49U0310100,0,2,2
SPRLF49U0310105,0,2,2
SPRLF49U0360090,0,2,2
SPRLF49U0360105,0,2,2
SPRLF49U0815090,0,32,32
SPRLF49U0819090,0,4,4
SPRLF49U0819095,0,12,12
SPRLF49U0820095,0,6,6
SPRLF49U0820100,0,8,8
SPRLF49U0820105,0,4,4
SPRLF49U0860095,0,2,2
SPRLF49U0860100,0,4,4
SPRLF49U0860105,0,2,2
SPRLF49U0899090,0,2,2
SPRLF49U0899095,0,12,12
SPRLF49U0919105,0,2,2
SPRLF49U0920090,0,2,2
SPRLF49U0920095,0,4,4
SPRLF49U0920100,0,14,14
SPRLF49U0920105,0,2,2
SPRLF49U1030090,0,2,2
SPRLF49U1060090,0,2,2
SPRLF49U1139095,0,2,2
SPRLF49U1150105,0,2,2
SPRLF49U1210095,0,2,2
SPRLF4TU0150095,0,2,2
SPRLF4TU0199090,0,2,2
SPRLF4TU0199095,0,16,16
SPRLF4TU0199100,0,12,12
SPRLF4TU0199105,0,34,34
SPRLF4TU0199110,0,22,22
SPRLF4TU0230090,0,12,12
SPRLF4TU0230095,0,12,12
SPRLF4TU0230100,0,14,14
SPRLF4TU0230105,0,8,8
SPRLF4TU0319095,0,2,2
SPRLF4TU0319105,0,2,2
SPRLF4TU0459090,0,6,6
SPRLF4TU0459095,0,42,42
SPRLF4TU0459100,0,2,2
SPRLFA9KU210140,0,4,4
SPRLFA9KU210150,0,2,2
SPRLFA9KU219140,0,4,4
SPRLFA9KU219150,0,2,2
SPRLFA9KU219160,0,2,2
SPRLG11U0119100,0,2,2
SPRLG11U03CI100,0,2,2
SPRLG23U0110090,0,2,2
SPRLG23U0119100,0,2,2
SPRLG23U0185105,0,2,2
SPRLG23U0259090,0,22,22
SPRLG23U0259095,0,58,58
SPRLG23U0259100,0,82,82
SPRLG23U0259105,0,92,92
SPRLG23U0310090,0,30,30
SPRLG23U0310095,0,122,122
SPRLG23U0310100,0,56,56
SPRLG23U0310105,0,2,2
SPRLG23U0320090,0,352,352
SPRLG23U0320095,0,50,50
SPRLG23U0320105,0,2,2
SPRLG23U0420090,0,16,16
SPRLG23U0420095,0,2,2
SPRLG24KU110140,0,2,2
SPRLG24KU110150,0,2,2
SPRLG24KU199150,0,10,10
SPRLG24KU210110,0,2,2
SPRLG24KU210160,0,2,2
SPRLG24KU220130,0,2,2
SPRLG24KU220150,0,2,2
SPRLG24KU410130,0,2,2
SPRLG24KU510110,0,8,8
SPRLG24KU910140,0,2,2
SPRLG24KU910160,0,2,2
SPRLG25KU319140,0,2,2
SPRLG25U0110105,0,14,14
SPRLG25U0119090,0,28,28
SPRLG25U0119095,0,18,18
SPRLG25U0119100,0,30,30
SPRLG25U0119105,0,16,16
SPRLG25U0140090,0,2,2
SPRLG25U0185090,0,4,4
SPRLG25U0185095,0,18,18
SPRLG25U0185100,0,8,8
SPRLG25U0185105,0,10,10
SPRLG25U0199095,0,4,4
SPRLG25U0199100,0,2,2
SPRLG25U01CH090,0,4,4
SPRLG25U01CH105,0,4,4
SPRLG25U0210090,0,118,118
SPRLG25U0210095,0,2,2
SPRLG25U0210100,0,30,30
SPRLG25U0210105,0,82,82
SPRLG25U0285090,0,6,6
SPRLG25U0299090,0,6,6
SPRLG25U0299095,0,36,36
SPRLG25U0299100,0,20,20
SPRLG25U0299105,0,30,30
SPRLG25U0310090,0,38,38
SPRLG25U0310095,0,18,18
SPRLG25U0310100,0,18,18
SPRLG25U0319090,0,34,34
SPRLG25U0319095,0,120,120
SPRLG25U0319100,0,28,28
SPRLG25U0319105,0,124,124
SPRLG25U03CH090,0,16,16
SPRLG25U03CH095,0,18,18
SPRLG25U03CH100,0,10,10
SPRLG25U03CH105,0,16,16
SPRLG25U03CI090,0,2,2
SPRLG25U03CI095,0,2,2
SPRLG25U03CI105,0,2,2
SPRLG25U0410100,0,12,12
SPRLG25U0410105,0,64,64
SPRLG25U0419090,0,46,46
SPRLG25U0419095,0,36,36
SPRLG25U0419100,0,22,22
SPRLG25U0419105,0,18,18
SPRLG25U0426090,0,8,8
SPRLG25U0426095,0,2,2
SPRLG25U0426100,0,6,6
SPRLG25U0426105,0,20,20
SPRLG25U0430095,0,12,12
SPRLG25U0430100,0,12,12
SPRLG25U0430105,0,16,16
SPRLG25U0431090,0,12,12
SPRLG25U0431095,0,12,12
SPRLG25U0431100,0,4,4
SPRLG25U0431105,0,20,20
SPRLG25U0439100,0,14,14
SPRLG25U0450100,0,12,12
SPRLG25U0450105,0,10,10
SPRLG25U0451090,0,2,2
SPRLG25U0451100,0,6,6
SPRLG25U0451105,0,4,4
SPRLG25U0499100,0,2,2
SPRLG25U0510090,0,48,48
SPRLG25U0510100,0,242,242
SPRLG25U0510105,0,252,252
SPRLG25U0520100,0,12,12
SPRLG25U0584090,0,90,90
SPRLG25U0584095,0,40,40
SPRLG25U0584100,0,316,316
SPRLG25U0584105,0,216,216
SPRLG25U0620090,0,126,126
SPRLG25U0620095,0,2,2
SPRLG25U0620100,0,154,154
SPRLG25U0625090,0,56,56
SPRLG25U0625095,0,76,76
SPRLG25U0625100,0,92,92
SPRLG25U0710095,0,56,56
SPRLG25U0799090,0,20,20
SPRLG25U0799100,0,8,8
SPRLG25U0799105,0,32,32
SPRLG25U0910090,0,56,56
SPRLG25U0910095,0,3518,3518
SPRLG25U0910100,0,2810,2810
SPRLG25U0910105,0,776,776
SPRLG25U0919090,0,6,6
SPRLG25U0919105,0,6,6
SPRLG25U0921090,0,2,2
SPRLG25U0940095,0,2,2
SPRLG25U0940100,0,12,12
SPRLG25U0940105,0,14,14
SPRLG25U0999090,0,166,166
SPRLG25U09BC095,0,2,2
SPRLG25U09BC100,0,2,2
SPRLG25U09BD095,0,4,4
SPRLG25U09BD100,0,102,102
SPRLG25U09BD105,0,2,2
SPRLG25U09CI095,0,30,30
SPRLG25U1119095,0,2,2
SPRLG25U1120090,0,16,16
SPRLG25U1120095,0,2,2
SPRLG25U1120105,0,4,4
SPRLG25U1120110,0,8,8
SPRLG25U1175110,0,2,2
SPRLG25U1210090,0,12,12
SPRLG25U1210095,0,12,12
SPRLG25U1210100,0,12,12
SPRLG25U1210105,0,10,10
SPRLG25U1310090,0,2,2
SPRLG25U1499090,0,12,12
SPRLG25U1499095,0,12,12
SPRLG25U1499100,0,12,12
SPRLG25U1499105,0,12,12
SPRLG25U1510105,0,2,2
SPRLG25U1675100,0,2,2
SPRLG25U1686105,0,2,2
SPRLG25U2060090,0,18,18
SPRLG25U2060105,0,2,2
SPRLG25U2099090,0,146,146
SPRLG25U2099095,0,142,142
SPRLG25U2099100,0,52,52
SPRLG25U2099105,0,112,112
SPRLG25U2210090,0,4,4
SPRLG25U2210095,0,2,2
SPRLG25U2226100,0,2,2
SPRLG25U2235090,0,32,32
SPRLG25U2251095,0,46,46
SPRLG25U2310090,0,4,4
SPRLG37KU199130,0,4,4
SPRLG37U0119105,0,2,2
SPRLG37U0220090,0,20,20
SPRLG37U0220095,0,10,10
SPRLG37U0220100,0,46,46
SPRLG37U0640090,0,266,266
SPRLG37U0640095,0,210,210
SPRLG37U0640100,0,144,144
SPRLG37U0640105,0,118,118
SPRLG37U0650090,0,314,314
SPRLG37U0650095,0,270,270
SPRLG37U0650100,0,190,190
SPRLG37U0650105,0,140,140
SPRLG37U0699090,0,250,250
SPRLG37U0699095,0,168,168
SPRLG37U0699100,0,96,96
SPRLG37U0699105,0,36,36
SPRLG37U0899090,0,4,4
SPRLG37U0899095,0,30,30
SPRLG37U0899100,0,40,40
SPRLG37U0899105,0,42,42
SPRLG37U1119105,0,64,64
SPRLG37U1619100,0,4,4
SPRLG37U1619110,0,2,2
SPRLG37U2110095,0,14,14
SPRLG37U2110100,0,40,40
SPRLG37U2110105,0,158,158
SPRLG37U2210090,0,2,2
SPRLG37U2210095,0,4,4
SPRLG37U2210100,0,4,4
SPRLG37U2210105,0,2,2
SPRLG37U2219090,0,2,2
SPRLG37U2219095,0,2,2
SPRLG37U2260095,0,2,2
SPRLG37U2260100,0,2,2
SPRLG37U2299095,0,2,2
SPRLG37U2310090,0,368,368
SPRLG37U2310095,0,250,250
SPRLG37U2310100,0,442,442
SPRLG37U2319090,0,372,372
SPRLG37U2319095,0,252,252
SPRLG37U2319100,0,428,428
SPRLG37U2419090,0,2,2
SPRLG37U2419100,0,2,2
SPRLG37U2419105,0,2,2
SPRLG37U2519100,0,6,6
SPRLG37U2595090,0,2,2
SPRLG37U2595095,0,4,4
SPRLG37U2595100,0,24,24
SPRLG37U2599100,0,2,2
SPRLG37U25CI100,0,2,2
SPRLG37U2619090,0,4,4
SPRLG37U2619095,0,40,40
SPRLG37U2619100,0,36,36
SPRLG37U2620090,0,8,8
SPRLG37U2620095,0,42,42
SPRLG37U2620100,0,44,44
SPRLG37U2640095,0,40,40
SPRLG37U2640100,0,36,36
SPRLG37U2640105,0,8,8
SPRLG37U2710095,0,10,10
SPRLG37U2710100,0,34,34
SPRLG37U2719090,0,8,8
SPRLG37U2719095,0,6,6
SPRLG37U2719105,0,10,10
SPRLG37U2799105,0,2,2
SPRLG37U2910090,0,32,32
SPRLG37U2910095,0,78,78
SPRLG37U2910100,0,46,46
SPRLG37U2919090,0,166,166
SPRLG37U2919095,0,174,174
SPRLG37U2919100,0,334,334
SPRLG37U2919105,0,48,48
SPRLG37U2985090,0,6,6
SPRLG37U2985100,0,62,62
SPRLG37U3010090,0,418,418
SPRLG37U3010095,0,194,194
SPRLG37U3010100,0,472,472
SPRLG37U3019090,0,368,368
SPRLG37U3019095,0,102,102
SPRLG37U3019100,0,692,692
SPRLG37U3219090,0,24,24
SPRLG37U3219095,0,106,106
SPRLG37U3219100,0,68,68
SPRLG37U3219105,0,90,90
SPRLG37U3240090,0,130,130
SPRLG37U3299090,0,1436,1436
SPRLG37U3299095,0,1014,1014
SPRLG37U3299100,0,638,638
SPRLG37U3299105,0,366,366
SPRLG37U32CH090,0,160,160
SPRLG37U32CH095,0,168,168
SPRLG37U32CH100,0,40,40
SPRLG37U32CH105,0,56,56
SPRLG37U3310090,0,88,88
SPRLG37U3310095,0,56,56
SPRLG37U3310100,0,28,28
SPRLG37U3310105,0,22,22
SPRLG37U3385105,0,2,2
SPRLG37U3399090,0,230,230
SPRLG37U3399095,0,262,262
SPRLG37U3399100,0,272,272
SPRLG37U3399105,0,240,240
SPRLG37U3419090,0,230,230
SPRLG37U3419095,0,72,72
SPRLG37U3419100,0,12,12
SPRLG37U3419105,0,16,16
SPRLG37U3485090,0,146,146
SPRLG37U3485095,0,126,126
SPRLG37U3485100,0,158,158
SPRLG37U3485105,0,160,160
SPRLG37U3499105,0,14,14
SPRLG37U34CH090,0,12,12
SPRLG37U34CH095,0,78,78
SPRLG37U34CH100,0,68,68
SPRLG37U34CH105,0,414,414
SPRLG37U3510090,0,488,488
SPRLG37U3510095,0,4,4
SPRLG37U3510100,0,14,14
SPRLG37U3510105,0,8,8
SPRLG37U3526105,0,24,24
SPRLG37U3530090,0,18,18
SPRLG37U3530100,0,2,2
SPRLG37U3531100,0,2,2
SPRLG37U3550090,0,20,20
SPRLG37U3550095,0,26,26
SPRLG37U3550105,0,2,2
SPRLG37U3599090,0,42,42
SPRLG37U3610090,0,136,136
SPRLG37U3610095,0,248,248
SPRLG37U3610100,0,2,2
SPRLG37U3620090,0,234,234
SPRLG37U3620095,0,204,204
SPRLG37U3620100,0,78,78
SPRLG37U3620105,0,6,6
SPRLG37U3710095,0,10,10
SPRLG37U3710100,0,4,4
SPRLG37U3710105,0,4,4
SPRLG37U3799090,0,34,34
SPRLG37U3799095,0,244,244
SPRLG37U3799100,0,820,820
SPRLG37U3799105,0,476,476
SPRLG37U3810090,0,11364,11364
SPRLG37U3810095,0,1598,1598
SPRLG37U3810100,0,1504,1504
SPRLG37U3810105,0,1588,1588
SPRLG37U3819090,0,4,4
SPRLG37U3819095,0,8,8
SPRLG37U3821090,0,8,8
SPRLG37U3821100,0,4,4
SPRLG37U3840090,0,2,2
SPRLG37U3840095,0,4,4
SPRLG37U3840105,0,2,2
SPRLG37U3899090,0,68,68
SPRLG37U3899095,0,2,2
SPRLG37U3899100,0,8,8
SPRLG37U3899105,0,20,20
SPRLG37U38BC090,0,16,16
SPRLG37U38BC095,0,2,2
SPRLG37U38BC105,0,4,4
SPRLG37U38BD090,0,8,8
SPRLG37U38BD100,0,2,2
SPRLG37U38BF090,0,22,22
SPRLG37U38BF095,0,20,20
SPRLG37U38BF100,0,70,70
SPRLG37U38BF105,0,4,4
SPRLG37U38CH090,0,1132,1132
SPRLG37U38CH095,0,528,528
SPRLG37U38CH100,0,136,136
SPRLG37U38CH105,0,328,328
SPRLG37U38CI090,0,280,280
SPRLG37U38CI095,0,4,4
SPRLG37U38CI100,0,12,12
SPRLG37U38CI105,0,6,6
SPRLG37U3920090,0,232,232
SPRLG37U3920095,0,200,200
SPRLG37U3920100,0,82,82
SPRLG37U3925090,0,80,80
SPRLG37U3925095,0,74,74
SPRLG37U3925100,0,1138,1138
SPRLG37U4099095,0,38,38
SPRLG37U4119090,0,6,6
SPRLG37U4119095,0,6,6
SPRLG37U4119100,0,4,4
SPRLG37U4119105,0,10,10
SPRLG37U4119110,0,6,6
SPRLG37U4325090,0,224,224
SPRLG37U4325095,0,298,298
SPRLG37U4325100,0,370,370
SPRLG37U4385090,0,64,64
SPRLG37U4385095,0,116,116
SPRLG37U4385100,0,70,70
SPRLG37U4710090,0,10,10
SPRLG37U4710095,0,40,40
SPRLG37U4710100,0,26,26
SPRLG37U4715100,0,2,2
SPRLG37U4719090,0,6,6
SPRLG37U4719095,0,4,4
SPRLG37U4719100,0,2,2
SPRLG37U4799100,0,8,8
SPRLG37U4799105,0,6,6
SPRLG37U4810090,0,10,10
SPRLG37U4810095,0,6,6
SPRLG37U4810100,0,6,6
SPRLG37U4810105,0,6,6
SPRLG37U5359090,0,70,70
SPRLG37U5359095,0,74,74
SPRLG37U5359100,0,62,62
SPRLG37U5359105,0,80,80
SPRLGA9U0319100,0,100,100
SPRLGA9U0319105,0,100,100
SPRNE26C0610105,0,4,4
SPRNE26C0619090,0,8,8
SPRNE26C0619095,0,4,4
SPRNE37G0319090,0,4,4
SPRNE37G0333095,0,2,2
SPRNE37G03AC085,0,4,4
SPRNE37G03AC090,0,6,6
SPRNE37G03AC095,0,8,8
SPRNE37G1110090,0,2,2
SPRNE37G1119085,0,2,2
SPRNE38A0119090,0,2,2
SPRNE38A0119095,0,4,4
SPRNE38A0241085,0,4,4
SPRNE38A0241090,0,2,2
SPRNE38A0251095,0,2,2
SPRNEA9A2010085,0,438,438
SPRNEA9A2010090,0,552,552
SPRNEA9A2010095,0,336,336
SPRNEA9A2019085,0,174,174
SPRNEA9A2019090,0,152,152
SPRNEA9A2019095,0,120,120
SPRNEA9A20S1085,0,162,162
SPRNEA9A20S1090,0,194,194
SPRNEA9A20S1095,0,106,106
SPRNF24G0119095,0,2,2
SPRNF25G0549085,0,4,4
SPRNF25G0549090,0,4,4
SPRNF25G0549095,0,4,4
SPRNF37G1519085,0,2,2
SPRNF37G15AC090,0,2,2
SPRNF37G8016999,0,2,2
SPRNF49G1139085,0,6,6
SPRNF49G1139090,0,2,2
SPRNF49G1139095,0,4,4
SPRNF49G1151085,0,8,8
SPRNF49G1151090,0,10,10
SPRNF49G1151095,0,110,110
SPRNF49G1159085,0,4,4
SPRNF49G1159090,0,14,14
SPRNF49G1239090,0,4,4
SPRNF49G1259085,0,2,2
SPRNF49G1259090,0,6,6
SPRNF49G9010999,0,8,8
SPRNF49G9019999,0,4,4
SPRNF49G9119999,0,6,6
SPRNF49G9139999,0,4,4
SPRNF49G9149999,0,4,4
SPRNF49W9016999,0,26,26
SPRNF49W9019999,0,38,38
SPRNF49W9039999,0,28,28
SPRNFA9A2010085,0,668,668
SPRNFA9A2010090,0,776,776
SPRNFA9A2010095,0,542,542
SPRNFA9A2019080,0,2,2
SPRNFA9A2019085,0,924,924
SPRNFA9A2019090,0,1040,1040
SPRNFA9A2019095,0,610,610
SPRNFA9A2035085,0,892,892
SPRNFA9A2035090,0,1464,1464
SPRNFA9A2035095,0,610,610
SPRNFA9KG110110,0,4,4
SPRNFA9KG110120,0,2,2
SPRNFA9KG110140,0,4,4
SPRNFA9KG110150,0,14,14
SPRNFA9KG110160,0,24,24
SPRNFA9KG136110,0,4,4
SPRNFA9KG136120,0,2,2
SPRNFA9KG136130,0,2,2
SPRNFA9KG136140,0,6,6
SPRNFA9KG136150,0,26,26
SPRNFA9KG136160,0,12,12
SPRNG24G0131095,0,2,2
SPRNG24G0139085,0,2,2
SPRNG24G0139090,0,2,2
SPRNG24G0184085,0,2,2
SPRNG24G0184090,0,2,2
SPRNG24G01AA085,0,2,2
SPRNG24G0219090,0,12,12
SPRNG24G0219095,0,6,6
SPRNG24G0219100,0,6,6
SPRNG24G0239085,0,4,4
SPRNG24G0259085,0,6,6
SPRNG24G0259090,0,6,6
SPRNG24G0259095,0,6,6
SPRNG24G0285085,0,126,126
SPRNG24G0285090,0,6,6
SPRNG24G0289085,0,2,2
SPRNG24G0299095,0,2,2
SPRNG24G9119999,0,2,2
SPRNG24G9239999,0,2,2
SPRNG24G9915999,0,6,6
SPRNG24G9919999,0,8,8
SPRNG24G9939999,0,2,2
SPRNG26G9915999,0,18,18
SPRNG26G9939999,0,10,10
SPRNG37C0110095,0,26,26
SPRNG37C0160080,0,2,2
SPRNG37G0119090,0,2,2
SPRNG37G0119100,0,4,4
SPRNG37G0131085,0,10,10
SPRNG37G0133095,0,4,4
SPRNG37G0139090,0,2,2
SPRNG37G0139095,0,8,8
SPRNG37G0150085,0,28,28
SPRNG37G0150090,0,26,26
SPRNG37G0150095,0,14,14
SPRNG37G0184085,0,36,36
SPRNG37G0184090,0,28,28
SPRNG37G0184095,0,24,24
SPRNG37G0185085,0,4,4
SPRNG37G01CB090,0,2,2
SPRNG37G01CB095,0,2,2
SPRNG37G0339085,0,2,2
SPRNG37G03AC085,0,2,2
SPRNG37G03AC095,0,6,6
SPRNG37G0419090,0,26,26
SPRNG37G0420095,0,6,6
SPRNG37G0439085,0,48,48
SPRNG37G0439095,0,2,2
SPRNG37G04AC085,0,4,4
SPRNG37G0510085,0,14,14
SPRNG37G0510090,0,10,10
SPRNG37G0510095,0,10,10
SPRNG37G0519085,0,12,12
SPRNG37G0519090,0,16,16
SPRNG37G0519095,0,16,16
SPRNG37G05AC085,0,14,14
SPRNG37G05AC090,0,12,12
SPRNG37G05AC095,0,12,12
SPRNG37G0659085,0,160,160
SPRNG37G0659090,0,160,160
SPRNG37G0659095,0,160,160
SPRNG37G0664085,0,264,264
SPRNG37G0664090,0,222,222
SPRNG37G0664095,0,176,176
SPRNG37G2010085,0,10,10
SPRNG37G2010090,0,2,2
SPRNG37G2019085,0,10,10
SPRNG37G2219085,0,12,12
SPRNG37G2239095,0,6,6
SPRNG37G2285090,0,14,14
SPRNG37G2289085,0,30,30
SPRNG37G2295095,0,6,6
SPRNG37G2299085,0,10,10
SPRNG37G2299090,0,2,2
SPRNG37G2299095,0,4,4
SPRNG37G8059085,0,74,74
SPRNG37G8059090,0,4,4
SPRNG37G8260999,0,4,4
SPRNG37G8615085,0,74,74
SPRNG37G8619085,0,154,154
SPRNG37G8639085,0,44,44
SPRNG37G8915085,0,302,302
SPRNG37G8915090,0,304,304
SPRNG37G8919085,0,236,236
SPRNG37G8919090,0,350,350
SPRNG37G8926085,0,2,2
SPRNG37G8939085,0,800,800
SPRNG37G8939090,0,538,538
SPRNG37G8984085,0,2,2
SPRNG37G96AC999,0,2,2
SPRNG37G9710080,0,16,16
SPRNG37G9710085,0,8,8
SPRNG37G9710090,0,12,12
SPRNG37G9719080,0,26,26
SPRNG37G9719085,0,28,28
SPRNG37G9785080,0,26,26
SPRNG37G9785085,0,26,26
SPRNG37G9810090,0,2,2
SPRNG37G9819999,0,2,2
SPRNG37GY010085,0,2,2
SPRNGA9A2010090,0,16,16
SPRNGA9A2010095,0,12,12
SPRNGA9A2019085,0,12,12
SPRNGA9A2019090,0,10,10
SPRNGA9A2019095,0,4,4
SPRNGA9A20AC085,0,12,12
SPRNGA9A20AC090,0,12,12
SPRPE24C5210105,0,2,2
SPRPE24C6159090,0,2,2
SPRPE24C6162095,0,2,2
SPRPE24G5310090,0,2,2
SPRPE24G5310095,0,2,2
SPRPE24G6150090,0,2,2
SPRPE24G6210095,0,2,2
SPRPE24G6310085,0,12,12
SPRPE24G6316085,0,4,4
SPRPE24G6316095,0,2,2
SPRPE24G6319090,0,8,8
SPRPE24G6610085,0,26,26
SPRPE24G6610090,0,18,18
SPRPE24G6610095,0,4,4
SPRPE24G6619085,0,8,8
SPRPE24G6619090,0,8,8
SPRPE24G6664085,0,8,8
SPRPE24G6664090,0,4,4
SPRPE24G6664095,0,6,6
SPRPE24KU164160,0,2,2
SPRPE25G5151090,0,4,4
SPRPE25G52AA085,0,6,6
SPRPE25G52AA090,0,8,8
SPRPE25G52AA095,0,4,4
SPRPE26C5110090,0,2,2
SPRPE26C5110095,0,4,4
SPRPE26C5110105,0,2,2
SPRPE26C5119105,0,2,2
SPRPE26C5164100,0,2,2
SPRPE26C5164105,0,2,2
SPRPE26C51AA095,0,2,2
SPRPE37C5250100,0,2,2
SPRPE37C5439100,0,2,2
SPRPE37C6110105,0,2,2
SPRPE37C6159090,0,2,2
SPRPE37C6159100,0,2,2
SPRPE37C6259100,0,2,2
SPRPE37G5610085,0,4,4
SPRPE37G5710095,0,2,2
SPRPE37KG110120,0,2,2
SPRPE37KU010130,0,2,2
SPRPE37KU840120,0,6,6
SPRPE37M1231110,0,2,2
SPRPE38G5615090,0,2,2
SPRPE38G5635085,0,4,4
SPRPE38G5635090,0,2,2
SPRPE38G6110085,0,2,2
SPRPE38G6110090,0,2,2
SPRPE38G6362085,0,2,2
SPRPF23C6110090,0,2,2
SPRPF24C4110090,0,2,2
SPRPF24C5010100,0,2,2
SPRPF24C5062105,0,2,2
SPRPF24C5110090,0,4,4
SPRPF24C5110095,0,6,6
SPRPF24C5110105,0,2,2
SPRPF24C5159090,0,2,2
SPRPF24C5159095,0,2,2
SPRPF24C5159105,0,10,10
SPRPF24C5162105,0,6,6
SPRPF24C5163090,0,2,2
SPRPF24C5163095,0,4,4
SPRPF24C5163100,0,4,4
SPRPF24C5164095,0,16,16
SPRPF24C5164105,0,22,22
SPRPF24C51AA095,0,4,4
SPRPF24C51AA100,0,2,2
SPRPF24C51AA105,0,4,4
SPRPF24C5210100,0,2,2
SPRPF24C5559100,0,2,2
SPRPF24G50AA085,0,2,2
SPRPF24G5110090,0,2,2
SPRPF24G5119085,0,6,6
SPRPF24G5259085,0,2,2
SPRPF24G5260090,0,4,4
SPRPF24G52AA085,0,4,4
SPRPF24G52AA090,0,4,4
SPRPF24G52CP090,0,4,4
SPRPF24KU1AC110,0,2,2
SPRPF24M0110090,0,2,2
SPRPF24M01BC100,0,2,2
SPRPF24M0203095,0,2,2
SPRPF24M0210090,0,6,6
SPRPF24M0210095,0,2,2
SPRPF24W0119090,0,2,2
SPRPF24W0210085,0,4,4
SPRPF25G5010090,0,4,4
SPRPF25G51AA085,0,6,6
SPRPF25G51AA095,0,2,2
SPRPF25G5336085,0,2,2
SPRPF37C5010100,0,6,6
SPRPF37C5010105,0,2,2
SPRPF37C5010110,0,4,4
SPRPF37C5210105,0,2,2
SPRPF37C5310100,0,2,2
SPRPF37C5320105,0,2,2
SPRPF37C9035999,0,2,2
SPRPF37G5210085,0,4,4
SPRPF37G5259095,0,6,6
SPRPF37G5359095,0,2,2
SPRPF37G5510090,0,2,2
SPRPF37G5610095,0,2,2
SPRPF37G7025085,0,4,4
SPRPF37G7110085,0,4,4
SPRPF37G7110090,0,2,2
SPRPF37KG310140,0,2,2
SPRPF38C6016090,0,4,4
SPRPF38C6016095,0,6,6
SPRPF38C6016100,0,4,4
SPRPF38C6016105,0,2,2
SPRPF38C6050090,0,6,6
SPRPF38C6050095,0,4,4
SPRPF38C6050100,0,4,4
SPRPF38C6050105,0,2,2
SPRPF38C6060095,0,4,4
SPRPF38C6110090,0,2,2
SPRPF38C6110100,0,2,2
SPRPF38C6159100,0,2,2
SPRPF38C6159105,0,2,2
SPRPF38C61AA090,0,4,4
SPRPF38C61AA095,0,4,4
SPRPF38C61AA100,0,4,4
SPRPF38KU410130,0,2,2
SPRPF38KU499150,0,2,2
SPRPF49C6016090,0,34,34
SPRPF49C6016095,0,20,20
SPRPF49C6016100,0,18,18
SPRPF49C6016105,0,16,16
SPRPF49C6060090,0,8,8
SPRPF49C6060095,0,12,12
SPRPF49C6060100,0,12,12
SPRPF49C6060105,0,14,14
SPRPF49C6162090,0,12,12
SPRPF49C6162095,0,6,6
SPRPF49C6162100,0,12,12
SPRPF49C6162105,0,12,12
SPRPF49G9049999,0,4,4
SPRPF49G9058999,0,10,10
SPRPF49G9110085,0,6,6
SPRPF49G9110090,0,6,6
SPRPF49G9110095,0,2,2
SPRPF49G9120085,0,10,10
SPRPF49G9120090,0,6,6
SPRPF49G9120095,0,6,6
SPRPF49G9159085,0,10,10
SPRPF49G9159090,0,10,10
SPRPF49G9159095,0,4,4
SPRPF49G9215999,0,4,4
SPRPF49G9260999,0,6,6
SPRPF49KG333120,0,18,18
SPRPF49KG333130,0,36,36
SPRPF49KG333140,0,56,56
SPRPF49KG333150,0,40,40
SPRPF49KG333160,0,34,34
SPRPF49KG339120,0,12,12
SPRPF49KG339130,0,28,28
SPRPF49KG339140,0,32,32
SPRPF49KG339150,0,30,30
SPRPF49KG339160,0,22,22
SPRPF49KU110120,0,12,12
SPRPF49KU110130,0,22,22
SPRPF49KU110140,0,26,26
SPRPF49KU110150,0,24,24
SPRPF49KU110160,0,12,12
SPRPF49KU160120,0,10,10
SPRPF49KU160130,0,18,18
SPRPF49KU160140,0,14,14
SPRPF49KU160150,0,10,10
SPRPF49KU160160,0,10,10
SPRPF49KU910140,0,8,8
SPRPF49KU910150,0,8,8
SPRPF49KU910160,0,8,8
SPRPFA9C7010090,0,2,2
SPRPFA9C7010105,0,2,2
SPRPFA9C70BD095,0,2,2
SPRPFA9C70BD100,0,2,2
SPRPFA9C70BD105,0,2,2
SPRPFA9C7110090,0,16,16
SPRPFA9C7110095,0,38,38
SPRPFA9C7110100,0,26,26
SPRPFA9C7110105,0,22,22
SPRPFA9C7119090,0,42,42
SPRPFA9C7119095,0,26,26
SPRPFA9C7119100,0,50,50
SPRPFA9C7119105,0,28,28
SPRPFA9C7210095,0,4,4
SPRPFA9C7210100,0,12,12
SPRPFA9C7210110,0,10,10
SPRPFA9C7219090,0,2,2
SPRPFA9C7219095,0,2,2
SPRPFA9C7219100,0,12,12
SPRPFA9C7219105,0,14,14
SPRPFA9C7219110,0,8,8
SPRPFA9C7259090,0,2,2
SPRPFA9C7259095,0,6,6
SPRPFA9C7259105,0,8,8
SPRPFA9C72AA090,0,8,8
SPRPFA9C72AA100,0,12,12
SPRPFA9C72AA105,0,8,8
SPRPFA9C7310090,0,8,8
SPRPFA9C7310095,0,12,12
SPRPFA9C7310100,0,2,2
SPRPFA9C7310105,0,14,14
SPRPFA9C7310110,0,8,8
SPRPFA9C7319090,0,12,12
SPRPFA9C7319100,0,18,18
SPRPFA9C7319105,0,6,6
SPRPFA9C7319110,0,4,4
SPRPFA9C9962090,0,2,2
SPRPG24C6010095,0,62,62
SPRPG24C6010100,0,50,50
SPRPG24C6029090,0,2,2
SPRPG24C6029095,0,2,2
SPRPG24C6029105,0,4,4
SPRPG24C6059095,0,24,24
SPRPG24C6059100,0,24,24
SPRPG24C6059105,0,4,4
SPRPG24C6064095,0,16,16
SPRPG24C6064105,0,2,2
SPRPG24C6110090,0,4,4
SPRPG24C6110095,0,8,8
SPRPG24C6110100,0,10,10
SPRPG24C6110105,0,6,6
SPRPG24C6129090,0,12,12
SPRPG24C6129095,0,16,16
SPRPG24C6129105,0,10,10
SPRPG24C6159090,0,4,4
SPRPG24C6159095,0,14,14
SPRPG24C6159100,0,10,10
SPRPG24C6160090,0,6,6
SPRPG24C6160095,0,16,16
SPRPG24C6160100,0,8,8
SPRPG24C6160105,0,12,12
SPRPG24C6210090,0,6,6
SPRPG24C6210095,0,6,6
SPRPG24C6210100,0,6,6
SPRPG24C6210105,0,6,6
SPRPG24C6229095,0,4,4
SPRPG24C6229100,0,2,2
SPRPG24C6229105,0,2,2
SPRPG24C6259090,0,2,2
SPRPG24C6259095,0,4,4
SPRPG24C6259100,0,4,4
SPRPG24C6259105,0,4,4
SPRPG24C6260090,0,2,2
SPRPG24C6260095,0,2,2
SPRPG24C6260100,0,2,2
SPRPG24C6260105,0,6,6
SPRPG24G5015095,0,2,2
SPRPG24G5029085,0,4,4
SPRPG24G5029090,0,4,4
SPRPG24G5029095,0,4,4
SPRPG24G5051085,0,2,2
SPRPG24G5051095,0,12,12
SPRPG24G5059085,0,2,2
SPRPG24G5059095,0,8,8
SPRPG24G5110085,0,4,4
SPRPG24G5110095,0,2,2
SPRPG24G5129085,0,10,10
SPRPG24G5129090,0,10,10
SPRPG24G5159085,0,2,2
SPRPG24G5159090,0,2,2
SPRPG24G5160085,0,48,48
SPRPG24G5160090,0,6,6
SPRPG24G51AA085,0,60,60
SPRPG24G5210085,0,2,2
SPRPG24G5210095,0,4,4
SPRPG24G5233085,0,2,2
SPRPG24G5251085,0,22,22
SPRPG24G5251090,0,6,6
SPRPG24G5251095,0,12,12
SPRPG24G5259085,0,2,2
SPRPG24G5315085,0,2,2
SPRPG24G5359085,0,2,2
SPRPG24G5359095,0,2,2
SPRPG24G5510085,0,26,26
SPRPG24G5510090,0,10,10
SPRPG24G5510095,0,22,22
SPRPG24G5529085,0,96,96
SPRPG24G5529090,0,12,12
SPRPG24G5529095,0,24,24
SPRPG24G7010085,0,8,8
SPRPG24G7010090,0,6,6
SPRPG24G7010095,0,10,10
SPRPG24G7029085,0,10,10
SPRPG24G7029090,0,8,8
SPRPG24G7029095,0,18,18
SPRPG24G7059085,0,78,78
SPRPG24G7059090,0,160,160
SPRPG24G7059095,0,194,194
SPRPG24G7064090,0,92,92
SPRPG24G70AA085,0,312,312
SPRPG24G70AA090,0,506,506
SPRPG24G70AA095,0,336,336
SPRPG24G7110095,0,2,2
SPRPG24G9159070,0,2,2
SPRPG24KG160110,0,12,12
SPRPG24KG160120,0,12,12
SPRPG24KG160130,0,12,12
SPRPG24KG160140,0,8,8
SPRPG24KG160150,0,8,8
SPRPG24KG160160,0,12,12
SPRPG24KG176110,0,12,12
SPRPG24KG176120,0,4,4
SPRPG24KG176160,0,4,4
SPRPG24KG251120,0,8,8
SPRPG24KG251130,0,8,8
SPRPG24KG251140,0,2,2
SPRPG24KG251160,0,2,2
SPRPG24KG264140,0,16,16
SPRPG24KG264150,0,10,10
SPRPG24KG264160,0,18,18
SPRPG24KU119150,0,2,2
SPRPG24KU126130,0,2,2
SPRPG24KU126140,0,2,2
SPRPG24KU151160,0,6,6
SPRPG24KU185150,0,2,2
SPRPG24KU210140,0,2,2
SPRPG24KU229160,0,2,2
SPRPG25C5010090,0,6,6
SPRPG25C5010100,0,18,18
SPRPG25C5010105,0,6,6
SPRPG25C5010110,0,6,6
SPRPG25C5050090,0,6,6
SPRPG25C5050095,0,10,10
SPRPG25C5050100,0,2,2
SPRPG25C5050105,0,2,2
SPRPG25C5050110,0,8,8
SPRPG25C5059090,0,8,8
SPRPG25C5059095,0,8,8
SPRPG25C5059100,0,8,8
SPRPG25C5059105,0,6,6
SPRPG25C5059110,0,6,6
SPRPG25C5062090,0,4,4
SPRPG25C5062095,0,8,8
SPRPG25C5062100,0,6,6
SPRPG25C5062105,0,10,10
SPRPG25C5062110,0,10,10
SPRPG25C50AA090,0,14,14
SPRPG25C50AA095,0,14,14
SPRPG25C50AA100,0,8,8
SPRPG25C50AA105,0,10,10
SPRPG25C50AA110,0,362,362
SPRPG25C5110090,0,12,12
SPRPG25C5110095,0,30,30
SPRPG25C5110100,0,30,30
SPRPG25C5110105,0,22,22
SPRPG25C5110110,0,22,22
SPRPG25C5116090,0,4,4
SPRPG25C5116095,0,24,24
SPRPG25C5116100,0,14,14
SPRPG25C5116105,0,18,18
SPRPG25C5116110,0,16,16
SPRPG25C5119090,0,14,14
SPRPG25C5119095,0,38,38
SPRPG25C5119100,0,24,24
SPRPG25C5119105,0,18,18
SPRPG25C5119110,0,16,16
SPRPG25C5150090,0,40,40
SPRPG25C5150100,0,80,80
SPRPG25C5150105,0,60,60
SPRPG25C5150110,0,40,40
SPRPG25C5159090,0,12,12
SPRPG25C5159095,0,24,24
SPRPG25C5159100,0,18,18
SPRPG25C5159105,0,22,22
SPRPG25C5159110,0,14,14
SPRPG25C5162090,0,6,6
SPRPG25C5162095,0,8,8
SPRPG25C5162100,0,10,10
SPRPG25C5162105,0,6,6
SPRPG25C5162110,0,2,2
SPRPG25C5210090,0,4,4
SPRPG25C5210100,0,34,34
SPRPG25C5210110,0,10,10
SPRPG25C5259095,0,14,14
SPRPG25C5259100,0,22,22
SPRPG25C5259105,0,2,2
SPRPG25C5259110,0,52,52
SPRPG25C5284105,0,2,2
SPRPG25C6010090,0,2,2
SPRPG25C6010095,0,2,2
SPRPG25C6060090,0,28,28
SPRPG25C6119095,0,4,4
SPRPG25C6119105,0,4,4
SPRPG25C6159105,0,2,2
SPRPG25C6260105,0,2,2
SPRPG25C6339095,0,108,108
SPRPG25C6339100,0,76,76
SPRPG25C6359095,0,2,2
SPRPG25C6359100,0,2,2
SPRPG25C6359105,0,20,20
SPRPG25C6360090,0,4,4
SPRPG25C6360095,0,4,4
SPRPG25C6360105,0,2,2
SPRPG25C6459105,0,2,2
SPRPG25C7010095,0,2,2
SPRPG25G5151085,0,2,2
SPRPG25G5159085,0,2,2
SPRPG25G5160085,0,4,4
SPRPG25G5210085,0,2,2
SPRPG25KG610130,0,12,12
SPRPG25KG610140,0,14,14
SPRPG25KG610150,0,14,14
SPRPG25KG610160,0,8,8
SPRPG25KG619140,0,8,8
SPRPG25KG619150,0,14,14
SPRPG25KG619160,0,24,24
SPRPG25KU110150,0,2,2
SPRPG25KU110160,0,2,2
SPRPG25KU185150,0,2,2
SPRPG25KU1AA140,0,4,4
SPRPG25KU385130,0,280,280
SPRPG25KU385140,0,980,980
SPRPG25KU385150,0,468,468
SPRPG25KU385160,0,254,254
SPRPG26C6060105,0,8,8
SPRPG26C6159090,0,2,2
SPRPG26C6164090,0,2,2
SPRPG26C6185090,0,2,2
SPRPG26C6230105,0,2,2
SPRPG26C6251105,0,2,2
SPRPG26C6310105,0,2,2
SPRPG26G5010085,0,2,2
SPRPG26G5010090,0,2,2
SPRPG26G5015095,0,2,2
SPRPG26G5030090,0,2,2
SPRPG26G5059085,0,6,6
SPRPG37C5010095,0,186,186
SPRPG37C5010110,0,512,512
SPRPG37C5059090,0,2,2
SPRPG37C5059100,0,44,44
SPRPG37C5062090,0,10,10
SPRPG37C5062100,0,8,8
SPRPG37C5062105,0,2,2
SPRPG37C50AA095,0,22,22
SPRPG37C50AA105,0,2,2
SPRPG37C50AA110,0,560,560
SPRPG37C5159105,0,2,2
SPRPG37C5162095,0,44,44
SPRPG37C5162105,0,38,38
SPRPG37C5162110,0,26,26
SPRPG37C5210100,0,6,6
SPRPG37C5210105,0,22,22
SPRPG37C5259095,0,8,8
SPRPG37C5259100,0,30,30
SPRPG37C5259105,0,6,6
SPRPG37C52AA090,0,18,18
SPRPG37C52AA105,0,2,2
SPRPG37C52AA110,0,10,10
SPRPG37C5530090,0,10,10
SPRPG37C5530105,0,6,6
SPRPG37C5551090,0,4,4
SPRPG37C5551095,0,6,6
SPRPG37C6010105,0,2,2
SPRPG37C6060105,0,2,2
SPRPG37C6110105,0,2,2
SPRPG37C6159105,0,2,2
SPRPG37C6160105,0,2,2
SPRPG37C6210105,0,2,2
SPRPG37C6259100,0,18,18
SPRPG37C6260100,0,74,74
SPRPG37C62AA095,0,132,132
SPRPG37C62AA100,0,102,102
SPRPG37C62AA105,0,98,98
SPRPG37C6310105,0,2,2
SPRPG37C6339105,0,14,14
SPRPG37C6359105,0,2,2
SPRPG37C6410095,0,6,6
SPRPG37C6410100,0,10,10
SPRPG37C6410105,0,16,16
SPRPG37C6451105,0,2,2
SPRPG37C6460090,0,20,20
SPRPG37C6460100,0,10,10
SPRPG37C6460105,0,6,6
SPRPG37C6919095,0,6,6
SPRPG37C6919100,0,4,4
SPRPG37C70AA090,0,12,12
SPRPG37C8010090,0,1160,1160
SPRPG37C8010095,0,1208,1208
SPRPG37C8010100,0,1260,1260
SPRPG37C8010105,0,636,636
SPRPG37C8110090,0,198,198
SPRPG37C8110095,0,214,214
SPRPG37C8110100,0,230,230
SPRPG37C8110105,0,2,2
SPRPG37C8210090,0,16,16
SPRPG37C8210095,0,2,2
SPRPG37C8210105,0,4,4
SPRPG37C8310090,0,6,6
SPRPG37C8310100,0,4,4
SPRPG37C8310105,0,2,2
SPRPG37C8319095,0,8,8
SPRPG37C8319100,0,12,12
SPRPG37C8319105,0,24,24
SPRPG37C8410090,0,8,8
SPRPG37C8410095,0,2,2
SPRPG37C8410100,0,12,12
SPRPG37C8410105,0,18,18
SPRPG37C8519100,0,8,8
SPRPG37C8610100,0,2,2
SPRPG37C8619085,0,18,18
SPRPG37C8710090,0,2,2
SPRPG37C8710095,0,2,2
SPRPG37C8710100,0,2,2
SPRPG37G3310085,0,286,286
SPRPG37G3310090,0,28,28
SPRPG37G3310095,0,4,4
SPRPG37G3339085,0,2,2
SPRPG37G3359085,0,2,2
SPRPG37G3359090,0,4,4
SPRPG37G3359095,0,14,14
SPRPG37G3360090,0,8,8
SPRPG37G5210085,0,2,2
SPRPG37G5233085,0,2,2
SPRPG37G5259090,0,2,2
SPRPG37G5330085,0,4,4
SPRPG37G5410075,0,40,40
SPRPG37G5459070,0,4,4
SPRPG37G54AC070,0,18,18
SPRPG37G6110085,0,18,18
SPRPG37G6120085,0,2,2
SPRPG37G6120095,0,2,2
SPRPG37G6150095,0,2,2
SPRPG37G63AC085,0,18,18
SPRPG37G63AC090,0,16,16
SPRPG37G63AC095,0,18,18
SPRPG37G6430090,0,2,2
SPRPG37G6430095,0,12,12
SPRPG37G7210085,0,28,28
SPRPG37G7210090,0,36,36
SPRPG37G7210095,0,48,48
SPRPG37G7259085,0,2,2
SPRPG37G8115085,0,1280,1280
SPRPG37G8119085,0,872,872
SPRPG37G8139085,0,1010,1010
SPRPG37G8139999,0,2,2
SPRPG37G8315085,0,260,260
SPRPG37G8315999,0,86,86
SPRPG37G8339085,0,200,200
SPRPG37G8339999,0,94,94
SPRPG37G8375085,0,204,204
SPRPG37G8375999,0,114,114
SPRPG37G8810085,0,310,310
SPRPG37G8810090,0,376,376
SPRPG37G8810095,0,60,60
SPRPG37G9010070,0,234,234
SPRPG37G9010075,0,38,38
SPRPG37G9010080,0,138,138
SPRPG37G90AC070,0,126,126
SPRPG37G90AC080,0,2,2
SPRPG37GY010085,0,4,4
SPRPG37GY059090,0,4,4
SPRPG37KG320150,0,22,22
SPRPG37KU4AA130,0,10,10
SPRPG37KU4BM140,0,4,4
SPRPG38C9519095,0,2,2
SPRPG38C95AA100,0,2,2
SPRPG38KU550140,0,2,2
SPRPGA9C7099090,0,690,690
SPRPGA9C7099095,0,426,426
SPRPGA9C7099100,0,480,480
SPRPGA9C7099105,0,476,476
SPRPGA9C7159090,0,20,20
SPRPGA9C7210090,0,2,2
SPRPGA9C7210100,0,2,2
SPRPGA9C7219090,0,6,6
SPRPGA9C7219095,0,6,6
SPRPGA9C7219105,0,10,10
SPRPGA9C7219110,0,4,4
SPRPGA9C72BF100,0,2,2
SPRPGA9C7310100,0,2,2
SPRPGA9C7359095,0,2,2
SPRPGA9C7559090,0,2,2
SPRPGA9C7659090,0,6,6
SPRPGA9C7659095,0,10,10
SPRPGA9C7659100,0,10,10
SPRPGA9C8110100,0,20,20
SPRPGA9C8210095,0,2,2
SPRSE25C7019090,0,2,2
SPRSF25C0139090,0,2,2
SPRSF25C0139105,0,4,4
SPRSF25C0159105,0,2,2
SPRSF25C0185090,0,2,2
SPRSF37KU295140,0,2,2
SPRSG24G9215999,0,2,2
SPRSG24G9260999,0,2,2
SPRSG24KU1AC120,0,2,2
SPRSG24KU1AC130,0,4,4
SPRSG24KU229120,0,16,16
SPRSG24KU229130,0,10,10
SPRSG24KU229140,0,6,6
SPRSG24KU229150,0,14,14
SPRSG24KU229160,0,14,14
SPRSG24KU250120,0,20,20
SPRSG24KU250130,0,18,18
SPRSG24KU259110,0,4,4
SPRSG24KU259150,0,2,2
SPRSG24KU285120,0,20,20
SPRSG24KU285130,0,20,20
SPRSG24KU285160,0,14,14
SPRSG24KU359120,0,18,18
SPRSG24KU359130,0,2,2
SPRSG24KU359140,0,6,6
SPRSG24KU359150,0,12,12
SPRSG24KU359160,0,14,14
SPRSG24KU3AC130,0,16,16
SPRSG24KU3AC140,0,20,20
SPRSG24KU3AC150,0,20,20
SPRSG24KU3AC160,0,20,20
SPRSG25C0303090,0,14,14
SPRSG25C0303100,0,8,8
SPRSG25C0303105,0,8,8
SPRSG25C0329090,0,6,6
SPRSG25C0329095,0,20,20
SPRSG25C0329100,0,16,16
SPRSG25C0329105,0,26,26
SPRSG25C0415090,0,18,18
SPRSG25C0415095,0,20,20
SPRSG25C0415100,0,26,26
SPRSG25C0415105,0,16,16
SPRSG25C0439090,0,8,8
SPRSG25C0439095,0,8,8
SPRSG25C0439100,0,6,6
SPRSG25C0439105,0,24,24
SPRSG25C0459090,0,42,42
SPRSG25C0459095,0,10,10
SPRSG25C0459100,0,6,6
SPRSG25C0459105,0,28,28
SPRSG25C0485090,0,16,16
SPRSG25C0485095,0,4,4
SPRSG25M0185090,0,20,20
SPRSG25M0185100,0,20,20
SPRSG25M0185105,0,46,46
SPRSG25M01AC090,0,20,20
SPRSG25M01AC100,0,62,62
SPRSG37C1025090,0,134,134
SPRSG37C1025095,0,102,102
SPRSG37C1025100,0,126,126
SPRSG37C1025105,0,114,114
SPRSG37C1085090,0,68,68
SPRSG37C1085095,0,88,88
SPRSG37C1085100,0,186,186
SPRSG37C1085105,0,144,144
SPRWE24C1410090,0,2,2
SPRWE24C1419090,0,4,4
SPRWE24C1419100,0,2,2
SPRWE24C1459090,0,2,2
SPRWE24C1459100,0,6,6
SPRWE24C1459105,0,2,2
SPRWE24G1510085,0,4,4
SPRWE24M0310105,0,4,4
SPRWE24M0319105,0,2,2
SPRWE25C0410090,0,4,4
SPRWE25C0410095,0,4,4
SPRWE25C0425105,0,2,2
SPRWE25C0436090,0,2,2
SPRWE25C0436105,0,2,2
SPRWE25C0460095,0,4,4
SPRWE25C04BS090,0,2,2
SPRWE25C0710100,0,2,2
SPRWE25G0510085,0,4,4
SPRWE25G0510090,0,2,2
SPRWE25G0519085,0,6,6
SPRWE25G0526085,0,4,4
SPRWE25G0526090,0,4,4
SPRWE25G0560085,0,2,2
SPRWE25G1710090,0,2,2
SPRWE25G1960085,0,6,6
SPRWE25G1960090,0,6,6
SPRWE25G1960095,0,4,4
SPRWE26C0710090,0,2,2
SPRWE26C0710105,0,2,2
SPRWE26G0710090,0,2,2
SPRWE26G0710095,0,2,2
SPRWE26G0710100,0,2,2
SPRWE26G0719085,0,4,4
SPRWE26G0719090,0,2,2
SPRWE26G0719095,0,2,2
SPRWE26G0764090,0,2,2
SPRWE26G0764095,0,2,2
SPRWE26G07BU085,0,6,6
SPRWE26G1210085,0,14,14
SPRWE26G1210090,0,14,14
SPRWE26G1210095,0,2,2
SPRWE26G1219085,0,2,2
SPRWE37C0410090,0,2,2
SPRWE37C0410095,0,2,2
SPRWE37C0410100,0,2,2
SPRWE37C0436100,0,2,2
SPRWE37C04BS100,0,4,4
SPRWE37C0515095,0,2,2
SPRWE37C0535105,0,4,4
SPRWE37C0560095,0,4,4
SPRWE37C0610090,0,2,2
SPRWE37C0610100,0,6,6
SPRWE37C0610105,0,2,2
SPRWE37C0619090,0,2,2
SPRWE37C0619095,0,2,2
SPRWE37C0619100,0,2,2
SPRWE37C0619105,0,2,2
SPRWE37C0650090,0,2,2
SPRWE37C0650095,0,4,4
SPRWE37C0650100,0,4,4
SPRWE37C0664090,0,2,2
SPRWE37C0664095,0,4,4
SPRWE37C0710100,0,2,2
SPRWE37C0719090,0,4,4
SPRWE37C0719105,0,2,2
SPRWE37C0741090,0,2,2
SPRWE37C0751095,0,2,2
SPRWE37C0759095,0,2,2
SPRWE37C0759100,0,2,2
SPRWE37C1410090,0,4,4
SPRWE37C1410100,0,4,4
SPRWE37C1410105,0,4,4
SPRWE37C1419090,0,4,4
SPRWE37C1419100,0,2,2
SPRWE37C1559095,0,4,4
SPRWE37C1559100,0,4,4
SPRWE37M0310095,0,2,2
SPRWE37M0310105,0,6,6
SPRWE37M0319105,0,2,2
SPRWE37M0385095,0,2,2
SPRWE37M0385100,0,4,4
SPRWE37M0385110,0,2,2
SPRWE37W0119085,0,2,2
SPRWE38A0310085,0,4,4
SPRWE38A0310090,0,4,4
SPRWE38A0310095,0,2,2
SPRWE38A0319085,0,4,4
SPRWE38A0319090,0,6,6
SPRWE38A0319095,0,4,4
SPRWE38A0351085,0,20,20
SPRWE38A0351090,0,14,14
SPRWE38A0351095,0,4,4
SPRWE38A03AC085,0,2,2
SPRWE38A03AC090,0,4,4
SPRWE38A03AC095,0,2,2
SPRWE38G9951085,0,4,4
SPRWE38G9951090,0,2,2
SPRWE38G9984085,0,4,4
SPRWE38G9984090,0,4,4
SPRWEA9A0110085,0,136,136
SPRWEA9A0110090,0,500,500
SPRWEA9A0110095,0,86,86
SPRWEA9A0110100,0,38,38
SPRWEA9A0110105,0,356,356
SPRWEA9A0110110,0,196,196
SPRWEA9A0119085,0,58,58
SPRWEA9A0119090,0,64,64
SPRWEA9A0119095,0,70,70
SPRWEA9A0119100,0,26,26
SPRWEA9A0119105,0,40,40
SPRWEA9A0119110,0,8,8
SPRWEA9A0199085,0,2,2
SPRWEA9A0199090,0,28,28
SPRWEA9A0199095,0,10,10
SPRWEA9A0199100,0,8,8
SPRWEA9A0199105,0,14,14
SPRWEA9A0199110,0,4,4
SPRWEA9A0210090,0,448,448
SPRWEA9A0210095,0,706,706
SPRWEA9A0210100,0,408,408
SPRWEA9A0210105,0,266,266
SPRWEA9A0310090,0,234,234
SPRWEA9A0310095,0,10,10
SPRWEA9A0310100,0,20,20
SPRWEA9A0310105,0,10,10
SPRWEA9A0319090,0,156,156
SPRWEA9A0319095,0,38,38
SPRWEA9A0319100,0,54,54
SPRWEA9A0319105,0,98,98
SPRWEA9A0399090,0,178,178
SPRWEA9A0399095,0,152,152
SPRWEA9A0399100,0,196,196
SPRWEA9A0399105,0,146,146
SPRWEA9KU110110,0,2,2
SPRWEA9KU110120,0,8,8
SPRWEA9KU110130,0,4,4
SPRWEA9KU110140,0,6,6
SPRWEA9KU110150,0,4,4
SPRWEA9KU110160,0,4,4
SPRWF24C0110090,0,2,2
SPRWF24C0110100,0,6,6
SPRWF24C0116105,0,2,2
SPRWF24C0160100,0,2,2
SPRWF24M0119090,0,2,2
SPRWF24M0119095,0,2,2
SPRWF24M0119105,0,2,2
SPRWF25C0210090,0,2,2
SPRWF25C0210095,0,2,2
SPRWF25C0210100,0,2,2
SPRWF25C0216095,0,2,2
SPRWF25C0251095,0,2,2
SPRWF25C0259100,0,2,2
SPRWF25C0259105,0,2,2
SPRWF25C0285095,0,2,2
SPRWF25C0285100,0,2,2
SPRWF25C0319100,0,4,4
SPRWF25C0331090,0,2,2
SPRWF25C0333090,0,2,2
SPRWF25C0339095,0,2,2
SPRWF25C0339100,0,2,2
SPRWF25G0119095,0,2,2
SPRWF25G0129085,0,4,4
SPRWF25G0129090,0,8,8
SPRWF25G0129095,0,4,4
SPRWF25G0149085,0,6,6
SPRWF25G0149090,0,12,12
SPRWF25G0149095,0,2,2
SPRWF25G0151085,0,4,4
SPRWF25G0151090,0,10,10
SPRWF25G0151095,0,4,4
SPRWF25G0159085,0,24,24
SPRWF25G0159090,0,10,10
SPRWF25G0159095,0,12,12
SPRWF25G0164095,0,2,2
SPRWF25G0195090,0,2,2
SPRWF25G0195095,0,2,2
SPRWF25G01AC090,0,4,4
SPRWF25G01AC095,0,2,2
SPRWF25G01BM085,0,4,4
SPRWF25G01BM090,0,14,14
SPRWF25G01BM095,0,12,12
SPRWF25G0219090,0,2,2
SPRWF25G0226085,0,10,10
SPRWF25G0235085,0,8,8
SPRWF25G0235090,0,2,2
SPRWF25G0251085,0,4,4
SPRWF25G0251090,0,4,4
SPRWF25G0251095,0,4,4
SPRWF25G0310085,0,18,18
SPRWF25G0310090,0,4,4
SPRWF25G0310095,0,4,4
SPRWF25G0316085,0,24,24
SPRWF25G0316090,0,16,16
SPRWF25G0316095,0,10,10
SPRWF25G0319085,0,8,8
SPRWF25G0319090,0,2,2
SPRWF25G0319095,0,2,2
SPRWF25G0376085,0,10,10
SPRWF25G0376090,0,6,6
SPRWF25G0384085,0,20,20
SPRWF25G0384090,0,24,24
SPRWF25G0384095,0,10,10
SPRWF25G03BK085,0,10,10
SPRWF25G03BK090,0,10,10
SPRWF25G03BK095,0,8,8
SPRWF25G0410095,0,4,4
SPRWF25W0110085,0,4,4
SPRWF25W0110090,0,6,6
SPRWF25W0110095,0,2,2
SPRWF25W0239085,0,4,4
SPRWF26G0520085,0,2,2
SPRWF26G0520090,0,2,2
SPRWF26G0520095,0,2,2
SPRWF26G0531085,0,2,2
SPRWF26G0550085,0,4,4
SPRWF37A0122095,0,2,2
SPRWF37G0210095,0,2,2
SPRWF37G02AC090,0,2,2
SPRWF37G02AC095,0,2,2
SPRWF49G0115999,0,22,22
SPRWF49G0119999,0,2,2
SPRWF49G0135999,0,4,4
SPRWF49G1139085,0,14,14
SPRWF49G1139090,0,20,20
SPRWF49G1139095,0,20,20
SPRWF49G1159085,0,22,22
SPRWF49G1159090,0,20,20
SPRWF49G1159095,0,22,22
SPRWF49G11AC085,0,14,14
SPRWF49G11AC090,0,8,8
SPRWF49G11AC095,0,12,12
SPRWF49G9010999,0,4,4
SPRWF49G9060999,0,2,2
SPRWF49M9015999,0,6,6
SPRWF49M9059999,0,6,6
SPRWF49M9119999,0,30,30
SPRWF49W9016999,0,2,2
SPRWF49W9019999,0,4,4
SPRWF49W9039999,0,16,16
SPRWFA9A0110085,0,2,2
SPRWFA9A0110090,0,4,4
SPRWFA9A0110095,0,2,2
SPRWFA9A0110100,0,4,4
SPRWFA9A0110105,0,24,24
SPRWFA9A0110110,0,18,18
SPRWFA9A0119090,0,2,2
SPRWFA9A0119095,0,2,2
SPRWFA9A0119100,0,6,6
SPRWFA9A0119105,0,4,4
SPRWFA9A0199090,0,2,2
SPRWFA9A0199095,0,8,8
SPRWFA9A0199105,0,6,6
SPRWFA9A0199110,0,6,6
SPRWFA9A0210090,0,68,68
SPRWFA9A0210095,0,68,68
SPRWFA9A0210100,0,94,94
SPRWFA9A0210105,0,58,58
SPRWFA9A0310090,0,30,30
SPRWFA9A0310095,0,6,6
SPRWFA9A0310100,0,38,38
SPRWFA9A0310105,0,14,14
SPRWFA9A0319090,0,8,8
SPRWFA9A0319095,0,2,2
SPRWFA9A0319100,0,52,52
SPRWFA9A0319105,0,34,34
SPRWFA9A0399090,0,16,16
SPRWFA9A0399095,0,32,32
SPRWFA9A0399100,0,2,2
SPRWFA9A0399105,0,12,12
SPRWFA9C0110090,0,4,4
SPRWFA9C0110095,0,2,2
SPRWFA9C0110100,0,2,2
SPRWFA9C0110105,0,6,6
SPRWFA9C0111090,0,12,12
SPRWFA9C0111095,0,24,24
SPRWFA9C0111100,0,22,22
SPRWFA9C0111105,0,26,26
SPRWFA9C0116090,0,4,4
SPRWFA9C0116095,0,4,4
SPRWFA9C0116100,0,26,26
SPRWFA9C0116105,0,10,10
SPRWFA9C0119095,0,2,2
SPRWFA9C0119105,0,6,6
SPRWFA9C0119110,0,2,2
SPRWFA9C0126090,0,10,10
SPRWFA9C0126095,0,10,10
SPRWFA9C0126100,0,32,32
SPRWFA9C0126105,0,26,26
SPRWFA9C0129090,0,8,8
SPRWFA9C0129095,0,6,6
SPRWFA9C0129100,0,14,14
SPRWFA9C0129105,0,22,22
SPRWFA9C0132090,0,4,4
SPRWFA9C0132095,0,22,22
SPRWFA9C0132100,0,44,44
SPRWFA9C0132105,0,42,42
SPRWFA9C0132110,0,6,6
SPRWFA9C0150100,0,2,2
SPRWFA9C0151095,0,2,2
SPRWFA9C0151100,0,12,12
SPRWFA9C0160090,0,2,2
SPRWFA9C0160095,0,2,2
SPRWFA9C0160100,0,2,2
SPRWFA9C0160105,0,4,4
SPRWFA9C01BS090,0,6,6
SPRWFA9C01BS095,0,10,10
SPRWFA9C01BS100,0,10,10
SPRWFA9C01BS105,0,18,18
SPRWFA9C01BU090,0,4,4
SPRWFA9C01BU095,0,8,8
SPRWFA9C01BU100,0,14,14
SPRWFA9C01BU105,0,14,14
SPRWFA9KU110110,0,6,6
SPRWFA9KU110120,0,2,2
SPRWFA9KU110140,0,10,10
SPRWFA9KU110150,0,10,10
SPRWFA9KU110160,0,2,2
SPRWFA9KU199110,0,4,4
SPRWFA9KU199120,0,6,6
SPRWFA9KU199130,0,6,6
SPRWFA9KU199140,0,36,36
SPRWFA9KU199150,0,16,16
SPRWG24G0103095,0,4,4
SPRWG24G0129090,0,18,18
SPRWG24G0129095,0,10,10
SPRWG24G0139085,0,2,2
SPRWG24G0139095,0,6,6
SPRWG24G0159085,0,12,12
SPRWG24G01AC085,0,8,8
SPRWG24G01AC090,0,30,30
SPRWG24G01AC095,0,22,22
SPRWG24G0231085,0,10,10
SPRWG24G0231090,0,14,14
SPRWG24G0231095,0,16,16
SPRWG24G0259085,0,10,10
SPRWG24G0259095,0,2,2
SPRWG24G0284090,0,2,2
SPRWG24G02AA090,0,2,2
SPRWG24G02AA095,0,2,2
SPRWG24G0319090,0,2,2
SPRWG24G0319095,0,2,2
SPRWG24G0333085,0,2,2
SPRWG24G0339085,0,18,18
SPRWG24G0339095,0,4,4
SPRWG24G9119999,0,2,2
SPRWG24G9215999,0,2,2
SPRWG24KU110110,0,12,12
SPRWG24KU110120,0,10,10
SPRWG24KU110130,0,16,16
SPRWG24KU110150,0,8,8
SPRWG24KU110160,0,10,10
SPRWG24KU151110,0,20,20
SPRWG24KU151120,0,18,18
SPRWG24KU151130,0,20,20
SPRWG24KU151140,0,20,20
SPRWG24KU151150,0,18,18
SPRWG24KU151160,0,20,20
SPRWG24KU1AA110,0,20,20
SPRWG24KU1AA130,0,8,8
SPRWG24KU1AA140,0,12,12
SPRWG24KU1AA150,0,18,18
SPRWG24KU1AA160,0,20,20
SPRWG25C0210100,0,2,2
SPRWG25C0259100,0,2,2
SPRWG25C0519095,0,2,2
SPRWG25C0539100,0,2,2
SPRWG25C0539105,0,10,10
SPRWG25C0619090,0,4,4
SPRWG25C0639090,0,4,4
SPRWG25C0660090,0,8,8
SPRWG25C0660095,0,4,4
SPRWG25C0660100,0,8,8
SPRWG25C0660105,0,10,10
SPRWG25G0110085,0,8,8
SPRWG25G0110090,0,10,10
SPRWG25G0110100,0,4,4
SPRWG25G0119085,0,14,14
SPRWG25G0119090,0,2,2
SPRWG25G0119095,0,14,14
SPRWG25G0119100,0,6,6
SPRWG25G0126085,0,24,24
SPRWG25G0126090,0,8,8
SPRWG25G0126095,0,18,18
SPRWG25G0131085,0,12,12
SPRWG25G0131090,0,2,2
SPRWG25G0131100,0,2,2
SPRWG25G0150085,0,18,18
SPRWG25G0150090,0,8,8
SPRWG25G0150095,0,18,18
SPRWG25G0159085,0,8,8
SPRWG25G0159090,0,38,38
SPRWG25G0159095,0,38,38
SPRWG25G0199085,0,38,38
SPRWG25G0199090,0,30,30
SPRWG25G0199095,0,30,30
SPRWG25G0199100,0,6,6
SPRWG25G01AC085,0,18,18
SPRWG25G01AC090,0,20,20
SPRWG25G01AC095,0,16,16
SPRWG25G0210085,0,2,2
SPRWG25G0219085,0,4,4
SPRWG25G0219090,0,2,2
SPRWG25G02AA085,0,2,2
SPRWG25G0326095,0,2,2
SPRWG25G0351095,0,4,4
SPRWG25G0460085,0,2,2
SPRWG25G0460090,0,2,2
SPRWG25G0519085,0,6,6
SPRWG25G0559090,0,2,2
SPRWG25G0619085,0,2,2
SPRWG25G0664085,0,2,2
SPRWG25G0920085,0,6,6
SPRWG25G0939085,0,528,528
SPRWG25G0939090,0,52,52
SPRWG25G0939095,0,12,12
SPRWG25G0952085,0,4,4
SPRWG25G09AC085,0,38,38
SPRWG25G9010070,0,2,2
SPRWG25G9010075,0,2,2
SPRWG25G9010080,0,2,2
SPRWG25G9019075,0,2,2
SPRWG25G90AA070,0,2,2
SPRWG25G9160999,0,2,2
SPRWG25G9175999,0,2,2
SPRWG25G9210999,0,2,2
SPRWG25G9219999,0,2,2
SPRWG25G92AC999,0,2,2
SPRWG25M0210090,0,4,4
SPRWG25M0210095,0,2,2
SPRWG25M0210100,0,6,6
SPRWG25M0210105,0,6,6
SPRWG25M0210110,0,4,4
SPRWG25M0219095,0,2,2
SPRWG25M0219100,0,4,4
SPRWG25M0219105,0,16,16
SPRWG25M0227095,0,2,2
SPRWG25M0227105,0,4,4
SPRWG25M0227110,0,6,6
SPRWG25M0236090,0,2,2
SPRWG25M0236095,0,6,6
SPRWG25M0236100,0,12,12
SPRWG25M0236105,0,4,4
SPRWG25M0260105,0,4,4
SPRWG25WS133095,0,2,2
SPRWG37C0510095,0,280,280
SPRWG37C0519100,0,68,68
SPRWG37C0560095,0,50,50
SPRWG37C0560100,0,70,70
SPRWG37C0560105,0,68,68
SPRWG37C0560110,0,18,18
SPRWG37G0119085,0,2,2
SPRWG37G0129090,0,8,8
SPRWG37G0135090,0,2,2
SPRWG37G0135095,0,2,2
SPRWG37G0139085,0,10,10
SPRWG37G0139090,0,2,2
SPRWG37G0139095,0,10,10
SPRWG37G0185085,0,4,4
SPRWG37G0185090,0,8,8
SPRWG37G0185095,0,4,4
SPRWG37G0410095,0,2,2
SPRWG37G0715070,0,2,2
SPRWG37G0735075,0,18,18
SPRWG37G1159085,0,2,2
SPRWG37G11AC085,0,2,2
SPRWG37G1208090,0,54,54
SPRWG37G1208095,0,2,2
SPRWG37G1210085,0,6,6
SPRWG37G1210090,0,598,598
SPRWG37G1210095,0,546,546
SPRWG37G1210100,0,82,82
SPRWG37G1219085,0,14,14
SPRWG37G1220085,0,8,8
SPRWG37G1220090,0,2,2
SPRWG37G1220100,0,14,14
SPRWG37G1259090,0,2,2
SPRWG37G1299085,0,2,2
SPRWG37G1299095,0,2,2
SPRWG37G1299100,0,4,4
SPRWG37G1310085,0,88,88
SPRWG37G1310090,0,94,94
SPRWG37G1310095,0,98,98
SPRWG37G1319085,0,82,82
SPRWG37G1319090,0,70,70
SPRWG37G1319095,0,64,64
SPRWG37G1319100,0,32,32
SPRWG37G3039085,0,32,32
SPRWG37G3039090,0,110,110
SPRWG37G3039095,0,50,50
SPRWG37G3060095,0,46,46
SPRWG37G3085085,0,82,82
SPRWG37G30AC085,0,40,40
SPRWG37G30AC090,0,116,116
SPRWG37G30AC095,0,82,82
SPRWG37G8015999,0,2,2
SPRWG37G8019999,0,4,4
SPRWG37G8039999,0,2,2
SPRWG37G8350090,0,26,26
SPRWG37G8439085,0,550,550
SPRWG37G8485085,0,478,478
SPRWG37G8815085,0,6,6
SPRWG37G8819085,0,72,72
SPRWG37G8910085,0,22,22
SPRWG37G8919085,0,2,2
SPRWG37G9031999,0,2,2
SPRWG37G9039095,0,68,68
SPRWG37G9115085,0,2,2
SPRWG37G9115090,0,8,8
SPRWG37G9160090,0,22,22
SPRWG37G9231999,0,2,2
SPRWG37G9260999,0,46,46
SPRWG37M0210105,0,2,2
SPRWG37WS319090,0,2,2
SPRWG49KU910120,0,406,406
SPRWG49KU910130,0,614,614
SPRWG49KU910140,0,696,696
SPRWG49KU910150,0,966,966
SPRWG49KU910160,0,800,800
SPRWG49KU919120,0,246,246
SPRWG49KU919130,0,384,384
SPRWG49KU919140,0,484,484
SPRWG49KU919150,0,612,612
SPRWG49KU919160,0,712,712
SPRWGA9A0110090,0,306,306
SPRWGA9A0110110,0,98,98
SPRWGA9A0119090,0,22,22
SPRWGA9A0199100,0,722,722
SPRWGA9A0199105,0,268,268
SPRWGA9A0199110,0,256,256
SPRWGA9A0210095,0,1980,1980
SPRWGA9A0310090,0,2540,2540
SPRWGA9A0310095,0,4190,4190
SPRWGA9A0310100,0,7474,7474
SPRWGA9A0310105,0,6396,6396
SPRWGA9A2119100,0,2,2
SPRWGA9A2119105,0,4,4
SPRWGA9C0110095,0,1040,1040
SPRWGA9C0116090,0,10,10
SPRWGA9C0116095,0,26,26
SPRWGA9C0116105,0,26,26
SPRWGA9C0116110,0,2,2
SPRWGA9C0119105,0,28,28
SPRWGA9C0158090,0,20,20
SPRWGA9C0158095,0,10,10
SPRWGA9C0158100,0,10,10
SPRWGA9C0158110,0,20,20
SPRWGA9C0160100,0,62,62
SPRWGA9C0164090,0,8,8
SPRWGA9C0164095,0,14,14
SPRWGA9C0164105,0,10,10
SPRWGA9C01BU100,0,34,34
SPRWGA9KU110130,0,2,2
SPSME23KG819140,0,2,2
SPSME24KG351110,0,4,4
SPSME24KG351120,0,2,2
SPSME24KG375110,0,2,2
SPSME24KG425150,0,4,4
SPSME24KG525130,0,2,2
SPSME24KG525150,0,4,4
SPSME37KG284120,0,2,2
SPSME37KG284150,0,2,2
SPSME37KG925160,0,20,20
SPSME37KG950110,0,2,2
SPSME37KG950130,0,2,2
SPSME37KG975160,0,6,6
SPSME37KG984120,0,2,2
SPSME37KG984130,0,2,2
SPSME37KG984160,0,2,2
SPSME37KU248110,0,2,2
SPSME37KU735120,0,4,4
SPSME37KU851110,0,2,2
SPSME37KU851130,0,2,2
SPSME49KG219110,0,4,4
SPSME49KG219130,0,2,2
SPSME49KG225110,0,2,2
SPSME49KG2AA110,0,2,2
SPSME49KG335110,0,2,2
SPSME49KG335120,0,2,2
SPSME49KG364110,0,4,4
SPSME49KG364120,0,4,4
SPSME49KG364140,0,2,2
SPSME4TKG351120,0,2,2
SPSME4TKG351140,0,2,2
SPSME4TKG351150,0,2,2
SPSME4TKG376120,0,2,2
SPSME4TKG376150,0,2,2
SPSME4TKG376160,0,2,2
SPSME4TKU119110,0,2,2
SPSME4TKU185140,0,2,2
SPSME4TKU259110,0,2,2
SPSME4TKU284140,0,2,2
SPSME4TKU426130,0,2,2
SPSME4TKU426140,0,22,22
SPSME4TKU426150,0,106,106
SPSME4TKU426160,0,50,50
SPSME4TKU451110,0,58,58
SPSME4TKU451120,0,6,6
SPSME4TKU451130,0,8,8
SPSME4TKU451140,0,2,2
SPSME4TKU451150,0,88,88
SPSME4TKU451160,0,88,88
SPSME4TKU476110,0,4,4
SPSME4TKU476130,0,4,4
SPSME4TKU476140,0,8,8
SPSME4TKU476150,0,22,22
SPSME4TKU476160,0,12,12
SPSME4TKU484110,0,6,6
SPSME4TKU484120,0,20,20
SPSME4TKU484130,0,16,16
SPSME4TKU484140,0,16,16
SPSME4TKU484150,0,38,38
SPSME4TKU484160,0,36,36
SPSMF11KU426140,0,8,8
SPSMF11KU426150,0,24,24
SPSMF11KU426160,0,8,8
SPSMF11KU451110,0,14,14
SPSMF11KU451120,0,4,4
SPSMF11KU451130,0,8,8
SPSMF11KU451140,0,2,2
SPSMF11KU451150,0,22,22
SPSMF11KU451160,0,2,2
SPSMF11KU476110,0,8,8
SPSMF11KU476130,0,4,4
SPSMF11KU476140,0,2,2
SPSMF11KU476150,0,26,26
SPSMF11KU476160,0,2,2
SPSMF11KU484130,0,2,2
SPSMF11KU484140,0,2,2
SPSMF11KU484150,0,10,10
SPSMF11KU484160,0,2,2
SPSMF12KG150120,0,2,2
SPSMF12KG150130,0,2,2
SPSMF12KG150140,0,2,2
SPSMF12KG150150,0,2,2
SPSMF23KG110110,0,2,2
SPSMF23KU119110,0,2,2
SPSMF23KU215120,0,2,2
SPSMF24KG436150,0,4,4
SPSMF24KG436160,0,6,6
SPSMF24KG451110,0,2,2
SPSMF24KG451130,0,4,4
SPSMF24KG451150,0,4,4
SPSMF24KU319140,0,2,2
SPSMF24KU319150,0,2,2
SPSMF24KU319160,0,2,2
SPSMF24KU3BU150,0,2,2
SPSMF25KG235150,0,2,2
SPSMF25KG239140,0,4,4
SPSMF25KG239160,0,2,2
SPSMF25KU135160,0,2,2
SPSMF25KU184120,0,2,2
SPSMF25KU184140,0,2,2
SPSMF37KG159140,0,2,2
SPSMF37KG250130,0,2,2
SPSMF37KU251150,0,4,4
SPSMF37KU384150,0,2,2
SPSMF49KG225130,0,2,2
SPSMF49KG319160,0,4,4
SPSMF49KU111150,0,2,2
SPSMF49KU119120,0,2,2
SPSMF49KU184140,0,2,2
SPSMF4TKU185120,0,2,2
SPSMF4TKU185140,0,2,2
SPSMF4TKU185150,0,2,2
SPSMF4TKU185160,0,14,14
SPSMF4TKU1AA160,0,2,2
SPSMF4TKU233110,0,2,2
SPSMF4TKU233120,0,4,4
SPSMF4TKU233130,0,8,8
SPSMF4TKU233140,0,8,8
SPSMF4TKU233150,0,4,4
SPSMF4TKU233160,0,2,2
SPSMF4TKU250110,0,4,4
SPSMF4TKU250120,0,4,4
SPSMF4TKU250130,0,8,8
SPSMF4TKU250140,0,12,12
SPSMF4TKU250150,0,8,8
SPSMF4TKU250160,0,8,8
SPSMF4TKU2AC110,0,2,2
SPSMF4TKU2AC120,0,2,2
SPSMF4TKU2AC130,0,2,2
SPSMF4TKU2AC140,0,4,4
SPSMF4TKU2AC150,0,2,2
SPSMF4TKU319110,0,10,10
SPSMF4TKU319120,0,10,10
SPSMF4TKU319130,0,20,20
SPSMF4TKU319140,0,20,20
SPSMF4TKU319150,0,30,30
SPSMF4TKU319160,0,20,20
SPSMF4TKU419110,0,2,2
SPSMF4TKU419120,0,2,2
SPSMF4TKU419140,0,2,2
SPSMF4TKU419150,0,2,2
SPSMF4TKU433120,0,2,2
SPSMF4TKU433150,0,4,4
SPSMF4TKU459150,0,2,2
SPSMF4TKU459160,0,2,2
SPSMG11KU119120,0,20,20
SPSMG11KU119130,0,160,160
SPSMG11KU119140,0,170,170
SPSMG11KU119150,0,148,148
SPSMG11KU119160,0,174,174
SPSMG11KU133110,0,16,16
SPSMG11KU133120,0,82,82
SPSMG11KU133130,0,94,94
SPSMG11KU133140,0,160,160
SPSMG11KU133150,0,134,134
SPSMG11KU133160,0,126,126
SPSMG11KU1AC120,0,26,26
SPSMG11KU1AC130,0,72,72
SPSMG11KU1AC140,0,82,82
SPSMG11KU1AC150,0,102,102
SPSMG11KU1AC160,0,38,38
SPSMG12KG151110,0,16,16
SPSMG12KG151120,0,26,26
SPSMG12KG151130,0,6,6
SPSMG12KG151140,0,4,4
SPSMG12KG151150,0,6,6
SPSMG12KG151160,0,34,34
SPSMG12KG175110,0,22,22
SPSMG12KG175120,0,20,20
SPSMG12KG175130,0,34,34
SPSMG12KG175140,0,22,22
SPSMG12KG175150,0,46,46
SPSMG12KG175160,0,62,62
SPSMG12KG225110,0,26,26
SPSMG12KG225120,0,4,4
SPSMG12KG225130,0,8,8
SPSMG12KG225140,0,2,2
SPSMG12KG251120,0,22,22
SPSMG12KG251140,0,6,6
SPSMG12KG251150,0,10,10
SPSMG12KG264110,0,10,10
SPSMG12KG264120,0,4,4
SPSMG12KG264130,0,2,2
SPSMG12KG264140,0,2,2
SPSMG12KG264150,0,4,4
SPSMG12KG264160,0,4,4
SPSMG23KU130140,0,4,4
SPSMG23KU150130,0,4,4
SPSMG23KU150150,0,2,2
SPSMG23KU1AA130,0,2,2
SPSMG23KU1AA150,0,4,4
SPSMG23KU217110,0,40,40
SPSMG23KU217130,0,2,2
SPSMG23KU219120,0,2,2
SPSMG23KU219140,0,12,12
SPSMG23KU219160,0,32,32
SPSMG23KU235130,0,4,4
SPSMG23KU235140,0,2,2
SPSMG23KU250140,0,2,2
SPSMG23KU250160,0,4,4
SPSMG24KU135140,0,4,4
SPSMG24KU149140,0,2,2
SPSMG24KU159120,0,4,4
SPSMG24KU159140,0,2,2
SPSMG24KU230110,0,6,6
SPSMG24KU230120,0,12,12
SPSMG24KU230130,0,38,38
SPSMG24KU230140,0,38,38
SPSMG24KU230150,0,36,36
SPSMG24KU230160,0,26,26
SPSMG24KU259110,0,22,22
SPSMG24KU259120,0,28,28
SPSMG24KU259130,0,36,36
SPSMG24KU259140,0,28,28
SPSMG24KU259150,0,36,36
SPSMG24KU259160,0,38,38
SPSMG24KU2AA110,0,24,24
SPSMG24KU2AA120,0,22,22
SPSMG24KU2AA130,0,30,30
SPSMG24KU2AA140,0,42,42
SPSMG24KU351110,0,14,14
SPSMG24KU351120,0,16,16
SPSMG24KU351130,0,20,20
SPSMG24KU351140,0,10,10
SPSMG24KU351160,0,20,20
SPSMG24KU3AC110,0,14,14
SPSMG24KU3AC120,0,14,14
SPSMG24KU3AC130,0,20,20
SPSMG24KU3AC140,0,18,18
SPSMG24KU3AC150,0,20,20
SPSMG24KU3AC160,0,18,18
SPSMG24KU449140,0,4,4
SPSMG24KU559160,0,2,2
SPSMG25KG119150,0,2,2
SPSMG25KG120120,0,4,4
SPSMG25KG126120,0,2,2
SPSMG25KG151130,0,8,8
SPSMG25KG151140,0,2,2
SPSMG25KG151150,0,4,4
SPSMG25KG226130,0,4,4
SPSMG25KG226140,0,4,4
SPSMG25KG226150,0,4,4
SPSMG25KG226160,0,2,2
SPSMG25KG3B7120,0,2,2
SPSMG25KG3CD110,0,4,4
SPSMG25KG3CD130,0,2,2
SPSMG25KU119140,0,4,4
SPSMG25KU159110,0,58,58
SPSMG25KU159120,0,10,10
SPSMG25KU159130,0,4,4
SPSMG25KU159140,0,34,34
SPSMG25KU159150,0,16,16
SPSMG25KU159160,0,2,2
SPSMG25KU210150,0,22,22
SPSMG25KU260130,0,2,2
SPSMG25KU310130,0,4,4
SPSMG25KU310150,0,2,2
SPSMG25KU319150,0,2,2
SPSMG25KU319160,0,48,48
SPSMG25KU326130,0,2,2
SPSMG25KU326160,0,2,2
SPSMG25KU351120,0,2,2
SPSMG25KU351140,0,2,2
SPSMG25KU351160,0,2,2
SPSMG25KU536120,0,4,4
SPSMG25KU536130,0,16,16
SPSMG25KU536140,0,20,20
SPSMG25KU536150,0,48,48
SPSMG25KU559130,0,6,6
SPSMG25KU559140,0,4,4
SPSMG25KU559150,0,44,44
SPSMG25KU559160,0,78,78
SPSMG37KG220130,0,2,2
SPSMG37KU135140,0,6,6
SPSMG37KU149130,0,2,2
SPSMG37KU149160,0,2,2
SPSMG37KU250140,0,2,2
SPSMG37KU261150,0,20,20
SPSMG37KU310160,0,10,10
SPTAE23M0317074,0,8,8
SPTAE23M0317082,0,16,16
SPTAE23M0319082,0,6,6
SPTAE23M0417085,0,8,8
SPTAE23M0417090,0,4,4
SPTAE23M0417095,0,4,4
SPTAE23M0419080,0,2,2
SPTAE23M0419090,0,4,4
SPTAE23M0519078,0,4,4
SPTAE23M0519082,0,2,2
SPTAE23M0519090,0,2,2
SPTAE23M0719074,0,4,4
SPTAE23M0719086,0,2,2
SPTAE23M0719090,0,2,2
SPTAE23M0760082,0,2,2
SPTAE23M9119074,0,2,2
SPTAE23W0119070,0,2,2
SPTAE23W0219070,0,4,4
SPTAE23W0319067,0,2,2
SPTAE23W0364064,0,4,4
SPTAE23W0417078,0,2,2
SPTAE23W0419064,0,2,2
SPTAE23W0419067,0,2,2
SPTAE23W0419070,0,2,2
SPTAE23W0419073,0,4,4
SPTAE23W0419078,0,2,2
SPTAE24M0719078,0,2,2
SPTAE24M0719086,0,4,4
SPTAE24M0737086,0,2,2
SPTAE24M0760078,0,2,2
SPTAE25M0960095,0,2,2
SPTAE25W0519080,0,4,4
SPTAE25W0533070,0,2,2
SPTAE25W0619070,0,2,2
SPTAE25W0619080,0,10,10
SPTAE25W0719070,0,2,2
SPTAE37M0319085,0,2,2
SPTAE37M0919080,0,2,2
SPTAE37W0164070,0,2,2
SPTAE37W0164080,0,2,2
SPTAE37W0164085,0,2,2
SPTAE37W0519085,0,4,4
SPTAE49M0359090,0,2,2
SPTAE49M05BF082,0,2,2
SPTAE49W0119070,0,4,4
SPTAE49W0119075,0,2,2
SPTAE49W0119080,0,6,6
SPTAE49W0135070,0,6,6
SPTAE49W0135075,0,4,4
SPTAE49W0135080,0,4,4
SPTAE49W0185070,0,2,2
SPTAE49W0185080,0,2,2
SPTAE49W0219075,0,4,4
SPTAE49W0235070,0,2,2
SPTAE49W0235075,0,2,2
SPTAE49W0235080,0,6,6
SPTAE49W0285070,0,2,2
SPTAE49W0285075,0,2,2
SPTAE49W0285080,0,2,2
SPTAE49W0319067,0,8,8
SPTAE49W0349070,0,2,2
SPTAE4VM0119082,0,2,2
SPTAE4VM0133078,0,2,2
SPTAE4VM0133082,0,4,4
SPTAE4VM0160074,0,4,4
SPTAE4VM0185074,0,6,6
SPTAE4VM0185086,0,4,4
SPTAE4VM0185090,0,10,10
SPTAE4VM1319085,0,6,6
SPTAE4VM1319090,0,2,2
SPTAE4VM1319095,0,2,2
SPTAE4VM1333080,0,4,4
SPTAE4VM1360080,0,2,2
SPTAE4VM1360095,0,2,2
SPTAE4VM13AC080,0,4,4
SPTAE4VM13AC090,0,2,2
SPTAE4VW0119064,0,10,10
SPTAE4VW0119067,0,6,6
SPTAE4VW0119070,0,6,6
SPTAE4VW0119073,0,8,8
SPTAE4VW0164070,0,2,2
SPTAE4VW0219067,0,4,4
SPTAE4VW0219075,0,2,2
SPTAE4VW0260064,0,2,2
SPTAE4VW0319064,0,10,10
SPTAE4VW0319067,0,6,6
SPTAE4VW0319070,0,4,4
SPTAE4VW0360064,0,4,4
SPTAE4VW0360067,0,2,2
SPTAE4VW0360070,0,8,8
SPTAE4VW0360075,0,4,4
SPTAE4VW0360078,0,10,10
SPTAE4VW0419075,0,2,2
SPTAE4VW0419080,0,4,4
SPTAE4VW0485070,0,2,2
SPTAE4VW0485080,0,2,2
SPTAE4VW0519080,0,2,2
SPTAE4VW0535070,0,4,4
SPTAE4VW0585070,0,4,4
SPTAE4VW0585075,0,14,14
SPTAE4VW0585080,0,12,12
SPTAE4VW4A19080,0,2,2
SPTAE4VW4A85070,0,2,2
SPTAE4VW4A85075,0,2,2
SPTAE4VW4A85080,0,4,4
SPTAE4VW5A19080,0,2,2
SPTAE4VW5A35070,0,8,8
SPTAE4VW5A35075,0,4,4
SPTAE4VW5A35080,0,4,4
SPTAEA9M0117074,0,40,40
SPTAEA9M0117078,0,38,38
SPTAEA9M0117082,0,22,22
SPTAEA9M0117086,0,20,20
SPTAEA9M0117090,0,26,26
SPTAEA9M0119074,0,132,132
SPTAEA9M0119078,0,246,246
SPTAEA9M0119082,0,110,110
SPTAEA9M0119086,0,172,172
SPTAEA9M0119090,0,86,86
SPTAEA9M0216074,0,24,24
SPTAEA9M0216078,0,2,2
SPTAEA9M0216082,0,2,2
SPTAEA9M0216086,0,2,2
SPTAEA9M0216090,0,2,2
SPTAEA9M0217074,0,48,48
SPTAEA9M0217078,0,42,42
SPTAEA9M0217082,0,26,26
SPTAEA9M0217086,0,2,2
SPTAEA9M0217090,0,2,2
SPTAEA9M0219074,0,74,74
SPTAEA9M0219078,0,86,86
SPTAEA9M0219082,0,50,50
SPTAEA9M0219086,0,72,72
SPTAEA9M0219090,0,10,10
SPTAEA9M0417080,0,70,70
SPTAEA9M0417085,0,48,48
SPTAEA9M0417090,0,40,40
SPTAEA9M0417095,0,32,32
SPTAEA9M0419080,0,96,96
SPTAEA9M0419085,0,62,62
SPTAEA9M0419090,0,46,46
SPTAEA9M0419095,0,26,26
SPTAEA9W0117064,0,22,22
SPTAEA9W0117067,0,24,24
SPTAEA9W0117070,0,8,8
SPTAEA9W0117075,0,6,6
SPTAEA9W0117078,0,18,18
SPTAEA9W0119064,0,62,62
SPTAEA9W0119067,0,44,44
SPTAEA9W0119070,0,22,22
SPTAEA9W0119073,0,10,10
SPTAEA9W0119075,0,10,10
SPTAEA9W0119078,0,12,12
SPTAEA9W0517070,0,100,100
SPTAEA9W0517075,0,112,112
SPTAEA9W0517080,0,64,64
SPTAEA9W0519070,0,206,206
SPTAEA9W0519075,0,182,182
SPTAEA9W0519080,0,98,98
SPTAF11M0416074,0,6,6
SPTAF23M0260074,0,2,2
SPTAF23M0260078,0,4,4
SPTAF23M0260082,0,4,4
SPTAF23W0149067,0,2,2
SPTAF23W0219067,0,4,4
SPTAF23W0219070,0,4,4
SPTAF23W0219073,0,2,2
SPTAF23W0260064,0,2,2
SPTAF23W0260067,0,2,2
SPTAF23W0260070,0,6,6
SPTAF23W0260073,0,4,4
SPTAF23W0260075,0,2,2
SPTAF23W0719080,0,2,2
SPTAF23W0764070,0,2,2
SPTAF23W0819080,0,2,2
SPTAF23W0860075,0,2,2
SPTAF23W0864070,0,8,8
SPTAF24M0819078,0,2,2
SPTAF24M0819090,0,2,2
SPTAF24W0519070,0,2,2
SPTAF25W0519070,0,4,4
SPTAF25W0519075,0,2,2
SPTAF25W0533075,0,2,2
SPTAF25W0633075,0,2,2
SPTAF37W0659078,0,2,2
SPTAF37W9136999,0,2,2
SPTAF49M0219074,0,22,22
SPTAF49M0219078,0,138,138
SPTAF49M0219082,0,76,76
SPTAF49M0219086,0,32,32
SPTAF49M0219090,0,8,8
SPTAF49M9116074,0,2,2
SPTAF49M9116078,0,6,6
SPTAF49M9116082,0,4,4
SPTAF49M9116086,0,6,6
SPTAF49M9119074,0,4,4
SPTAF49M9119078,0,16,16
SPTAF49M9119082,0,14,14
SPTAF49M9119086,0,10,10
SPTAF49M9119090,0,6,6
SPTAF49M9319080,0,4,4
SPTAF49M9319090,0,4,4
SPTAF49M9337080,0,6,6
SPTAF49M9337085,0,4,4
SPTAF49M9337090,0,4,4
SPTAF49M9419080,0,4,4
SPTAF49M9419085,0,2,2
SPTAF49M9419090,0,4,4
SPTAF49M9437080,0,6,6
SPTAF49M9437085,0,6,6
SPTAF49M9437090,0,6,6
SPTAF49M9515078,0,12,12
SPTAF49M9515082,0,10,10
SPTAF49M9515086,0,4,4
SPTAF49M9519078,0,8,8
SPTAF49M9519082,0,10,10
SPTAF49M9519086,0,4,4
SPTAF49W0119064,0,34,34
SPTAF49W0119067,0,44,44
SPTAF49W0119070,0,14,14
SPTAF49W0119073,0,24,24
SPTAF49W0119075,0,20,20
SPTAF49W0119078,0,24,24
SPTAF49W0160064,0,90,90
SPTAF49W0160067,0,62,62
SPTAF49W0160070,0,50,50
SPTAF49W0160073,0,52,52
SPTAF49W0160075,0,64,64
SPTAF49W0160078,0,36,36
SPTAF49W9116070,0,4,4
SPTAF49W9116075,0,4,4
SPTAF49W9119070,0,4,4
SPTAF49W9119075,0,2,2
SPTAF49W91AC070,0,2,2
SPTAF49W91AC075,0,4,4
SPTAF49W9217999,0,4,4
SPTAF49W9219999,0,8,8
SPTAF4VM0115074,0,194,194
SPTAF4VM0115078,0,412,412
SPTAF4VM0115082,0,438,438
SPTAF4VM0115086,0,484,484
SPTAF4VM0115090,0,372,372
SPTAF4VM0119074,0,88,88
SPTAF4VM0119078,0,108,108
SPTAF4VM0119082,0,56,56
SPTAF4VM0119086,0,86,86
SPTAF4VM0119090,0,94,94
SPTAF4VM0135074,0,190,190
SPTAF4VM0135078,0,334,334
SPTAF4VM0135082,0,274,274
SPTAF4VM0135086,0,368,368
SPTAF4VM0135090,0,298,298
SPTAF4VM0160074,0,104,104
SPTAF4VM0160078,0,238,238
SPTAF4VM0160082,0,162,162
SPTAF4VM0160086,0,192,192
SPTAF4VM0160090,0,164,164
SPTAF4VM0219074,0,230,230
SPTAF4VM0219078,0,334,334
SPTAF4VM0219082,0,200,200
SPTAF4VM0219086,0,184,184
SPTAF4VM0219090,0,184,184
SPTAF4VM0233074,0,164,164
SPTAF4VM0233078,0,152,152
SPTAF4VM0233082,0,150,150
SPTAF4VM0233086,0,178,178
SPTAF4VM0233090,0,220,220
SPTAF4VM0260074,0,104,104
SPTAF4VM0260078,0,148,148
SPTAF4VM0260082,0,76,76
SPTAF4VM0260086,0,66,66
SPTAF4VM0260090,0,74,74
SPTAF4VM0319074,0,104,104
SPTAF4VM0319078,0,134,134
SPTAF4VM0319082,0,62,62
SPTAF4VM0319086,0,102,102
SPTAF4VM0319090,0,46,46
SPTAF4VM0360074,0,110,110
SPTAF4VM0360078,0,166,166
SPTAF4VM0360082,0,116,116
SPTAF4VM0360086,0,128,128
SPTAF4VM0360090,0,54,54
SPTAF4VW0119070,0,22,22
SPTAF4VW0119075,0,28,28
SPTAF4VW0119080,0,38,38
SPTAF4VW0160070,0,42,42
SPTAF4VW0160075,0,38,38
SPTAF4VW0160080,0,68,68
SPTAF4VW0719070,0,12,12
SPTAF4VW0719075,0,18,18
SPTAF4VW0719080,0,8,8
SPTAF4VW0760070,0,110,110
SPTAF4VW0760075,0,126,126
SPTAF4VW0760080,0,82,82
SPTAF4VW0764070,0,174,174
SPTAF4VW0764075,0,300,300
SPTAF4VW0764080,0,212,212
SPTAF4VW0785070,0,140,140
SPTAF4VW0785075,0,164,164
SPTAF4VW0785080,0,114,114
SPTAF4VW0819070,0,92,92
SPTAF4VW0819075,0,94,94
SPTAF4VW0819080,0,116,116
SPTAF4VW0860070,0,322,322
SPTAF4VW0860075,0,310,310
SPTAF4VW0860080,0,350,350
SPTAF4VW1919064,0,48,48
SPTAF4VW1919067,0,42,42
SPTAF4VW1919070,0,26,26
SPTAF4VW1919073,0,26,26
SPTAF4VW1919075,0,46,46
SPTAF4VW1919078,0,40,40
SPTAF4VW1935064,0,18,18
SPTAF4VW1935070,0,10,10
SPTAF4VW1935073,0,14,14
SPTAF4VW1935075,0,16,16
SPTAF4VW1935078,0,16,16
SPTAF4VW1964064,0,86,86
SPTAF4VW1964067,0,76,76
SPTAF4VW1964070,0,86,86
SPTAF4VW1964073,0,102,102
SPTAF4VW1964075,0,100,100
SPTAF4VW1964078,0,106,106
SPTAF4VW19AC064,0,86,86
SPTAF4VW19AC067,0,62,62
SPTAF4VW19AC070,0,34,34
SPTAF4VW19AC073,0,44,44
SPTAF4VW19AC075,0,66,66
SPTAF4VW19AC078,0,58,58
SPTAF4VW2019064,0,100,100
SPTAF4VW2019067,0,16,16
SPTAF4VW2019070,0,2,2
SPTAF4VW2019073,0,6,6
SPTAF4VW2019075,0,2,2
SPTAF4VW2019078,0,16,16
SPTAF4VW20AC064,0,162,162
SPTAF4VW20AC067,0,80,80
SPTAF4VW20AC070,0,48,48
SPTAF4VW20AC073,0,42,42
SPTAF4VW20AC075,0,62,62
SPTAF4VW20AC078,0,108,108
SPTAFA9M0119074,0,122,122
SPTAFA9M0119078,0,96,96
SPTAFA9M0119082,0,118,118
SPTAFA9M0119086,0,92,92
SPTAFA9M0119090,0,44,44
SPTAFA9M0136074,0,90,90
SPTAFA9M0136078,0,120,120
SPTAFA9M0136082,0,152,152
SPTAFA9M0136086,0,90,90
SPTAFA9M0136090,0,114,114
SPTAFA9M0159074,0,36,36
SPTAFA9M0159078,0,42,42
SPTAFA9M0159082,0,58,58
SPTAFA9M0159086,0,24,24
SPTAFA9M0159090,0,8,8
SPTAFA9M0160074,0,162,162
SPTAFA9M0160078,0,118,118
SPTAFA9M0160082,0,118,118
SPTAFA9M0160086,0,120,120
SPTAFA9M0160090,0,70,70
SPTAFA9M0316074,0,34,34
SPTAFA9M0316078,0,22,22
SPTAFA9M0316082,0,20,20
SPTAFA9M0316086,0,12,12
SPTAFA9M0316090,0,2,2
SPTAFA9M0319074,0,26,26
SPTAFA9M0319078,0,36,36
SPTAFA9M0319082,0,30,30
SPTAFA9M0319086,0,18,18
SPTAFA9M0319090,0,8,8
SPTAFA9M0360074,0,28,28
SPTAFA9M0360078,0,26,26
SPTAFA9M0360082,0,20,20
SPTAFA9M0360086,0,16,16
SPTAFA9M0360090,0,4,4
SPTAFA9M0419080,0,100,100
SPTAFA9M0419085,0,58,58
SPTAFA9M0419090,0,60,60
SPTAFA9M0419095,0,22,22
SPTAFA9M0435080,0,124,124
SPTAFA9M0435085,0,82,82
SPTAFA9M0435090,0,72,72
SPTAFA9M0435095,0,54,54
SPTAFA9M0437080,0,130,130
SPTAFA9M0437085,0,104,104
SPTAFA9M0437090,0,62,62
SPTAFA9M0437095,0,38,38
SPTAFA9M0460080,0,4,4
SPTAFA9M0460085,0,4,4
SPTAFA9M0460090,0,2,2
SPTAFA9M0460095,0,2,2
SPTAFA9M1119074,0,110,110
SPTAFA9M1119078,0,126,126
SPTAFA9M1119082,0,62,62
SPTAFA9M1119086,0,38,38
SPTAFA9M1119090,0,26,26
SPTAFA9M1136074,0,50,50
SPTAFA9M1136078,0,88,88
SPTAFA9M1136082,0,58,58
SPTAFA9M1136086,0,52,52
SPTAFA9M1136090,0,66,66
SPTAFA9M1160074,0,68,68
SPTAFA9M1160078,0,66,66
SPTAFA9M1160082,0,64,64
SPTAFA9M1160086,0,28,28
SPTAFA9M1160090,0,44,44
SPTAFA9W1119064,0,112,112
SPTAFA9W1119067,0,234,234
SPTAFA9W1119070,0,184,184
SPTAFA9W1119073,0,182,182
SPTAFA9W1119075,0,162,162
SPTAFA9W1119078,0,138,138
SPTAFA9W1160064,0,74,74
SPTAFA9W1160067,0,196,196
SPTAFA9W1160070,0,198,198
SPTAFA9W1160073,0,140,140
SPTAFA9W1160075,0,162,162
SPTAFA9W1160078,0,164,164
SPTAFA9W1219070,0,66,66
SPTAFA9W1219075,0,66,66
SPTAFA9W1219080,0,46,46
SPTAFA9W1219085,0,52,52
SPTAFA9W1260070,0,74,74
SPTAFA9W1260075,0,34,34
SPTAFA9W1260080,0,42,42
SPTAFA9W1260085,0,38,38
SPTAG12W9160070,0,4,4
SPTAG12W9160075,0,4,4
SPTAG12W9160080,0,6,6
SPTAG12W9185070,0,2,2
SPTAG12W9185075,0,8,8
SPTAG12W9185080,0,6,6
SPTAG23M5119074,0,2,2
SPTAG23M5119078,0,2,2
SPTAG23M5119086,0,4,4
SPTAG23M5119090,0,2,2
SPTAG23M5160078,0,2,2
SPTAG23M5160082,0,4,4
SPTAG23M5160086,0,2,2
SPTAG23M5160090,0,2,2
SPTAG23M5217078,0,2,2
SPTAG23M5217086,0,2,2
SPTAG23W0117064,0,10,10
SPTAG23W0117067,0,4,4
SPTAG23W0117070,0,8,8
SPTAG23W0117073,0,12,12
SPTAG23W0117075,0,2,2
SPTAG23W0117078,0,4,4
SPTAG23W0119064,0,2,2
SPTAG23W0119067,0,10,10
SPTAG23W0119070,0,2,2
SPTAG23W0119073,0,2,2
SPTAG23W0119075,0,6,6
SPTAG23W0119078,0,12,12
SPTAG23W0137067,0,4,4
SPTAG23W0160067,0,14,14
SPTAG23W0160070,0,8,8
SPTAG23W0160073,0,16,16
SPTAG23W0217067,0,4,4
SPTAG23W0219070,0,2,2
SPTAG23W0237067,0,2,2
SPTAG23W0317070,0,2,2
SPTAG23W0317075,0,2,2
SPTAG23W0319070,0,2,2
SPTAG23W1119075,0,4,4
SPTAG23W1164075,0,10,10
SPTAG23W1164080,0,10,10
SPTAG23W1219070,0,2,2
SPTAG23W1219075,0,6,6
SPTAG23W1260070,0,2,2
SPTAG23W1260080,0,2,2
SPTAG23W1260085,0,2,2
SPTAG23W1264075,0,2,2
SPTAG23W1264080,0,2,2
SPTAG23W9235070,0,2,2
SPTAG24M2337085,0,2,2
SPTAG25M2117086,0,2,2
SPTAG25M2119082,0,2,2
SPTAG25M2137078,0,6,6
SPTAG25M2137082,0,2,2
SPTAG25M2159090,0,2,2
SPTAG25M4115078,0,2,2
SPTAG25M4115090,0,2,2
SPTAG25M4119074,0,2,2
SPTAG25M5115078,0,2,2
SPTAG25M5115086,0,2,2
SPTAG25M5119078,0,2,2
SPTAG25W0119067,0,2,2
SPTAG25W0119070,0,2,2
SPTAG25W0119078,0,8,8
SPTAG25W0160067,0,4,4
SPTAG25W0160073,0,16,16
SPTAG25W0160075,0,18,18
SPTAG25W0219067,0,2,2
SPTAG25W0219070,0,2,2
SPTAG25W0319067,0,2,2
SPTAG25W0419070,0,2,2
SPTAG25W0419080,0,2,2
SPTAG25W1117070,0,6,6
SPTAG25W1133070,0,2,2
SPTAG25W1259070,0,2,2
SPTAG37M2519085,0,2,2
SPTAG37M2533080,0,4,4
SPTAG37M2533085,0,2,2
SPTAG37W1110064,0,4,4
SPTAG37W1110067,0,2,2
SPTAG37W1110070,0,4,4
SPTAG37W1110073,0,4,4
SPTAG37W1110075,0,10,10
SPTAG37W1119067,0,4,4
SPTAGA9M2119074,0,2,2
SPTAGA9M2160074,0,4,4
SPTAGA9M2160082,0,2,2
SPTAGA9M2160086,0,4,4
SPTAGA9M2160090,0,2,2
SPTAGA9M2219080,0,4,4
SPTAGA9M2219084,0,10,10
SPTAGA9M2219090,0,24,24
SPTAGA9M2236082,0,2,2
SPTAGA9M2260074,0,10,10
SPTAGA9M2260086,0,12,12
SPTAGA9M2260090,0,4,4
SPTAGA9M2316074,0,2,2
SPTAGA9M2316078,0,4,4
SPTAGA9M2316082,0,14,14
SPTAGA9M2316086,0,12,12
SPTAGA9M2316090,0,4,4
SPTAGA9M2319074,0,2,2
SPTAGA9M2319078,0,4,4
SPTAGA9M2319082,0,10,10
SPTAGA9M2319086,0,6,6
SPTAGA9M2319090,0,4,4
SPTAGA9M23TB074,0,2,2
SPTAGA9M23TB082,0,14,14
SPTAGA9M23TB086,0,14,14
SPTAGA9M23TB090,0,8,8
SPTAGA9M23TC078,0,2,2
SPTAGA9M23TC082,0,18,18
SPTAGA9M23TC086,0,16,16
SPTAGA9M23TC090,0,6,6
SPTAGA9W0060073,0,4,4
SPTCE11C9319085,0,2,2
SPTCE23C0135090,0,2,2
SPTCE23C0149085,0,2,2
SPTCE23C0219075,0,2,2
SPTCE23C0235080,0,2,2
SPTCE23C0264075,0,2,2
SPTCE23C0419080,0,2,2
SPTCE23C1115075,0,2,2
SPTCE23C1115085,0,4,4
SPTCE23C1115090,0,2,2
SPTCE23C1115095,0,2,2
SPTCE23C1119080,0,2,2
SPTCE23C1119085,0,2,2
SPTCE23C1119090,0,2,2
SPTCE23C1149075,0,4,4
SPTCE23C1149080,0,12,12
SPTCE23C1149085,0,10,10
SPTCE23C1149090,0,8,8
SPTCE23C1251080,0,4,4
SPTCE23C1251085,0,4,4
SPTCE23G0119095,0,2,2
SPTCE23G0125090,0,2,2
SPTCE23G0149090,0,2,2
SPTCE23G0149095,0,2,2
SPTCE24C0119085,0,2,2
SPTCE24C0139090,0,2,2
SPTCE24C0149075,0,2,2
SPTCE24C0149090,0,2,2
SPTCE24C0149095,0,2,2
SPTCE24C0235075,0,2,2
SPTCE24C0235080,0,8,8
SPTCE24C0249080,0,4,4
SPTCE25C2517075,0,2,2
SPTCE25C2517080,0,2,2
SPTCE25C2517095,0,6,6
SPTCE25C2519095,0,2,2
SPTCE25C2619075,0,4,4
SPTCE25C2619080,0,4,4
SPTCE25C2619090,0,2,2
SPTCE25G0149075,0,2,2
SPTCE25G0219070,0,4,4
SPTCE25G0219075,0,18,18
SPTCE25G0219080,0,6,6
SPTCE26C0315075,0,4,4
SPTCE26C0315080,0,2,2
SPTCE26C0315085,0,12,12
SPTCE26C0315090,0,4,4
SPTCE26C0319075,0,2,2
SPTCE26C0319080,0,2,2
SPTCE26C0319085,0,6,6
SPTCE26C0319090,0,4,4
SPTCE26C0349075,0,6,6
SPTCE26C0349080,0,6,6
SPTCE26C0349085,0,4,4
SPTCE26C0349090,0,8,8
SPTCE37C0149090,0,2,2
SPTCE37C0249080,0,4,4
SPTCE37C0249085,0,4,4
SPTCE37C0249090,0,4,4
SPTCE37G9125070,0,4,4
SPTCE37G9125075,0,8,8
SPTCE37G9149075,0,2,2
SPTCE38C1164075,0,2,2
SPTCE38G9319085,0,2,2
SPTCE38G9319095,0,2,2
SPTCE38G9325085,0,8,8
SPTCE38G9325095,0,2,2
SPTCE49C0164075,0,2,2
SPTCE49C0219085,0,6,6
SPTCE49C0219090,0,4,4
SPTCE49C0235075,0,2,2
SPTCE49C0235090,0,10,10
SPTCE49C0249080,0,2,2
SPTCE49C0249085,0,4,4
SPTCE49C0249090,0,2,2
SPTCE49C0264075,0,2,2
SPTCE49C0264085,0,2,2
SPTCE49C0264090,0,2,2
SPTCE49C0319080,0,2,2
SPTCE49C0419075,0,2,2
SPTCE49C0419085,0,4,4
SPTCE49C0464075,0,2,2
SPTCE49C0464080,0,2,2
SPTCE49C0464085,0,2,2
SPTCE49C0519085,0,2,2
SPTCE49C0535085,0,2,2
SPTCE49C2419075,0,4,4
SPTCE49C24BF075,0,6,6
SPTCE49C24BF085,0,2,2
SPTCE49G0115064,0,2,2
SPTCE49G0125064,0,2,2
SPTCE49G0125067,0,6,6
SPTCE49G0125070,0,2,2
SPTCE49G0219067,0,4,4
SPTCE49G0239064,0,8,8
SPTCE49G0239067,0,10,10
SPTCE49G0249064,0,2,2
SPTCE49G0249067,0,4,4
SPTCE49G0335064,0,4,4
SPTCE49G0339064,0,2,2
SPTCE49G0339073,0,2,2
SPTCE49KU219130,0,2,2
SPTCE49KU225160,0,2,2
SPTCE49KU235160,0,2,2
SPTCE4TKU117110,0,2,2
SPTCE4TKU164110,0,2,2
SPTCE4VC0117090,0,10,10
SPTCE4VC0135090,0,2,2
SPTCE4VC0149095,0,2,2
SPTCE4VC0164090,0,2,2
SPTCE4VC0319080,0,2,2
SPTCE4VC0319085,0,2,2
SPTCE4VC0319095,0,2,2
SPTCE4VG0219064,0,4,4
SPTCE4VG0219067,0,2,2
SPTCE4VG1139064,0,2,2
SPTCE4VG1139067,0,2,2
SPTCE4VG1139073,0,4,4
SPTCF11G0135064,0,2,2
SPTCF23C0164075,0,2,2
SPTCF23C1135075,0,2,2
SPTCF23C1135085,0,2,2
SPTCF23C1149090,0,2,2
SPTCF23C1251075,0,8,8
SPTCF23G0315070,0,2,2
SPTCF23G0319070,0,2,2
SPTCF23G0349070,0,4,4
SPTCF23G0349075,0,4,4
SPTCF23G1115073,0,2,2
SPTCF23KU2BU130,0,2,2
SPTCF24C0117080,0,4,4
SPTCF24C0117085,0,4,4
SPTCF24C0117095,0,2,2
SPTCF24C0135080,0,2,2
SPTCF24C0135085,0,4,4
SPTCF24C0135090,0,4,4
SPTCF24C0135095,0,4,4
SPTCF24C0164090,0,2,2
SPTCF24C0185075,0,2,2
SPTCF24C0185095,0,4,4
SPTCF24C0217085,0,2,2
SPTCF24C0235075,0,4,4
SPTCF24C0235090,0,2,2
SPTCF24C0249075,0,4,4
SPTCF24C0285075,0,2,2
SPTCF24C0285090,0,2,2
SPTCF24C0285095,0,4,4
SPTCF24C0335074,0,4,4
SPTCF24C0335078,0,2,2
SPTCF24C0335082,0,4,4
SPTCF24C0335086,0,2,2
SPTCF24C0335090,0,4,4
SPTCF24C0349082,0,2,2
SPTCF24C0364086,0,2,2
SPTCF24C0364090,0,2,2
SPTCF24G1219070,0,2,2
SPTCF24G1219075,0,2,2
SPTCF24G1235070,0,2,2
SPTCF26C0617080,0,2,2
SPTCF26C0635074,0,2,2
SPTCF26C0635078,0,2,2
SPTCF26C0659080,0,2,2
SPTCF26C0659086,0,2,2
SPTCF37C1119090,0,4,4
SPTCF37C9122082,0,2,2
SPTCF37G0260075,0,2,2
SPTCF37G0285070,0,4,4
SPTCF37G9239070,0,2,2
SPTCF38G0315070,0,2,2
SPTCF38KU119150,0,2,2
SPTCF38KU135120,0,2,2
SPTCF49C0319074,0,6,6
SPTCF49C0319078,0,20,20
SPTCF49C0319082,0,14,14
SPTCF49C0319086,0,6,6
SPTCF49C0319090,0,12,12
SPTCF49C0322078,0,16,16
SPTCF49C0322082,0,12,12
SPTCF49C0322086,0,10,10
SPTCF49C0322090,0,2,2
SPTCF49C0335078,0,4,4
SPTCF49C0335082,0,2,2
SPTCF49C0335086,0,2,2
SPTCF49C0335090,0,4,4
SPTCF49C0419078,0,122,122
SPTCF49C0419082,0,78,78
SPTCF49C0419086,0,82,82
SPTCF49C0419090,0,36,36
SPTCF49C0435078,0,72,72
SPTCF49C0435082,0,48,48
SPTCF49C0435086,0,58,58
SPTCF49C0435090,0,58,58
SPTCF49C0458078,0,28,28
SPTCF49C0458082,0,36,36
SPTCF49C0458086,0,42,42
SPTCF49C0458090,0,16,16
SPTCF49C0519075,0,116,116
SPTCF49C0519080,0,36,36
SPTCF49C0519085,0,28,28
SPTCF49C0519090,0,14,14
SPTCF49C0535075,0,48,48
SPTCF49C0535080,0,14,14
SPTCF49C0535085,0,12,12
SPTCF49C0535090,0,8,8
SPTCF49C0549075,0,74,74
SPTCF49C0549080,0,86,86
SPTCF49C0549085,0,52,52
SPTCF49C0549090,0,20,20
SPTCF49C0564075,0,14,14
SPTCF49C0564080,0,4,4
SPTCF49C0564090,0,4,4
SPTCF49C0822074,0,16,16
SPTCF49C0822078,0,6,6
SPTCF49C0822082,0,10,10
SPTCF49C0822086,0,14,14
SPTCF49C0822090,0,6,6
SPTCF49C0835074,0,12,12
SPTCF49C0835078,0,10,10
SPTCF49C0835082,0,8,8
SPTCF49C0835086,0,4,4
SPTCF49C0835090,0,8,8
SPTCF49C0849074,0,12,12
SPTCF49C0849078,0,6,6
SPTCF49C0849082,0,8,8
SPTCF49C0849086,0,8,8
SPTCF49C0849090,0,8,8
SPTCF49C9119078,0,6,6
SPTCF49C9164078,0,4,4
SPTCF49C9164082,0,6,6
SPTCF49C9164086,0,4,4
SPTCF49C9185078,0,4,4
SPTCF49C9185086,0,2,2
SPTCF49C9260082,0,6,6
SPTCF49C9260086,0,2,2
SPTCF49C92GI078,0,4,4
SPTCF49C92GI086,0,6,6
SPTCF49G0119064,0,52,52
SPTCF49G0119067,0,38,38
SPTCF49G0119070,0,24,24
SPTCF49G0119073,0,6,6
SPTCF49G0135064,0,6,6
SPTCF49G0135067,0,12,12
SPTCF49G0135070,0,2,2
SPTCF49G0135073,0,2,2
SPTCF49G0135075,0,2,2
SPTCF49G0139064,0,14,14
SPTCF49G0139067,0,14,14
SPTCF49G0139070,0,10,10
SPTCF49G0139073,0,8,8
SPTCF49G0185067,0,2,2
SPTCF49G0185070,0,2,2
SPTCF49G0185073,0,2,2
SPTCF49G0219064,0,56,56
SPTCF49G0219067,0,24,24
SPTCF49G0219070,0,36,36
SPTCF49G0219073,0,42,42
SPTCF49G0235064,0,20,20
SPTCF49G0235067,0,28,28
SPTCF49G0235070,0,40,40
SPTCF49G0235073,0,30,30
SPTCF49G0285064,0,20,20
SPTCF49G0285067,0,18,18
SPTCF49G0285070,0,30,30
SPTCF49G0285073,0,24,24
SPTCF49G0335067,0,2,2
SPTCF49G0339070,0,2,2
SPTCF49G0339073,0,2,2
SPTCF49G0410064,0,64,64
SPTCF49G0410067,0,68,68
SPTCF49G0410070,0,96,96
SPTCF49G0410073,0,110,110
SPTCF49G0419064,0,142,142
SPTCF49G0419067,0,162,162
SPTCF49G0419070,0,142,142
SPTCF49G0419073,0,132,132
SPTCF49G0435064,0,54,54
SPTCF49G0435067,0,20,20
SPTCF49G0435070,0,48,48
SPTCF49G0435073,0,40,40
SPTCF49G0485064,0,8,8
SPTCF49G0485067,0,64,64
SPTCF49G0485070,0,56,56
SPTCF49G0485073,0,54,54
SPTCF49G0519064,0,16,16
SPTCF49G0519067,0,4,4
SPTCF49G0519070,0,2,2
SPTCF49G0519073,0,2,2
SPTCF49G0539064,0,20,20
SPTCF49G0539067,0,8,8
SPTCF49G0539070,0,6,6
SPTCF49G0539073,0,6,6
SPTCF49G0610070,0,76,76
SPTCF49G0610075,0,88,88
SPTCF49G0610080,0,74,74
SPTCF49G0619070,0,38,38
SPTCF49G0619075,0,36,36
SPTCF49G0619080,0,42,42
SPTCF49G0685070,0,60,60
SPTCF49G0685075,0,88,88
SPTCF49G0685080,0,70,70
SPTCF49G9210070,0,2,2
SPTCF49G9210075,0,2,2
SPTCF49G9219075,0,2,2
SPTCF49G9251070,0,2,2
SPTCF49G9251080,0,2,2
SPTCF49G9285075,0,2,2
SPTCF49G9285080,0,2,2
SPTCF49KU164110,0,2,2
SPTCF49KU219110,0,20,20
SPTCF49KU219120,0,16,16
SPTCF49KU219130,0,20,20
SPTCF49KU219140,0,22,22
SPTCF49KU219150,0,16,16
SPTCF49KU219160,0,18,18
SPTCF49KU235110,0,18,18
SPTCF49KU235120,0,16,16
SPTCF49KU235130,0,56,56
SPTCF49KU235140,0,22,22
SPTCF49KU235150,0,22,22
SPTCF49KU235160,0,24,24
SPTCF49KU249110,0,14,14
SPTCF49KU249120,0,12,12
SPTCF49KU249130,0,24,24
SPTCF49KU249140,0,22,22
SPTCF49KU249150,0,14,14
SPTCF49KU249160,0,12,12
SPTCF49KU419110,0,4,4
SPTCF49KU419120,0,4,4
SPTCF49KU419130,0,10,10
SPTCF49KU419140,0,8,8
SPTCF49KU419150,0,14,14
SPTCF49KU419160,0,8,8
SPTCF49KU436140,0,2,2
SPTCF49KU959120,0,8,8
SPTCF49KU959130,0,10,10
SPTCF49KU959140,0,14,14
SPTCF49KU959150,0,24,24
SPTCF49KU959160,0,20,20
SPTCF49KU962120,0,10,10
SPTCF49KU962130,0,14,14
SPTCF49KU962140,0,18,18
SPTCF49KU962150,0,30,30
SPTCF49KU962160,0,40,40
SPTCF49M0119080,0,36,36
SPTCF49M0119085,0,74,74
SPTCF49M0119090,0,128,128
SPTCF49M0119095,0,26,26
SPTCF49M0149080,0,68,68
SPTCF49M0149085,0,104,104
SPTCF49M0149090,0,194,194
SPTCF49M0149095,0,28,28
SPTCF49M0160080,0,36,36
SPTCF49M0160085,0,60,60
SPTCF49M0160090,0,130,130
SPTCF49M0160095,0,24,24
SPTCF4TCY115080,0,6,6
SPTCF4TCY115085,0,6,6
SPTCF4TCY115090,0,12,12
SPTCF4TCY119090,0,4,4
SPTCF4TCY135090,0,2,2
SPTCF4TCY1PB080,0,8,8
SPTCF4TCY1PB085,0,6,6
SPTCF4TCY1PB090,0,10,10
SPTCF4TG9115070,0,14,14
SPTCF4TG9115075,0,12,12
SPTCF4TG9139070,0,8,8
SPTCF4TG9139075,0,10,10
SPTCF4TG9219070,0,16,16
SPTCF4TG9219075,0,22,22
SPTCF4TG9239070,0,40,40
SPTCF4TG9239075,0,30,30
SPTCF4TKU122110,0,24,24
SPTCF4TKU122120,0,20,20
SPTCF4TKU122130,0,34,34
SPTCF4TKU122140,0,20,20
SPTCF4TKU122150,0,16,16
SPTCF4TKU122160,0,22,22
SPTCF4TKU135110,0,24,24
SPTCF4TKU135120,0,24,24
SPTCF4TKU135130,0,30,30
SPTCF4TKU135140,0,28,28
SPTCF4TKU135150,0,32,32
SPTCF4TKU135160,0,24,24
SPTCF4TKU139110,0,18,18
SPTCF4TKU139120,0,12,12
SPTCF4TKU139130,0,26,26
SPTCF4TKU139140,0,20,20
SPTCF4TKU139150,0,22,22
SPTCF4TKU139160,0,14,14
SPTCF4TU0135075,0,32,32
SPTCF4TU0135080,0,48,48
SPTCF4TU0135085,0,32,32
SPTCF4TU0135090,0,14,14
SPTCF4TU0159075,0,20,20
SPTCF4TU0159080,0,10,10
SPTCF4TU0159085,0,4,4
SPTCF4TU0159090,0,6,6
SPTCF4VC0419075,0,164,164
SPTCF4VC0419080,0,74,74
SPTCF4VC0419085,0,58,58
SPTCF4VC0419090,0,76,76
SPTCF4VC0435075,0,322,322
SPTCF4VC0435080,0,112,112
SPTCF4VC0435085,0,148,148
SPTCF4VC0435090,0,78,78
SPTCF4VC0458075,0,232,232
SPTCF4VC0458080,0,56,56
SPTCF4VC0458085,0,22,22
SPTCF4VC0458090,0,26,26
SPTCF4VC0517075,0,162,162
SPTCF4VC0517080,0,80,80
SPTCF4VC0517085,0,68,68
SPTCF4VC0517090,0,48,48
SPTCF4VC0519075,0,122,122
SPTCF4VC0519080,0,58,58
SPTCF4VC0519085,0,42,42
SPTCF4VC0519090,0,22,22
SPTCF4VC0535075,0,104,104
SPTCF4VC0535080,0,60,60
SPTCF4VC0535085,0,42,42
SPTCF4VC0535090,0,90,90
SPTCF4VC0585075,0,98,98
SPTCF4VC0585080,0,40,40
SPTCF4VC0585085,0,30,30
SPTCF4VC0585090,0,66,66
SPTCF4VC1115074,0,192,192
SPTCF4VC1115076,0,192,192
SPTCF4VC1115078,0,138,138
SPTCF4VC1115080,0,142,142
SPTCF4VC1115082,0,154,154
SPTCF4VC1115086,0,148,148
SPTCF4VC1115090,0,206,206
SPTCF4VC1119074,0,152,152
SPTCF4VC1119076,0,150,150
SPTCF4VC1119078,0,108,108
SPTCF4VC1119080,0,138,138
SPTCF4VC1119082,0,146,146
SPTCF4VC1119086,0,94,94
SPTCF4VC1119090,0,158,158
SPTCF4VC1135074,0,198,198
SPTCF4VC1135076,0,220,220
SPTCF4VC1135078,0,144,144
SPTCF4VC1135080,0,220,220
SPTCF4VC1135082,0,210,210
SPTCF4VC1135086,0,144,144
SPTCF4VC1135090,0,270,270
SPTCF4VC1185074,0,102,102
SPTCF4VC1185076,0,92,92
SPTCF4VC1185078,0,36,36
SPTCF4VC1185080,0,60,60
SPTCF4VC1185082,0,92,92
SPTCF4VC1185086,0,80,80
SPTCF4VC1185090,0,120,120
SPTCF4VC1319074,0,208,208
SPTCF4VC1319078,0,234,234
SPTCF4VC1319082,0,114,114
SPTCF4VC1319086,0,36,36
SPTCF4VC1319090,0,72,72
SPTCF4VC1385074,0,414,414
SPTCF4VC1385078,0,402,402
SPTCF4VC1385082,0,398,398
SPTCF4VC1385086,0,196,196
SPTCF4VC1385090,0,132,132
SPTCF4VC1535075,0,100,100
SPTCF4VC1535080,0,48,48
SPTCF4VC1535085,0,22,22
SPTCF4VC1535090,0,60,60
SPTCF4VC1549075,0,290,290
SPTCF4VC1549080,0,108,108
SPTCF4VC1549085,0,96,96
SPTCF4VC1549090,0,66,66
SPTCF4VC1560075,0,124,124
SPTCF4VC1560080,0,62,62
SPTCF4VC1560085,0,44,44
SPTCF4VC1560090,0,42,42
SPTCF4VC1585075,0,292,292
SPTCF4VC1585080,0,114,114
SPTCF4VC1585085,0,42,42
SPTCF4VC1585090,0,70,70
SPTCF4VC9119078,0,10,10
SPTCF4VC9119082,0,12,12
SPTCF4VC9119086,0,10,10
SPTCF4VC9185078,0,14,14
SPTCF4VC9185082,0,22,22
SPTCF4VC9185086,0,10,10
SPTCF4VC9219075,0,8,8
SPTCF4VC9219080,0,6,6
SPTCF4VC9219085,0,14,14
SPTCF4VC9264075,0,24,24
SPTCF4VC9264080,0,16,16
SPTCF4VC9264085,0,8,8
SPTCF4VCY119075,0,18,18
SPTCF4VCY119080,0,8,8
SPTCF4VCY119085,0,10,10
SPTCF4VCY119090,0,10,10
SPTCF4VCY135075,0,60,60
SPTCF4VCY135080,0,32,32
SPTCF4VCY135085,0,32,32
SPTCF4VCY135090,0,28,28
SPTCF4VCY149075,0,40,40
SPTCF4VCY149080,0,8,8
SPTCF4VCY149085,0,12,12
SPTCF4VCY149090,0,6,6
SPTCF4VCY185075,0,6,6
SPTCF4VCY185080,0,2,2
SPTCF4VG0125064,0,94,94
SPTCF4VG0125067,0,110,110
SPTCF4VG0125070,0,120,120
SPTCF4VG0125073,0,64,64
SPTCF4VG0139064,0,72,72
SPTCF4VG0139067,0,76,76
SPTCF4VG0139070,0,84,84
SPTCF4VG0139073,0,90,90
SPTCF4VG0219064,0,142,142
SPTCF4VG0219067,0,82,82
SPTCF4VG0219070,0,44,44
SPTCF4VG0219073,0,28,28
SPTCF4VG0219075,0,14,14
SPTCF4VG0239064,0,124,124
SPTCF4VG0239067,0,74,74
SPTCF4VG0239070,0,104,104
SPTCF4VG0239073,0,86,86
SPTCF4VG0239075,0,54,54
SPTCF4VG0260064,0,344,344
SPTCF4VG0260067,0,240,240
SPTCF4VG0260070,0,164,164
SPTCF4VG0260073,0,66,66
SPTCF4VG0260075,0,36,36
SPTCF4VG0285064,0,112,112
SPTCF4VG0285067,0,66,66
SPTCF4VG0285070,0,52,52
SPTCF4VG0285073,0,30,30
SPTCF4VG0285075,0,30,30
SPTCF4VG1111064,0,24,24
SPTCF4VG1111067,0,26,26
SPTCF4VG1111070,0,16,16
SPTCF4VG1111073,0,2,2
SPTCF4VG1111075,0,2,2
SPTCF4VG1135064,0,138,138
SPTCF4VG1135067,0,108,108
SPTCF4VG1135070,0,86,86
SPTCF4VG1135073,0,92,92
SPTCF4VG1135075,0,72,72
SPTCF4VG1139064,0,24,24
SPTCF4VG1139067,0,16,16
SPTCF4VG1139070,0,22,22
SPTCF4VG1139073,0,48,48
SPTCF4VG1139075,0,22,22
SPTCF4VG1159064,0,70,70
SPTCF4VG1159067,0,44,44
SPTCF4VG1159070,0,12,12
SPTCF4VG1159073,0,30,30
SPTCF4VG1159075,0,16,16
SPTCF4VG1160064,0,130,130
SPTCF4VG1160067,0,106,106
SPTCF4VG1160070,0,42,42
SPTCF4VG1160073,0,32,32
SPTCF4VG1160075,0,26,26
SPTCF4VG1185064,0,252,252
SPTCF4VG1185067,0,154,154
SPTCF4VG1185070,0,126,126
SPTCF4VG1185073,0,86,86
SPTCF4VG1185075,0,92,92
SPTCF4VG1219064,0,88,88
SPTCF4VG1219067,0,72,72
SPTCF4VG1219070,0,52,52
SPTCF4VG1219073,0,34,34
SPTCF4VG1235064,0,176,176
SPTCF4VG1235067,0,152,152
SPTCF4VG1235070,0,142,142
SPTCF4VG1235073,0,108,108
SPTCF4VG1335064,0,98,98
SPTCF4VG1335067,0,28,28
SPTCF4VG1335070,0,10,10
SPTCF4VG1335073,0,26,26
SPTCF4VG1337064,0,144,144
SPTCF4VG1337067,0,144,144
SPTCF4VG1337070,0,122,122
SPTCF4VG1337073,0,84,84
SPTCF4VG1339064,0,74,74
SPTCF4VG1339067,0,14,14
SPTCF4VG1339070,0,4,4
SPTCF4VG1339073,0,20,20
SPTCF4VG1360064,0,196,196
SPTCF4VG1360067,0,164,164
SPTCF4VG1360070,0,86,86
SPTCF4VG1360073,0,84,84
SPTCF4VG1385064,0,208,208
SPTCF4VG1385067,0,130,130
SPTCF4VG1385070,0,76,76
SPTCF4VG1385073,0,102,102
SPTCF4VGS135070,0,28,28
SPTCF4VGS135075,0,66,66
SPTCF4VGS135080,0,122,122
SPTCF4VGS139070,0,34,34
SPTCF4VGS139075,0,112,112
SPTCF4VGS139080,0,182,182
SPTCF4VGS160070,0,4,4
SPTCF4VGS160075,0,42,42
SPTCF4VGS160080,0,78,78
SPTCF4VKU119110,0,138,138
SPTCF4VKU119120,0,74,74
SPTCF4VKU119130,0,90,90
SPTCF4VKU119140,0,46,46
SPTCF4VKU119150,0,24,24
SPTCF4VKU175110,0,82,82
SPTCF4VKU175120,0,70,70
SPTCF4VKU175130,0,36,36
SPTCF4VKU175140,0,38,38
SPTCF4VKU175150,0,40,40
SPTCFA9C0122074,0,14,14
SPTCFA9C0122076,0,32,32
SPTCFA9C0122078,0,30,30
SPTCFA9C0122080,0,28,28
SPTCFA9C0122082,0,28,28
SPTCFA9C0122086,0,16,16
SPTCFA9C0122090,0,38,38
SPTCFA9C0137074,0,32,32
SPTCFA9C0137076,0,80,80
SPTCFA9C0137078,0,100,100
SPTCFA9C0137080,0,62,62
SPTCFA9C0137082,0,62,62
SPTCFA9C0137086,0,46,46
SPTCFA9C0137090,0,54,54
SPTCFA9C0158074,0,54,54
SPTCFA9C0158076,0,124,124
SPTCFA9C0158078,0,130,130
SPTCFA9C0158080,0,78,78
SPTCFA9C0158082,0,84,84
SPTCFA9C0158086,0,34,34
SPTCFA9C0158090,0,56,56
SPTCFA9C0160074,0,14,14
SPTCFA9C0160076,0,72,72
SPTCFA9C0160078,0,82,82
SPTCFA9C0160080,0,38,38
SPTCFA9C0160082,0,46,46
SPTCFA9C0160086,0,24,24
SPTCFA9C0160090,0,34,34
SPTCFA9C0235074,0,122,122
SPTCFA9C0235076,0,156,156
SPTCFA9C0235078,0,118,118
SPTCFA9C0235080,0,134,134
SPTCFA9C0235082,0,126,126
SPTCFA9C0235086,0,142,142
SPTCFA9C0235090,0,146,146
SPTCFA9C0237074,0,92,92
SPTCFA9C0237076,0,96,96
SPTCFA9C0237078,0,82,82
SPTCFA9C0237080,0,72,72
SPTCFA9C0237082,0,68,68
SPTCFA9C0237086,0,84,84
SPTCFA9C0237090,0,60,60
SPTCFA9C0259074,0,128,128
SPTCFA9C0259076,0,112,112
SPTCFA9C0259078,0,116,116
SPTCFA9C0259080,0,84,84
SPTCFA9C0259082,0,124,124
SPTCFA9C0259086,0,116,116
SPTCFA9C0259090,0,100,100
SPTCFA9C0260074,0,184,184
SPTCFA9C0260076,0,166,166
SPTCFA9C0260078,0,188,188
SPTCFA9C0260080,0,146,146
SPTCFA9C0260082,0,148,148
SPTCFA9C0260086,0,130,130
SPTCFA9C0260090,0,142,142
SPTCFA9C0619074,0,66,66
SPTCFA9C0619078,0,40,40
SPTCFA9C0619082,0,12,12
SPTCFA9C0619086,0,6,6
SPTCFA9C0619090,0,20,20
SPTCFA9C0635074,0,134,134
SPTCFA9C0635078,0,60,60
SPTCFA9C0635082,0,20,20
SPTCFA9C0635086,0,34,34
SPTCFA9C0635090,0,4,4
SPTCFA9C0649074,0,140,140
SPTCFA9C0649078,0,72,72
SPTCFA9C0649082,0,34,34
SPTCFA9C0649086,0,28,28
SPTCFA9C0649090,0,16,16
SPTCFA9C0719074,0,4,4
SPTCFA9C0719082,0,2,2
SPTCFA9C0719090,0,2,2
SPTCFA9C0735082,0,2,2
SPTCFA9C0759074,0,22,22
SPTCFA9C0759078,0,28,28
SPTCFA9C0759082,0,18,18
SPTCFA9C0759086,0,10,10
SPTCFA9C0759090,0,8,8
SPTCFA9C9135075,0,26,26
SPTCFA9C9135080,0,28,28
SPTCFA9C9135085,0,14,14
SPTCFA9C9135090,0,20,20
SPTCFA9C9159075,0,38,38
SPTCFA9C9159080,0,20,20
SPTCFA9C9159085,0,22,22
SPTCFA9C9159090,0,24,24
SPTCFA9W0210070,0,16,16
SPTCFA9W0210075,0,50,50
SPTCFA9W0235070,0,10,10
SPTCFA9W0235075,0,40,40
SPTCFA9W0235080,0,26,26
SPTCFA9W0285070,0,8,8
SPTCFA9W0285075,0,14,14
SPTCFA9W0285080,0,28,28
SPTCG23C0122082,0,2,2
SPTCG23C0122086,0,4,4
SPTCG23C0122090,0,2,2
SPTCG23C0137074,0,8,8
SPTCG23C0137078,0,18,18
SPTCG23C0137082,0,4,4
SPTCG23C0137086,0,8,8
SPTCG23C0137090,0,8,8
SPTCG23C0160074,0,2,2
SPTCG23C0160078,0,4,4
SPTCG23C0160086,0,4,4
SPTCG23C0164078,0,2,2
SPTCG23C0164082,0,2,2
SPTCG23C0164086,0,4,4
SPTCG23C0164090,0,4,4
SPTCG23C0219074,0,4,4
SPTCG23C0219078,0,4,4
SPTCG23C0219082,0,6,6
SPTCG23C0219086,0,6,6
SPTCG23C0219090,0,4,4
SPTCG23C0236078,0,4,4
SPTCG23C0236082,0,20,20
SPTCG23C0236090,0,16,16
SPTCG23C0319074,0,10,10
SPTCG23C0319078,0,16,16
SPTCG23C0319082,0,20,20
SPTCG23C0319086,0,28,28
SPTCG23C0319090,0,30,30
SPTCG23C0336074,0,2,2
SPTCG23C0336078,0,44,44
SPTCG23C0336086,0,20,20
SPTCG23C0336090,0,6,6
SPTCG23C0360078,0,14,14
SPTCG23C0360082,0,6,6
SPTCG23C0360086,0,12,12
SPTCG23C0360090,0,16,16
SPTCG23C0385074,0,2,2
SPTCG23C0385078,0,16,16
SPTCG23C0385082,0,34,34
SPTCG23C0385086,0,22,22
SPTCG23C0385090,0,12,12
SPTCG23CY160074,0,2,2
SPTCG23G0110061,0,8,8
SPTCG23G0110064,0,6,6
SPTCG23G0110067,0,6,6
SPTCG23G0110070,0,16,16
SPTCG23G0110073,0,6,6
SPTCG23G0110078,0,8,8
SPTCG23G0119061,0,10,10
SPTCG23G0119064,0,14,14
SPTCG23G0119067,0,14,14
SPTCG23G0119070,0,20,20
SPTCG23G0119073,0,8,8
SPTCG23G0119075,0,6,6
SPTCG23G0135061,0,2,2
SPTCG23G0135067,0,12,12
SPTCG23G0135070,0,6,6
SPTCG23G0135073,0,2,2
SPTCG23G0135075,0,30,30
SPTCG23G0185061,0,2,2
SPTCG23G0185064,0,6,6
SPTCG23G0185073,0,6,6
SPTCG23G0185075,0,6,6
SPTCG23G0185078,0,12,12
SPTCG23G0210067,0,8,8
SPTCG23G0210070,0,2,2
SPTCG23G0210073,0,6,6
SPTCG23G0210075,0,36,36
SPTCG23G0215064,0,2,2
SPTCG23G0215067,0,2,2
SPTCG23G0219067,0,16,16
SPTCG23G0219073,0,44,44
SPTCG23G0219075,0,4,4
SPTCG23G0235067,0,12,12
SPTCG23G0235073,0,42,42
SPTCG23G0235075,0,10,10
SPTCG23G0285067,0,2,2
SPTCG23G0285070,0,8,8
SPTCG23G0285073,0,10,10
SPTCG23G0285075,0,6,6
SPTCG23G0319064,0,2,2
SPTCG23G0319073,0,2,2
SPTCG23G0336064,0,2,2
SPTCG23G0336067,0,2,2
SPTCG23G0336070,0,4,4
SPTCG23G0336073,0,4,4
SPTCG23G0435067,0,4,4
SPTCG23G0435070,0,8,8
SPTCG23G0439064,0,8,8
SPTCG23G0439067,0,2,2
SPTCG23G0439070,0,2,2
SPTCG23G0439073,0,2,2
SPTCG23G0519064,0,2,2
SPTCG23G0519067,0,2,2
SPTCG23KU115140,0,2,2
SPTCG23KU119160,0,2,2
SPTCG23KU435110,0,12,12
SPTCG23KU435130,0,22,22
SPTCG23KU435140,0,42,42
SPTCG23KU435150,0,64,64
SPTCG23KU435160,0,56,56
SPTCG23KU449110,0,12,12
SPTCG23KU449120,0,22,22
SPTCG23KU449130,0,14,14
SPTCG23KU449140,0,30,30
SPTCG23KU449150,0,22,22
SPTCG23KU449160,0,22,22
SPTCG23M0119085,0,2,2
SPTCG23M0135080,0,14,14
SPTCG23M0135090,0,4,4
SPTCG23M0160080,0,2,2
SPTCG24C0119085,0,2,2
SPTCG24C0119095,0,4,4
SPTCG24C0137095,0,6,6
SPTCG24C0236075,0,2,2
SPTCG24C0236090,0,2,2
SPTCG24C0249075,0,2,2
SPTCG24C0249095,0,6,6
SPTCG24C0259080,0,2,2
SPTCG24C0260080,0,2,2
SPTCG24C0260085,0,2,2
SPTCG24C0260090,0,2,2
SPTCG24G9110075,0,2,2
SPTCG24G9119075,0,50,50
SPTCG24G9235070,0,2,2
SPTCG24KU116120,0,56,56
SPTCG24KU116130,0,4,4
SPTCG24KU116140,0,4,4
SPTCG24KU116150,0,4,4
SPTCG24KU116160,0,4,4
SPTCG24KU319160,0,2,2
SPTCG24KU351130,0,6,6
SPTCG24KU351140,0,6,6
SPTCG24KU376130,0,4,4
SPTCG24KU376140,0,6,6
SPTCG24KU376150,0,6,6
SPTCG24KU376160,0,4,4
SPTCG24KU919130,0,42,42
SPTCG24KU919140,0,16,16
SPTCG24KU919150,0,8,8
SPTCG24KU919160,0,20,20
SPTCG24KU919170,0,10,10
SPTCG24KU926120,0,10,10
SPTCG24KU926130,0,2,2
SPTCG24KU926150,0,26,26
SPTCG24KU926160,0,2,2
SPTCG24KU926170,0,32,32
SPTCG24W9119070,0,2,2
SPTCG24W9135075,0,2,2
SPTCG24W9159080,0,4,4
SPTCG25C1215080,0,2,2
SPTCG25C1215090,0,2,2
SPTCG25C1219075,0,90,90
SPTCG25C1219080,0,2,2
SPTCG25C1219085,0,2,2
SPTCG25C1219095,0,4,4
SPTCG25C1235080,0,2,2
SPTCG25C1235085,0,2,2
SPTCG25C1235090,0,2,2
SPTCG25C1419075,0,12,12
SPTCG25C1419085,0,10,10
SPTCG25C1460085,0,2,2
SPTCG25C1460090,0,46,46
SPTCG25G0110067,0,2,2
SPTCG25G0110070,0,2,2
SPTCG25G0110073,0,6,6
SPTCG25G0110075,0,2,2
SPTCG25G0110078,0,2,2
SPTCG25G0119070,0,4,4
SPTCG25G0159067,0,2,2
SPTCG25G0159078,0,16,16
SPTCG25G0164064,0,2,2
SPTCG25G0164070,0,2,2
SPTCG25G0185073,0,2,2
SPTCG25G0210067,0,2,2
SPTCG25G0210070,0,22,22
SPTCG25G0210073,0,10,10
SPTCG25G0219070,0,4,4
SPTCG25G0235067,0,2,2
SPTCG25G0319070,0,12,12
SPTCG25G0319075,0,12,12
SPTCG25G0319080,0,12,12
SPTCG25G0319085,0,12,12
SPTCG25G0339070,0,12,12
SPTCG25G0339080,0,12,12
SPTCG25G0339085,0,12,12
SPTCG25G1110070,0,10,10
SPTCG25G1110075,0,2,2
SPTCG25G1110080,0,18,18
SPTCG25G1119070,0,8,8
SPTCG25G1125070,0,26,26
SPTCG25G1125075,0,2,2
SPTCG25G1125080,0,2,2
SPTCG25G1160065,0,18,18
SPTCG25G1160070,0,14,14
SPTCG25G1160075,0,4,4
SPTCG25G1160080,0,8,8
SPTCG25G1215065,0,2,2
SPTCG25G1215075,0,4,4
SPTCG25G1219065,0,4,4
SPTCG25G1219075,0,2,2
SPTCG25G1219080,0,2,2
SPTCG25G1264070,0,8,8
SPTCG25G1264075,0,2,2
SPTCG25W0119067,0,2,2
SPTCG37C0159082,0,2,2
SPTCG37C0159086,0,2,2
SPTCG37C0415075,0,494,494
SPTCG37C0415080,0,364,364
SPTCG37C0415085,0,452,452
SPTCG37C0415090,0,350,350
SPTCG37C0415095,0,36,36
SPTCG37C0419075,0,304,304
SPTCG37C0419080,0,204,204
SPTCG37C0419085,0,238,238
SPTCG37C0419090,0,168,168
SPTCG37C0435075,0,876,876
SPTCG37C0435080,0,982,982
SPTCG37C0435085,0,806,806
SPTCG37C0435090,0,534,534
SPTCG37C0435095,0,270,270
SPTCG37C0449085,0,2,2
SPTCG37G0119070,0,2,2
SPTCG37G0164070,0,2,2
SPTCG37G01BU065,0,798,798
SPTCG37G01BU070,0,698,698
SPTCG37G01BU075,0,536,536
SPTCG37G01BU080,0,364,364
SPTCG37G3010073,0,2,2
SPTCG37G3019064,0,40,40
SPTCG37G3019067,0,100,100
SPTCG37G3119075,0,2,2
SPTCG37G9010070,0,6,6
SPTCG37G9010075,0,78,78
SPTCG37G9019080,0,10,10
SPTCG37G9036075,0,22,22
SPTCG37G9036080,0,4,4
SPTCG37G9060070,0,68,68
SPTCG37G9060075,0,182,182
SPTCG37G9060080,0,88,88
SPTCG37G9110075,0,2,2
SPTCG37G9116070,0,294,294
SPTCG37G9116075,0,226,226
SPTCG37G9116080,0,292,292
SPTCG37G9119070,0,328,328
SPTCG37G9119075,0,296,296
SPTCG37G9119080,0,418,418
SPTCG38G9010075,0,76,76
SPTCG38G9019070,0,22,22
SPTCG38G9733075,0,48,48
SPTCG38G9836075,0,14,14
SPTCG38G9836080,0,6,6
SPTCG49C0249075,0,4,4
SPTCG49C0249080,0,4,4
SPTCG49C0249085,0,6,6
SPTCG49C0249090,0,4,4
SPTCG49C0249095,0,4,4
SPTCG49C0335074,0,360,360
SPTCG49C0335078,0,192,192
SPTCG49C0335082,0,420,420
SPTCG49C0335086,0,324,324
SPTCG49C0335090,0,84,84
SPTCG49G0210061,0,4,4
SPTCG49G0210064,0,4,4
SPTCG49G0210070,0,4,4
SPTCG49G0210073,0,4,4
SPTCG49G0210075,0,4,4
SPTCG49G0219061,0,4,4
SPTCG49G0219064,0,4,4
SPTCG49G0219067,0,2,2
SPTCG49G0219070,0,4,4
SPTCG49G0219073,0,4,4
SPTCG49G0219075,0,4,4
SPTCG49G0236061,0,4,4
SPTCG49G0236064,0,4,4
SPTCG49G0236067,0,2,2
SPTCG49G0236070,0,4,4
SPTCG49G0236073,0,4,4
SPTCG49G0236075,0,4,4
SPTCG49G0285061,0,4,4
SPTCG49G0285064,0,4,4
SPTCG49G0285067,0,2,2
SPTCG49G0285070,0,4,4
SPTCG49G0285073,0,4,4
SPTCG49G0285075,0,4,4
SPTCGA9C0203074,0,8,8
SPTCGA9C0203082,0,18,18
SPTCGA9C0203086,0,10,10
SPTCGA9C0235074,0,8,8
SPTCGA9C0235078,0,6,6
SPTCGA9C0235086,0,18,18
SPTCGA9C0235090,0,6,6
SPTCGA9C0236074,0,12,12
SPTCGA9C0236078,0,14,14
SPTCGA9C0236082,0,14,14
SPTCGA9C0236086,0,4,4
SPTCGA9C0236090,0,8,8
SPTCGA9CS103086,0,4,4
SPTCGA9CS160082,0,2,2
SPTCGA9GS119070,0,2,2
SPTCGA9GS139070,0,2,2
SPTHE26C0149090,0,2,2
SPTHE37C0117075,0,2,2
SPTHE37C1119075,0,6,6
SPTHE37C1217085,0,2,2
SPTHE37C1217095,0,2,2
SPTHE37C1219085,0,2,2
SPTHE37C1219095,0,2,2
SPTHE37C1235085,0,2,2
SPTHE37C2449075,0,2,2
SPTHE37G0119070,0,2,2
SPTHE37M0103085,0,4,4
SPTHE37M0103090,0,2,2
SPTHE37M0119090,0,2,2
SPTHE37M0119095,0,4,4
SPTHE37M0285090,0,2,2
SPTHF24C0235080,0,2,2
SPTHF24C0335085,0,2,2
SPTHF24C0349075,0,2,2
SPTHF24C0349080,0,2,2
SPTHF24G1149080,0,4,4
SPTHF37C0117075,0,2,2
SPTHF37C0135085,0,4,4
SPTHF37C0164075,0,2,2
SPTHF37C0185075,0,2,2
SPTHF37C0185080,0,2,2
SPTHF37C0185085,0,2,2
SPTHF37C0185090,0,2,2
SPTHF37C1116085,0,2,2
SPTHF37C2151075,0,4,4
SPTHF37C2219080,0,12,12
SPTHF37C2249095,0,2,2
SPTHF37G0262070,0,2,2
SPTHF37G1239070,0,2,2
SPTHF37KU135130,0,2,2
SPTHF37M0119080,0,2,2
SPTHF37M0119090,0,2,2
SPTHF37M0135080,0,2,2
SPTHF37M0135085,0,4,4
SPTHF37M0135090,0,2,2
SPTHF37M0135095,0,2,2
SPTHF37M0160080,0,4,4
SPTHF37M0160085,0,2,2
SPTHF37M0160090,0,4,4
SPTHF37M0164080,0,2,2
SPTHF37M0164085,0,4,4
SPTHF37M0164090,0,2,2
SPTHF37M01AC080,0,4,4
SPTHF37M01AC085,0,2,2
SPTHF37M01AC090,0,4,4
SPTHF37M01AC095,0,2,2
SPTHF38U0240100,0,2,2
SPTHF49C0137074,0,26,26
SPTHF49C0137078,0,32,32
SPTHF49C0137082,0,30,30
SPTHF49C0137086,0,28,28
SPTHF49C0137090,0,16,16
SPTHF49C0160074,0,24,24
SPTHF49C0160078,0,32,32
SPTHF49C0160082,0,26,26
SPTHF49C0160086,0,12,12
SPTHF49C0160090,0,14,14
SPTHF49C9019090,0,2,2
SPTHF49G9164070,0,4,4
SPTHF49G9164075,0,4,4
SPTHF49G9184070,0,2,2
SPTHF49G9184075,0,2,2
SPTHF4TU0185090,0,4,4
SPTHF4TU0199090,0,2,2
SPTHF4TU0199095,0,2,2
SPTHF4TU0199100,0,2,2
SPTHF4TW0619070,0,140,140
SPTHF4TW0619075,0,64,64
SPTHF4TW0619080,0,42,42
SPTHF4TW06AC070,0,114,114
SPTHF4TW06AC075,0,22,22
SPTHF4TW06AC080,0,26,26
SPTHF4VGY119064,0,44,44
SPTHF4VGY119067,0,28,28
SPTHF4VGY119070,0,26,26
SPTHF4VGY119073,0,20,20
SPTHF4VGY135064,0,114,114
SPTHF4VGY135067,0,128,128
SPTHF4VGY135070,0,128,128
SPTHF4VGY135073,0,132,132
SPTHF4VGY185064,0,42,42
SPTHF4VGY185067,0,26,26
SPTHF4VGY185070,0,20,20
SPTHF4VGY185073,0,22,22
SPTHFA9C9135075,0,20,20
SPTHFA9C9135080,0,20,20
SPTHFA9C9135085,0,22,22
SPTHFA9C9135090,0,8,8
SPTHFA9C9151075,0,22,22
SPTHFA9C9151080,0,30,30
SPTHFA9C9151085,0,18,18
SPTHFA9C9151090,0,4,4
SPTHFA9C9159075,0,66,66
SPTHFA9C9159080,0,54,54
SPTHFA9C9159085,0,48,48
SPTHFA9C9159090,0,50,50
SPTHG11G9039070,0,34,34
SPTHG11G9039075,0,50,50
SPTHG11G9039080,0,40,40
SPTHG11G9085070,0,32,32
SPTHG11G9085075,0,22,22
SPTHG11G9085080,0,46,46
SPTHG12W9119075,0,4,4
SPTHG12W9119080,0,2,2
SPTHG12W9285075,0,2,2
SPTHG23WY117070,0,2,2
SPTHG23WY160070,0,2,2
SPTHG24KU251160,0,10,10
SPTHG24KU335120,0,30,30
SPTHG24KU335130,0,16,16
SPTHG24KU335140,0,24,24
SPTHG24KU335150,0,20,20
SPTHG24KU335160,0,20,20
SPTHG24KU349120,0,20,20
SPTHG24KU349140,0,10,10
SPTHG24KU349160,0,20,20
SPTHG25C2119085,0,2,2
SPTHG25C2135085,0,2,2
SPTHG25C2160085,0,2,2
SPTHG25G0119070,0,2,2
SPTHG37C0119095,0,10,10
SPTHG37C0135075,0,4,4
SPTHG37C0135085,0,2,2
SPTHG37C0185075,0,2,2
SPTHG37C0185080,0,16,16
SPTHG37C0185085,0,16,16
SPTHG37C0185090,0,2,2
SPTHG37C0219075,0,4,4
SPTHG37C0219095,0,6,6
SPTHG37C0235090,0,2,2
SPTHG37C0235095,0,2,2
SPTHG37C1117085,0,48,48
SPTHG37C1117090,0,28,28
SPTHG37C1119080,0,4,4
SPTHG37C1119090,0,10,10
SPTHG37C1119095,0,36,36
SPTHG37C1135075,0,2,2
SPTHG37C1135085,0,2,2
SPTHG37C1151080,0,2,2
SPTHG37C1185080,0,2,2
SPTHG37C1185085,0,6,6
SPTHG37G0135070,0,4,4
SPTHG37G0135075,0,2,2
SPTHG37G0135080,0,4,4
SPTHG37G0159070,0,4,4
SPTHG37G0159075,0,4,4
SPTHG37G0159080,0,4,4
SPTHG37G1110070,0,1044,1044
SPTHG37G1110075,0,236,236
SPTHG37G1110085,0,2,2
SPTHG37G1115075,0,4,4
SPTHG37G1119070,0,8,8
SPTHG37G1125070,0,14,14
SPTHG37G1125075,0,6,6
SPTHG37G1184070,0,152,152
SPTHG37G1184075,0,68,68
SPTHG37G1210070,0,40,40
SPTHG37G1210080,0,32,32
SPTHG37G1229070,0,70,70
SPTHG37G1229080,0,6,6
SPTHG37G1259075,0,44,44
SPTHG37G1259080,0,32,32
SPTHG37KG151130,0,14,14
SPTHG37KG151140,0,12,12
SPTHG37KU225140,0,2,2
SPTIEA9A7117999,0,20,20
SPTIEA9A7159999,0,20,20
SPTIFA9A5117999,0,2,2
SPTIFA9A5119999,0,4,4
SPTIFA9A5159999,0,12,12
SPTJE23C4157078,0,2,2
SPTJE23C5110076,0,2,2
SPTJE23C5155080,0,2,2
SPTJE23C5156076,0,6,6
SPTJE23C5156080,0,2,2
SPTJE23C5156082,0,2,2
SPTJE23C5156086,0,2,2
SPTJE23C5159082,0,2,2
SPTJE23C5159086,0,10,10
SPTJE23C5256074,0,4,4
SPTJE23C5256078,0,4,4
SPTJE23C5256082,0,2,2
SPTJE23C5259074,0,6,6
SPTJE23C5259078,0,4,4
SPTJE23C5259082,0,4,4
SPTJE23C5259086,0,4,4
SPTJE23C5259090,0,4,4
SPTJE23G0510070,0,2,2
SPTJE23G3117064,0,14,14
SPTJE23G3117067,0,4,4
SPTJE23G3117070,0,2,2
SPTJE23G3117073,0,2,2
SPTJE23G3117075,0,2,2
SPTJE23G3117078,0,2,2
SPTJE23G3156064,0,12,12
SPTJE23G3156067,0,16,16
SPTJE23G3159064,0,12,12
SPTJE23G3159067,0,6,6
SPTJE23G3159070,0,2,2
SPTJE23G3159073,0,4,4
SPTJE23G3164064,0,8,8
SPTJE23G3164067,0,10,10
SPTJE23G3164070,0,2,2
SPTJE23G3164073,0,4,4
SPTJE23G61A3064,0,2,2
SPTJE23KU159140,0,2,2
SPTJE24C5517085,0,4,4
SPTJE24C5559085,0,4,4
SPTJE24KU155110,0,4,4
SPTJE24KU156110,0,4,4
SPTJE25G1119064,0,4,4
SPTJE25G1119067,0,2,2
SPTJE25G1119070,0,4,4
SPTJE25G1119073,0,2,2
SPTJE25G1119075,0,2,2
SPTJE25G5155064,0,2,2
SPTJE37C5559085,0,2,2
SPTJE38C91VI082,0,2,2
SPTJE38G9217067,0,14,14
SPTJE38G9217070,0,18,18
SPTJE38G9217073,0,12,12
SPTJE49C4159076,0,6,6
SPTJE49C5110086,0,2,2
SPTJE49C5157074,0,2,2
SPTJE49C5159076,0,2,2
SPTJE49C51VI082,0,2,2
SPTJE49G3117064,0,16,16
SPTJE49G3157064,0,2,2
SPTJE49G3164064,0,14,14
SPTJE49G3164067,0,6,6
SPTJE49G3164070,0,2,2
SPTJE49G6119064,0,4,4
SPTJE49G6119067,0,4,4
SPTJE49G6119070,0,2,2
SPTJE49G6159070,0,2,2
SPTJE49G61A3067,0,2,2
SPTJE49G61A3073,0,2,2
SPTJE49G6219064,0,2,2
SPTJE49G6717064,0,2,2
SPTJE49G9119070,0,2,2
SPTJE49G9119075,0,4,4
SPTJE49KG3A3120,0,2,2
SPTJE49KG456120,0,2,2
SPTJE49KU156160,0,2,2
SPTJE49KU217120,0,2,2
SPTJE4VC4119076,0,2,2
SPTJE4VC4164074,0,2,2
SPTJE4VC4164076,0,2,2
SPTJE4VC4164080,0,2,2
SPTJE4VC4164082,0,2,2
SPTJE4VC4164086,0,4,4
SPTJE4VC4164090,0,4,4
SPTJE4VC5155080,0,2,2
SPTJE4VG3159070,0,2,2
SPTJE4VG6119064,0,2,2
SPTJE4VG6119073,0,2,2
SPTJE4VG6119078,0,2,2
SPTJE4VG6155064,0,2,2
SPTJE4VG61VI075,0,2,2
SPTJE4VG61VI078,0,2,2
SPTJE4VKU259110,0,4,4
SPTJEA9C1155074,0,46,46
SPTJEA9C1155076,0,64,64
SPTJEA9C1155078,0,50,50
SPTJEA9C1155080,0,68,68
SPTJEA9C1155082,0,40,40
SPTJEA9C1155086,0,60,60
SPTJEA9C1155090,0,38,38
SPTJEA9C1156074,0,90,90
SPTJEA9C1156076,0,68,68
SPTJEA9C1156078,0,50,50
SPTJEA9C1156080,0,60,60
SPTJEA9C1156082,0,62,62
SPTJEA9C1156086,0,38,38
SPTJEA9C1156090,0,26,26
SPTJEA9C2155074,0,20,20
SPTJEA9C2155076,0,30,30
SPTJEA9C2155078,0,26,26
SPTJEA9C2155080,0,16,16
SPTJEA9C2155082,0,4,4
SPTJEA9C2155086,0,18,18
SPTJEA9C2155090,0,10,10
SPTJEA9C2157074,0,70,70
SPTJEA9C2157076,0,34,34
SPTJEA9C2157078,0,52,52
SPTJEA9C2157080,0,30,30
SPTJEA9C2157082,0,12,12
SPTJEA9C2157086,0,22,22
SPTJEA9C2157090,0,8,8
SPTJEA9C2159074,0,34,34
SPTJEA9C2159076,0,52,52
SPTJEA9C2159078,0,80,80
SPTJEA9C2159080,0,72,72
SPTJEA9C2159082,0,44,44
SPTJEA9C2159086,0,14,14
SPTJEA9C2159090,0,16,16
SPTJEA9C2164074,0,40,40
SPTJEA9C2164076,0,34,34
SPTJEA9C2164078,0,28,28
SPTJEA9C2164080,0,40,40
SPTJEA9C2164082,0,82,82
SPTJEA9C2164086,0,68,68
SPTJEA9C2164090,0,30,30
SPTJEA9G1119061,0,140,140
SPTJEA9G1119064,0,84,84
SPTJEA9G1119067,0,66,66
SPTJEA9G1119070,0,70,70
SPTJEA9G1119073,0,40,40
SPTJEA9G1119075,0,42,42
SPTJEA9G1119078,0,28,28
SPTJEA9G11A3061,0,138,138
SPTJEA9G11A3064,0,52,52
SPTJEA9G11A3067,0,34,34
SPTJEA9G11A3070,0,50,50
SPTJEA9G11A3073,0,60,60
SPTJEA9G11A3075,0,28,28
SPTJEA9G11A3078,0,24,24
SPTJEA9G5110064,0,126,126
SPTJEA9G5110067,0,38,38
SPTJEA9G5110070,0,36,36
SPTJEA9G5117064,0,42,42
SPTJEA9G5117067,0,28,28
SPTJEA9G5117070,0,4,4
SPTJEA9G5117073,0,2,2
SPTJEA9G5117075,0,10,10
SPTJEA9G5117078,0,2,2
SPTJEA9G5155064,0,70,70
SPTJEA9G5155067,0,12,12
SPTJEA9G5155070,0,4,4
SPTJEA9G5155073,0,20,20
SPTJEA9G5155075,0,30,30
SPTJEA9G5155078,0,6,6
SPTJEA9G5156064,0,154,154
SPTJEA9G5156067,0,58,58
SPTJEA9G5156070,0,4,4
SPTJEA9G5156073,0,22,22
SPTJEA9G5156075,0,24,24
SPTJEA9G5156078,0,26,26
SPTJEA9G5159064,0,88,88
SPTJEA9G5159067,0,90,90
SPTJEA9G5159070,0,52,52
SPTJEA9G5159073,0,12,12
SPTJEA9G5159075,0,78,78
SPTJEA9G5159078,0,22,22
SPTJEA9G51A3064,0,64,64
SPTJEA9G51A3067,0,8,8
SPTJEA9G51A3070,0,12,12
SPTJEA9G51A3073,0,8,8
SPTJEA9G51A3075,0,26,26
SPTJEA9G51A3078,0,10,10
SPTJEA9G51VB064,0,56,56
SPTJEA9G51VB067,0,84,84
SPTJEA9G51VB070,0,32,32
SPTJEA9G51VB073,0,26,26
SPTJEA9G51VB075,0,88,88
SPTJEA9G51VB078,0,14,14
SPTJEA9G51VI064,0,10,10
SPTJEA9G51VI067,0,6,6
SPTJEA9G51VI070,0,4,4
SPTJEA9G51VI073,0,32,32
SPTJEA9G51VI075,0,18,18
SPTJEA9G51VI078,0,24,24
SPTJEA9G6117064,0,58,58
SPTJEA9G6117067,0,34,34
SPTJEA9G6117070,0,24,24
SPTJEA9G6117073,0,4,4
SPTJEA9G6117078,0,10,10
SPTJEA9G6155064,0,30,30
SPTJEA9G6155067,0,10,10
SPTJEA9G6155070,0,4,4
SPTJEA9G6155073,0,2,2
SPTJEA9G6156064,0,12,12
SPTJEA9G6156070,0,2,2
SPTJEA9G6159064,0,18,18
SPTJEA9G6159067,0,8,8
SPTJEA9G6159070,0,12,12
SPTJF23C4156086,0,6,6
SPTJF23C4157076,0,2,2
SPTJF23C4157080,0,2,2
SPTJF23C4157082,0,4,4
SPTJF23C4157086,0,4,4
SPTJF23C4159078,0,6,6
SPTJF23C4159082,0,2,2
SPTJF23C4164074,0,2,2
SPTJF23C4164076,0,4,4
SPTJF23C4164078,0,2,2
SPTJF23C4164080,0,2,2
SPTJF23C4164082,0,4,4
SPTJF23C4164086,0,6,6
SPTJF23C5117078,0,2,2
SPTJF23C5117082,0,4,4
SPTJF23C5117086,0,2,2
SPTJF23C5117090,0,2,2
SPTJF23C5119076,0,36,36
SPTJF23C5119078,0,2,2
SPTJF23C5155076,0,2,2
SPTJF23C5155086,0,2,2
SPTJF23C5156086,0,2,2
SPTJF23C5159076,0,2,2
SPTJF23C5159082,0,2,2
SPTJF23C5159086,0,2,2
SPTJF23C51A3074,0,2,2
SPTJF23C51A3082,0,2,2
SPTJF23C5617078,0,2,2
SPTJF23C5657086,0,2,2
SPTJF23C56VI078,0,4,4
SPTJF23C56VI086,0,2,2
SPTJF23C5817085,0,2,2
SPTJF23G3156061,0,22,22
SPTJF23G3156064,0,60,60
SPTJF23G3156067,0,40,40
SPTJF23G3156070,0,40,40
SPTJF23G3156075,0,46,46
SPTJF23G3156078,0,26,26
SPTJF23G3157061,0,60,60
SPTJF23G3157064,0,36,36
SPTJF23G3157067,0,48,48
SPTJF23G3157070,0,38,38
SPTJF23G3157073,0,6,6
SPTJF23G3157075,0,20,20
SPTJF23G3157078,0,22,22
SPTJF23G3159061,0,14,14
SPTJF23G3159073,0,10,10
SPTJF23G3159078,0,2,2
SPTJF23G3164064,0,4,4
SPTJF23G5657064,0,40,40
SPTJF23G5657067,0,22,22
SPTJF23G5657073,0,2,2
SPTJF23G5657075,0,18,18
SPTJF23G5657078,0,30,30
SPTJF23G56VB064,0,16,16
SPTJF23G57VI070,0,2,2
SPTJF23G6119061,0,2,2
SPTJF23G6119075,0,2,2
SPTJF23G6155061,0,38,38
SPTJF23G6155064,0,2,2
SPTJF23G6156061,0,20,20
SPTJF23G6156064,0,4,4
SPTJF23G6159061,0,78,78
SPTJF23G6159064,0,12,12
SPTJF23G6159073,0,2,2
SPTJF23G6617064,0,82,82
SPTJF23G6617067,0,56,56
SPTJF23G6617070,0,2,2
SPTJF23G6617073,0,48,48
SPTJF23G6617075,0,6,6
SPTJF23G6657064,0,78,78
SPTJF23G6657067,0,68,68
SPTJF23G6657070,0,14,14
SPTJF23G6657075,0,66,66
SPTJF23G66VI064,0,80,80
SPTJF23G66VI067,0,60,60
SPTJF23G66VI070,0,68,68
SPTJF23G66VI073,0,74,74
SPTJF23G66VI075,0,82,82
SPTJF23KG155150,0,2,2
SPTJF23KG155160,0,6,6
SPTJF23KG156130,0,4,4
SPTJF23KG156140,0,4,4
SPTJF23KG156150,0,6,6
SPTJF23KG156160,0,6,6
SPTJF23KU155130,0,8,8
SPTJF23KU155140,0,8,8
SPTJF23KU156140,0,2,2
SPTJF23KU159130,0,2,2
SPTJF23KU159140,0,4,4
SPTJF23KU159150,0,2,2
SPTJF23KU255140,0,2,2
SPTJF23KU255150,0,2,2
SPTJF23KU256120,0,2,2
SPTJF23KU256130,0,6,6
SPTJF23KU256140,0,2,2
SPTJF23KU256150,0,4,4
SPTJF23KU315120,0,4,4
SPTJF23KU315130,0,2,2
SPTJF23KU315140,0,2,2
SPTJF23KU339120,0,2,2
SPTJF24G5556070,0,2,2
SPTJF24G5556075,0,2,2
SPTJF24GS155075,0,2,2
SPTJF25C4155086,0,2,2
SPTJF25C5117080,0,2,2
SPTJF25C5156086,0,2,2
SPTJF25G6117067,0,2,2
SPTJF25G61VI067,0,2,2
SPTJF49C4117076,0,2,2
SPTJF49C4117078,0,4,4
SPTJF49C4117082,0,2,2
SPTJF49C4117090,0,4,4
SPTJF49C4155076,0,2,2
SPTJF49C4155078,0,2,2
SPTJF49C4155080,0,2,2
SPTJF49C4155090,0,6,6
SPTJF49C4157074,0,4,4
SPTJF49C4157078,0,4,4
SPTJF49C4157082,0,4,4
SPTJF49C4157086,0,10,10
SPTJF49C4157090,0,2,2
SPTJF49C4159074,0,2,2
SPTJF49C4159076,0,2,2
SPTJF49C4159078,0,2,2
SPTJF49C4159082,0,4,4
SPTJF49C4159090,0,4,4
SPTJF49C5117074,0,22,22
SPTJF49C5117076,0,10,10
SPTJF49C5117078,0,16,16
SPTJF49C5117080,0,12,12
SPTJF49C5117082,0,16,16
SPTJF49C5117086,0,18,18
SPTJF49C5117090,0,18,18
SPTJF49C5155074,0,52,52
SPTJF49C5155076,0,36,36
SPTJF49C5155078,0,42,42
SPTJF49C5155080,0,18,18
SPTJF49C5155082,0,16,16
SPTJF49C5155086,0,14,14
SPTJF49C5155090,0,12,12
SPTJF49C5157074,0,32,32
SPTJF49C5157076,0,10,10
SPTJF49C5157078,0,28,28
SPTJF49C5157080,0,14,14
SPTJF49C5157082,0,16,16
SPTJF49C5157086,0,12,12
SPTJF49C5157090,0,4,4
SPTJF49C5159074,0,50,50
SPTJF49C5159076,0,20,20
SPTJF49C5159078,0,16,16
SPTJF49C5159080,0,4,4
SPTJF49C5159082,0,10,10
SPTJF49C5159086,0,8,8
SPTJF49C5159090,0,4,4
SPTJF49C5217074,0,82,82
SPTJF49C5217078,0,22,22
SPTJF49C5255074,0,6,6
SPTJF49C5255078,0,16,16
SPTJF49C5255082,0,10,10
SPTJF49C5255086,0,8,8
SPTJF49C5617074,0,12,12
SPTJF49C5617078,0,16,16
SPTJF49C5617082,0,6,6
SPTJF49C5617086,0,8,8
SPTJF49C5617090,0,6,6
SPTJF49C5622074,0,32,32
SPTJF49C5622078,0,6,6
SPTJF49C5622082,0,14,14
SPTJF49C5622090,0,2,2
SPTJF49C56A3074,0,26,26
SPTJF49C56A3078,0,8,8
SPTJF49C56A3082,0,10,10
SPTJF49C56A3086,0,2,2
SPTJF49C56A3090,0,2,2
SPTJF49C56VI074,0,12,12
SPTJF49C56VI078,0,8,8
SPTJF49C56VI082,0,6,6
SPTJF49C56VI090,0,6,6
SPTJF49C5855074,0,14,14
SPTJF49C5855078,0,10,10
SPTJF49C5855082,0,2,2
SPTJF49C5855090,0,10,10
SPTJF49C58VB082,0,2,2
SPTJF49C58VB090,0,2,2
SPTJF49C58VI074,0,16,16
SPTJF49C58VI078,0,4,4
SPTJF49C58VI082,0,12,12
SPTJF49C58VI086,0,6,6
SPTJF49C58VI090,0,10,10
SPTJF49C6117074,0,16,16
SPTJF49C6117078,0,10,10
SPTJF49C6117082,0,12,12
SPTJF49C6117086,0,2,2
SPTJF49C6155074,0,12,12
SPTJF49C6155078,0,10,10
SPTJF49C6155086,0,2,2
SPTJF49C6157074,0,10,10
SPTJF49C6157078,0,4,4
SPTJF49C6157082,0,2,2
SPTJF49C6157086,0,6,6
SPTJF49C9117078,0,16,16
SPTJF49C9117082,0,26,26
SPTJF49C9117086,0,20,20
SPTJF49C9155078,0,16,16
SPTJF49C9155082,0,12,12
SPTJF49C9155086,0,16,16
SPTJF49C9256078,0,4,4
SPTJF49C9256082,0,6,6
SPTJF49C9256086,0,4,4
SPTJF49C9259078,0,8,8
SPTJF49C9259082,0,16,16
SPTJF49C9259086,0,10,10
SPTJF49C9317085,0,4,4
SPTJF49C9355080,0,8,8
SPTJF49C9355085,0,4,4
SPTJF49G3117061,0,30,30
SPTJF49G3117064,0,72,72
SPTJF49G3117067,0,28,28
SPTJF49G3117070,0,42,42
SPTJF49G3117073,0,38,38
SPTJF49G3117075,0,26,26
SPTJF49G3117078,0,22,22
SPTJF49G3155061,0,34,34
SPTJF49G3155064,0,44,44
SPTJF49G3155067,0,42,42
SPTJF49G3155070,0,32,32
SPTJF49G3155073,0,26,26
SPTJF49G3155075,0,8,8
SPTJF49G3155078,0,2,2
SPTJF49G3157061,0,16,16
SPTJF49G3157064,0,50,50
SPTJF49G3157067,0,26,26
SPTJF49G3157070,0,30,30
SPTJF49G3157073,0,22,22
SPTJF49G3157078,0,20,20
SPTJF49G3159061,0,30,30
SPTJF49G3159064,0,36,36
SPTJF49G3159067,0,30,30
SPTJF49G3159070,0,40,40
SPTJF49G3159073,0,36,36
SPTJF49G3159075,0,16,16
SPTJF49G3159078,0,16,16
SPTJF49G5217067,0,2,2
SPTJF49G5217073,0,4,4
SPTJF49G5256064,0,28,28
SPTJF49G5256067,0,32,32
SPTJF49G5256070,0,28,28
SPTJF49G5256073,0,36,36
SPTJF49G5257064,0,4,4
SPTJF49G5257067,0,10,10
SPTJF49G5257070,0,10,10
SPTJF49G5259064,0,14,14
SPTJF49G5259067,0,10,10
SPTJF49G5259070,0,12,12
SPTJF49G5259073,0,16,16
SPTJF49G5617061,0,20,20
SPTJF49G5617064,0,42,42
SPTJF49G5617067,0,36,36
SPTJF49G5617070,0,24,24
SPTJF49G5617073,0,16,16
SPTJF49G5617075,0,6,6
SPTJF49G5617078,0,18,18
SPTJF49G5656067,0,6,6
SPTJF49G5656073,0,2,2
SPTJF49G5656078,0,4,4
SPTJF49G56A3061,0,28,28
SPTJF49G56A3064,0,42,42
SPTJF49G56A3067,0,30,30
SPTJF49G56A3070,0,20,20
SPTJF49G56A3073,0,8,8
SPTJF49G56A3075,0,6,6
SPTJF49G56A3078,0,8,8
SPTJF49G56VI061,0,10,10
SPTJF49G56VI064,0,30,30
SPTJF49G56VI067,0,28,28
SPTJF49G56VI070,0,14,14
SPTJF49G56VI073,0,14,14
SPTJF49G56VI075,0,12,12
SPTJF49G56VI078,0,14,14
SPTJF49G6119061,0,4,4
SPTJF49G6119064,0,20,20
SPTJF49G6119067,0,12,12
SPTJF49G6119070,0,10,10
SPTJF49G6119073,0,8,8
SPTJF49G6119075,0,8,8
SPTJF49G6119078,0,8,8
SPTJF49G6159061,0,6,6
SPTJF49G6159064,0,10,10
SPTJF49G6159067,0,56,56
SPTJF49G6159070,0,32,32
SPTJF49G6159073,0,64,64
SPTJF49G6159075,0,26,26
SPTJF49G6159078,0,22,22
SPTJF49G6617064,0,28,28
SPTJF49G6617067,0,26,26
SPTJF49G6617070,0,6,6
SPTJF49G6617073,0,18,18
SPTJF49G6617075,0,6,6
SPTJF49G6657064,0,6,6
SPTJF49G6657067,0,6,6
SPTJF49G6657070,0,4,4
SPTJF49G6657073,0,4,4
SPTJF49G6657075,0,2,2
SPTJF49KG356160,0,2,2
SPTJF49KG3VI160,0,2,2
SPTJF49KG435130,0,4,4
SPTJF49KG435140,0,10,10
SPTJF49KG435150,0,10,10
SPTJF49KG435160,0,4,4
SPTJF49KG449130,0,4,4
SPTJF49KG449140,0,4,4
SPTJF49KG449150,0,2,2
SPTJF49KG4VI150,0,2,2
SPTJF49KU155120,0,44,44
SPTJF49KU155130,0,88,88
SPTJF49KU155140,0,90,90
SPTJF49KU155150,0,142,142
SPTJF49KU155160,0,130,130
SPTJF49KU156120,0,4,4
SPTJF49KU156130,0,6,6
SPTJF49KU156140,0,4,4
SPTJF49KU156150,0,4,4
SPTJF49KU156160,0,6,6
SPTJF49KU1VI120,0,8,8
SPTJF49KU1VI130,0,2,2
SPTJF49KU1VI140,0,14,14
SPTJF49KU1VI150,0,8,8
SPTJF49KU1VI160,0,4,4
SPTJF49KU255110,0,30,30
SPTJF49KU255120,0,28,28
SPTJF49KU255130,0,60,60
SPTJF49KU255140,0,82,82
SPTJF49KU255150,0,82,82
SPTJF49KU255160,0,54,54
SPTJF49KU256110,0,6,6
SPTJF49KU256120,0,2,2
SPTJF49KU256130,0,2,2
SPTJF49KU256140,0,12,12
SPTJF49KU256150,0,6,6
SPTJF49KU256160,0,10,10
SPTJF49KU856160,0,2,2
SPTJF4VC9117078,0,14,14
SPTJF4VC9117082,0,16,16
SPTJF4VC9117086,0,18,18
SPTJF4VC9157078,0,12,12
SPTJF4VC9157082,0,6,6
SPTJF4VC9157086,0,12,12
SPTJF4VG9155070,0,14,14
SPTJF4VG9155075,0,28,28
SPTJF4VG9155080,0,36,36
SPTJF4VG9157070,0,16,16
SPTJF4VG9157075,0,34,34
SPTJF4VG9157080,0,26,26
SPTJF4VG9257070,0,24,24
SPTJF4VG9257075,0,24,24
SPTJF4VG9257080,0,12,12
SPTJF4VG9285070,0,30,30
SPTJF4VG9285075,0,26,26
SPTJF4VG9285080,0,32,32
SPTJF4VG9317070,0,24,24
SPTJF4VG9317075,0,16,16
SPTJF4VG9317080,0,12,12
SPTJF4VG9357070,0,30,30
SPTJF4VG9357075,0,22,22
SPTJF4VG9357080,0,24,24
SPTJF4VKG3A3130,0,2,2
SPTJF4VKG3A3140,0,4,4
SPTJF4VKG3A3150,0,92,92
SPTJF4VKG3VI150,0,2,2
SPTJF4VKG3VI160,0,2,2
SPTJF4VKU155120,0,8,8
SPTJF4VKU155130,0,12,12
SPTJF4VKU155140,0,12,12
SPTJF4VKU155150,0,18,18
SPTJF4VKU155160,0,24,24
SPTJF4VKU1VI120,0,8,8
SPTJF4VKU1VI130,0,8,8
SPTJF4VKU1VI140,0,8,8
SPTJF4VKU1VI150,0,12,12
SPTJF4VKU1VI160,0,12,12
SPTJF4VKU255110,0,8,8
SPTJF4VKU255120,0,2,2
SPTJF4VKU255130,0,4,4
SPTJF4VKU255140,0,10,10
SPTJF4VKU255150,0,8,8
SPTJF4VKU255160,0,4,4
SPTJF4VKU357130,0,2,2
SPTJF4VKU419160,0,4,4
SPTJF4VKU456150,0,4,4
SPTJFA9C1117076,0,4,4
SPTJFA9C1117078,0,26,26
SPTJFA9C1117080,0,22,22
SPTJFA9C1117082,0,16,16
SPTJFA9C1117086,0,14,14
SPTJFA9C1117090,0,20,20
SPTJFA9C1155074,0,18,18
SPTJFA9C1155076,0,24,24
SPTJFA9C1155078,0,14,14
SPTJFA9C1155080,0,10,10
SPTJFA9C1155082,0,36,36
SPTJFA9C1155086,0,30,30
SPTJFA9C1155090,0,2,2
SPTJFA9C2119074,0,4,4
SPTJFA9C2119080,0,8,8
SPTJFA9C2119082,0,4,4
SPTJFA9C2119086,0,12,12
SPTJFA9C2155074,0,30,30
SPTJFA9C2155076,0,12,12
SPTJFA9C2155078,0,48,48
SPTJFA9C2155080,0,32,32
SPTJFA9C2155082,0,52,52
SPTJFA9C2155086,0,44,44
SPTJFA9C2155090,0,14,14
SPTJFA9C2155094,0,2,2
SPTJFA9C2157074,0,2,2
SPTJFA9C2157076,0,8,8
SPTJFA9C2157078,0,24,24
SPTJFA9C2157080,0,12,12
SPTJFA9C2157082,0,24,24
SPTJFA9C2157086,0,44,44
SPTJFA9C2157090,0,14,14
SPTJFA9C2157094,0,20,20
SPTJFA9C2159074,0,8,8
SPTJFA9C2159076,0,20,20
SPTJFA9C2159078,0,28,28
SPTJFA9C2159080,0,24,24
SPTJFA9C2159082,0,62,62
SPTJFA9C2159086,0,62,62
SPTJFA9C2159090,0,20,20
SPTJFA9G1119064,0,10,10
SPTJFA9G1119067,0,34,34
SPTJFA9G1119070,0,34,34
SPTJFA9G1156061,0,10,10
SPTJFA9G1156064,0,40,40
SPTJFA9G1156067,0,24,24
SPTJFA9G1156070,0,18,18
SPTJFA9G1156073,0,8,8
SPTJFA9G1156075,0,2,2
SPTJFA9G5117061,0,24,24
SPTJFA9G5117064,0,46,46
SPTJFA9G5117067,0,48,48
SPTJFA9G5117070,0,34,34
SPTJFA9G5117073,0,26,26
SPTJFA9G5117075,0,44,44
SPTJFA9G5117078,0,32,32
SPTJFA9G5155061,0,10,10
SPTJFA9G5155064,0,56,56
SPTJFA9G5155067,0,22,22
SPTJFA9G5155070,0,4,4
SPTJFA9G5155073,0,12,12
SPTJFA9G5155075,0,2,2
SPTJFA9G5155078,0,4,4
SPTJFA9G5156061,0,4,4
SPTJFA9G5156064,0,98,98
SPTJFA9G5156067,0,52,52
SPTJFA9G5156070,0,16,16
SPTJFA9G5156073,0,2,2
SPTJFA9G5156075,0,10,10
SPTJFA9G5156078,0,2,2
SPTJFA9G5157061,0,14,14
SPTJFA9G5157064,0,28,28
SPTJFA9G5157067,0,24,24
SPTJFA9G5157070,0,16,16
SPTJFA9G5157073,0,2,2
SPTJFA9G5157075,0,12,12
SPTJFA9G5157078,0,14,14
SPTJFA9G5159061,0,26,26
SPTJFA9G5159064,0,26,26
SPTJFA9G5159067,0,38,38
SPTJFA9G5159070,0,38,38
SPTJFA9G5159073,0,12,12
SPTJFA9G5159075,0,28,28
SPTJFA9G5159078,0,24,24
SPTJFA9G5255067,0,2,2
SPTJFA9KU155130,0,200,200
SPTJFA9KU155140,0,488,488
SPTJFA9KU155150,0,302,302
SPTJG11C2117074,0,182,182
SPTJG11C2117076,0,200,200
SPTJG11C2117078,0,272,272
SPTJG11C2117080,0,236,236
SPTJG11C2117082,0,248,248
SPTJG11C2117086,0,158,158
SPTJG11C2117090,0,118,118
SPTJG11C2157074,0,234,234
SPTJG11C2157076,0,184,184
SPTJG11C2157078,0,144,144
SPTJG11C2157080,0,294,294
SPTJG11C2157082,0,336,336
SPTJG11C2157086,0,338,338
SPTJG11C2157090,0,134,134
SPTJG11C4119074,0,42,42
SPTJG11C4119076,0,58,58
SPTJG11C4119078,0,60,60
SPTJG11C4119080,0,48,48
SPTJG11C4119082,0,76,76
SPTJG11C4119086,0,52,52
SPTJG11C4119090,0,50,50
SPTJG11C4155074,0,236,236
SPTJG11C4155076,0,152,152
SPTJG11C4155078,0,190,190
SPTJG11C4155080,0,72,72
SPTJG11C4155082,0,184,184
SPTJG11C4155086,0,160,160
SPTJG11C4155090,0,114,114
SPTJG11C4157074,0,258,258
SPTJG11C4157076,0,146,146
SPTJG11C4157078,0,120,120
SPTJG11C4157080,0,72,72
SPTJG11C4157082,0,86,86
SPTJG11C4157086,0,32,32
SPTJG11C4157090,0,82,82
SPTJG11C4159074,0,100,100
SPTJG11C4159076,0,124,124
SPTJG11C4159078,0,148,148
SPTJG11C4159080,0,84,84
SPTJG11C4159082,0,88,88
SPTJG11C4159086,0,64,64
SPTJG11C4159090,0,78,78
SPTJG11C5117074,0,112,112
SPTJG11C5117076,0,176,176
SPTJG11C5117078,0,114,114
SPTJG11C5117080,0,74,74
SPTJG11C5117082,0,94,94
SPTJG11C5117086,0,88,88
SPTJG11C5117090,0,110,110
SPTJG11C5155074,0,172,172
SPTJG11C5155076,0,130,130
SPTJG11C5155078,0,104,104
SPTJG11C5155080,0,136,136
SPTJG11C5155082,0,88,88
SPTJG11C5155086,0,90,90
SPTJG11C5155090,0,94,94
SPTJG11C5157074,0,58,58
SPTJG11C5157076,0,54,54
SPTJG11C5157078,0,50,50
SPTJG11C5157080,0,22,22
SPTJG11C5157082,0,28,28
SPTJG11C5157086,0,28,28
SPTJG11C5157090,0,50,50
SPTJG11C5159074,0,196,196
SPTJG11C5159076,0,58,58
SPTJG11C5159078,0,132,132
SPTJG11C5159080,0,140,140
SPTJG11C5159082,0,82,82
SPTJG11C5159086,0,48,48
SPTJG11C5159090,0,78,78
SPTJG11C51VB074,0,26,26
SPTJG11C51VB076,0,66,66
SPTJG11C51VB078,0,22,22
SPTJG11C51VB080,0,30,30
SPTJG11C51VB082,0,40,40
SPTJG11C51VB086,0,40,40
SPTJG11C51VB090,0,56,56
SPTJG11C51VI074,0,122,122
SPTJG11C51VI076,0,138,138
SPTJG11C51VI078,0,94,94
SPTJG11C51VI080,0,30,30
SPTJG11C51VI082,0,66,66
SPTJG11C51VI086,0,52,52
SPTJG11C51VI090,0,102,102
SPTJG11G3117061,0,272,272
SPTJG11G3117064,0,414,414
SPTJG11G3117067,0,550,550
SPTJG11G3117070,0,368,368
SPTJG11G3117073,0,302,302
SPTJG11G3117075,0,114,114
SPTJG11G3117078,0,112,112
SPTJG11G3155061,0,212,212
SPTJG11G3155064,0,348,348
SPTJG11G3155067,0,374,374
SPTJG11G3155070,0,254,254
SPTJG11G3155073,0,168,168
SPTJG11G3155075,0,86,86
SPTJG11G3155078,0,70,70
SPTJG11G3157061,0,186,186
SPTJG11G3157064,0,320,320
SPTJG11G3157067,0,316,316
SPTJG11G3157070,0,174,174
SPTJG11G3157073,0,128,128
SPTJG11G3157075,0,56,56
SPTJG11G3157078,0,44,44
SPTJG11G3159061,0,270,270
SPTJG11G3159064,0,452,452
SPTJG11G3159067,0,462,462
SPTJG11G3159070,0,252,252
SPTJG11G3159073,0,238,238
SPTJG11G3159075,0,112,112
SPTJG11G3159078,0,72,72
SPTJG11G5155061,0,26,26
SPTJG11G5155064,0,160,160
SPTJG11G5155067,0,72,72
SPTJG11G5155070,0,130,130
SPTJG11G5155073,0,146,146
SPTJG11G5155075,0,80,80
SPTJG11G5155078,0,72,72
SPTJG11G5157061,0,20,20
SPTJG11G5157064,0,182,182
SPTJG11G5157067,0,102,102
SPTJG11G5157070,0,102,102
SPTJG11G5157073,0,82,82
SPTJG11G5157075,0,70,70
SPTJG11G5157078,0,84,84
SPTJG11G5159061,0,62,62
SPTJG11G5159064,0,232,232
SPTJG11G5159067,0,108,108
SPTJG11G5159070,0,142,142
SPTJG11G5159073,0,218,218
SPTJG11G5159075,0,116,116
SPTJG11G5159078,0,140,140
SPTJG11G51VB061,0,168,168
SPTJG11G51VB064,0,498,498
SPTJG11G51VB067,0,470,470
SPTJG11G51VB070,0,454,454
SPTJG11G51VB073,0,332,332
SPTJG11G51VB075,0,250,250
SPTJG11G51VB078,0,194,194
SPTJG11G6119061,0,92,92
SPTJG11G6119064,0,188,188
SPTJG11G6119067,0,110,110
SPTJG11G6119070,0,86,86
SPTJG11G6119073,0,34,34
SPTJG11G6119075,0,68,68
SPTJG11G6119078,0,26,26
SPTJG11G6155061,0,30,30
SPTJG11G6155064,0,148,148
SPTJG11G6155067,0,110,110
SPTJG11G6155070,0,84,84
SPTJG11G6155073,0,42,42
SPTJG11G6155075,0,38,38
SPTJG11G6155078,0,40,40
SPTJG11G6157061,0,26,26
SPTJG11G6157064,0,60,60
SPTJG11G6157067,0,44,44
SPTJG11G6157070,0,30,30
SPTJG11G6157073,0,14,14
SPTJG11G6157075,0,10,10
SPTJG11G6157078,0,16,16
SPTJG11G61VB061,0,58,58
SPTJG11G61VB064,0,252,252
SPTJG11G61VB067,0,184,184
SPTJG11G61VB070,0,126,126
SPTJG11G61VB073,0,120,120
SPTJG11G61VB075,0,86,86
SPTJG11G61VB078,0,48,48
SPTJG11KU156130,0,2,2
SPTJG11KU156140,0,2,2
SPTJG11KU156150,0,6,6
SPTJG11KU157120,0,2,2
SPTJG11KU157130,0,2,2
SPTJG11KU157140,0,2,2
SPTJG11KU157150,0,6,6
SPTJG12KU117140,0,2,2
SPTJG12KU117150,0,2,2
SPTJG12KU117160,0,4,4
SPTJG12KU156150,0,6,6
SPTJG12KU156160,0,2,2
SPTJG12KU156170,0,4,4
SPTJG12KU157140,0,4,4
SPTJG12KU157150,0,6,6
SPTJG12KU157160,0,6,6
SPTJG12KU164140,0,2,2
SPTJG12KU164160,0,2,2
SPTJG23C4156082,0,4,4
SPTJG23C4156084,0,2,2
SPTJG23C4156086,0,42,42
SPTJG23C4157082,0,2,2
SPTJG23C4157090,0,6,6
SPTJG23C4159074,0,4,4
SPTJG23C4159082,0,2,2
SPTJG23C4159090,0,8,8
SPTJG23C41BC080,0,52,52
SPTJG23C41BC086,0,2,2
SPTJG23C5117074,0,186,186
SPTJG23C5117078,0,186,186
SPTJG23C5117080,0,92,92
SPTJG23C5117082,0,194,194
SPTJG23C5117084,0,92,92
SPTJG23C5117086,0,142,142
SPTJG23C5117090,0,52,52
SPTJG23C5119074,0,2,2
SPTJG23C5119078,0,2,2
SPTJG23C5119090,0,2,2
SPTJG23C5155082,0,10,10
SPTJG23C5156090,0,272,272
SPTJG23C5159082,0,2,2
SPTJG23C5159084,0,2,2
SPTJG23C5159086,0,2,2
SPTJG23C51BC074,0,6,6
SPTJG23C51BC078,0,4,4
SPTJG23C51BC084,0,4,4
SPTJG23C51BC086,0,2,2
SPTJG23C5355074,0,50,50
SPTJG23C5355078,0,48,48
SPTJG23C5355082,0,24,24
SPTJG23C5355086,0,6,6
SPTJG23C5359074,0,24,24
SPTJG23C5359078,0,2,2
SPTJG23C53VB074,0,6,6
SPTJG23C53VB082,0,2,2
SPTJG23C53VB086,0,18,18
SPTJG23C53VB090,0,2,2
SPTJG23C53VI074,0,10,10
SPTJG23C53VI082,0,2,2
SPTJG23C5415082,0,2,2
SPTJG23C5655074,0,4,4
SPTJG23G3117061,0,14,14
SPTJG23G3117067,0,4,4
SPTJG23G3117070,0,10,10
SPTJG23G3117073,0,2,2
SPTJG23G3117075,0,2,2
SPTJG23G3117078,0,8,8
SPTJG23G3156061,0,4,4
SPTJG23G3156064,0,4,4
SPTJG23G3156067,0,2,2
SPTJG23G3156070,0,2,2
SPTJG23G3156073,0,4,4
SPTJG23G3156075,0,4,4
SPTJG23G3156078,0,4,4
SPTJG23G3157061,0,4,4
SPTJG23G3157064,0,4,4
SPTJG23G3157067,0,8,8
SPTJG23G3157070,0,6,6
SPTJG23G3157073,0,8,8
SPTJG23G3157075,0,6,6
SPTJG23G3157078,0,6,6
SPTJG23G3159061,0,8,8
SPTJG23G3159067,0,4,4
SPTJG23G3159070,0,6,6
SPTJG23G3159075,0,4,4
SPTJG23G3159078,0,4,4
SPTJG23G31BC064,0,4,4
SPTJG23G31BC067,0,6,6
SPTJG23G31BC070,0,2,2
SPTJG23G31BC073,0,4,4
SPTJG23G31BC075,0,2,2
SPTJG23G5317064,0,12,12
SPTJG23G5317067,0,18,18
SPTJG23G5317070,0,4,4
SPTJG23G5317073,0,8,8
SPTJG23G5317078,0,4,4
SPTJG23G5355064,0,18,18
SPTJG23G5355067,0,12,12
SPTJG23G5355070,0,8,8
SPTJG23G5355073,0,2,2
SPTJG23G5355078,0,4,4
SPTJG23G5357064,0,4,4
SPTJG23G5357067,0,12,12
SPTJG23G5357070,0,4,4
SPTJG23G5357073,0,18,18
SPTJG23G5359064,0,2,2
SPTJG23G5359067,0,12,12
SPTJG23G5359070,0,6,6
SPTJG23G5359073,0,6,6
SPTJG23G5359078,0,4,4
SPTJG23G56VB075,0,8,8
SPTJG23G56VI067,0,12,12
SPTJG23G56VI070,0,10,10
SPTJG23G56VI073,0,2,2
SPTJG23G6115067,0,10,10
SPTJG23G6115070,0,8,8
SPTJG23G6117064,0,2,2
SPTJG23G6117067,0,26,26
SPTJG23G6117070,0,30,30
SPTJG23G6117073,0,2,2
SPTJG23G6117078,0,2,2
SPTJG23G6156061,0,2,2
SPTJG23G6156064,0,2,2
SPTJG23G6156075,0,4,4
SPTJG23G6157061,0,2,2
SPTJG23G6157078,0,6,6
SPTJG23G9255070,0,2,2
SPTJG23GY157067,0,2,2
SPTJG23KG355120,0,18,18
SPTJG23KG355130,0,18,18
SPTJG23KG355140,0,68,68
SPTJG23KG355150,0,100,100
SPTJG23KG355160,0,82,82
SPTJG23KG3VI120,0,20,20
SPTJG23KG3VI130,0,30,30
SPTJG23KG3VI140,0,72,72
SPTJG23KG3VI150,0,92,92
SPTJG23KG3VI160,0,74,74
SPTJG23KU155110,0,28,28
SPTJG23KU155120,0,28,28
SPTJG23KU155130,0,50,50
SPTJG23KU155140,0,98,98
SPTJG23KU155150,0,58,58
SPTJG23KU155160,0,64,64
SPTJG23KU157110,0,52,52
SPTJG23KU157120,0,100,100
SPTJG23KU157130,0,350,350
SPTJG23KU157140,0,674,674
SPTJG23KU157150,0,562,562
SPTJG23KU157160,0,452,452
SPTJG23KU416110,0,6,6
SPTJG23KU416150,0,2,2
SPTJG23KU416160,0,12,12
SPTJG23KU426110,0,2,2
SPTJG23KU426120,0,2,2
SPTJG23KU426130,0,4,4
SPTJG23KU426140,0,40,40
SPTJG23KU426150,0,40,40
SPTJG23KU456110,0,20,20
SPTJG23KU456140,0,2,2
SPTJG23KU459140,0,54,54
SPTJG23KU459160,0,4,4
SPTJG23KU464110,0,56,56
SPTJG23KU464120,0,4,4
SPTJG23KU464130,0,2,2
SPTJG23KU464150,0,50,50
SPTJG23KU464160,0,12,12
SPTJG23KU556140,0,16,16
SPTJG23KU556150,0,2,2
SPTJG23KU556160,0,2,2
SPTJG23KU556170,0,2,2
SPTJG23KU557140,0,6,6
SPTJG23KU557150,0,2,2
SPTJG24C5517095,0,4,4
SPTJG24C5559075,0,2,2
SPTJG24G5517070,0,2,2
SPTJG24G5517085,0,4,4
SPTJG24G5557070,0,2,2
SPTJG24KU155120,0,2,2
SPTJG24KU155160,0,2,2
SPTJG24KU156150,0,4,4
SPTJG24KU159160,0,2,2
SPTJG24KU255140,0,2,2
SPTJG25C2156082,0,20,20
SPTJG25C2157082,0,2,2
SPTJG25C2157090,0,2,2
SPTJG25C4117074,0,2,2
SPTJG25C4117078,0,10,10
SPTJG25C4117080,0,6,6
SPTJG25C4117082,0,10,10
SPTJG25C4117084,0,4,4
SPTJG25C4117086,0,8,8
SPTJG25C4117090,0,4,4
SPTJG25C4155074,0,6,6
SPTJG25C4155080,0,16,16
SPTJG25C4159080,0,2,2
SPTJG25C4159082,0,16,16
SPTJG25C5117078,0,2,2
SPTJG25C5155074,0,2,2
SPTJG25C5155078,0,10,10
SPTJG25C5155080,0,2,2
SPTJG25C5156074,0,2,2
SPTJG25C5156080,0,2,2
SPTJG25C5156084,0,2,2
SPTJG25C5159084,0,4,4
SPTJG25C5159086,0,2,2
SPTJG25C51VI074,0,2,2
SPTJG25C5217078,0,18,18
SPTJG25C5217086,0,2,2
SPTJG25C5255078,0,20,20
SPTJG25C5255082,0,312,312
SPTJG25C5256078,0,4,4
SPTJG25G3110067,0,2,2
SPTJG25G3156061,0,2,2
SPTJG25G3156064,0,8,8
SPTJG25G3156078,0,4,4
SPTJG25G3159067,0,2,2
SPTJG25G5115067,0,2,2
SPTJG25G5115070,0,6,6
SPTJG25G5115073,0,4,4
SPTJG25G5115075,0,2,2
SPTJG25G5156061,0,16,16
SPTJG25G5156064,0,18,18
SPTJG25G5156067,0,4,4
SPTJG25G5156070,0,24,24
SPTJG25G5156073,0,18,18
SPTJG25G5159061,0,2,2
SPTJG25G5159064,0,6,6
SPTJG25G51VI061,0,2,2
SPTJG25G51VI070,0,2,2
SPTJG25G51VI073,0,2,2
SPTJG25G51VI078,0,2,2
SPTJG25G5255064,0,226,226
SPTJG25G5255067,0,116,116
SPTJG25G5255070,0,8,8
SPTJG25G5255073,0,70,70
SPTJG25G6155073,0,4,4
SPTJG25G6157061,0,16,16
SPTJG25G6157070,0,4,4
SPTJG25G6159067,0,2,2
SPTJG25G6159073,0,6,6
SPTJG25G6159078,0,2,2
SPTJG25G7155075,0,2,2
SPTJG37C5259078,0,4,4
SPTJG37C52VI082,0,44,44
SPTJG37C52VI090,0,6,6
SPTJG37G5259070,0,4,4
SPTJG37G5259073,0,6,6
SPTJG49C4117074,0,402,402
SPTJG49C4117078,0,426,426
SPTJG49C4117080,0,244,244
SPTJG49C4117082,0,776,776
SPTJG49C4117084,0,330,330
SPTJG49C4117086,0,566,566
SPTJG49C4117090,0,232,232
SPTJG49C4157074,0,334,334
SPTJG49C4157078,0,502,502
SPTJG49C4157080,0,338,338
SPTJG49C4157082,0,646,646
SPTJG49C4157084,0,400,400
SPTJG49C4157086,0,488,488
SPTJG49C4157090,0,334,334
SPTJG49C5117074,0,662,662
SPTJG49C5117078,0,244,244
SPTJG49C5117080,0,204,204
SPTJG49C5117082,0,236,236
SPTJG49C5117084,0,222,222
SPTJG49C5117086,0,366,366
SPTJG49C5117090,0,78,78
SPTJG49C5155074,0,436,436
SPTJG49C5155078,0,238,238
SPTJG49C5155080,0,352,352
SPTJG49C5155082,0,438,438
SPTJG49C5155084,0,214,214
SPTJG49C5155086,0,194,194
SPTJG49C5155090,0,82,82
SPTJG49C5156074,0,466,466
SPTJG49C5156078,0,250,250
SPTJG49C5156080,0,372,372
SPTJG49C5156082,0,454,454
SPTJG49C5156084,0,232,232
SPTJG49C5156086,0,202,202
SPTJG49C5156090,0,86,86
SPTJG49C5159074,0,386,386
SPTJG49C5159078,0,494,494
SPTJG49C5159080,0,200,200
SPTJG49C5159082,0,446,446
SPTJG49C5159084,0,224,224
SPTJG49C5159086,0,204,204
SPTJG49C5159090,0,76,76
SPTJG49C5355074,0,1714,1714
SPTJG49C5355078,0,1454,1454
SPTJG49C5355082,0,1210,1210
SPTJG49C5355086,0,974,974
SPTJG49C5355090,0,588,588
SPTJG49C5357074,0,1404,1404
SPTJG49C5357078,0,1284,1284
SPTJG49C5357082,0,1014,1014
SPTJG49C5357086,0,844,844
SPTJG49C5357090,0,474,474
SPTJG49C53BC074,0,334,334
SPTJG49C53BC078,0,222,222
SPTJG49C53BC082,0,342,342
SPTJG49C53BC086,0,354,354
SPTJG49C53BC090,0,120,120
SPTJG49G3117061,0,160,160
SPTJG49G3117064,0,412,412
SPTJG49G3117067,0,482,482
SPTJG49G3117070,0,660,660
SPTJG49G3117073,0,662,662
SPTJG49G3117075,0,332,332
SPTJG49G3117078,0,334,334
SPTJG49G3152061,0,124,124
SPTJG49G3152064,0,276,276
SPTJG49G3152067,0,560,560
SPTJG49G3152070,0,552,552
SPTJG49G3152073,0,568,568
SPTJG49G3152075,0,264,264
SPTJG49G3152078,0,190,190
SPTJG49G3155061,0,414,414
SPTJG49G3155064,0,494,494
SPTJG49G3155067,0,644,644
SPTJG49G3155070,0,654,654
SPTJG49G3155073,0,640,640
SPTJG49G3155075,0,420,420
SPTJG49G3155078,0,564,564
SPTJG49G3159061,0,122,122
SPTJG49G3159064,0,274,274
SPTJG49G3159067,0,564,564
SPTJG49G3159070,0,556,556
SPTJG49G3159073,0,552,552
SPTJG49G3159075,0,262,262
SPTJG49G3159078,0,182,182
SPTJG49G5317061,0,768,768
SPTJG49G5317064,0,1224,1224
SPTJG49G5317067,0,1312,1312
SPTJG49G5317070,0,1130,1130
SPTJG49G5317073,0,1130,1130
SPTJG49G5317075,0,486,486
SPTJG49G5355061,0,64,64
SPTJG49G5355064,0,64,64
SPTJG49G5355067,0,62,62
SPTJG49G5355070,0,64,64
SPTJG49G5355073,0,64,64
SPTJG49G5355075,0,64,64
SPTJG49G5356061,0,48,48
SPTJG49G5356064,0,48,48
SPTJG49G5356067,0,46,46
SPTJG49G5356070,0,48,48
SPTJG49G5356073,0,48,48
SPTJG49G5356075,0,48,48
SPTJG49G5359061,0,76,76
SPTJG49G5359064,0,76,76
SPTJG49G5359067,0,74,74
SPTJG49G5359070,0,76,76
SPTJG49G5359073,0,76,76
SPTJG49G5359075,0,76,76
SPTJG49G6117061,0,390,390
SPTJG49G6117064,0,380,380
SPTJG49G6117067,0,544,544
SPTJG49G6117070,0,462,462
SPTJG49G6117073,0,468,468
SPTJG49G6117075,0,298,298
SPTJG49G6117078,0,294,294
SPTJG49G6155061,0,274,274
SPTJG49G6155064,0,260,260
SPTJG49G6155067,0,352,352
SPTJG49G6155070,0,326,326
SPTJG49G6155073,0,304,304
SPTJG49G6155075,0,186,186
SPTJG49G6155078,0,190,190
SPTJG49G6157061,0,568,568
SPTJG49G6157064,0,526,526
SPTJG49G6157067,0,700,700
SPTJG49G6157070,0,636,636
SPTJG49G6157073,0,580,580
SPTJG49G6157075,0,404,404
SPTJG49G6157078,0,412,412
SPTJG49G9010070,0,72,72
SPTJG49G9010075,0,48,48
SPTJG49G9010080,0,4,4
SPTJG49G9055070,0,126,126
SPTJG49G9055075,0,64,64
SPTJG49G9055080,0,34,34
SPTJG49G9055085,0,22,22
SPTJG49G9056070,0,40,40
SPTJG49G9056075,0,24,24
SPTJG49G9056080,0,8,8
SPTJGA9C2119074,0,2,2
SPTJGA9C2119082,0,2,2
SPTJGA9C2119090,0,8,8
SPTJGA9C2155074,0,20,20
SPTJGA9C2155078,0,12,12
SPTJGA9C2155080,0,24,24
SPTJGA9C2157074,0,6,6
SPTJGA9C2157078,0,6,6
SPTJGA9C2157080,0,6,6
SPTJGA9C2157082,0,14,14
SPTJGA9C2157084,0,2,2
SPTJGA9C2157086,0,14,14
SPTJGA9C2157090,0,8,8
SPTJGA9CS117082,0,2,2
SPTJGA9CS157074,0,6,6
SPTJGA9CS157078,0,6,6
SPTJGA9CS157086,0,8,8
SPTJGA9CS157090,0,6,6
SPTJGA9G5115067,0,4,4
SPTJGA9G5115078,0,4,4
SPTJGA9G5117067,0,850,850
SPTJGA9G5117070,0,524,524
SPTJGA9G5117073,0,532,532
SPTJGA9G5117075,0,132,132
SPTJGA9G5117078,0,56,56
SPTJGA9G5155061,0,120,120
SPTJGA9G5155064,0,600,600
SPTJGA9G5155067,0,502,502
SPTJGA9G5155070,0,948,948
SPTJGA9G5155073,0,452,452
SPTJGA9G5155075,0,426,426
SPTJGA9G5155078,0,324,324
SPTJGA9G5156061,0,10,10
SPTJGA9G5156064,0,16,16
SPTJGA9G5156067,0,16,16
SPTJGA9G5156070,0,22,22
SPTJGA9G5156073,0,24,24
SPTJGA9G5156075,0,10,10
SPTJGA9G5156078,0,4,4
SPTJGA9G5157061,0,2,2
SPTJGA9G5157067,0,2,2
SPTJGA9G5157073,0,14,14
SPTJGA9G5157078,0,2,2
SPTJGA9G5159061,0,10,10
SPTJGA9G5159064,0,84,84
SPTJGA9G5159067,0,176,176
SPTJGA9G5159070,0,298,298
SPTJGA9G5159073,0,370,370
SPTJGA9G5159075,0,50,50
SPTJGA9G5159078,0,22,22
SPTJGA9G51A3061,0,890,890
SPTJGA9G51A3064,0,664,664
SPTJGA9G51A3067,0,978,978
SPTJGA9G51A3070,0,1094,1094
SPTJGA9G51A3073,0,1042,1042
SPTJGA9G51A3075,0,358,358
SPTJGA9G51A3078,0,568,568
SPTJGA9G5255067,0,2,2
SPTJGA9G5256067,0,2,2
SPTJGA9G5257067,0,2,2
SPTJGA9G5259067,0,2,2
SPTJGA9G6117067,0,2,2
SPTJGA9GS155070,0,8,8
SPTJGA9GS155073,0,2,2
SPTJGA9GS155075,0,16,16
SPTJGA9GS155078,0,10,10
SPTJGA9GS156070,0,250,250
SPTJGA9GS156073,0,58,58
SPTJGA9KU256110,0,40,40
SPTJGA9KU256120,0,60,60
SPTJGA9KU256130,0,148,148
SPTJGA9KU256140,0,216,216
SPTJGA9KU256150,0,490,490
SPTJGA9KU256160,0,510,510
SPTJGA9KU257110,0,58,58
SPTJGA9KU257120,0,100,100
SPTJGA9KU257130,0,174,174
SPTJGA9KU257140,0,150,150
SPTJGA9KU257150,0,200,200
SPTJGA9KU257160,0,238,238
SPTMF37KU2AC160,0,2,2
SPTMG25KG119150,0,2,2
SPTMG25KU119150,0,4,4
SPTMG25KU159120,0,14,14
SPTMG25KU1AA150,0,2,2
SPTMG37KU119160,0,14,14
SPTMG37KU1AA120,0,2,2
SPTNE25KG256110,0,2,2
SPTNE26C0259082,0,2,2
SPTNE26C0259086,0,4,4
SPTNE38G9256070,0,2,2
SPTNE38G9317070,0,2,2
SPTNF24C0117075,0,2,2
SPTNF24C0159085,0,4,4
SPTNF24G0156080,0,2,2
SPTNF24G0159070,0,2,2
SPTNF25KU156140,0,2,2
SPTNF25KU156150,0,2,2
SPTNF37C05A3090,0,2,2
SPTNF37C08VI080,0,4,4
SPTNF37C9117085,0,2,2
SPTNF37C9155085,0,2,2
SPTNF37G01VI064,0,2,2
SPTNF37G0210070,0,2,2
SPTNF37G0217070,0,2,2
SPTNF37G0257070,0,2,2
SPTNF49G0217070,0,232,232
SPTNF49G0217075,0,212,212
SPTNF49G0217080,0,84,84
SPTNF49G0255070,0,10,10
SPTNF49G0255075,0,44,44
SPTNF49G0255080,0,50,50
SPTNF49G0256070,0,4,4
SPTNF49G0256075,0,34,34
SPTNF49G0256080,0,50,50
SPTNF49KU956120,0,8,8
SPTNF49KU956130,0,4,4
SPTNF49KU956140,0,16,16
SPTNF49KU956150,0,14,14
SPTNF49KU956160,0,42,42
SPTNF49KU957120,0,6,6
SPTNF49KU957140,0,2,2
SPTNF49KU957150,0,18,18
SPTNF49KU957160,0,28,28
SPTNG24C0155080,0,2,2
SPTNG24G0156070,0,16,16
SPTNG24G0156075,0,20,20
SPTNG24G0156080,0,8,8
SPTNG24G0157065,0,4,4
SPTNG25KG117110,0,12,12
SPTNG25KG117160,0,22,22
SPTNG25KG139110,0,20,20
SPTNG25KG139160,0,2,2
SPTNG25KG156130,0,2,2
SPTNG25KG156160,0,2,2
SPTNG25KU155120,0,4,4
SPTNG25KU155130,0,6,6
SPTNG25KU155140,0,6,6
SPTNG25KU156110,0,2,2
SPTNG25KU156140,0,2,2
SPTNG37C0110075,0,30,30
SPTNG37C0110080,0,30,30
SPTNG37C0110085,0,30,30
SPTNG37C0117090,0,2,2
SPTNG37C0155075,0,44,44
SPTNG37C0155080,0,38,38
SPTNG37C0155085,0,66,66
SPTNG37C0155090,0,32,32
SPTNG37C0156090,0,14,14
SPTNG37C0157085,0,2,2
SPTNG37G0110075,0,2,2
SPTNG37G0110080,0,4,4
SPTNG37G0117075,0,2,2
SPTNG37G0155065,0,2,2
SPTNG37G0155070,0,28,28
SPTNG37G0155075,0,10,10
SPTNG37G0155080,0,2,2
SPTNG37G0156065,0,12,12
SPTNG37G0156070,0,144,144
SPTNG37G0156075,0,10,10
SPTNG37G0156080,0,56,56
SPTNG37G0157065,0,42,42
SPTNG37G0157070,0,582,582
SPTNG37G0157075,0,36,36
SPTNG37KU117120,0,2,2
SPTNG37KU117140,0,2,2
SPTNG37KU117160,0,2,2
SPTNG37KU256140,0,4,4
SPTNG38G0110065,0,26,26
SPTNG38G0155065,0,432,432
SPTNG38G0156065,0,14,14
SPTNG38G0156075,0,2,2
SPTREA9A0117095,0,8,8
SPTREA9A0117100,0,34,34
SPTREA9A0119095,0,34,34
SPTREA9A0119100,0,26,26
SPTREA9A0119105,0,2,2
SPTREA9A2017095,0,334,334
SPTREA9A2017100,0,480,480
SPTREA9A2017105,0,304,304
SPTREA9A2019095,0,396,396
SPTREA9A2019100,0,344,344
SPTREA9A2019105,0,230,230
SPTREA9A9050100,0,2,2
SPTREA9A9099100,0,4,4
SPTRFA9A0117090,0,4,4
SPTRFA9A0117095,0,46,46
SPTRFA9A0117100,0,90,90
SPTRFA9A0117105,0,106,106
SPTRFA9A0119095,0,60,60
SPTRFA9A0119100,0,92,92
SPTRFA9A0119105,0,120,120
SPTRFA9A0219095,0,116,116
SPTRFA9A0219100,0,300,300
SPTRFA9A0219105,0,196,196
SPTRFA9A0299095,0,46,46
SPTRFA9A1119095,0,12,12
SPTRFA9A1119100,0,22,22
SPTRFA9A1119105,0,14,14
SPTRFA9A11S2095,0,10,10
SPTRFA9A11S2100,0,18,18
SPTRFA9A11S2105,0,16,16
SPTRFA9A2017090,0,96,96
SPTRFA9A2017095,0,120,120
SPTRFA9A2017100,0,144,144
SPTRFA9A2017105,0,68,68
SPTRFA9A2019090,0,74,74
SPTRFA9A2019095,0,70,70
SPTRFA9A2019100,0,60,60
SPTRFA9A2019105,0,34,34
SPTRFA9A2119095,0,16,16
SPTRFA9KU119110,0,4,4
SPTRFA9KU119120,0,2,2
SPTRFA9KU119130,0,12,12
SPTRFA9KU119140,0,4,4
SPTRFA9KU151110,0,12,12
SPTRFA9KU151120,0,26,26
SPTRFA9KU151130,0,4,4
SPTRFA9KU151140,0,4,4
SPTRFA9KU151160,0,16,16
SPTRFA9KU299150,0,2,2
SPTRFA9KU299160,0,2,2
SPTRGA9A0117095,0,2,2
SPTRGA9A0117105,0,24,24
SPTRGA9A0119095,0,12,12
SPTRGA9A0119105,0,40,40
SPTRGA9A1119090,0,4,4
SPTRGA9A1119095,0,52,52
SPTRGA9A1119100,0,80,80
SPTRGA9A1119105,0,62,62
SPTRGA9A1119110,0,176,176
SPTRGA9A11S2090,0,4,4
SPTRGA9A11S2095,0,56,56
SPTRGA9A11S2100,0,88,88
SPTRGA9A11S2105,0,42,42
SPTRGA9A11S2110,0,94,94
SPTRGA9A2017095,0,1624,1624
SPTRGA9A2017100,0,8704,8704
SPTRGA9A2017105,0,8606,8606
SPTRGA9A2017110,0,6,6
SPTRGA9A2017120,0,784,784
SPTRGA9A2019090,0,492,492
SPTRGA9A2019095,0,9948,9948
SPTRGA9A2019100,0,22822,22822
SPTRGA9A2019105,0,28262,28262
SPTRGA9A2019120,0,806,806
SPTRGA9A2059095,0,6,6
SPTRGA9A2059100,0,16,16
SPTRGA9A2059105,0,14,14
SPTRGA9A2219110,0,2,2
SPTRGA9KU219110,0,178,178
SPTRGA9KU219120,0,334,334
SPTRGA9KU219130,0,1004,1004
SPTRGA9KU219140,0,372,372
SPTRGA9KU219150,0,1142,1142
SPTRGA9KU259110,0,696,696
SPTRGA9KU259120,0,1168,1168
SPTRGA9KU259130,0,2698,2698
SPTRGA9KU259140,0,2640,2640
SPTRGA9KU259150,0,2936,2936
SPTRGA9KU259160,0,2690,2690
SPTRGA9KU399110,0,148,148
SPTRGA9KU399120,0,520,520
SPTRGA9KU399130,0,714,714
SPTRGA9KU399140,0,870,870
SPTRGA9KU399150,0,958,958
SPTRGA9KU499110,0,8,8
SPTRGA9KU499120,0,236,236
SPTRGA9KU499130,0,346,346
SPTRGA9KU499140,0,412,412
SPTRGA9KU599110,0,12,12
SPTRGA9KU599120,0,10,10
SPTRGA9KU599130,0,122,122
SPTRGA9KU599150,0,140,140
SPTRGA9KU599160,0,14,14
SPTRGA9KU699130,0,2,2
SPTRGA9KU699140,0,2,2
SPTRGA9KU699160,0,2,2
SPTRGA9KU799130,0,2,2
SPTRGA9KU799160,0,2,2
SPWHE23G0115085,0,6,6
SPWHE23G0115090,0,2,2
SPWHE23G0115095,0,6,6
SPWHE23G0119090,0,2,2
SPWHE23G0139085,0,2,2
SPWHE23G0139090,0,2,2
SPWHE23G0219080,0,2,2
SPWHE23G1135075,0,2,2
SPWHE23G92G2075,0,2,2
SPWHE23KG127140,0,96,96
SPWHE23KG127160,0,30,30
SPWHE23KG159110,0,104,104
SPWHE23KG159120,0,152,152
SPWHE23KG159130,0,144,144
SPWHE23KG159140,0,254,254
SPWHE23KG159150,0,182,182
SPWHE23KG159160,0,186,186
SPWHE23KG219120,0,2,2
SPWHE23W0135070,0,2,2
SPWHE23W0159070,0,4,4
SPWHE23W0319070,0,2,2
SPWHE23W0319075,0,2,2
SPWHE23W0919080,0,2,2
SPWHE25G0110070,0,14,14
SPWHE25G0110075,0,10,10
SPWHE25G0110080,0,6,6
SPWHE25G0119070,0,8,8
SPWHE25G0119075,0,8,8
SPWHE25G0119080,0,6,6
SPWHE25W0110070,0,2,2
SPWHE37G9110075,0,2,2
SPWHE37W0210070,0,8,8
SPWHE37W0210075,0,6,6
SPWHE37W0210080,0,12,12
SPWHE38G0149080,0,2,2
SPWHE38G01G2070,0,2,2
SPWHE49G0119075,0,2,2
SPWHE49G0149080,0,2,2
SPWHE49G0219080,0,2,2
SPWHE49KG119110,0,2,2
SPWHE4TKG125120,0,2,2
SPWHE4TKG139120,0,4,4
SPWHE4TW0519075,0,2,2
SPWHE4TW0519080,0,4,4
SPWHE4TW0615080,0,2,2
SPWHE4TW0860070,0,2,2
SPWHE4TW0860075,0,2,2
SPWHE4VG0119070,0,2,2
SPWHE4VG0185070,0,2,2
SPWHE4VG0239070,0,2,2
SPWHE4VG0319070,0,2,2
SPWHE4VG0319075,0,4,4
SPWHE4VG0319080,0,2,2
SPWHE4VG0335080,0,2,2
SPWHE4VKG119160,0,2,2
SPWHF11W0185075,0,2,2
SPWHF12W0185075,0,2,2
SPWHF23G1139075,0,2,2
SPWHF23G1159070,0,6,6
SPWHF23G1339075,0,2,2
SPWHF23KG125130,0,2,2
SPWHF23KG259120,0,2,2
SPWHF23KG259130,0,8,8
SPWHF23KG259140,0,6,6
SPWHF23KG259150,0,2,2
SPWHF23KG259160,0,6,6
SPWHF24KG139110,0,2,2
SPWHF24KG139120,0,2,2
SPWHF24KG139140,0,2,2
SPWHF24KG139150,0,4,4
SPWHF24KG139160,0,2,2
SPWHF24KG151120,0,4,4
SPWHF24KG151130,0,6,6
SPWHF24KG151140,0,6,6
SPWHF24KG151150,0,6,6
SPWHF24KG151160,0,2,2
SPWHF25G1210075,0,2,2
SPWHF37G1210075,0,2,2
SPWHF37G1310075,0,2,2
SPWHF37G9210999,0,2,2
SPWHF37W1103070,0,4,4
SPWHF37W1103075,0,4,4
SPWHF37W1110070,0,6,6
SPWHF38G0119080,0,4,4
SPWHF38G0149070,0,16,16
SPWHF38G0149075,0,12,12
SPWHF38G0149080,0,4,4
SPWHF38G0160070,0,2,2
SPWHF38G0160075,0,2,2
SPWHF49G0119070,0,200,200
SPWHF49G0119075,0,144,144
SPWHF49G0119080,0,140,140
SPWHF49G0135070,0,212,212
SPWHF49G0135075,0,202,202
SPWHF49G0135080,0,184,184
SPWHF49G0185070,0,222,222
SPWHF49G0185075,0,156,156
SPWHF49G0185080,0,192,192
SPWHF49G0210070,0,52,52
SPWHF49G0210075,0,42,42
SPWHF49G0210080,0,38,38
SPWHF49G0219070,0,10,10
SPWHF49G0219075,0,18,18
SPWHF49G0219080,0,6,6
SPWHF49G0260070,0,34,34
SPWHF49G0260075,0,40,40
SPWHF49G0260080,0,26,26
SPWHF49G0310070,0,106,106
SPWHF49G0310075,0,172,172
SPWHF49G0310080,0,226,226
SPWHF49G0319070,0,118,118
SPWHF49G0319075,0,162,162
SPWHF49G0319080,0,136,136
SPWHF49G0339075,0,4,4
SPWHF49G0339080,0,10,10
SPWHF49G0419070,0,24,24
SPWHF49G0419075,0,28,28
SPWHF49G0419080,0,28,28
SPWHF49G0459070,0,30,30
SPWHF49G0459075,0,44,44
SPWHF49G0459080,0,32,32
SPWHF49G9049999,0,14,14
SPWHF49KG115110,0,66,66
SPWHF49KG115120,0,14,14
SPWHF49KG115130,0,104,104
SPWHF49KG115140,0,110,110
SPWHF49KG115150,0,40,40
SPWHF49KG115160,0,22,22
SPWHF49KG135110,0,40,40
SPWHF49KG135120,0,88,88
SPWHF49KG135130,0,138,138
SPWHF49KG135140,0,198,198
SPWHF49KG135150,0,170,170
SPWHF49KG135160,0,178,178
SPWHF49KG159110,0,64,64
SPWHF49KG159120,0,20,20
SPWHF49KG159130,0,70,70
SPWHF49KG159140,0,90,90
SPWHF49KG159150,0,44,44
SPWHF49KG159160,0,22,22
SPWHF49KG751140,0,2,2
SPWHF49KG919120,0,146,146
SPWHF49KG919130,0,336,336
SPWHF49KG919140,0,280,280
SPWHF49KG919150,0,194,194
SPWHF49KG939120,0,160,160
SPWHF49KG939130,0,250,250
SPWHF49KG939140,0,270,270
SPWHF49KG939150,0,112,112
SPWHF49W0217070,0,32,32
SPWHF49W0217075,0,16,16
SPWHF49W0217080,0,48,48
SPWHF49W0219070,0,30,30
SPWHF49W0219075,0,10,10
SPWHF49W0219080,0,12,12
SPWHF49W0236070,0,22,22
SPWHF49W0236075,0,16,16
SPWHF49W0236080,0,20,20
SPWHF49W0285070,0,6,6
SPWHF49W0285075,0,10,10
SPWHF49W0285080,0,14,14
SPWHF49W0316070,0,16,16
SPWHF49W0316075,0,24,24
SPWHF49W0316080,0,12,12
SPWHF49W0319070,0,68,68
SPWHF49W0319075,0,74,74
SPWHF49W0319080,0,108,108
SPWHF49W03AC070,0,56,56
SPWHF49W03AC075,0,72,72
SPWHF49W03AC080,0,118,118
SPWHF49W1411070,0,28,28
SPWHF49W1411075,0,30,30
SPWHF49W1411080,0,38,38
SPWHF49W1419070,0,32,32
SPWHF49W1419075,0,28,28
SPWHF49W1419080,0,28,28
SPWHF49W1611070,0,30,30
SPWHF49W1611075,0,32,32
SPWHF49W1611080,0,36,36
SPWHF49W1685070,0,12,12
SPWHF49W1685075,0,4,4
SPWHF49W1685080,0,14,14
SPWHF4TG9116070,0,8,8
SPWHF4TG9116075,0,10,10
SPWHF4TG9117070,0,12,12
SPWHF4TG9117075,0,2,2
SPWHF4TG9219999,0,12,12
SPWHF4TG9235999,0,28,28
SPWHF4TG9319070,0,42,42
SPWHF4TG9319075,0,40,40
SPWHF4TG9359070,0,42,42
SPWHF4TG9359075,0,44,44
SPWHF4TG9385070,0,18,18
SPWHF4TG9385075,0,20,20
SPWHF4TG93B1070,0,50,50
SPWHF4TG93B1075,0,52,52
SPWHF4TKG919130,0,24,24
SPWHF4TKG919140,0,12,12
SPWHF4TKG919150,0,18,18
SPWHF4TKG919160,0,2,2
SPWHF4TKG985130,0,28,28
SPWHF4TKG985140,0,14,14
SPWHF4TKG985150,0,22,22
SPWHF4TKG985160,0,24,24
SPWHF4VG0235070,0,420,420
SPWHF4VG0235075,0,268,268
SPWHF4VG0235080,0,362,362
SPWHF4VG0239070,0,158,158
SPWHF4VG0239075,0,158,158
SPWHF4VG0239080,0,214,214
SPWHF4VG0259070,0,88,88
SPWHF4VG0259075,0,54,54
SPWHF4VG0259080,0,52,52
SPWHF4VG0285070,0,54,54
SPWHF4VG0285075,0,74,74
SPWHF4VG0285080,0,74,74
SPWHF4VG9164999,0,18,18
SPWHF4VG9185999,0,14,14
SPWHF4VG9260070,0,2,2
SPWHF4VG9285070,0,22,22
SPWHF4VG9285075,0,22,22
SPWHF4VG9319070,0,2,2
SPWHF4VG9319075,0,10,10
SPWHF4VG9385070,0,6,6
SPWHF4VG9439999,0,30,30
SPWHF4VG9459999,0,34,34
SPWHF4VG9519999,0,6,6
SPWHF4VG9539999,0,12,12
SPWHF4VG9559999,0,18,18
SPWHF4VG9615070,0,20,20
SPWHF4VG9615075,0,20,20
SPWHF4VG9619070,0,36,36
SPWHF4VG9619075,0,32,32
SPWHF4VG9715999,0,6,6
SPWHF4VG9785999,0,10,10
SPWHF4VG9859999,0,6,6
SPWHF4VG9885999,0,18,18
SPWHF4VGY139070,0,448,448
SPWHF4VGY139075,0,256,256
SPWHF4VGY139080,0,220,220
SPWHF4VGY185070,0,320,320
SPWHF4VGY185075,0,176,176
SPWHF4VGY185080,0,188,188
SPWHG12G9685070,0,2,2
SPWHG12W1435070,0,1128,1128
SPWHG12W1435075,0,164,164
SPWHG12W1435080,0,104,104
SPWHG12W1459080,0,2,2
SPWHG12W1485070,0,238,238
SPWHG12W1485075,0,48,48
SPWHG12W1485080,0,16,16
SPWHG23KG119130,0,32,32
SPWHG23KG119150,0,2,2
SPWHG23KG175110,0,2,2
SPWHG23KG175120,0,4,4
SPWHG23KG175130,0,2,2
SPWHG23KG175160,0,2,2
SPWHG23W1117070,0,8,8
SPWHG23W1117075,0,4,4
SPWHG23W1117080,0,6,6
SPWHG23W1119070,0,28,28
SPWHG23W1119080,0,8,8
SPWHG23W1136070,0,14,14
SPWHG23W1136075,0,8,8
SPWHG23W1136080,0,10,10
SPWHG23W1185070,0,12,12
SPWHG23W1185075,0,10,10
SPWHG23W1185080,0,8,8
SPWHG23W1217070,0,2,2
SPWHG23W1217075,0,4,4
SPWHG23W1217080,0,4,4
SPWHG23W1219075,0,8,8
SPWHG23W1360070,0,2,2
SPWHG23W1399070,0,2,2
SPWHG23W1419070,0,8,8
SPWHG23W1419075,0,2,2
SPWHG23W1419080,0,20,20
SPWHG23W1485070,0,4,4
SPWHG24G9410999,0,2,2
SPWHG25G0119075,0,12,12
SPWHG25G0119085,0,6,6
SPWHG25G0135075,0,8,8
SPWHG25G0135080,0,6,6
SPWHG25G0135085,0,10,10
SPWHG25G0139070,0,16,16
SPWHG25G0139075,0,14,14
SPWHG25G0139080,0,12,12
SPWHG25G0139085,0,10,10
SPWHG25G0151070,0,14,14
SPWHG25G0151080,0,28,28
SPWHG25G1110080,0,2,2
SPWHG25G1119085,0,4,4
SPWHG25G9110080,0,2,2
SPWHG25W0155080,0,2,2
SPWHG37G0110070,0,2,2
SPWHG37G0219070,0,6,6
SPWHG37G9059075,0,2,2
SPWHG37G9085070,0,8,8
SPWHG37G9085080,0,2,2
SPWHG37G9110999,0,2,2
SPWHG37G9215070,0,106,106
SPWHG37G9219070,0,90,90
SPWHG37G9219075,0,88,88
SPWHG37G9310999,0,18,18
SPWHG37GY119070,0,128,128
SPWHG37GY119075,0,36,36
SPWHG37GY119080,0,2,2
SPWHG37GY185070,0,2,2
SPWHG37GY210070,0,18,18
SPWHG37GY210075,0,2,2
SPWHG37GY216070,0,2,2
SPWHG37GY219070,0,2,2
SPWHG37GY219075,0,24,24
SPWHG37GY319070,0,2,2
SPWHG37GY339070,0,48,48
SPWHG37GY339075,0,2,2
SPWJE23G0119070,0,2,2
SPWJE23G01VI070,0,2,2
SPWJE23KG530110,0,2,2
SPWJE23KG575120,0,4,4
SPWJE26G0110070,0,8,8
SPWJE26G01VI080,0,6,6
SPWJE49KG1VI120,0,2,2
SPWJE49KG1VI140,0,2,2
SPWJE49KG1VI160,0,2,2
SPWJF23G0117070,0,10,10
SPWJF23G0157070,0,2,2
SPWJF23G0159070,0,6,6
SPWJF23G0159075,0,28,28
SPWJF23G0159080,0,2,2
SPWJF23G01VI070,0,2,2
SPWJF24G0117070,0,2,2
SPWJF24G0159070,0,2,2
SPWJF24G02VI075,0,2,2
SPWJF49G0155070,0,76,76
SPWJF49G0155075,0,56,56
SPWJF49G0155080,0,52,52
SPWJF49G0157070,0,84,84
SPWJF49G0157075,0,70,70
SPWJF49G0157080,0,46,46
SPWJF49G01VB070,0,48,48
SPWJF49G01VB075,0,48,48
SPWJF49G01VB080,0,58,58
SPWJF49G0255070,0,10,10
SPWJF49G0255075,0,20,20
SPWJF49G0255080,0,12,12
SPWJF49G0257070,0,10,10
SPWJF49G0257075,0,14,14
SPWJF49G0257080,0,8,8
SPWJG23G0159080,0,2,2
SPWJG23KG156140,0,14,14
SPWJG23KG156150,0,2,2
SPWJG23KG159130,0,20,20
SPWJG23KG159160,0,2,2
SPWJG25GY117075,0,2,2
SPWJG25GY157070,0,2,2
SPWJG25GY157085,0,4,4
SPWKG37G0159070,0,120,120
SPWKG37G0159075,0,220,220
SPWKG37G0159080,0,170,170
SPWKG37G0159085,0,8,8
SPWKG37G01AC070,0,124,124
SPWKG37G01AC075,0,196,196
SPWKG37G01AC080,0,196,196
SPWKG37G01AC085,0,4,4
SPWME23KG550150,0,2,2
SPWMF49G9019999,0,2,2
SPWMF49G90AC999,0,18,18
SPWMG23G0119075,0,2,2
SPWMG23G0119080,0,2,2
SPWMG37G8015090,0,8,8
SPWMG37G8015095,0,2,2
SPWMG37G8019090,0,8,8
SPWMG37G8019095,0,8,8
SPWMG37G8125999,0,12,12
SPWMG37G9015075,0,10,10
SPWMG37G9015080,0,6,6
SPWMG37G9050075,0,4,4
SPWPEA9A1119085,0,258,258
SPWPEA9A1119090,0,332,332
SPWPEA9A1119095,0,324,324
SPWPEA9A1119100,0,124,124
SPWPEA9A11S1085,0,214,214
SPWPEA9A11S1090,0,308,308
SPWPEA9A11S1095,0,218,218
SPWPEA9A11S1100,0,210,210
SPWPEA9A11S2085,0,174,174
SPWPEA9A11S2090,0,328,328
SPWPEA9A11S2095,0,194,194
SPWPEA9A11S2100,0,182,182
SPWPEA9A11S3085,0,12,12
SPWPEA9A11S3090,0,8,8
SPWPEA9A11S3095,0,6,6
SPWPEA9A11S3100,0,4,4
SPWPEA9A1219085,0,18,18
SPWPEA9A1219090,0,4,4
SPWPEA9A1219095,0,2,2
SPWPEA9A12S1095,0,8,8
SPWPEA9A12S2090,0,4,4
SPWPEA9A12S2095,0,2,2
SPWPEA9A12S3090,0,2,2
SPWPEA9A2019085,0,514,514
SPWPEA9A2019090,0,134,134
SPWPEA9A2019095,0,154,154
SPWPEA9A20S1085,0,150,150
SPWPEA9A20S1090,0,118,118
SPWPEA9A20S1095,0,60,60
SPWPEA9A2119085,0,32,32
SPWPEA9A2119090,0,2,2
SPWPEA9A21S1085,0,18,18
SPWPEA9A21S2085,0,6,6
SPWPEA9A21S3085,0,2,2
SPWPEA9KG199110,0,58,58
SPWPEA9KG199120,0,6,6
SPWPEA9KG199130,0,20,20
SPWPEA9KG199140,0,2,2
SPWPEA9KG199150,0,4,4
SPWPFA9A1116085,0,52,52
SPWPFA9A1116090,0,44,44
SPWPFA9A1116095,0,44,44
SPWPFA9A1116100,0,46,46
SPWPFA9A1119085,0,130,130
SPWPFA9A1119090,0,200,200
SPWPFA9A1119095,0,184,184
SPWPFA9A1119100,0,134,134
SPWPFA9A1151085,0,16,16
SPWPFA9A1151090,0,8,8
SPWPFA9A1151095,0,8,8
SPWPFA9A1151100,0,12,12
SPWPFA9A1184085,0,14,14
SPWPFA9A1184090,0,12,12
SPWPFA9A1184095,0,16,16
SPWPFA9A1184100,0,16,16
SPWPFA9A1188085,0,16,16
SPWPFA9A1188090,0,10,10
SPWPFA9A1188095,0,6,6
SPWPFA9A1188100,0,18,18
SPWPFA9A11GP090,0,6,6
SPWPFA9A11S1085,0,184,184
SPWPFA9A11S1090,0,110,110
SPWPFA9A11S1095,0,206,206
SPWPFA9A11S1100,0,160,160
SPWPFA9A11S1105,0,2,2
SPWPFA9A11S2085,0,78,78
SPWPFA9A11S2090,0,102,102
SPWPFA9A11S2095,0,116,116
SPWPFA9A11S2100,0,80,80
SPWPFA9A11S3085,0,86,86
SPWPFA9A11S3090,0,146,146
SPWPFA9A11S3095,0,138,138
SPWPFA9A11S3100,0,120,120
SPWPFA9A1219085,0,84,84
SPWPFA9A1219090,0,140,140
SPWPFA9A1219095,0,86,86
SPWPFA9A12S1085,0,92,92
SPWPFA9A12S1090,0,108,108
SPWPFA9A12S1095,0,124,124
SPWPFA9A12S2085,0,56,56
SPWPFA9A12S2090,0,110,110
SPWPFA9A12S2095,0,122,122
SPWPFA9A12S3085,0,4,4
SPWPFA9A12S3090,0,18,18
SPWPFA9A12S3095,0,26,26
SPWPFA9A1319090,0,2,2
SPWPFA9A13S1085,0,2,2
SPWPFA9A13S1090,0,4,4
SPWPFA9A13S2090,0,2,2
SPWPFA9A2019085,0,12,12
SPWPFA9A2019090,0,20,20
SPWPFA9A2019095,0,10,10
SPWPFA9A2035085,0,76,76
SPWPFA9A2035090,0,18,18
SPWPFA9A2035095,0,14,14
SPWPFA9KG199110,0,30,30
SPWPFA9KG199120,0,14,14
SPWPFA9KG199130,0,10,10
SPWPFA9KG199140,0,12,12
SPWPFA9KG199150,0,18,18
SPWPFA9KG199160,0,4,4
SPWPFA9KG231110,0,6,6
SPWPFA9KG231120,0,12,12
SPWPFA9KG231130,0,16,16
SPWPFA9KG231140,0,8,8
SPWPFA9KG231150,0,14,14
SPWPFA9KG231160,0,14,14
SPWPFA9KG284120,0,20,20
SPWPFA9KG284130,0,16,16
SPWPFA9KG284140,0,8,8
SPWPFA9KG284150,0,16,16
SPWPFA9KG284160,0,18,18
SPWPFA9KG499130,0,2,2
SPWPFA9KG499140,0,2,2
SPWPFA9KG499150,0,2,2
SPWPFA9KG599140,0,28,28
SPWPFA9KG599150,0,168,168
SPWPFA9KG599160,0,58,58
SPWPG37A01S1085,0,10,10
SPWPG37A01S1095,0,18,18
SPWPGA9A1119085,0,44,44
SPWPGA9A1119090,0,122,122
SPWPGA9A1119095,0,36,36
SPWPGA9A1119100,0,46,46
SPWPGA9A1119105,0,146,146
SPWPGA9A1131090,0,20,20
SPWPGA9A1131095,0,24,24
SPWPGA9A1131100,0,54,54
SPWPGA9A1139100,0,64,64
SPWPGA9A1151095,0,18,18
SPWPGA9A1159090,0,4,4
SPWPGA9A1159095,0,12,12
SPWPGA9A1184085,0,4,4
SPWPGA9A1184090,0,2,2
SPWPGA9A1184095,0,78,78
SPWPGA9A11S1085,0,22,22
SPWPGA9A11S1090,0,68,68
SPWPGA9A11S1095,0,50,50
SPWPGA9A11S1100,0,44,44
SPWPGA9A11S1105,0,2,2
SPWPGA9A11S2085,0,12,12
SPWPGA9A11S2090,0,30,30
SPWPGA9A11S2100,0,32,32
SPWPGA9A1219085,0,4,4
SPWPGA9A1219090,0,86,86
SPWPGA9A1219095,0,12,12
SPWPGA9A12S1095,0,88,88
SPWPGA9A2019085,0,1642,1642
SPWPGA9A2019090,0,9130,9130
SPWPGA9A2019095,0,19600,19600
SPWPGA9A2035085,0,3326,3326
SPWPGA9A2035090,0,17422,17422
SPWPGA9A2219085,0,2,2
SPWPGA9A2219100,0,168,168
SPWPGA9KG126110,0,106,106
SPWPGA9KG126120,0,154,154
SPWPGA9KG126130,0,702,702
SPWPGA9KG126140,0,1628,1628
SPWPGA9KG126150,0,2228,2228
SPWPGA9KG126160,0,616,616
SPWPGA9KG131110,0,194,194
SPWPGA9KG131120,0,278,278
SPWPGA9KG131130,0,862,862
SPWPGA9KG131140,0,1776,1776
SPWPGA9KG131150,0,2244,2244
SPWPGA9KG131160,0,712,712
SPWPGA9KG226110,0,104,104
SPWPGA9KG226120,0,582,582
SPWPGA9KG226130,0,1534,1534
SPWPGA9KG226140,0,2450,2450
SPWPGA9KG226150,0,1430,1430
SPWPGA9KG231110,0,206,206
SPWPGA9KG231120,0,574,574
SPWPGA9KG231130,0,950,950
SPWPGA9KG231150,0,668,668
SPWPGA9KG231160,0,656,656
SPWPGA9KG399110,0,672,672
SPWPGA9KG399120,0,550,550
SPWPGA9KG399130,0,1204,1204
SPWPGA9KG399140,0,1664,1664
SPWPGA9KG399150,0,1186,1186
SPWPGA9KG499110,0,138,138
SPWPGA9KG499120,0,68,68
SPWPGA9KG499130,0,290,290
SPWPGA9KG499140,0,24,24
SPWPGA9KG499150,0,66,66
SPWPGA9KG699120,0,4,4
SPWPGA9KG699140,0,2,2
SPWPGA9KG699150,0,2,2
SPWPGA9KG799110,0,2,2
SPWPGA9KG799140,0,4,4
SPWPGA9KG799150,0,2,2
SPWQEA9A0110085,0,4,4
SPWQEA9A0110090,0,4,4
SPWQEA9A0110095,0,2,2
SPWQEA9A0119085,0,10,10
SPWQEA9A0119090,0,2,2
SPWQEA9A0119095,0,2,2
SPWQEA9A0135085,0,2,2
SPWQEA9A0135090,0,4,4
SPWQEA9A2019090,0,4,4
SPWQEA9A2019095,0,14,14
SPWQEA9A20S1085,0,4,4
SPWQEA9A20S1090,0,12,12
SPWQEA9A20S1095,0,76,76
SPWQEA9KG199120,0,104,104
SPWQEA9KG199140,0,576,576
SPWQEA9KG199160,0,268,268
SPWQEA9KG210110,0,30,30
SPWQEA9KG210120,0,94,94
SPWQEA9KG210130,0,74,74
SPWQEA9KG210140,0,56,56
SPWQEA9KG210150,0,54,54
SPWQEA9KG210160,0,40,40
SPWQEA9KG219110,0,84,84
SPWQEA9KG219120,0,76,76
SPWQEA9KG219130,0,84,84
SPWQEA9KG219140,0,56,56
SPWQEA9KG219150,0,26,26
SPWQEA9KG219160,0,38,38
SPWQFA9A0135085,0,4,4
SPWQFA9A2019095,0,2,2
SPWQFA9A2117085,0,4,4
SPWQFA9A2117090,0,4,4
SPWQFA9A2117095,0,2,2
SPWQFA9A2159085,0,4,4
SPWQFA9A21AC085,0,4,4
SPWQFA9KG199120,0,2,2
SPWQFA9KG199130,0,2,2
SPWQFA9KG199140,0,2,2
SPWQFA9KG199160,0,2,2
SPWQFA9KG299120,0,10,10
SPWQFA9KG299140,0,16,16
SPWQFA9KG299160,0,24,24
SPWQGA9A0110085,0,18,18
SPWQGA9A0110090,0,2,2
SPWQGA9A0119085,0,16,16
SPWQGA9A0119095,0,110,110
SPWQGA9A0135085,0,26,26
SPWQGA9A0135095,0,30,30
SPWQGA9A2119085,0,4,4
SPWQGA9A2119095,0,4,4
SPWQGA9A2159085,0,6,6
SPWQGA9A2159090,0,6,6
SPWQGA9A2159095,0,6,6
SPWQGA9A21AC085,0,86,86
SPWQGA9A21AC090,0,44,44
SPWQGA9A21AC095,0,86,86
SPWQGA9KG199120,0,752,752
SPWQGA9KG199140,0,1462,1462
SPWQGA9KG199160,0,1212,1212
SPWREA9A0110085,0,14,14
SPWREA9A0110090,0,10,10
SPWREA9A0110095,0,30,30
SPWREA9A0110100,0,2,2
SPWREA9A0119085,0,16,16
SPWREA9A0119090,0,28,28
SPWREA9A0119095,0,16,16
SPWREA9A0119100,0,2,2
SPWREA9A0135085,0,4,4
SPWREA9A0135090,0,22,22
SPWREA9A0135095,0,20,20
SPWREA9A0135100,0,20,20
SPWREA9A0210085,0,6,6
SPWREA9A0210090,0,2,2
SPWREA9A0210095,0,2,2
SPWREA9A0219085,0,4,4
SPWREA9A0219095,0,10,10
SPWREA9A0235085,0,4,4
SPWREA9A0235090,0,2,2
SPWREA9A0319090,0,2,2
SPWREA9A1119085,0,136,136
SPWREA9A1119090,0,162,162
SPWREA9A1119095,0,102,102
SPWREA9A1119100,0,36,36
SPWREA9A11S1085,0,62,62
SPWREA9A11S1090,0,62,62
SPWREA9A11S1095,0,40,40
SPWREA9A11S1100,0,48,48
SPWREA9A11S2085,0,48,48
SPWREA9A11S2090,0,104,104
SPWREA9A11S2095,0,30,30
SPWREA9A11S2100,0,30,30
SPWREA9A11S3085,0,4,4
SPWREA9A11S3090,0,6,6
SPWREA9A11S3095,0,10,10
SPWREA9A11S3100,0,6,6
SPWREA9A1219085,0,268,268
SPWREA9A1219090,0,124,124
SPWREA9A1219095,0,160,160
SPWREA9A12S1085,0,88,88
SPWREA9A12S1090,0,108,108
SPWREA9A12S1095,0,108,108
SPWREA9A12S2085,0,104,104
SPWREA9A12S2090,0,52,52
SPWREA9A12S2095,0,74,74
SPWREA9A12S3085,0,12,12
SPWREA9A12S3095,0,10,10
SPWREA9A2010085,0,128,128
SPWREA9A2010090,0,50,50
SPWREA9A2010095,0,78,78
SPWREA9A2019085,0,110,110
SPWREA9A2019090,0,108,108
SPWREA9A2019095,0,76,76
SPWREA9A20S1085,0,32,32
SPWREA9A20S1090,0,26,26
SPWREA9A20S1095,0,60,60
SPWREA9A2119085,0,6,6
SPWREA9A2119090,0,2,2
SPWRF37A02B7090,0,2,2
SPWRF37A02S1090,0,2,2
SPWRFA9A0110085,0,78,78
SPWRFA9A0110090,0,104,104
SPWRFA9A0110095,0,62,62
SPWRFA9A0110100,0,56,56
SPWRFA9A0119085,0,62,62
SPWRFA9A0119090,0,82,82
SPWRFA9A0119095,0,86,86
SPWRFA9A0119100,0,34,34
SPWRFA9A0135085,0,64,64
SPWRFA9A0135090,0,98,98
SPWRFA9A0135095,0,86,86
SPWRFA9A0135100,0,44,44
SPWRFA9A0210090,0,8,8
SPWRFA9A0210095,0,8,8
SPWRFA9A0219085,0,22,22
SPWRFA9A0219090,0,4,4
SPWRFA9A0219095,0,26,26
SPWRFA9A0235085,0,36,36
SPWRFA9A0235090,0,54,54
SPWRFA9A0235095,0,20,20
SPWRFA9A0310085,0,2,2
SPWRFA9A0310090,0,4,4
SPWRFA9A0310095,0,8,8
SPWRFA9A0319085,0,36,36
SPWRFA9A0319095,0,8,8
SPWRFA9A0335085,0,2,2
SPWRFA9A0335090,0,28,28
SPWRFA9A0335095,0,10,10
SPWRFA9A0410085,0,6,6
SPWRFA9A0410095,0,4,4
SPWRFA9A0435085,0,6,6
SPWRFA9A1116085,0,2,2
SPWRFA9A1116090,0,2,2
SPWRFA9A1116095,0,2,2
SPWRFA9A1116100,0,4,4
SPWRFA9A1119080,0,12,12
SPWRFA9A1119085,0,28,28
SPWRFA9A1119090,0,8,8
SPWRFA9A1119095,0,14,14
SPWRFA9A1119100,0,2,2
SPWRFA9A11S1085,0,10,10
SPWRFA9A11S1090,0,6,6
SPWRFA9A11S1095,0,66,66
SPWRFA9A11S1100,0,6,6
SPWRFA9A11S2085,0,4,4
SPWRFA9A11S2095,0,4,4
SPWRFA9A11S2100,0,2,2
SPWRFA9A11S3085,0,20,20
SPWRFA9A11S3090,0,4,4
SPWRFA9A11S3095,0,14,14
SPWRFA9A1219085,0,54,54
SPWRFA9A1219090,0,72,72
SPWRFA9A1219095,0,34,34
SPWRFA9A1251085,0,14,14
SPWRFA9A1259085,0,16,16
SPWRFA9A1259090,0,4,4
SPWRFA9A1284085,0,22,22
SPWRFA9A1284090,0,8,8
SPWRFA9A1284095,0,18,18
SPWRFA9A1288085,0,64,64
SPWRFA9A1288095,0,2,2
SPWRFA9A12GP085,0,6,6
SPWRFA9A12S1085,0,36,36
SPWRFA9A12S1090,0,46,46
SPWRFA9A12S1095,0,28,28
SPWRFA9A12S2085,0,84,84
SPWRFA9A12S2090,0,38,38
SPWRFA9A12S2095,0,60,60
SPWRFA9A12S3085,0,12,12
SPWRFA9A12S3090,0,8,8
SPWRFA9A14AC085,0,2,2
SPWRFA9A2010090,0,2,2
SPWRFA9A2019085,0,74,74
SPWRFA9A2019090,0,56,56
SPWRFA9A2019095,0,2,2
SPWRFA9A2035085,0,40,40
SPWRFA9A2035090,0,6,6
SPWRFA9A2035095,0,46,46
SPWRFA9KG110140,0,16,16
SPWRFA9KG110150,0,8,8
SPWRFA9KG110160,0,4,4
SPWRFA9KG136140,0,10,10
SPWRFA9KG136150,0,18,18
SPWRFA9KG136160,0,4,4
SPWRFA9KG310140,0,16,16
SPWRFA9KG310150,0,32,32
SPWRFA9KG310160,0,24,24
SPWRFA9KG336140,0,12,12
SPWRFA9KG336150,0,32,32
SPWRG37A01S1085,0,4,4
SPWRG37A0319085,0,182,182
SPWRG37A0319090,0,192,192
SPWRG37A03S1085,0,332,332
SPWRG37A03S1090,0,318,318
SPWRG37A03S1095,0,80,80
SPWRGA9A0110085,0,2660,2660
SPWRGA9A0110090,0,896,896
SPWRGA9A0119085,0,36,36
SPWRGA9A0135090,0,46,46
SPWRGA9A0210080,0,2,2
SPWRGA9A0210085,0,2168,2168
SPWRGA9A0210090,0,3818,3818
SPWRGA9A0210095,0,226,226
SPWRGA9A0219085,0,2,2
SPWRGA9A0219090,0,698,698
SPWRGA9A0219095,0,12,12
SPWRGA9A0235085,0,28,28
SPWRGA9A0235090,0,4,4
SPWRGA9A0235095,0,104,104
SPWRGA9A0410085,0,4,4
SPWRGA9A0410095,0,14,14
SPWRGA9A0419085,0,10,10
SPWRGA9A0419090,0,18,18
SPWRGA9A0419095,0,24,24
SPWRGA9A0435085,0,14,14
SPWRGA9A0435090,0,10,10
SPWRGA9A1119085,0,4,4
SPWRGA9A1119095,0,2,2
SPWRGA9A1139085,0,2,2
SPWRGA9A1139090,0,92,92
SPWRGA9A1151090,0,2,2
SPWRGA9A11S1085,0,32,32
SPWRGA9A11S1090,0,10,10
SPWRGA9A11S1095,0,4,4
SPWRGA9A1219085,0,40,40
SPWRGA9A1219090,0,20,20
SPWRGA9A1219095,0,26,26
SPWRGA9A1231085,0,52,52
SPWRGA9A1231090,0,70,70
SPWRGA9A1231095,0,42,42
SPWRGA9A1284090,0,24,24
SPWRGA9A1284095,0,28,28
SPWRGA9A12S1085,0,30,30
SPWRGA9A12S1090,0,64,64
SPWRGA9A12S1095,0,38,38
SPWRGA9A12S2085,0,14,14
SPWRGA9A12S2090,0,42,42
SPWRGA9A12S2095,0,68,68
SPWRGA9A1319085,0,18,18
SPWRGA9A1319090,0,6,6
SPWRGA9A1319095,0,8,8
SPWRGA9A1339085,0,4,4
SPWRGA9A13S1085,0,22,22
SPWRGA9A1519095,0,2,2
SPWRGA9A1531090,0,2,2
SPWRGA9A2010090,0,18,18
SPWRGA9A2010100,0,96,96
SPWRGA9A2019085,0,6,6
SPWRGA9A2019090,0,6,6
SPWRGA9A2019100,0,22,22
SPWRGA9A2035085,0,2,2
SPWRGA9A2035090,0,14,14
SPWRGA9A20AC095,0,12,12
SPWRGA9KG110110,0,130,130
SPWRGA9KG110120,0,130,130
SPWRGA9KG110130,0,452,452
SPWRGA9KG110140,0,402,402
SPWRGA9KG110150,0,508,508
SPWRGA9KG110160,0,382,382
SPWRGA9KG199110,0,20,20
SPWRGA9KG199120,0,20,20
SPWRGA9KG199130,0,16,16
SPWRGA9KG199150,0,20,20
SPWRGA9KG199160,0,16,16
SPWRGA9KG210160,0,2,2
SPWRGA9KG310110,0,12,12
SPWRGA9KG310120,0,10,10
SPWRGA9KG310130,0,10,10
SPWRGA9KG310140,0,68,68
SPWRGA9KG310150,0,30,30
SPWRGA9KG310160,0,16,16
SPWRGA9KG326110,0,16,16
SPWRGA9KG326120,0,10,10
SPWRGA9KG326130,0,74,74
SPWRGA9KG326140,0,78,78
SPWRGA9KG326150,0,30,30
SPWRGA9KG326160,0,138,138
SPWRGA9KG331110,0,10,10
SPWRGA9KG331120,0,10,10
SPWRGA9KG331130,0,122,122
SPWRGA9KG331140,0,132,132
SPWRGA9KG331150,0,18,18
SPWRGA9KG331160,0,154,154
SPXVE4VA1017095,0,2,2
SPXVE4VA1017100,0,2,2
SPXVE4VA1019095,0,2,2
SPXVE4VA1019100,0,2,2
SPXVE4VA1217095,0,8,8
SPXVE4VA1217105,0,2,2
SPXVE4VA1219100,0,4,4
SPXVEA9KU040100,0,2,2
SPXVEA9KU050100,0,2,2
SPXVEA9KU116110,0,112,112
SPXVEA9KU116120,0,146,146
SPXVEA9KU116130,0,92,92
SPXVEA9KU116140,0,78,78
SPXVEA9KU116150,0,6,6
SPXVEA9KU126110,0,82,82
SPXVEA9KU126120,0,120,120
SPXVEA9KU126130,0,92,92
SPXVEA9KU126140,0,64,64
SPXVEA9KU126150,0,48,48
SPXVEA9KU151110,0,102,102
SPXVEA9KU151120,0,118,118
SPXVEA9KU151130,0,102,102
SPXVEA9KU151140,0,102,102
SPXVEA9KU151150,0,22,22
SPXVEA9KU164110,0,66,66
SPXVEA9KU164120,0,82,82
SPXVEA9KU164130,0,60,60
SPXVEA9KU164140,0,50,50
SPXVEA9KU164150,0,16,16
SPXVEA9KU225110,0,58,58
SPXVEA9KU225120,0,42,42
SPXVEA9KU225130,0,6,6
SPXVEA9KU225140,0,14,14
SPXVEA9KU237110,0,86,86
SPXVEA9KU237120,0,98,98
SPXVEA9KU237130,0,38,38
SPXVEA9KU237140,0,42,42
SPXVEA9KU250110,0,68,68
SPXVEA9KU250120,0,52,52
SPXVEA9KU250130,0,32,32
SPXVEA9KU250140,0,22,22
SPXVEA9KU284110,0,82,82
SPXVEA9KU284120,0,80,80
SPXVEA9KU284130,0,12,12
SPXVEA9KU284140,0,20,20
SPXVEA9KU925130,0,2,2
SPXVEA9KU9AC120,0,2,2
SPXVEAVA0119095,0,28,28
SPXVEAVA0119105,0,30,30
SPXVEAVA0119110,0,68,68
SPXVEAVA0219105,0,2,2
SPXVEAVA0317100,0,6,6
SPXVEAVA0319095,0,22,22
SPXVEAVA0419095,0,2,2
SPXVEAVA0419100,0,24,24
SPXVEAVA0419110,0,32,32
SPXVEAVA1110095,0,16,16
SPXVEAVA1110100,0,10,10
SPXVEAVA1110105,0,16,16
SPXVEAVA1110110,0,10,10
SPXVEAVA1117095,0,12,12
SPXVEAVA1117100,0,114,114
SPXVEAVA1117105,0,16,16
SPXVEAVA1117110,0,38,38
SPXVEAVA1119095,0,8,8
SPXVEAVA1119100,0,50,50
SPXVEAVA1119105,0,4,4
SPXVEAVA1119110,0,54,54
SPXVEAVA1417095,0,26,26
SPXVEAVA1417100,0,8,8
SPXVEAVA1417105,0,4,4
SPXVEAVA1417110,0,74,74
SPXVEAVA1419095,0,4,4
SPXVEAVA1419100,0,16,16
SPXVEAVA1419105,0,32,32
SPXVEAVA1419110,0,52,52
SPXVEAVKU117110,0,46,46
SPXVEAVKU117120,0,22,22
SPXVEAVKU117130,0,42,42
SPXVEAVKU117140,0,12,12
SPXVEAVKU117150,0,44,44
SPXVEAVKU117160,0,18,18
SPXVEAVKU119110,0,28,28
SPXVEAVKU119120,0,16,16
SPXVEAVKU119130,0,28,28
SPXVEAVKU119140,0,2,2
SPXVEAVKU119150,0,32,32
SPXVEAVKU119160,0,6,6
SPXVEAVKU210110,0,56,56
SPXVEAVKU210120,0,54,54
SPXVEAVKU210130,0,62,62
SPXVEAVKU210140,0,50,50
SPXVEAVKU210150,0,58,58
SPXVEAVKU210160,0,60,60
SPXVEAVKU219110,0,182,182
SPXVEAVKU219120,0,186,186
SPXVEAVKU219130,0,296,296
SPXVEAVKU219140,0,280,280
SPXVEAVKU219150,0,266,266
SPXVEAVKU219160,0,214,214
SPXVEAVKU310110,0,44,44
SPXVEAVKU310120,0,18,18
SPXVEAVKU310130,0,34,34
SPXVEAVKU310140,0,30,30
SPXVEAVKU310150,0,20,20
SPXVEAVKU310160,0,42,42
SPXVEAVKU319110,0,76,76
SPXVEAVKU319120,0,50,50
SPXVEAVKU319130,0,46,46
SPXVEAVKU319140,0,46,46
SPXVEAVKU319150,0,30,30
SPXVEAVKU319160,0,52,52
SPXVF4VA1010095,0,12,12
SPXVF4VA2019095,0,2,2
SPXVF4VA2119100,0,2,2
SPXVFA9KU115110,0,10,10
SPXVFA9KU115120,0,12,12
SPXVFA9KU115130,0,10,10
SPXVFA9KU115140,0,10,10
SPXVFA9KU125110,0,6,6
SPXVFA9KU125120,0,6,6
SPXVFA9KU125130,0,10,10
SPXVFA9KU125140,0,8,8
SPXVFA9KU125150,0,6,6
SPXVFA9KU135120,0,18,18
SPXVFA9KU135130,0,10,10
SPXVFA9KU135140,0,10,10
SPXVFA9KU150110,0,6,6
SPXVFA9KU150120,0,8,8
SPXVFA9KU150130,0,10,10
SPXVFA9KU150140,0,6,6
SPXVFA9KU150150,0,4,4
SPXVFA9KU164110,0,4,4
SPXVFA9KU164120,0,16,16
SPXVFA9KU164130,0,10,10
SPXVFA9KU164140,0,10,10
SPXVFA9KU164150,0,10,10
SPXVFA9KU175110,0,6,6
SPXVFA9KU175120,0,6,6
SPXVFA9KU175130,0,8,8
SPXVFA9KU175140,0,8,8
SPXVFA9KU326110,0,10,10
SPXVFA9KU326120,0,12,12
SPXVFA9KU326130,0,8,8
SPXVFA9KU326140,0,10,10
SPXVFA9KU330110,0,8,8
SPXVFA9KU330120,0,8,8
SPXVFA9KU330130,0,8,8
SPXVFA9KU330140,0,4,4
SPXVFA9KU350110,0,70,70
SPXVFA9KU350120,0,74,74
SPXVFA9KU350130,0,80,80
SPXVFA9KU350140,0,44,44
SPXVFA9KU351110,0,12,12
SPXVFA9KU351120,0,8,8
SPXVFA9KU351130,0,8,8
SPXVFA9KU359110,0,50,50
SPXVFA9KU359120,0,50,50
SPXVFA9KU359130,0,50,50
SPXVFA9KU359140,0,32,32
SPXVFA9KU3AC110,0,6,6
SPXVFA9KU3AC120,0,6,6
SPXVFA9KU3AC130,0,12,12
SPXVFA9KU3AC140,0,4,4
SPXVFAVA0110090,0,168,168
SPXVFAVA0110095,0,1752,1752
SPXVFAVA0110100,0,1836,1836
SPXVFAVA0110105,0,1308,1308
SPXVFAVA0110110,0,162,162
SPXVFAVA0117090,0,186,186
SPXVFAVA0117095,0,1196,1196
SPXVFAVA0117110,0,188,188
SPXVFAVA0119090,0,386,386
SPXVFAVA0119095,0,1992,1992
SPXVFAVA0119100,0,1632,1632
SPXVFAVA0119105,0,968,968
SPXVFAVA0119110,0,110,110
SPXVFAVA0210090,0,10,10
SPXVFAVA0210095,0,38,38
SPXVFAVA0210100,0,8,8
SPXVFAVA0210105,0,36,36
SPXVFAVA0219090,0,12,12
SPXVFAVA0219095,0,14,14
SPXVFAVA0219100,0,8,8
SPXVFAVA0219105,0,2,2
SPXVFAVA0317090,0,28,28
SPXVFAVA0317095,0,256,256
SPXVFAVA0317100,0,492,492
SPXVFAVA0317105,0,354,354
SPXVFAVA0319090,0,52,52
SPXVFAVA0319095,0,70,70
SPXVFAVA0319100,0,212,212
SPXVFAVA0319105,0,238,238
SPXVFAVA0417090,0,284,284
SPXVFAVA0417095,0,1546,1546
SPXVFAVA0417100,0,1088,1088
SPXVFAVA0417110,0,72,72
SPXVFAVA0419095,0,1844,1844
SPXVFAVA0419100,0,1326,1326
SPXVFAVA0419110,0,264,264
SPXVFAVKU110110,0,2,2
SPXVFAVKU110130,0,2,2
SPXVFAVKU110140,0,12,12
SPXVFAVKU110150,0,8,8
SPXVFAVKU110160,0,10,10
SPXVFAVKU117110,0,4,4
SPXVFAVKU117120,0,10,10
SPXVFAVKU117130,0,26,26
SPXVFAVKU117140,0,22,22
SPXVFAVKU117150,0,26,26
SPXVFAVKU117160,0,18,18
SPXVFAVKU119110,0,4,4
SPXVFAVKU119120,0,4,4
SPXVFAVKU119130,0,30,30
SPXVFAVKU119140,0,18,18
SPXVFAVKU119150,0,24,24
SPXVFAVKU119160,0,12,12
SPXVFAVKU135110,0,4,4
SPXVFAVKU135130,0,6,6
SPXVFAVKU135140,0,16,16
SPXVFAVKU135150,0,14,14
SPXVFAVKU135160,0,10,10
SPXVFAVKU210110,0,14,14
SPXVFAVKU210120,0,12,12
SPXVFAVKU210130,0,22,22
SPXVFAVKU210140,0,26,26
SPXVFAVKU210150,0,14,14
SPXVFAVKU210160,0,16,16
SPXVFAVKU219110,0,22,22
SPXVFAVKU219120,0,24,24
SPXVFAVKU219130,0,22,22
SPXVFAVKU219140,0,10,10
SPXVFAVKU219150,0,12,12
SPXVFAVKU219160,0,12,12
SPXVG11A9019090,0,44,44
SPXVG11A9019095,0,34,34
SPXVG11A9019100,0,26,26
SPXVGAVKU117130,0,4,4
SPXVGAVKU117160,0,10,10
SPXVGAVKU119120,0,2,2
SPXVGAVKU119130,0,2,2
SPXVGAVKU119150,0,4,4
SPXVGAVKU210130,0,2,2
SPXVGAVKU210140,0,2,2
SPXVGAVKU210160,0,4,4
SPXVGAVKU219130,0,4,4
SPYCE38C0819100,0,2,2
SPYCE38C0819105,0,4,4
SPYCE38C0851105,0,4,4
SPYCF49C5126095,0,20,20
SPYCF49C5126100,0,22,22
SPYCF49C5126105,0,24,24
SPYCF49C5126110,0,10,10
SPYCF49C5151095,0,6,6
SPYCF49C5151100,0,4,4
SPYCF49C5151105,0,2,2
SPYCF49C5159095,0,58,58
SPYCF49C5159100,0,40,40
SPYCF49C5159105,0,32,32
SPYCF49C5159110,0,26,26
SPYCF49C51MB095,0,80,80
SPYCF49C51MB100,0,62,62
SPYCF49C51MB105,0,58,58
SPYCF49C51MB110,0,18,18
SPYCF49C9351999,0,2,2
SPYCF49C9359999,0,2,2
SPYCF49C9551095,0,2,2
SPYCF49C9551100,0,2,2
SPYCF49C9551105,0,20,20
SPYCF49C9559095,0,20,20
SPYCF49C9559100,0,18,18
SPYCF49C9559105,0,16,16
SPYCF49C9559999,0,2,2
SPYCF49C9611999,0,12,12
SPYCF49C9639999,0,8,8
SPYCF49C9659999,0,2,2
SPYCF49G0819085,0,98,98
SPYCF49G0819090,0,82,82
SPYCF49G0819095,0,60,60
SPYCF49G0839085,0,88,88
SPYCF49G0839090,0,76,76
SPYCF49G0839095,0,36,36
SPYCF49G9459999,0,2,2
SPYCF49G9485999,0,8,8
SPYCF49KU919130,0,118,118
SPYCF49KU919140,0,224,224
SPYCF49KU919150,0,224,224
SPYCF49KU919160,0,174,174
SPYCF49KU939130,0,108,108
SPYCF49KU939140,0,178,178
SPYCF49KU939150,0,194,194
SPYCF49KU939160,0,156,156
SPYCF4TC5415090,0,4,4
SPYCF4TC5415095,0,22,22
SPYCF4TC5415100,0,16,16
SPYCF4TC5415105,0,18,18
SPYCF4TC5415110,0,18,18
SPYCF4TC5417090,0,6,6
SPYCF4TC5417095,0,14,14
SPYCF4TC5417100,0,8,8
SPYCF4TC5417105,0,2,2
SPYCF4TC5417110,0,10,10
SPYCF4TC5420090,0,10,10
SPYCF4TC5420095,0,20,20
SPYCF4TC5420100,0,46,46
SPYCF4TC5420105,0,28,28
SPYCF4TC5420110,0,26,26
SPYCF4TC5425100,0,2,2
SPYCF4TC5435095,0,56,56
SPYCF4TC5435100,0,40,40
SPYCF4TC5435105,0,36,36
SPYCF4TC5435110,0,34,34
SPYCF4TC5436090,0,412,412
SPYCF4TC5436095,0,448,448
SPYCF4TC5436100,0,284,284
SPYCF4TC5436105,0,270,270
SPYCF4TC5436110,0,288,288
SPYCF4TC5440090,0,30,30
SPYCF4TC5440095,0,48,48
SPYCF4TC5440100,0,48,48
SPYCF4TC5440105,0,46,46
SPYCF4TC5440110,0,14,14
SPYCF4TC5459090,0,154,154
SPYCF4TC5459095,0,270,270
SPYCF4TC5459100,0,180,180
SPYCF4TC5459105,0,150,150
SPYCF4TC5459110,0,176,176
SPYCF4TC5485090,0,76,76
SPYCF4TC5485095,0,146,146
SPYCF4TC5485100,0,118,118
SPYCF4TC5485105,0,94,94
SPYCF4TC5485110,0,100,100
SPYCF4TC54BF090,0,2,2
SPYCF4TC54BF095,0,42,42
SPYCF4TC54BF100,0,48,48
SPYCF4TC54BF105,0,30,30
SPYCF4TC54BF110,0,58,58
SPYCF4TCS159090,0,32,32
SPYCF4TCS159095,0,50,50
SPYCF4TCS159100,0,34,34
SPYCF4TCS159105,0,50,50
SPYCF4TCS162090,0,24,24
SPYCF4TCS162095,0,104,104
SPYCF4TCS162100,0,90,90
SPYCF4TCS162105,0,94,94
SPYCF4TKU959120,0,74,74
SPYCF4TKU959130,0,120,120
SPYCF4TKU959140,0,168,168
SPYCF4TKU959150,0,134,134
SPYCF4TKU959160,0,160,160
SPYCF4TKU985120,0,128,128
SPYCF4TKU985130,0,170,170
SPYCF4TKU985140,0,298,298
SPYCF4TKU985150,0,304,304
SPYCF4TKU985160,0,300,300
SPYCG11C5420090,0,380,380
SPYCG11C5420095,0,238,238
SPYCG11C5420100,0,114,114
SPYCG11C5420105,0,118,118
SPYCG11C5420110,0,122,122
SPYCG11C5435090,0,44,44
SPYCG11C5435095,0,140,140
SPYCG11C5435100,0,102,102
SPYCG11C5435105,0,46,46
SPYCG11C5435110,0,74,74
SPYCG11C5485090,0,290,290
SPYCG11C5485095,0,552,552
SPYCG11C5485105,0,378,378
SPYCG11C5485110,0,372,372
SPYCG23C0360100,0,2,2
SPYCG23C0360105,0,2,2
SPYCG23C0360110,0,2,2
SPYCG23C0459100,0,8,8
SPYCG23G0559085,0,4,4
SPYCG24G9119999,0,2,2
SPYCG24G9159999,0,2,2
SPYCG25C0659105,0,2,2
SPYCG25C0660105,0,2,2
SPYCG25G5119085,0,4,4
SPYCG25G5151090,0,2,2
SPYCG25G5151095,0,2,2
SPYCG25G5159085,0,2,2
SPYCG37C0125100,0,2,2
SPYCG37C0125105,0,2,2
SPYCG37C0159090,0,1210,1210
SPYCG37C0159095,0,1330,1330
SPYCG37C0159100,0,1584,1584
SPYCG37C0159110,0,1328,1328
SPYCG37C0160090,0,4,4
SPYCG37C0160110,0,66,66
SPYCG37C0185090,0,156,156
SPYCG37C0185095,0,112,112
SPYCG37C0650105,0,2,2
SPYCG37C0660105,0,2,2
SPYCG37C9835090,0,24,24
SPYCG37C9835095,0,78,78
SPYCG37C9835100,0,28,28
SPYCG37C9849085,0,2,2
SPYCG37C9885095,0,4,4
SPYCG37C9935100,0,2,2
SPYCG37G5159085,0,2,2
SPYCG37W9151999,0,40,40
SPYCG37W9210999,0,32,32
SPYCG37W9219999,0,184,184
SPYCG37W9315999,0,4,4
SPYCG37W9350999,0,6,6
SPYJE24KU155130,0,2,2
SPYJE26C0155105,0,2,2
SPYJE49C0117090,0,2,2
SPYJE49C0155090,0,2,2
SPYJE49C0159090,0,6,6
SPYJE49C0159095,0,6,6
SPYJE49C0159105,0,2,2
SPYJE49C01VI100,0,2,2
SPYJE49G0117085,0,2,2
SPYJE49G0117090,0,2,2
SPYJF23C0117110,0,2,2
SPYJF23C0155090,0,4,4
SPYJF23C0156100,0,2,2
SPYJF23C01VI090,0,2,2
SPYJF23G0117085,0,10,10
SPYJF23G0117090,0,12,12
SPYJF23G0117095,0,8,8
SPYJF23G0157085,0,12,12
SPYJF23G0157090,0,14,14
SPYJF23G0157095,0,8,8
SPYJF24C0159090,0,2,2
SPYJF24G0117095,0,2,2
SPYJF24KU159140,0,2,2
SPYJF49C0117090,0,14,14
SPYJF49C0117095,0,30,30
SPYJF49C0117100,0,20,20
SPYJF49C0117105,0,34,34
SPYJF49C0117110,0,30,30
SPYJF49C0157090,0,32,32
SPYJF49C0157095,0,22,22
SPYJF49C0157100,0,10,10
SPYJF49C0157105,0,16,16
SPYJF49C0157110,0,2,2
SPYJF49C01VB090,0,66,66
SPYJF49C01VB095,0,36,36
SPYJF49C01VB100,0,30,30
SPYJF49C01VB105,0,16,16
SPYJF49C01VB110,0,6,6
SPYJF49C01VI090,0,18,18
SPYJF49C01VI100,0,14,14
SPYJF49C01VI105,0,10,10
SPYJF49C01VI110,0,6,6
SPYJF49C0255090,0,34,34
SPYJF49C0255095,0,46,46
SPYJF49C0255100,0,38,38
SPYJF49C0255105,0,56,56
SPYJF49C0256090,0,24,24
SPYJF49C0256095,0,46,46
SPYJF49C0256100,0,44,44
SPYJF49C0256105,0,62,62
SPYJF49C0355090,0,40,40
SPYJF49C0355095,0,58,58
SPYJF49C0355100,0,68,68
SPYJF49C0355105,0,64,64
SPYJF49C0355110,0,34,34
SPYJF49C0359090,0,24,24
SPYJF49C0359095,0,32,32
SPYJF49C0359100,0,64,64
SPYJF49C0359105,0,46,46
SPYJF49C0359110,0,54,54
SPYJF49C0419090,0,44,44
SPYJF49C0419095,0,32,32
SPYJF49C0419100,0,32,32
SPYJF49C0419105,0,24,24
SPYJF49C0457090,0,28,28
SPYJF49C0457095,0,34,34
SPYJF49C0457100,0,26,26
SPYJF49C0457105,0,22,22
SPYJF49C9217999,0,2,2
SPYJF49C9255999,0,4,4
SPYJF49KU156110,0,2,2
SPYJF49KU156140,0,2,2
SPYJF49KU156150,0,2,2
SPYJF49KU1VI110,0,4,4
SPYJF49KU1VI120,0,6,6
SPYJF49KU1VI130,0,4,4
SPYJF49KU1VI140,0,8,8
SPYJF49KU1VI150,0,12,12
SPYJF49KU1VI160,0,2,2
SPYJFA9M0155090,0,40,40
SPYJFA9M0155095,0,90,90
SPYJFA9M0155100,0,84,84
SPYJFA9M0155105,0,106,106
SPYJFA9M0159090,0,64,64
SPYJFA9M0159095,0,110,110
SPYJFA9M0159100,0,162,162
SPYJFA9M0159105,0,152,152
SPYJG23C0117090,0,6,6
SPYJG23C0117095,0,22,22
SPYJG23C0117100,0,8,8
SPYJG23C0117105,0,18,18
SPYJG23C0117110,0,2,2
SPYJG23C0155090,0,6,6
SPYJG23C0155105,0,4,4
SPYJG23C0156090,0,10,10
SPYJG23C0156100,0,14,14
SPYJG23C0156105,0,14,14
SPYJG23C0156110,0,4,4
SPYJG23C0159090,0,14,14
SPYJG23C0159095,0,20,20
SPYJG23C0159105,0,28,28
SPYJG23C0159110,0,4,4
SPYJG23CY119100,0,2,2
SPYJG23CY119105,0,4,4
SPYJG23CY256090,0,2,2
SPYJG23CY256095,0,28,28
SPYJG23CY259090,0,2,2
SPYJG23CY259100,0,12,12
SPYJG23CY259105,0,2,2
SPYJG23G0117085,0,2,2
SPYJG23G0117095,0,8,8
SPYJG23G0117100,0,2,2
SPYJG23G0155085,0,2,2
SPYJG23G0155090,0,2,2
SPYJG23G0155095,0,4,4
SPYJG23G0155100,0,4,4
SPYJG23G0157085,0,4,4
SPYJG23G0157090,0,6,6
SPYJG23G0157100,0,4,4
SPYJG24C0117095,0,2,2
SPYJG24C0117100,0,2,2
SPYJG24C0117105,0,4,4
SPYJG24C0155090,0,474,474
SPYJG24C0155105,0,816,816
SPYJG24C0156090,0,2,2
SPYJG24C0156100,0,4,4
SPYJG24C0156105,0,6,6
SPYJG24C0159090,0,8,8
SPYJG24C0159100,0,52,52
SPYJG24G0117085,0,2,2
SPYJG24G0117100,0,2,2
SPYJG24G0156080,0,2,2
SPYJG24G0157085,0,4,4
SPYJG37C0217090,0,8,8
SPYJG37C0217095,0,8,8
SPYJG37C0217105,0,2,2
SPYJG37C0217110,0,358,358
SPYJG37G0157085,0,6,6
SPYJG37G0157090,0,2,2
SPYJG49C0115090,0,110,110
SPYJG49C0115095,0,234,234
SPYJG49C0115100,0,266,266
SPYJG49C0115105,0,160,160
SPYJG49C0115110,0,230,230
SPYJG49C0117090,0,596,596
SPYJG49C0117095,0,596,596
SPYJG49C0117100,0,886,886
SPYJG49C0117105,0,878,878
SPYJG49C0155090,0,464,464
SPYJG49C0155095,0,362,362
SPYJG49C0155100,0,458,458
SPYJG49C0155105,0,422,422
SPYJG49C0155110,0,196,196
SPYJG49C0157090,0,1008,1008
SPYJG49C0157095,0,1018,1018
SPYJG49C0157100,0,1192,1192
SPYJG49C0157105,0,900,900
SPYJG49C0157110,0,256,256
SPYJG49C0159090,0,176,176
SPYJG49C0159095,0,318,318
SPYJG49C0159100,0,348,348
SPYJG49C0159105,0,226,226
SPYJG49C0159110,0,348,348
SPYJGA9CS155090,0,2,2
SPYSE37W0210095,0,2,2
SPYSF23W3250090,0,2,2
SPYSF23W3285090,0,2,2
SPYSF24KU151140,0,2,2
SPYSF24KU151150,0,4,4
SPYSF24KU184130,0,4,4
SPYSF24KU184140,0,4,4
SPYSF24KU184150,0,4,4
SPYSF37M1410100,0,2,2
SPYSF37M1427105,0,2,2
SPYSF37M1451100,0,2,2
SPYSF37W0510085,0,2,2
SPYSF49G0620085,0,6,6
SPYSF49G0620090,0,20,20
SPYSF49G0620095,0,10,10
SPYSF49G0650085,0,10,10
SPYSF49G0650090,0,8,8
SPYSF49G0650095,0,26,26
SPYSG23C0239095,0,6,6
SPYSG23C0239100,0,8,8
SPYSG23C0239105,0,6,6
SPYSG23C0239110,0,4,4
SPYSG23C0259095,0,6,6
SPYSG23C0259100,0,4,4
SPYSG23C0259105,0,2,2
SPYSG23C0259110,0,4,4
SPYSG23G0225085,0,6,6
SPYSG23G0225090,0,10,10
SPYSG23G0231090,0,4,4
SPYSG23G0239090,0,2,2
SPYSG23G0239095,0,4,4
SPYSG23G0250085,0,8,8
SPYSG23G0250090,0,8,8
SPYSG23G0250095,0,2,2
SPYSG23W0485085,0,12,12
SPYSG23W0485090,0,8,8
SPYSG23W0485095,0,4,4
SPYSG24W9131999,0,6,6
SPYSG24W9151999,0,2,2
SPYSG37W9131090,0,8,8
SPYSG37W9131095,0,4,4
SPYSG37W9139085,0,2,2
SPYSG37W9151090,0,2,2
SPYSG37W9151095,0,8,8
SPYVE4VA1017090,0,2,2
SPYVE4VA1019090,0,2,2
SPYVEAVA0119085,0,32,32
SPYVEAVA0119090,0,50,50
SPYVEAVA0119095,0,42,42
SPYVEAVA0119100,0,42,42
SPYVEAVA0210085,0,4,4
SPYVEAVA0219085,0,18,18
SPYVEAVA0219090,0,78,78
SPYVEAVA0219095,0,72,72
SPYVEAVA0310085,0,22,22
SPYVEAVA0310090,0,22,22
SPYVEAVA0310095,0,16,16
SPYVEAVA0319085,0,18,18
SPYVEAVA0319090,0,4,4
SPYVEAVA0319095,0,16,16
SPYVEAVA0419090,0,4,4
SPYVEAVA0419100,0,10,10
SPYVEAVA0519090,0,4,4
SPYVEAVA0519095,0,2,2
SPYVEAVA05S2085,0,4,4
SPYVEAVA05S2090,0,2,2
SPYVEAVA0619080,0,2,2
SPYVEAVA06S2070,0,6,6
SPYVEAVA06S2075,0,4,4
SPYVEAVA1110085,0,6,6
SPYVEAVA1110090,0,6,6
SPYVEAVA1110095,0,8,8
SPYVEAVA1110100,0,4,4
SPYVEAVA1117085,0,2,2
SPYVEAVA1117090,0,2,2
SPYVEAVA1117095,0,8,8
SPYVEAVA1117100,0,18,18
SPYVEAVA1119085,0,2,2
SPYVEAVA1119090,0,10,10
SPYVEAVA1119095,0,66,66
SPYVEAVA1119100,0,20,20
SPYVEAVA11S2085,0,6,6
SPYVEAVA11S2090,0,12,12
SPYVEAVA11S2095,0,6,6
SPYVEAVA11S2100,0,6,6
SPYVEAVA1417085,0,16,16
SPYVEAVA1417090,0,8,8
SPYVEAVA1417095,0,12,12
SPYVEAVA1417100,0,12,12
SPYVEAVA1419085,0,14,14
SPYVEAVA1419090,0,22,22
SPYVEAVA1419095,0,22,22
SPYVEAVA1419100,0,12,12
SPYVF4VA1010085,0,120,120
SPYVF4VA1010090,0,170,170
SPYVF4VA1010095,0,110,110
SPYVF4VA1017085,0,224,224
SPYVF4VA1017090,0,260,260
SPYVF4VA1017095,0,198,198
SPYVF4VA1019085,0,194,194
SPYVF4VA1019090,0,206,206
SPYVF4VA1019095,0,78,78
SPYVF4VA1117085,0,118,118
SPYVF4VA1117090,0,94,94
SPYVF4VA1117095,0,118,118
SPYVF4VA1119085,0,132,132
SPYVF4VA1119090,0,138,138
SPYVF4VA1119095,0,142,142
SPYVF4VA2019085,0,430,430
SPYVF4VA2019090,0,420,420
SPYVF4VA2119085,0,138,138
SPYVF4VA2119090,0,152,152
SPYVF4VKU119110,0,78,78
SPYVF4VKU119120,0,70,70
SPYVF4VKU119130,0,142,142
SPYVF4VKU119140,0,118,118
SPYVF4VKU119150,0,96,96
SPYVF4VKU119160,0,80,80
SPYVF4VKU126110,0,54,54
SPYVF4VKU126120,0,58,58
SPYVF4VKU126130,0,178,178
SPYVF4VKU126140,0,154,154
SPYVF4VKU126150,0,104,104
SPYVF4VKU136110,0,68,68
SPYVF4VKU136120,0,50,50
SPYVF4VKU136130,0,108,108
SPYVF4VKU136140,0,106,106
SPYVF4VKU136150,0,106,106
SPYVF4VKU136160,0,64,64
SPYVF4VKU184110,0,66,66
SPYVF4VKU184120,0,60,60
SPYVF4VKU184130,0,96,96
SPYVF4VKU184140,0,82,82
SPYVF4VKU184150,0,94,94
SPYVF4VKU184160,0,58,58
SPYVFAVA0110085,0,452,452
SPYVFAVA0110090,0,332,332
SPYVFAVA0110095,0,406,406
SPYVFAVA0110100,0,86,86
SPYVFAVA0117085,0,672,672
SPYVFAVA0117090,0,854,854
SPYVFAVA0117095,0,522,522
SPYVFAVA0117100,0,108,108
SPYVFAVA0119085,0,332,332
SPYVFAVA0119090,0,580,580
SPYVFAVA0119095,0,326,326
SPYVFAVA0119100,0,142,142
SPYVFAVA01S2085,0,834,834
SPYVFAVA01S2095,0,254,254
SPYVFAVA01S2100,0,76,76
SPYVFAVA0210085,0,566,566
SPYVFAVA0210090,0,510,510
SPYVFAVA0210095,0,150,150
SPYVFAVA0219085,0,394,394
SPYVFAVA0219090,0,352,352
SPYVFAVA0310085,0,832,832
SPYVFAVA0310090,0,1188,1188
SPYVFAVA0310095,0,934,934
SPYVFAVA0319085,0,1042,1042
SPYVFAVA0319090,0,1420,1420
SPYVFAVA0319095,0,1386,1386
SPYVFAVA0417085,0,950,950
SPYVFAVA0417090,0,726,726
SPYVFAVA0417095,0,478,478
SPYVFAVA0417100,0,254,254
SPYVFAVA0419085,0,348,348
SPYVFAVA0419090,0,252,252
SPYVFAVA0419095,0,162,162
SPYVFAVA0419100,0,234,234
SPYVFAVA0510085,0,618,618
SPYVFAVA0510090,0,456,456
SPYVFAVA0510095,0,100,100
SPYVFAVA0519085,0,458,458
SPYVFAVA0519090,0,500,500
SPYVFAVA0519095,0,276,276
SPYVFAVKU110110,0,2,2
SPYVFAVKU110120,0,2,2
SPYVFAVKU110140,0,2,2
SPYVFAVKU110150,0,2,2
SPYVFAVKU117160,0,2,2
SPYVFAVKU217150,0,2,2
SPYVG11A9019090,0,20,20
SPYVG11A9019095,0,18,18
SPYWE11W0251085,0,2,2
SPYWE11W0259085,0,4,4
SPYWE23C5110100,0,6,6
SPYWE23C5210095,0,2,2
SPYWE23KU110120,0,4,4
SPYWE23M0310095,0,18,18
SPYWE23M0310100,0,14,14
SPYWE23M0310105,0,12,12
SPYWE23M0310110,0,6,6
SPYWE23M0355095,0,6,6
SPYWE23M0355100,0,4,4
SPYWE23M0355105,0,4,4
SPYWE23M0355110,0,2,2
SPYWE23M0359095,0,6,6
SPYWE23M0359100,0,8,8
SPYWE23M0359105,0,8,8
SPYWE23M0384095,0,6,6
SPYWE23M0384100,0,4,4
SPYWE23M0384105,0,2,2
SPYWE23M0384110,0,4,4
SPYWE23M0410095,0,4,4
SPYWE23M0410100,0,2,2
SPYWE23M0410105,0,4,4
SPYWE23W0210085,0,4,4
SPYWE23W0210090,0,4,4
SPYWE23W0231090,0,2,2
SPYWE23W0231095,0,2,2
SPYWE23W0251095,0,2,2
SPYWE24M0610100,0,2,2
SPYWE24M0610105,0,4,4
SPYWE24M0651095,0,4,4
SPYWE24M0651110,0,2,2
SPYWE24M0660095,0,2,2
SPYWE24M8060999,0,2,2
SPYWE24W0410095,0,2,2
SPYWE24W0451095,0,2,2
SPYWE24W0459085,0,2,2
SPYWE24W0610085,0,8,8
SPYWE24W0610090,0,6,6
SPYWE24W0610095,0,2,2
SPYWE24W0651090,0,4,4
SPYWE24W0651095,0,2,2
SPYWE25C5110105,0,4,4
SPYWE25C5151105,0,2,2
SPYWE25W0710085,0,4,4
SPYWE25W1210090,0,16,16
SPYWE25W1210095,0,10,10
SPYWE25W1219090,0,16,16
SPYWE25W1219095,0,2,2
SPYWE25W1233090,0,14,14
SPYWE25W1233095,0,4,4
SPYWE37W05UY095,0,2,2
SPYWE37W0710085,0,4,4
SPYWE37W0710090,0,2,2
SPYWE38C4103105,0,2,2
SPYWE38C4103110,0,2,2
SPYWE38C4170095,0,2,2
SPYWE38C4170100,0,2,2
SPYWE38C4170105,0,2,2
SPYWE38M0560100,0,2,2
SPYWE38W0330085,0,2,2
SPYWE38W0350095,0,2,2
SPYWE38W1151095,0,2,2
SPYWE49C5110100,0,2,2
SPYWE49C5210110,0,2,2
SPYWE49G8025085,0,2,2
SPYWE49KG210130,0,2,2
SPYWE49KG251130,0,2,2
SPYWE49KG251140,0,2,2
SPYWE49M0110100,0,2,2
SPYWE49M0110105,0,2,2
SPYWE49M0119095,0,12,12
SPYWE49M0136100,0,4,4
SPYWE49M0151105,0,4,4
SPYWE49M0184095,0,12,12
SPYWE49M0184100,0,2,2
SPYWE49M0199100,0,2,2
SPYWE49M0759095,0,10,10
SPYWE49M0759100,0,2,2
SPYWE49M0759105,0,2,2
SPYWE49W0210090,0,2,2
SPYWE49W1110085,0,2,2
SPYWE49W1210085,0,14,14
SPYWE49W1210090,0,6,6
SPYWE49W1219090,0,10,10
SPYWE49W1219095,0,14,14
SPYWE49W1250090,0,2,2
SPYWE49W1250095,0,2,2
SPYWE49W1251085,0,14,14
SPYWE49W1251090,0,4,4
SPYWE49W1251095,0,8,8
SPYWE49W1A59095,0,2,2
SPYWE49W9110085,0,6,6
SPYWE49W9119085,0,4,4
SPYWE49W9150085,0,12,12
SPYWE49W9150090,0,2,2
SPYWE49W9152085,0,6,6
SPYWE49W9152090,0,6,6
SPYWE49W9199085,0,4,4
SPYWE49W9199090,0,2,2
SPYWE49W9199095,0,2,2
SPYWE4TM0211105,0,2,2
SPYWE4TM0219095,0,2,2
SPYWE4TM0219105,0,2,2
SPYWE4TM0219110,0,8,8
SPYWE4TM0239105,0,2,2
SPYWE4TW0535095,0,2,2
SPYWE4TW0539095,0,2,2
SPYWE4VM0549100,0,2,2
SPYWE4VM0549105,0,6,6
SPYWE4VM0559100,0,2,2
SPYWE4VM0560095,0,4,4
SPYWE4VM0560105,0,2,2
SPYWEA9M5110090,0,38,38
SPYWEA9M5110095,0,50,50
SPYWEA9M5110100,0,52,52
SPYWEA9M5110105,0,26,26
SPYWEA9M5119090,0,90,90
SPYWEA9M5119095,0,70,70
SPYWEA9M5119100,0,10,10
SPYWEA9M5119105,0,4,4
SPYWEA9M5150090,0,10,10
SPYWEA9M5150095,0,30,30
SPYWEA9M5150100,0,12,12
SPYWEA9M5150105,0,10,10
SPYWEA9M5151090,0,24,24
SPYWEA9M5151095,0,34,34
SPYWEA9M5151100,0,42,42
SPYWEA9M5151105,0,44,44
SPYWF11C5435100,0,2,2
SPYWF11C5435105,0,2,2
SPYWF11C5435110,0,2,2
SPYWF11C54BF095,0,6,6
SPYWF11C5535090,0,6,6
SPYWF11C5535100,0,2,2
SPYWF11C5559105,0,2,2
SPYWF23C5110100,0,4,4
SPYWF23C5110105,0,2,2
SPYWF23C5119095,0,2,2
SPYWF23C5125095,0,2,2
SPYWF23C5151085,0,2,2
SPYWF23C5151100,0,4,4
SPYWF23C5151110,0,2,2
SPYWF23C5159100,0,2,2
SPYWF23C5210100,0,2,2
SPYWF23C5251095,0,2,2
SPYWF23C5259105,0,2,2
SPYWF23C6117090,0,2,2
SPYWF23C6117100,0,2,2
SPYWF23C6119100,0,2,2
SPYWF23C6139090,0,2,2
SPYWF23C6162090,0,2,2
SPYWF23G5139090,0,2,2
SPYWF23KU110140,0,2,2
SPYWF23KU110150,0,2,2
SPYWF23KU140140,0,2,2
SPYWF23KU140150,0,4,4
SPYWF23KU151110,0,2,2
SPYWF23KU151140,0,2,2
SPYWF23KU151150,0,2,2
SPYWF23KU949140,0,2,2
SPYWF23M0119100,0,2,2
SPYWF23M0119105,0,2,2
SPYWF23M0131095,0,2,2
SPYWF23M0131100,0,2,2
SPYWF23M0131105,0,2,2
SPYWF23M0150105,0,4,4
SPYWF23M0159095,0,2,2
SPYWF23M0159100,0,2,2
SPYWF23M0184095,0,6,6
SPYWF23M0184100,0,8,8
SPYWF23M0184105,0,8,8
SPYWF23M0184110,0,8,8
SPYWF23M0251100,0,2,2
SPYWF23W0310085,0,2,2
SPYWF23W0319085,0,2,2
SPYWF23W0319090,0,2,2
SPYWF23W0350085,0,4,4
SPYWF23W0399085,0,2,2
SPYWF23W0451085,0,6,6
SPYWF23W2251085,0,2,2
SPYWF23W2251090,0,2,2
SPYWF23W2251095,0,2,2
SPYWF24M0631095,0,4,4
SPYWF24M0631100,0,2,2
SPYWF24M0631105,0,2,2
SPYWF24M0639100,0,8,8
SPYWF24M0651095,0,4,4
SPYWF24M0651100,0,12,12
SPYWF24M0652095,0,2,2
SPYWF24M0652105,0,2,2
SPYWF24M0660100,0,2,2
SPYWF24M0660105,0,2,2
SPYWF24M0859100,0,2,2
SPYWF24W0210085,0,2,2
SPYWF24W0210095,0,2,2
SPYWF24W0531090,0,2,2
SPYWF24W0551085,0,2,2
SPYWF24W0651085,0,2,2
SPYWF25C5110105,0,2,2
SPYWF25C5151090,0,2,2
SPYWF25C5151100,0,2,2
SPYWF25W0659090,0,2,2
SPYWF37M1319105,0,2,2
SPYWF37W0659090,0,2,2
SPYWF37W0664085,0,2,2
SPYWF37W1464095,0,2,2
SPYWF37W1485085,0,2,2
SPYWF37W9151090,0,2,2
SPYWF49C5110085,0,14,14
SPYWF49C5110090,0,22,22
SPYWF49C5110095,0,14,14
SPYWF49C5110100,0,20,20
SPYWF49C5110105,0,26,26
SPYWF49C5110110,0,10,10
SPYWF49C5116085,0,4,4
SPYWF49C5116090,0,12,12
SPYWF49C5116095,0,22,22
SPYWF49C5116100,0,8,8
SPYWF49C5116105,0,14,14
SPYWF49C5116110,0,6,6
SPYWF49C5136085,0,6,6
SPYWF49C5136090,0,8,8
SPYWF49C5136095,0,28,28
SPYWF49C5136100,0,28,28
SPYWF49C5136105,0,32,32
SPYWF49C5136110,0,12,12
SPYWF49C5151085,0,18,18
SPYWF49C5151090,0,32,32
SPYWF49C5151095,0,36,36
SPYWF49C5151100,0,28,28
SPYWF49C5151105,0,26,26
SPYWF49C5151110,0,18,18
SPYWF49C5159085,0,2,2
SPYWF49C5159090,0,14,14
SPYWF49C5159095,0,28,28
SPYWF49C5159100,0,18,18
SPYWF49C5159105,0,14,14
SPYWF49C5159110,0,4,4
SPYWF49C9219999,0,24,24
SPYWF49C9260999,0,14,14
SPYWF49M0135095,0,40,40
SPYWF49M0135100,0,48,48
SPYWF49M0135105,0,82,82
SPYWF49M0135110,0,60,60
SPYWF49M0185095,0,64,64
SPYWF49M0185100,0,86,86
SPYWF49M0185105,0,104,104
SPYWF49M0185110,0,68,68
SPYWF49M0210095,0,8,8
SPYWF49M0210100,0,4,4
SPYWF49M0210105,0,2,2
SPYWF49M0210110,0,10,10
SPYWF49M0251095,0,82,82
SPYWF49M0251100,0,76,76
SPYWF49M0251105,0,62,62
SPYWF49M0251110,0,58,58
SPYWF49M9219999,0,8,8
SPYWF49M9236999,0,8,8
SPYWF49M9410095,0,34,34
SPYWF49M9410100,0,36,36
SPYWF49M9410105,0,36,36
SPYWF49M9416095,0,34,34
SPYWF49M9416100,0,32,32
SPYWF49M9416105,0,20,20
SPYWF49M9419095,0,28,28
SPYWF49M9419100,0,32,32
SPYWF49M9419105,0,24,24
SPYWF49M9451095,0,22,22
SPYWF49M9451100,0,20,20
SPYWF49M9451105,0,26,26
SPYWF49W0117085,0,56,56
SPYWF49W0117090,0,58,58
SPYWF49W0117095,0,36,36
SPYWF49W0135085,0,48,48
SPYWF49W0135090,0,46,46
SPYWF49W0135095,0,28,28
SPYWF49W0139085,0,80,80
SPYWF49W0139090,0,72,72
SPYWF49W0139095,0,66,66
SPYWF49W0151085,0,106,106
SPYWF49W0151090,0,52,52
SPYWF49W0151095,0,56,56
SPYWF49W0419085,0,2,2
SPYWF49W0419095,0,2,2
SPYWF49W0439085,0,70,70
SPYWF49W0439090,0,68,68
SPYWF49W0439095,0,72,72
SPYWF49W0450085,0,46,46
SPYWF49W0450090,0,18,18
SPYWF49W0450095,0,30,30
SPYWF49W1110085,0,14,14
SPYWF49W1110090,0,10,10
SPYWF49W1110095,0,10,10
SPYWF49W1125085,0,126,126
SPYWF49W1125090,0,36,36
SPYWF49W1125095,0,56,56
SPYWF49W1143085,0,180,180
SPYWF49W1143090,0,106,106
SPYWF49W1143095,0,80,80
SPYWF49W1150085,0,132,132
SPYWF49W1150090,0,42,42
SPYWF49W1150095,0,34,34
SPYWF49W1185085,0,18,18
SPYWF49W1185090,0,10,10
SPYWF49W1185095,0,14,14
SPYWF49W1199085,0,22,22
SPYWF49W1199090,0,8,8
SPYWF49W1199095,0,8,8
SPYWF49W1210085,0,38,38
SPYWF49W1210090,0,40,40
SPYWF49W1210095,0,24,24
SPYWF49W1219085,0,44,44
SPYWF49W1219090,0,40,40
SPYWF49W1219095,0,14,14
SPYWF49W1236085,0,30,30
SPYWF49W1236090,0,40,40
SPYWF49W1236095,0,32,32
SPYWF49W1310085,0,82,82
SPYWF49W1310090,0,72,72
SPYWF49W1310095,0,52,52
SPYWF49W1350085,0,118,118
SPYWF49W1350090,0,154,154
SPYWF49W1350095,0,112,112
SPYWF49W1351085,0,130,130
SPYWF49W1351090,0,160,160
SPYWF49W1351095,0,142,142
SPYWF49W1399085,0,70,70
SPYWF49W1399090,0,158,158
SPYWF49W1399095,0,104,104
SPYWF49W9339999,0,4,4
SPYWF49W9360999,0,10,10
SPYWF49W9539999,0,2,2
SPYWF49W9585999,0,14,14
SPYWF4TM0219095,0,118,118
SPYWF4TM0219100,0,148,148
SPYWF4TM0219105,0,28,28
SPYWF4TM0219110,0,66,66
SPYWF4TM0235095,0,62,62
SPYWF4TM0235100,0,112,112
SPYWF4TM0235105,0,88,88
SPYWF4TM0235110,0,56,56
SPYWF4TM0237095,0,46,46
SPYWF4TM0237100,0,96,96
SPYWF4TM0237105,0,72,72
SPYWF4TM0237110,0,66,66
SPYWFA9M0110095,0,6,6
SPYWFA9M0110100,0,2,2
SPYWFA9M0110105,0,2,2
SPYWFA9M0110110,0,2,2
SPYWFA9M0116095,0,12,12
SPYWFA9M0116100,0,20,20
SPYWFA9M0116110,0,8,8
SPYWFA9M0139095,0,120,120
SPYWFA9M0139100,0,128,128
SPYWFA9M0139105,0,100,100
SPYWFA9M0139110,0,106,106
SPYWFA9M0150095,0,34,34
SPYWFA9M0150100,0,44,44
SPYWFA9M0150105,0,32,32
SPYWFA9M0150110,0,26,26
SPYWFA9M0151095,0,192,192
SPYWFA9M0151100,0,220,220
SPYWFA9M0151105,0,168,168
SPYWFA9M0151110,0,168,168
SPYWFA9M0210095,0,6,6
SPYWFA9M0210100,0,8,8
SPYWFA9M0210105,0,8,8
SPYWFA9M0210110,0,4,4
SPYWFA9M0216095,0,2,2
SPYWFA9M0216105,0,2,2
SPYWFA9M0250095,0,6,6
SPYWFA9M0250100,0,14,14
SPYWFA9M0250105,0,4,4
SPYWFA9M0250110,0,6,6
SPYWFA9M0251095,0,14,14
SPYWFA9M0251100,0,24,24
SPYWFA9M0251105,0,16,16
SPYWFA9M0251110,0,14,14
SPYWFA9M0299095,0,20,20
SPYWFA9M0299100,0,22,22
SPYWFA9M0299105,0,20,20
SPYWFA9M0299110,0,16,16
SPYWFA9M0310095,0,6,6
SPYWFA9M0310100,0,12,12
SPYWFA9M0310105,0,18,18
SPYWFA9M0310110,0,10,10
SPYWFA9M0319095,0,8,8
SPYWFA9M0319100,0,12,12
SPYWFA9M0319105,0,10,10
SPYWFA9M0319110,0,4,4
SPYWFA9M0385095,0,2,2
SPYWFA9M0385105,0,4,4
SPYWFA9M0385110,0,4,4
SPYWFA9M0410095,0,4,4
SPYWFA9M0410100,0,6,6
SPYWFA9M0410105,0,2,2
SPYWFA9M0410110,0,4,4
SPYWFA9M0436095,0,12,12
SPYWFA9M0436100,0,2,2
SPYWFA9M0436105,0,4,4
SPYWFA9M0436110,0,8,8
SPYWFA9M0459095,0,4,4
SPYWFA9M0459100,0,2,2
SPYWFA9M0459105,0,4,4
SPYWFA9M0459110,0,8,8
SPYWFA9M0551095,0,4,4
SPYWFA9M0551100,0,2,2
SPYWFA9M0551105,0,2,2
SPYWFA9M5110090,0,24,24
SPYWFA9M5110095,0,48,48
SPYWFA9M5110100,0,24,24
SPYWFA9M5110105,0,12,12
SPYWFA9M5119090,0,42,42
SPYWFA9M5119095,0,84,84
SPYWFA9M5119100,0,38,38
SPYWFA9M5119105,0,16,16
SPYWFA9M5150090,0,46,46
SPYWFA9M5150095,0,86,86
SPYWFA9M5150100,0,44,44
SPYWFA9M5150105,0,24,24
SPYWFA9M5151090,0,22,22
SPYWFA9M5151095,0,56,56
SPYWFA9M5151100,0,54,54
SPYWFA9M5151105,0,16,16
SPYWFA9M5159090,0,26,26
SPYWFA9M5159095,0,54,54
SPYWFA9M5159100,0,10,10
SPYWFA9M5159105,0,8,8
SPYWFA9W0110085,0,24,24
SPYWFA9W0110090,0,24,24
SPYWFA9W0110095,0,26,26
SPYWFA9W0119085,0,12,12
SPYWFA9W0119090,0,8,8
SPYWFA9W0119095,0,4,4
SPYWFA9W0135085,0,12,12
SPYWFA9W0135090,0,12,12
SPYWFA9W0135095,0,4,4
SPYWFA9W0210085,0,8,8
SPYWFA9W0210090,0,2,2
SPYWFA9W0235085,0,4,4
SPYWFA9W0285085,0,4,4
SPYWFA9W0285095,0,4,4
SPYWG23C0110105,0,6,6
SPYWG23C0116095,0,2,2
SPYWG23C0116100,0,6,6
SPYWG23C0116110,0,4,4
SPYWG23C0125110,0,2,2
SPYWG23C0150100,0,2,2
SPYWG23C0150105,0,4,4
SPYWG23C0151095,0,16,16
SPYWG23C0151100,0,16,16
SPYWG23C0151110,0,8,8
SPYWG23C01CH105,0,2,2
SPYWG23C5110090,0,4,4
SPYWG23C5110095,0,4,4
SPYWG23C5110100,0,6,6
SPYWG23C5110105,0,4,4
SPYWG23C5110110,0,4,4
SPYWG23C5125100,0,2,2
SPYWG23C5125110,0,2,2
SPYWG23C5131090,0,4,4
SPYWG23C5131100,0,2,2
SPYWG23C5131105,0,6,6
SPYWG23C5131110,0,4,4
SPYWG23C5140090,0,2,2
SPYWG23C5150090,0,4,4
SPYWG23C5150100,0,2,2
SPYWG23C5150105,0,2,2
SPYWG23C5151090,0,4,4
SPYWG23C5151100,0,2,2
SPYWG23C5151105,0,4,4
SPYWG23C5151110,0,4,4
SPYWG23CY210095,0,2,2
SPYWG23CY236105,0,2,2
SPYWG23CY250100,0,2,2
SPYWG23CY250110,0,2,2
SPYWG23W0310085,0,34,34
SPYWG23W0310095,0,2,2
SPYWG23W0325085,0,2,2
SPYWG23W0325090,0,4,4
SPYWG23W9110999,0,2,2
SPYWG23W9131999,0,2,2
SPYWG23W9915999,0,2,2
SPYWG25C0110105,0,8,8
SPYWG25C0110110,0,2,2
SPYWG25C0115105,0,2,2
SPYWG25C0119095,0,18,18
SPYWG25C0119100,0,26,26
SPYWG25C0119105,0,18,18
SPYWG25C0119110,0,14,14
SPYWG25C0151105,0,10,10
SPYWG25C0527105,0,2,2
SPYWG25CY210090,0,2,2
SPYWG25CY259105,0,4,4
SPYWG25G0110085,0,12,12
SPYWG25G0110090,0,4,4
SPYWG25G0115085,0,144,144
SPYWG25G0115090,0,2,2
SPYWG25G0151085,0,20,20
SPYWG25G0151090,0,14,14
SPYWG25G0151095,0,2,2
SPYWG25G0159085,0,2,2
SPYWG25G0159090,0,2,2
SPYWG25G0159095,0,4,4
SPYWG25M0303095,0,52,52
SPYWG25M0303100,0,30,30
SPYWG25M0303105,0,46,46
SPYWG25M0303110,0,24,24
SPYWG25M0310095,0,22,22
SPYWG25M0310100,0,18,18
SPYWG25M0310105,0,28,28
SPYWG25M0310110,0,22,22
SPYWG25M0319100,0,10,10
SPYWG25M0319105,0,40,40
SPYWG25M0333095,0,18,18
SPYWG25M0333100,0,20,20
SPYWG25M0333105,0,38,38
SPYWG25M0333110,0,20,20
SPYWG25M0335095,0,24,24
SPYWG25M0335100,0,6,6
SPYWG25M0335105,0,10,10
SPYWG25M0335110,0,6,6
SPYWG25M0350095,0,94,94
SPYWG25M0350105,0,24,24
SPYWG25M0350110,0,20,20
SPYWG25M0351095,0,28,28
SPYWG25M0351100,0,18,18
SPYWG25M0351105,0,18,18
SPYWG25M0385100,0,8,8
SPYWG25M0385105,0,6,6
SPYWG25M0385110,0,4,4
SPYWG25M0410095,0,14,14
SPYWG25M0410100,0,20,20
SPYWG25M0410105,0,14,14
SPYWG25M0410110,0,4,4
SPYWG25M0451095,0,12,12
SPYWG25M0451100,0,18,18
SPYWG25M0451105,0,16,16
SPYWG25M0451110,0,2,2
SPYWG25M0459095,0,8,8
SPYWG25M0459100,0,10,10
SPYWG25M0459105,0,10,10
SPYWG25M0459110,0,10,10
SPYWG25M0460095,0,2,2
SPYWG25M0460100,0,4,4
SPYWG25M0460105,0,6,6
SPYWG25M0460110,0,4,4
SPYWG25M1119105,0,2,2
SPYWG25M1219105,0,2,2
SPYWG25M1235105,0,2,2
SPYWG25W0250085,0,4,4
SPYWG25W0288085,0,4,4
SPYWG25W0335085,0,10,10
SPYWG25W0335095,0,10,10
SPYWG25W0351085,0,10,10
SPYWG25W0351090,0,12,12
SPYWG25W0351095,0,10,10
SPYWG25W0385085,0,2,2
SPYWG25W0417090,0,18,18
SPYWG25W0433085,0,2,2
SPYWG25W9119999,0,2,2
SPYWG25W9135999,0,2,2
SPYWG25W9210999,0,2,2
SPYWG37C5510105,0,2,2
SPYWG37C5515105,0,2,2
SPYWG37W0116095,0,2,2
SPYWG37W0125085,0,42,42
SPYWG37W0125090,0,12,12
SPYWG37W0136095,0,2,2
SPYWG37W0150085,0,18,18
SPYWG37W0150090,0,2,2
SPYWG37W0150095,0,6,6
SPYWG37W0151085,0,4,4
SPYWG37W0151090,0,2,2
SPYWG37W0184090,0,2,2
SPYWG37W0184095,0,2,2
SPYWG37W0185090,0,12,12
SPYWG37W0185095,0,2,2
SPYWG37W0188090,0,120,120
SPYWG49C0122090,0,252,252
SPYWG49C0122095,0,404,404
SPYWG49C0122100,0,588,588
SPYWG49C0122105,0,440,440
SPYWG49C0122110,0,298,298
SPYWG49C0129090,0,204,204
SPYWG49C0129095,0,340,340
SPYWG49C0129100,0,518,518
SPYWG49C0129105,0,368,368
SPYWG49C0129110,0,248,248
SPYWG49C0149090,0,234,234
SPYWG49C0149095,0,346,346
SPYWG49C0149100,0,508,508
SPYWG49C0149105,0,398,398
SPYWG49C0149110,0,254,254
SPYWG49C0150085,0,202,202
SPYWG49C0150090,0,438,438
SPYWG49C0150095,0,980,980
SPYWG49C0150100,0,1464,1464
SPYWG49C0150105,0,1070,1070
SPYWG49C0150110,0,726,726
SPYWG49C0185085,0,198,198
SPYWG49C0185090,0,442,442
SPYWG49C0185095,0,990,990
SPYWG49C0185100,0,1470,1470
SPYWG49C0185105,0,1080,1080
SPYWG49C0185110,0,736,736
SPYWGA9G0110085,0,8,8
SPYWGA9G0110090,0,12,12
SPYWGA9G0110095,0,10,10
SPYWGA9G0151085,0,6,6
SPYWGA9G0151090,0,4,4
SPYWGA9G0151095,0,4,4
SPYWGA9G0152085,0,16,16
SPYWGA9G0152095,0,12,12
SPYWGA9G0199085,0,2,2
SPYWGA9KU110110,0,12,12
SPYWGA9KU110120,0,20,20
SPYWGA9KU110130,0,24,24
SPYWGA9KU110140,0,22,22
SPYWGA9KU110150,0,22,22
SPYWGA9KU110160,0,20,20
SPYWGA9KU151110,0,18,18
SPYWGA9KU151120,0,30,30
SPYWGA9KU151130,0,26,26
SPYWGA9KU151140,0,26,26
SPYWGA9KU151150,0,20,20
SPYWGA9KU151160,0,22,22
SPYWGA9M0110105,0,2,2
SPYWGA9M0151105,0,2,2
SPYWGA9W0110085,0,172,172
SPYWGA9W0110090,0,188,188
SPYWGA9W0110095,0,46,46
