브랜드,시즌,스타일,스타일명,아이템,아이템명,판매가
CV,E1,CVBWE1202M,쉬폰 배색 프릴 블라우스,BW,남방,59900
CV,E1,CVBWE1203M,카라 러플 블라우스,BW,남방,"59,900"
CV,E2,CVBWE2301M,어깨셔링 타이 블라우스,BW,남방,"59,900"
CV,E2,CVBWE2301Q,포켓 베이직 블라우스,BW,남방,"59,900"
CV,E2,CVBWE2302M,단추 포인트 셔츠형 블라우스,BW,남방,"59,900"
CV,E2,CVBWE2401M,카라변형 블라우스,BW,남방,"49,900"
CV,E2,CVBWE2411M,사방스판 블루종 블라우스(세트),BW,남방,"39,900"
CV,E2,CVBWE2501M,끈나시 이너 블라우스,BW,남방,"29,900"
CV,E2,CVBWE2502M,찰랑 민소매 블라우스,BW,남방,"29,900"
CV,E2,CVBWE2601M,블루종 오픈카라 블라우스(SET),BW,남방,"49,900"
CV,E3,CVBWE3701M,V넥 퍼프소매 블라우스,BW,남방,"49,900"
CV,E3,CVBWE3701Q,코튼 볼륨 소매 블라우스,BW,남방,"59,900"
CV,E3,CVBWE3702Q,스퀘어넥 슬리브리스 블라우스 (SET),BW,남방,"39,900"
CV,E3,CVBWE3801M,스트링 퍼프 소매 블라우스,BW,남방,"59,900"
CV,E4,CVBWE4901M,R넥 타이 블라우스,BW,남방,"59,900"
CV,E4,CVBWE4902M,카라 타이 블라우스,BW,남방,"59,900"
CV,E4,CVBWE4903M,플랩 포켓 새틴 블라우스,BW,남방,"59,900"
CV,E4,CVBWE4921M,에센셜 셋업 블라우스,BW,남방,"49,900"
CV,E4,CVBWE4T01M,도톰 하이넥 블라우스,BW,남방,"59,900"
CV,F1,CVBWF1201M,타이 블라우스,BW,남방,"59,900"
CV,F1,CVBWF1202M,하이넥 프릴 블라우스,BW,남방,"59,900"
CV,F1,CVBWF1203M,폴리 타이블라우스,BW,남방,"59,900"
CV,F2,CVBWF2301M,블루종 타이 블라우스,BW,남방,"59,900"
CV,F2,CVBWF2301Q,조직감 시스루 타이블라우스,BW,남방,"59,900"
CV,F2,CVBWF2302M,V넥 프릴 블라우스,BW,남방,"59,900"
CV,F2,CVBWF2302Q,베이직 타이 블라우스,BW,남방,"59,900"
CV,F2,CVBWF2401M,끈나시 블라우스,BW,남방,"29,900"
CV,F2,CVBWF2401Q,코튼 슬리브리스 블라우스,BW,남방,"49,900"
CV,F2,CVBWF2402M,민소매 블라우스,BW,남방,"29,900"
CV,F2,CVBWF2402Q,스트라이프 타이 블라우스,BW,남방,"59,900"
CV,F2,CVBWF2403M,반팔 타이 블라우스,BW,남방,"59,900"
CV,F2,CVBWF2403Q,조직감 오픈카라 블라우스,BW,남방,"59,900"
CV,F2,CVBWF2404M,R넥 스트랩 블라우스,BW,남방,"59,900"
CV,F2,CVBWF2411N,레터링 티블라우스,BW,남방,"29,900"
CV,F2,CVBWF2501M,R넥 블라우스,BW,남방,"59,900"
CV,F2,CVBWF2501Q,프릴 리본 블라우스,BW,남방,"59,900"
CV,F2,CVBWF2503M,프릴 카라 블라우스,BW,남방,"59,900"
CV,F2,CVBWF2510Q,스판 카라 블라우스 (SET),BW,남방,"49,900"
CV,F2,CVBWF2511M,버튼 포인트 블라우스 (SET),BW,남방,"59,900"
CV,F2,CVBWF2601M,R넥 레이스 블라우스,BW,남방,"59,900"
CV,F2,CVBWF2601Q,반팔 타이 블라우스 RE_CVBWF2403M,BW,남방,"59,900"
CV,F3,CVBWF3701M,볼륨소매 블라우스,BW,남방,"49,900"
CV,F3,CVBWF3702M,반팔 셔링 블라우스,BW,남방,"59,900"
CV,F3,CVBWF3801M,V넥 블라우스,BW,남방,"59,900"
CV,F3,CVBWF3802M,반팔 쉬폰 블라우스,BW,남방,"59,900"
CV,F4,CVBWF4901M,프릴넥 블라우스,BW,남방,"59,900"
CV,F4,CVBWF4901N,[찰랑셔츠] 타이 블라우스,BW,남방,"49,900"
CV,F4,CVBWF4902M,코튼 레이스 블라우스,BW,남방,"59,900"
CV,F4,CVBWF4T01M,하이넥 타이 블라우스,BW,남방,"59,900"
CV,G1,CVBWG1201M,V넥 타이 블라우스,BW,남방,"59,900"
CV,G1,CVBWG1202M,카라 타이 블라우스,BW,남방,"59,900"
CV,G1,CVBWG1203M,프릴 블라우스,BW,남방,"59,900"
CV,G2,CVBWG2301M,프릴넥 리본 블라우스,BW,남방,"59,900"
CV,G2,CVBWG2302M,스모킹 프릴V넥 블라우스,BW,남방,"59,900"
CV,G2,CVBWG2401M,레터링 티블라우스,BW,남방,"29,900"
CV,G2,CVBWG2401Q,나시 블라우스,BW,남방,"29,900"
CV,G2,CVBWG2402M,헨리넥 블라우스,BW,남방,"59,900"
CV,G2,CVBWG2402Q,라운드넥 블라우스,BW,남방,"59,900"
CV,G2,CVBWG2403M,넥셔링 블라우스,BW,남방,"59,900"
CV,G2,CVBWG2501M,레이스 테이프 블라우스,BW,남방,"59,900"
CV,G2,CVBWG2502M,스모킹 날개소매 블라우스,BW,남방,"59,900"
CV,G2,CVBWG2601M,태슬 블라우스,BW,남방,"59,900"
CV,G3,CVBWG3701M,허리끈 R넥 블라우스,BW,남방,"49,900"
CV,G3,CVBWG3701Q,브이넥 핀턱 블라우스,BW,남방,"59,900"
CV,G3,CVBWG3702M,시스루 절개 블라우스,BW,남방,"59,900"
CV,G3,CVBWG3702N,[쿨셋업] 뷔스티에 세트 (SET),BW,남방,"59,900"
CV,G3,CVBWG3702Q,변형 카라 블라우스,BW,남방,"59,900"
CV,G3,CVBWG3703M,코튼레이스 블라우스,BW,남방,"59,900"
CV,G3,CVBWG3705Q,나시 블라우스 RE_CVBWG2401Q,BW,남방,"29,900"
CV,G3,CVBWG3801M,꼬임 블라우스,BW,남방,"59,900"
CV,G3,CVBWG3802M,절개 블라우스,BW,남방,"59,900"
CV,G4,CVBWG4901M,프릴 블라우스,BW,남방,"59,900"
CV,G4,CVBWG4901N,[찰랑셔츠] 타이 블라우스,BW,남방,"49,900"
CV,G4,CVBWG4902M,타이 블라우스,BW,남방,"59,900"
CV,G4,CVBWG4T01M,하이넥 타이 블라우스,BW,남방,0
CV,E4,CVJDE4T01M,폭스퍼 카라 숏 패딩점퍼,JD,점퍼,"199,000"
CV,E4,CVJDE4T01N,[슬림다운] 하이넥 경량 숏 다운,JD,점퍼,"99,900"
CV,E4,CVJDE4T02N,[슬림다운] 후드 경량 숏 다운,JD,점퍼,"99,900"
CV,E4,CVJDE4V01M,폭스퍼 슬림핏 숏 패딩점퍼,JD,점퍼,"199,000"
CV,E4,CVJDE4V02M,폭스퍼 슬림핏 롱 다운,JD,점퍼,"299,000"
CV,E4,CVJDE4V03M,폭스퍼 벨티드 롱 다운,JD,점퍼,"299,000"
CV,E4,CVJDE4V04M,퍼 벨티드 미디 다운,JD,점퍼,"259,000"
CV,F4,CVJDF4T01N,[슬림다운] 하이넥 경량 다운,JD,점퍼,"99,900"
CV,F4,CVJDF4T02N,니트 패딩,JD,점퍼,"129,000"
CV,F4,CVJDF4V01M,클래식 폭스퍼 벨티드 패딩점퍼,JD,점퍼,"199,000"
CV,F4,CVJDF4V02M,폭스퍼 벨티드 숏 패딩점퍼,JD,점퍼,"199,000"
CV,F4,CVJDF4V03M,폭스퍼 벨티드 롱 다운,JD,점퍼,"299,000"
CV,F4,CVJDF4V04M,폭스퍼 카라 벨티드 다운,JD,점퍼,"299,000"
CV,F4,CVJDF4V05M,미디 패딩점퍼,JD,점퍼,"159,000"
CV,G4,CVJDG4T01N,[슬림다운] 후드 경량 다운,JD,점퍼,"129,000"
CV,G4,CVJDG4T02N,후드 니트 패딩,JD,점퍼,"129,000"
CV,G4,CVJDG4T02N,후드 니트 패딩,JD,점퍼,0
CV,G4,CVJDG4T03N,니트카라 패딩,JD,점퍼,"129,000"
CV,G4,CVJDG4T03N,니트카라 패딩,JD,점퍼,0
CV,G4,CVJDG4V01M,미디 퍼 패딩,JD,점퍼,0
CV,G4,CVJDG4V02M,숏 퍼 패딩,JD,점퍼,0
CV,G4,CVJDG4V03M,롱 벨티드 퍼 다운,JD,점퍼,0
CV,G4,CVJDG4V05M,배색 숏 푸퍼,JD,점퍼,0
CV,G4,CVJDG4V06M,미디 하이넥 푸퍼,JD,점퍼,0
CV,G4,CVJDG4V07M,트렌치 퍼 다운,JD,점퍼,0
CV,E1,CVJHE1101Q,핸드메이드 숏코트,JH,점퍼,"159,000"
CV,E4,CVJHE4T01M,(울50%) 소프트 울 R넥 코트,JH,점퍼,"129,000"
CV,E4,CVJHE4T02M,(울50%) 소프트 울 싱글카라 코트,JH,점퍼,"129,000"
CV,E4,CVJHE4T03M,"(울50%,캐시5%) 더블버튼 테일러드 숏 코트",JH,점퍼,"159,000"
CV,E4,CVJHE4T04M,울 블렌드 핸드메이드 숏 코트,JH,점퍼,"159,000"
CV,E4,CVJHE4T05M,(울70%) 싱글버튼 맥코트,JH,점퍼,"199,000"
CV,E4,CVJHE4T11M,울 블렌디드 숏 코트,JH,점퍼,"159,000"
CV,E4,CVJHE4T12M,(울50%) 싱글카라 집업 숏코트,JH,점퍼,"159,000"
CV,E4,CVJHE4T13M,(울70%) 싱글 하프 코트,JH,점퍼,"199,000"
CV,E4,CVJHE4V01M,(울70%) 클래식 테일러드 롱 자켓 코트,JH,점퍼,"199,000"
CV,E4,CVJHE4V02M,"(울75%,캐시5%) 프리미엄 히든버튼 롱코트",JH,점퍼,"299,000"
CV,E4,CVJHE4V03M,(울70%) 클래식 히든버튼 롱코트,JH,점퍼,"259,000"
CV,E4,CVJHE4V04M,(울70%) 더블버튼 단직 미디 코트,JH,점퍼,"199,000"
CV,E4,CVJHE4V11M,(울50%) 롱 더블 코트,JH,점퍼,"259,000"
CV,F1,CVJHF1101Q,크랍 숏코트 RE_CVJHE4T11M,JH,점퍼,"159,000"
CV,F4,CVJHF4T01M,울혼방 R넥 숏 코트,JH,점퍼,"129,000"
CV,F4,CVJHF4T02M,울혼방 카라 숏 코트,JH,점퍼,"129,000"
CV,F4,CVJHF4T03M,울혼방 더블버튼 테일러드 미디코트,JH,점퍼,"159,000"
CV,F4,CVJHF4T04M,울혼방 싱글 하이넥 하프코트,JH,점퍼,"179,000"
CV,F4,CVJHF4T05M,울혼방 토글버튼 하프코트,JH,점퍼,"179,000"
CV,F4,CVJHF4T06M,울캐시혼방 케이프형 숏 코트,JH,점퍼,"159,000"
CV,F4,CVJHF4T07M,울혼방 R넥 미디 코트,JH,점퍼,"159,000"
CV,F4,CVJHF4V01M,울혼방 테일러드 롱코트,JH,점퍼,"199,000"
CV,F4,CVJHF4V02M,핸드메이드 롱 더블 코트,JH,점퍼,"259,000"
CV,F4,CVJHF4V03M,울혼방 핸드메이드 롱 코트,JH,점퍼,"259,000"
CV,F4,CVJHF4V04M,울혼방 하이넥 롱 코트,JH,점퍼,0
CV,F4,CVJHF4V05M,울혼방 스탠카라 싱글 하프 코트,JH,점퍼,"159,000"
CV,G1,CVJHG1101M,벨티드 코트형 자켓,JH,점퍼,"159,000"
CV,G1,CVJHG1102M,핸드메이드 롱 더블 코트,JH,점퍼,"259,000"
CV,G1,CVJHG1103M,울혼방 싱글 하이넥 하프코트,JH,점퍼,"179,000"
CV,G1,CVJHG1104M,울혼방 스탠카라 싱글 하프 코트,JH,점퍼,"159,000"
CV,G4,CVJHG4T01M,싱글카라 숏코트,JH,점퍼,0
CV,G4,CVJHG4T02M,더블 반코트,JH,점퍼,0
CV,G4,CVJHG4T03M,하이넥 미디코트,JH,점퍼,0
CV,G4,CVJHG4T04M,퍼카라 숏코트,JH,점퍼,0
CV,G4,CVJHG4V01M,싱글카라 롱코트,JH,점퍼,0
CV,G4,CVJHG4V02M,부클 미디코트,JH,점퍼,0
CV,G4,CVJHG4V03M,하이넥 롱 코트,JH,점퍼,0
CV,G4,CVJHG4V04M,롱자켓형 코트,JH,점퍼,0
CV,G4,CVJHG4V05M,롱 벨티드 코트,JH,점퍼,0
CV,G4,CVJHG4V06M,벨티드 미디 코트,JH,점퍼,0
CV,E1,CVJKE1101Q,금장단추 트위드 도톰자켓,JK,점퍼,"129,000"
CV,E1,CVJKE1102Q,조직감 싱글 크랍 자켓,JK,점퍼,0
CV,E1,CVJKE1103Q,트위드형 브이넥 자켓,JK,점퍼,"129,000"
CV,E1,CVJKE1201M,테일러드 미디기장 싱글자켓,JK,점퍼,"99,900"
CV,E1,CVJKE1201Q,금장단추 카라형 자켓,JK,점퍼,"129,000"
CV,E1,CVJKE1202M,금장단추 트위드 자켓,JK,점퍼,0
CV,E1,CVJKE1202Q,크랍형 테일러드 자켓,JK,점퍼,"129,000"
CV,E1,CVJKE1203M,싱글 카라 집업 자켓,JK,점퍼,"99,900"
CV,E1,CVJKE1203Q,R넥 조직감 자켓,JK,점퍼,"129,000"
CV,E1,CVJKE1221M,셋업 자켓 CVJKD4921M RE,JK,점퍼,"99,900"
CV,E2,CVJKE2301M,크롭 테일러드 자켓(SET),JK,점퍼,"99,900"
CV,E2,CVJKE2301Q,기본 테일러드 자켓,JK,점퍼,"99,900"
CV,E2,CVJKE2302M,브이넥 더블포켓 트위드 자켓,JK,점퍼,"129,000"
CV,E2,CVJKE2302Q,라운드넥 조직감 자켓,JK,점퍼,"129,000"
CV,E2,CVJKE2401M,린넨 라이크 기본 테일러드,JK,점퍼,"79,900"
CV,E2,CVJKE2401Q,R넥 스탠다드 자켓(SET),JK,점퍼,"99,900"
CV,E2,CVJKE2402M,변형 테일러드 자켓,JK,점퍼,"129,000"
CV,E2,CVJKE2402Q,V넥 투포켓 자켓,JK,점퍼,"129,000"
CV,E2,CVJKE2403M,소매배색 더블 테일러드 자켓,JK,점퍼,"79,900"
CV,E2,CVJKE2404M,7부 소매 반더블 자켓,JK,점퍼,"79,900"
CV,E2,CVJKE2501M,반팔 폴리자켓,JK,점퍼,"79,900"
CV,E2,CVJKE2501Q,반팔 테일러드 자켓,JK,점퍼,"99,900"
CV,E2,CVJKE2502Q,R넥 트위드 반팔 자켓,JK,점퍼,"99,900"
CV,E2,CVJKE2601M,싱글 포켓 반팔자켓,JK,점퍼,"79,900"
CV,E2,CVJKE2601Q,썸머 싱글 카라 자켓 (SET),JK,점퍼,0
CV,E3,CVJKE3701M,포켓 포인트 반팔자켓,JK,점퍼,"79,900"
CV,E3,CVJKE3701Q,썸머 싱글 카라 자켓 (SET),JK,점퍼,"99,900"
CV,E3,CVJKE3701Q,썸머 싱글 카라 자켓 (SET),JK,점퍼,0
CV,E4,CVJKE4901M,베이직 솔리드 자켓 (SET),JK,점퍼,"99,900"
CV,E4,CVJKE4902M,스탠다드 크롭 자켓 (SET),JK,점퍼,"99,900"
CV,E4,CVJKE4903M,R넥 베이직 트위드 자켓,JK,점퍼,"129,000"
CV,E4,CVJKE4904M,울 블렌드 싱글 카라 자켓,JK,점퍼,"129,000"
CV,E4,CVJKE4905M,조직감 집업 자켓,JK,점퍼,"129,000"
CV,E4,CVJKE4921M,에센셜 셋업 자켓 (SET),JK,점퍼,"99,900"
CV,E4,CVJKE4T01M,베이직 테일러드 울자켓,JK,점퍼,"159,000"
CV,E4,CVJKE4T02M,(울30%) 금장단추 R넥 숏자켓,JK,점퍼,"159,000"
CV,E4,CVJKE4T03M,(울30%) 플랩포켓 R넥 자켓,JK,점퍼,"129,000"
CV,E4,CVJKE4T04M,(울30%) 도톰 싱글 카라 자켓,JK,점퍼,"129,000"
CV,E4,CVJKE4T05M,부클 트위드 자켓,JK,점퍼,"129,000"
CV,E4,CVJKE4T11M,포켓 트위드 자켓,JK,점퍼,"159,000"
CV,F1,CVJKF1101M,(울50%) 도톰 R넥 자켓,JK,점퍼,"129,000"
CV,F1,CVJKF1101Q,(울30%) 도톰 R넥 자켓,JK,점퍼,"129,000"
CV,F1,CVJKF1102M,(울30%) 스탠카라 집업 점퍼,JK,점퍼,"129,000"
CV,F1,CVJKF1102Q,포켓 조직감 자켓,JK,점퍼,"129,000"
CV,F1,CVJKF1103M,(울60%) 울 블렌드 테일러드 자켓,JK,점퍼,"129,000"
CV,F1,CVJKF1201M,울혼방 포켓 R넥 자켓,JK,점퍼,"129,000"
CV,F1,CVJKF1202M,세미크롭 테일러드 자켓 (SET),JK,남방,"99,900"
CV,F1,CVJKF1203M,울 블렌드 수술 조직감 자켓,JK,점퍼,"129,000"
CV,F1,CVJKF1204M,울혼방 싱글카라 자켓,JK,점퍼,"129,000"
CV,F2,CVJKF2301M,베이직 테일러드 자켓 (SET),JK,점퍼,"99,900"
CV,F2,CVJKF2301Q,베이직 트위드 자켓,JK,점퍼,"99,900"
CV,F2,CVJKF2302M,크롭 테일러드 자켓 (SET),JK,점퍼,"99,900"
CV,F2,CVJKF2303M,R넥 트위드 자켓,JK,점퍼,"129,000"
CV,F2,CVJKF2304M,V넥 미디 테일러드 자켓 (SET),JK,점퍼,"99,900"
CV,F2,CVJKF2401M,린넨라이크 테일러드 자켓 (SET),JK,점퍼,"79,900"
CV,F2,CVJKF2401Q,R넥 포켓 트위드 자켓,JK,점퍼,"99,900"
CV,F2,CVJKF2402M,스트라이프 테일러드 자켓,JK,점퍼,"129,000"
CV,F2,CVJKF2403M,루즈핏 자켓,JK,점퍼,"99,900"
CV,F2,CVJKF2404M,7부 자켓 (SET),JK,점퍼,"79,900"
CV,F2,CVJKF2405M,세미 크롭 더블 자켓 (SET),JK,점퍼,"99,900"
CV,F2,CVJKF2501M,스탠다드 미디 반팔 자켓 (SET),JK,점퍼,"79,900"
CV,F2,CVJKF2501Q,V넥 조직감 반팔 자켓,JK,점퍼,"99,900"
CV,F2,CVJKF2502M,스티치 반팔 자켓 (SET),JK,점퍼,"99,900"
CV,F2,CVJKF2503M,R넥 트위드 반팔 자켓,JK,점퍼,"99,900"
CV,F2,CVJKF2601M,아웃포켓 반팔 자켓,JK,점퍼,"79,900"
CV,F3,CVJKF3701M,반팔 트위드 자켓,JK,점퍼,"99,900"
CV,F3,CVJKF3702M,5부 자켓 (SET),JK,점퍼,"79,900"
CV,F4,CVJKF4901M,베이직 테일러드 자켓 (SET),JK,점퍼,"99,900"
CV,F4,CVJKF4902M,세미크랍 테일러드 자켓 (SET),JK,점퍼,"99,900"
CV,F4,CVJKF4903M,도톰 R넥 자켓,JK,점퍼,"129,000"
CV,F4,CVJKF4921M,베이직 셋업 자켓 (SET),JK,점퍼,"99,900"
CV,F4,CVJKF4T01M,울혼방 조직감 R넥 자켓,JK,점퍼,"99,900"
CV,F4,CVJKF4T02M,을혼방 플랩포켓 조직감 자켓,JK,점퍼,"129,000"
CV,F4,CVJKF4T03M,울혼방 조직감 V넥 자켓,JK,점퍼,"129,000"
CV,F4,CVJKF4T04M,스탠다드 테일러드 울자켓,JK,점퍼,"159,000"
CV,G1,CVJKG1101M,도톰 R넥 자켓,JK,점퍼,"129,000"
CV,G1,CVJKG1102M,미디 도톰 R넥 자켓,JK,점퍼,0
CV,G1,CVJKG1201M,테일러드 자켓 (SET),JK,점퍼,"99,900"
CV,G1,CVJKG1202M,베이직 R넥 자켓,JK,점퍼,"129,000"
CV,G1,CVJKG1203M,도톰 카라형 자켓,JK,점퍼,"129,000"
CV,G2,CVJKG2301M,테일러드 루즈핏 자켓(SET),JK,점퍼,"99,900"
CV,G2,CVJKG2302M,세미크롭 테일러드 자켓,JK,점퍼,"99,900"
CV,G2,CVJKG2303M,R넥 조직감 자켓,JK,점퍼,"129,000"
CV,G2,CVJKG2401M,린넨라이크 테일러드 자켓,JK,점퍼,"99,900"
CV,G2,CVJKG2402M,7부 테일러드 자켓,JK,점퍼,"79,900"
CV,G2,CVJKG2403M,조직감 R넥 자켓,JK,점퍼,"99,900"
CV,G2,CVJKG2404M,세미 루즈핏 린넨자켓,JK,점퍼,"129,000"
CV,G2,CVJKG2405M,7부소매 캐주얼 자켓,JK,점퍼,"99,900"
CV,G2,CVJKG2501M,베이직 반팔 테일러드 자켓,JK,점퍼,"79,900"
CV,G2,CVJKG2501Q,R넥 조직감 반팔자켓,JK,점퍼,"99,900"
CV,G2,CVJKG2502M,7부 자켓,JK,점퍼,"79,900"
CV,G2,CVJKG2601M,아웃포켓 반팔자켓,JK,점퍼,"99,900"
CV,G3,CVJKG3701M,반팔 테일러드 자켓,JK,점퍼,"79,900"
CV,G3,CVJKG3702M,반팔 셔켓,JK,점퍼,"79,900"
CV,G4,CVJKG4901M,베이직 테일러드 자켓(SET),JK,점퍼,0
CV,G4,CVJKG4902M,도톰 R넥 자켓,JK,점퍼,"129,000"
CV,G4,CVJKG4T01M,울 테일러드 자켓,JK,점퍼,0
CV,G4,CVJKG4T02M,도톰 R넥 자켓,JK,점퍼,0
CV,G4,CVJKG4T03M,헤어리 자켓형 코트,JK,점퍼,0
CV,E4,CVJLE4901M,싱글카라 레더 블루종 자켓,JL,점퍼,"129,000"
CV,F4,CVJLF4T01M,숏 스웨이드 자켓,JL,점퍼,"99,900"
CV,F4,CVJLF4T02M,미디 스웨이드 자켓,JL,점퍼,"129,000"
CV,G1,CVJLG1101M,덤블 자켓,JL,점퍼,"79,900"
CV,G1,CVJLG1102M,덤블 자켓,JL,점퍼,"79,900"
CV,G1,CVJLG1201M,스웨이드 자켓,JL,점퍼,"129,000"
CV,G1,CVJLG1201Q,숏 스웨이드 자켓,JL,점퍼,"99,900"
CV,G1,CVJLG1202Q,스웨이드 블루종,JL,점퍼,"99,900"
CV,G4,CVJLG4901M,스웨이드 블루종,JL,점퍼,"129,000"
CV,G4,CVJLG4T01M,숏 스웨이드 자켓,JL,점퍼,0
CV,G4,CVJLG4T02M,하이넥 스웨이드 블루종,JL,점퍼,0
CV,G4,CVJLG4T03M,덤블 자켓,JL,점퍼,0
CV,E1,CVJPE1101Q,허리스트링 카라형 퀼팅점퍼,JP,점퍼,"99,900"
CV,E2,CVJPE2301M,롱 후드 점퍼,JP,점퍼,"129,000"
CV,E2,CVJPE2302M,허리스트링 후드 점퍼,JP,점퍼,"99,900"
CV,E2,CVJPE2401M,숏 후드 점퍼,JP,점퍼,"99,900"
CV,E2,CVJPE2402M,하이넥 점퍼,JP,점퍼,"99,900"
CV,E2,CVJPE2501M,빅포켓 숏 점퍼,JP,점퍼,"79,900"
CV,E3,CVJPE3801Q,스트링 집업 점퍼,JP,점퍼,"79,900"
CV,E4,CVJPE4T01M,배색 트리밍 퀼티드 자켓,JP,점퍼,"99,900"
CV,E4,CVJPE4T02M,카라형 퀼티드 자켓,JP,점퍼,"129,000"
CV,F2,CVJPF2301M,롱 후드 점퍼,JP,점퍼,"99,900"
CV,F2,CVJPF2401M,숏 블루종 점퍼,JP,점퍼,"99,900"
CV,F2,CVJPF2402M,오픈카라 스트링 점퍼,JP,점퍼,"99,900"
CV,F2,CVJPF2403M,스트링 점퍼,JP,점퍼,"99,900"
CV,F2,CVJPF2501M,숏 홑겹 점퍼,JP,점퍼,"79,900"
CV,F4,CVJPF4901M,카라배색 미디 워크자켓,JP,점퍼,"129,000"
CV,F4,CVJPF4902M,카라배색 숏 워크자켓,JP,점퍼,"79,900"
CV,F4,CVJPF4T01M,R넥 퀼팅 자켓,JP,점퍼,"99,900"
CV,F4,CVJPF4T02M,배색 카라 퀼팅 자켓,JP,점퍼,"129,000"
CV,F4,CVJPF4T03M,하이넥 포켓 숏 패딩점퍼,JP,점퍼,"129,000"
CV,F4,CVJPF4T04M,루즈핏 카라 퀼팅 점퍼,JP,점퍼,"99,900"
CV,G2,CVJPG2301M,카라배색 숏 워크자켓,JP,점퍼,"99,900"
CV,G2,CVJPG2302M,미디기장 후드점퍼,JP,점퍼,"99,900"
CV,G2,CVJPG2401M,싱글카라 포켓 점퍼,JP,점퍼,"99,900"
CV,G2,CVJPG2501M,하이넥 홑겹점퍼,JP,점퍼,"79,900"
CV,G4,CVJPG4901M,미디 스트링 점퍼,JP,점퍼,0
CV,G4,CVJPG4902M,캐주얼 하이넥 점퍼,JP,점퍼,0
CV,G4,CVJPG4T01M,카라탈착 퀼팅 숏자켓,JP,점퍼,0
CV,G4,CVJPG4T02M,퀼팅 카라 미디 자켓,JP,점퍼,"129,000"
CV,G4,CVJPG4T03M,하이넥 퀼팅 자켓,JP,점퍼,0
CV,G4,CVJPG4T04M,후드 미디 패딩,JP,점퍼,"129,000"
CV,E2,CVJTE2301M,롱기장 더블 트렌치 코트,JT,점퍼,"159,000"
CV,E2,CVJTE2302M,숏기장 싱글 트렌치 코트,JT,점퍼,"99,900"
CV,E4,CVJTE4901M,벨티드 숏 트렌치 코트,JT,점퍼,"129,000"
CV,F2,CVJTF2301M,미디 트렌치 코트,JT,점퍼,"159,000"
CV,F2,CVJTF2302M,숏 트렌치 코트,JT,점퍼,"129,000"
CV,G2,CVJTG2301Q,숏트렌치 코트,JT,점퍼,"129,000"
CV,F4,CVLWF4911N,[스웻셋업] R넥 스웻셔츠 (SET),LW,니트,"49,900"
CV,F4,CVLWF4912N,[스웻셋업] 코튼 카라 스웻셔츠 (SET),LW,니트,"59,900"
CV,G1,CVLWG1112N,[슬랙스닝] 기모 셋업 상의 (SET),LW,니트,"49,900"
CV,E1,CVOWE1101Q,트위드 정장형 원피스,OW,점퍼,"159,000"
CV,E1,CVOWE1201M,배색장식 트위드형 원피스,OW,점퍼,"129,000"
CV,E1,CVOWE1201Q,격식 정장형 원피스,OW,점퍼,"159,000"
CV,E2,CVOWE2301M,셔츠형 리본 카라 원피스,OW,점퍼,"99,900"
CV,E2,CVOWE2301Q,레이어드 원피스,OW,점퍼,"99,900"
CV,E2,CVOWE2302Q,격식 카라형 원피스,OW,점퍼,"159,000"
CV,E2,CVOWE2401M,7부소매 셔츠형 원피스,OW,점퍼,"99,900"
CV,E2,CVOWE2401Q,벨트 포인트 포멀 원피스,OW,점퍼,"159,000"
CV,E2,CVOWE2402M,변형카라 핀턱 원피스,OW,점퍼,"99,900"
CV,E2,CVOWE2411M,사방스판 오픈카라 원피스,OW,점퍼,"79,900"
CV,E2,CVOWE2501M,꼬임소매 셔츠 플레어 원피스,OW,점퍼,"99,900"
CV,E2,CVOWE2501Q,포켓 트위드 미디 원피스,OW,점퍼,"99,900"
CV,E2,CVOWE2502M,V넥 오픈형 포켓원피스,OW,점퍼,"99,900"
CV,E2,CVOWE2502Q,바스락 셔츠 원피스,OW,점퍼,"99,900"
CV,E2,CVOWE2601Q,포켓 셔츠형 원피스,OW,점퍼,0
CV,E3,CVOWE3701M,반팔셔츠+레이어드원피스 SET,OW,점퍼,"129,000"
CV,E3,CVOWE3701Q,코튼 핀턱 롱원피스,OW,점퍼,"99,900"
CV,E3,CVOWE3702M,셔츠형 플레어 원피스,OW,점퍼,"99,900"
CV,E3,CVOWE3702Q,심플 슬리브리스 원피스,OW,점퍼,"79,900"
CV,E3,CVOWE3703M,반팔셔츠+뷔스티에원피스 SET,OW,점퍼,"129,000"
CV,E3,CVOWE3703Q,포켓 셔츠형 원피스,OW,점퍼,"99,900"
CV,E3,CVOWE3801M,셔츠형 데일리 원피스,OW,점퍼,"99,900"
CV,E3,CVOWE3802M,벨트 포인트 셔츠형 원피스,OW,점퍼,"99,900"
CV,E4,CVOWE4901M,벨티드 트위드 원피스,OW,점퍼,"159,000"
CV,E4,CVOWE4902M,금장단추 셔츠형 원피스,OW,점퍼,"129,000"
CV,F1,CVOWF1201M,라인 벨트 포인트 원피스,OW,점퍼,"159,000"
CV,F2,CVOWF2301M,페미닌 셔츠형 원피스,OW,점퍼,"99,900"
CV,F2,CVOWF2401I,베이직 데님 원피스,OW,점퍼,"99,900"
CV,F2,CVOWF2401M,베이직 셔츠 원피스,OW,점퍼,"99,900"
CV,F2,CVOWF2401Q,옵션벨트 R넥 원피스,OW,점퍼,"129,000"
CV,F2,CVOWF2402M,오픈카라 셔츠 원피스,OW,점퍼,"99,900"
CV,F2,CVOWF2501M,스트랩 R넥 원피스,OW,점퍼,"99,900"
CV,F2,CVOWF2502M,크롭셔츠+레이어드원피스 SET,OW,점퍼,"129,000"
CV,F2,CVOWF2601M,꼬임벨트 레이스 원피스,OW,점퍼,"99,900"
CV,F2,CVOWF2602M,레이스 나시 원피스,OW,점퍼,"79,900"
CV,F3,CVOWF3701M,옵션벨트 셔츠형 원피스,OW,점퍼,"99,900"
CV,F3,CVOWF3702M,슬리브리스 원피스 (SET),OW,점퍼,"79,900"
CV,F3,CVOWF3702Q,(CVOWF2502M RE) 크롭셔츠+레이어드원피스 SET,OW,점퍼,"129,000"
CV,F3,CVOWF3703M,R넥 제천벨트 원피스,OW,점퍼,"99,900"
CV,F3,CVOWF3704M,오픈카라 셔츠형 원피스,OW,점퍼,"99,900"
CV,F3,CVOWF3705M,셔츠+뷔스티에 원피스 세트,OW,점퍼,"99,900"
CV,F3,CVOWF3801M,제천벨트 셔츠 원피스,OW,점퍼,"99,900"
CV,F3,CVOWF3802M,포멀 오픈카라 원피스,OW,점퍼,"99,900"
CV,F4,CVOWF4901M,벨티드 플레어 원피스,OW,점퍼,"129,000"
CV,G2,CVOWG2402M,장식벨트 셔츠형 원피스,OW,점퍼,"129,000"
CV,G2,CVOWG2501M,싱글카라 원피스,OW,점퍼,"99,900"
CV,G2,CVOWG2502M,오픈카라 벨티드 원피스,OW,점퍼,"129,000"
CV,G2,CVOWG2503M,셔츠 레이어드 원피스 SET,OW,점퍼,"129,000"
CV,G2,CVOWG2601M,벨티드 셔츠 원피스,OW,점퍼,"99,900"
CV,G2,CVOWG2602M,나시 원피스,OW,점퍼,"79,900"
CV,G3,CVOWG3701M,R넥 스모킹 원피스,OW,점퍼,"99,900"
CV,G3,CVOWG3703M,셔츠-나시 원피스 세트,OW,점퍼,"129,000"
CV,G3,CVOWG3704M,조직감 원피스,OW,점퍼,"129,000"
CV,G3,CVOWG3801M,포켓 원피스,OW,점퍼,"129,000"
CV,G3,CVOWG3802M,헨리넥 원피스,OW,점퍼,"99,900"
CV,G3,CVOWG3803M,벨티드 원피스,OW,점퍼,"129,000"
CV,G3,CVOWG3804M,R넥 핀턱 원피스,OW,점퍼,"99,900"
CV,G4,CVOWG4901M,핀턱 원피스,OW,점퍼,"99,900"
CV,F2,CVTJF2504M,데님 라이크 턱 와이드 팬츠,TJ,청바지,"69,900"
CV,F3,CVTJF3704M,데님 라이크 크롭 와이드 팬츠,TJ,청바지,"69,900"
CV,E1,CVTWE1101N,[슬랙스닝] 기모 부츠컷 숏기장,TW,면바지,"59,900"
CV,E1,CVTWE1102N,[슬랙스닝] 기모 부츠컷 롱기장,TW,면바지,"59,900"
CV,E1,CVTWE1103N,[슬랙스닝] 기모 와이드 숏기장,TW,면바지,"59,900"
CV,E1,CVTWE1104N,[슬랙스닝] 기모 와이드 롱기장,TW,면바지,"59,900"
CV,E1,CVTWE1105N,[슬랙스닝] 융기모 부츠컷 숏기장,TW,면바지,"69,900"
CV,E1,CVTWE1106N,[슬랙스닝] 융기모 부츠컷 롱기장,TW,면바지,"69,900"
CV,E1,CVTWE1107N,[슬랙스닝] 코듀로이 와이드핏,TW,면바지,"69,900"
CV,E1,CVTWE1107N,[슬랙스닝] 코듀로이 와이드핏,TW,면바지,0
CV,E1,CVTWE1201M,슬림 일자핏 슬랙스,TW,면바지,"59,900"
CV,E1,CVTWE1202M,슬림 배기 슬랙스,TW,면바지,"59,900"
CV,E1,CVTWE1221M,부츠컷 슬랙스,TW,면바지,"59,900"
CV,E2,CVTWE2301M,와이드 슬랙스(SET),TW,면바지,"59,900"
CV,E2,CVTWE2301N,[슬랙스닝] 부츠컷 팬츠 (숏기장),TW,면바지,"59,900"
CV,E2,CVTWE2301Q,[슬랙스닝] 부츠컷 팬츠 (롱롱기장),TW,면바지,"59,900"
CV,E2,CVTWE2302M,핀턱 배기핏 슬랙스,TW,면바지,"59,900"
CV,E2,CVTWE2302N,[슬랙스닝] 부츠컷 팬츠 (롱기장),TW,면바지,"59,900"
CV,E2,CVTWE2302Q,[슬랙스닝] 와이드 팬츠 (롱롱기장),TW,면바지,"59,900"
CV,E2,CVTWE2303N,[슬랙스닝] 와이드핏 팬츠 (숏기장),TW,면바지,"59,900"
CV,E2,CVTWE2304N,[슬랙스닝] 와이드핏 팬츠 (롱기장),TW,면바지,"59,900"
CV,E2,CVTWE2401M,부츠컷 슬랙스(SET),TW,면바지,"59,900"
CV,E2,CVTWE2401Q,아웃포켓 컬러 스판팬츠,TW,면바지,"59,900"
CV,E2,CVTWE2402M,풀온바지,TW,면바지,"49,900"
CV,E2,CVTWE2402Q,[슬랙스닝] 썸머 에센셜 와이드 팬츠,TW,면바지,"59,900"
CV,E2,CVTWE2402Q,[슬랙스닝] 썸머 에센셜 와이드 팬츠,TW,면바지,0
CV,E2,CVTWE2403M,핀턱 배기핏 면팬츠,TW,면바지,"49,900"
CV,E2,CVTWE2501M,꼬임벨트 4부 면 반바지,TW,면바지,"49,900"
CV,E2,CVTWE2502M,폴리 버뮤다 반바지,TW,면바지,"49,900"
CV,E2,CVTWE2601Q,썸머 하프 팬츠 (SET),TW,면바지,0
CV,E3,CVTWE3701M,뒷밴딩 투핀턱 큐롯 팬츠 (SET),TW,면바지,"59,900"
CV,E3,CVTWE3701N,[슬랙스닝] 쿨 와이드 슬랙스 (SET),TW,면바지,"49,900"
CV,E3,CVTWE3701Q,썸머 하프 팬츠 (SET),TW,면바지,"59,900"
CV,E3,CVTWE3701Q,썸머 하프 팬츠 (SET),TW,면바지,0
CV,E3,CVTWE3702M,쿨 9부 배기 팬츠,TW,면바지,"49,900"
CV,E3,CVTWE3702Q,턱 와이드 밴딩 팬츠 (SET),TW,면바지,"49,900"
CV,E3,CVTWE3703M,쿨 8부 와이드 팬츠,TW,면바지,"59,900"
CV,E3,CVTWE3703N,[슬랙스닝] 스티치 반바지 (SET),TW,면바지,"49,900"
CV,E3,CVTWE3704M,쿨 핀턱 반바지,TW,면바지,"39,900"
CV,E3,CVTWE3711N,[슬랙스닝] 쿨 와이드 슬랙스 (롱롱기장),TW,면바지,"49,900"
CV,E3,CVTWE3801M,9부 세미와이드 팬츠 (SET),TW,면바지,"59,900"
CV,E4,CVTWE4901M,베이직 일자핏 슬랙스 (SET),TW,면바지,"59,900"
CV,E4,CVTWE4901N,[슬랙스닝] 부츠컷 팬츠 (숏기장),TW,면바지,"59,900"
CV,E4,CVTWE4902M,스탠다드 턱 와이드 슬랙스 (SET),TW,면바지,"59,900"
CV,E4,CVTWE4902N,[슬랙스닝] 부츠컷 팬츠 (롱기장),TW,면바지,"59,900"
CV,E4,CVTWE4903M,스트레이트 슬랙스,TW,면바지,"59,900"
CV,E4,CVTWE4903N,[슬랙스닝] 와이드 팬츠 (숏기장),TW,면바지,"59,900"
CV,E4,CVTWE4904M,베이직 코튼 팬츠,TW,면바지,"59,900"
CV,E4,CVTWE4904N,[슬랙스닝] 와이드 팬츠 (롱기장),TW,면바지,"59,900"
CV,E4,CVTWE4905N,[슬랙스닝] 분또 와이드 팬츠 (숏기장),TW,면바지,"59,900"
CV,E4,CVTWE4906N,[슬랙스닝] 분또 와이드 팬츠 (롱기장),TW,면바지,"59,900"
CV,E4,CVTWE4911N,[슬랙스닝] 부츠컷 팬츠 (롱롱기장),TW,면바지,"59,900"
CV,E4,CVTWE4912N,[슬랙스닝] 와이드 팬츠 (롱롱기장),TW,면바지,"59,900"
CV,E4,CVTWE4921M,에센셜 셋업 일자핏 슬랙스 (SET),TW,면바지,"59,900"
CV,E4,CVTWE4T01M,스트레이트 슬랙스,TW,면바지,"69,900"
CV,E4,CVTWE4T02M,기모 와이드 슬랙스,TW,면바지,"69,900"
CV,E4,CVTWE4T03M,코듀로이 아웃포켓 와이드팬츠,TW,면바지,"69,900"
CV,E4,CVTWE4V01M,베이직 부츠컷 슬랙스,TW,면바지,"69,900"
CV,E4,CVTWE4V02M,헤링본 부츠컷 슬랙스,TW,면바지,"69,900"
CV,E4,CVTWE4V02Q,도톰 투턱 와이드 슬랙스 RE_CVTWE4902M,TW,면바지,"69,900"
CV,E4,CVTWE4V03M,도톰 와이드 슬랙스,TW,면바지,"69,900"
CV,F1,CVTWF1101M,더블버튼 와이드 팬츠,TW,면바지,"69,900"
CV,F1,CVTWF1101M,더블버튼 와이드 팬츠,TW,면바지,0
CV,F1,CVTWF1101N,[슬랙스닝] 기모 부츠컷 (숏기장),TW,면바지,"59,900"
CV,F1,CVTWF1102N,[슬랙스닝] 기모 부츠컷 (롱기장),TW,면바지,"59,900"
CV,F1,CVTWF1103N,[슬랙스닝] 기모 와이드 (숏기장),TW,면바지,"59,900"
CV,F1,CVTWF1104N,[슬랙스닝] 기모 와이드 (롱기장),TW,면바지,"59,900"
CV,F1,CVTWF1105N,[슬랙스닝] 코듀로이 부츠컷 팬츠,TW,면바지,"59,900"
CV,F1,CVTWF1106N,[슬랙스닝] 코듀로이 와이드 팬츠,TW,면바지,"59,900"
CV,F1,CVTWF1107N,[슬랙스닝] 융기모 부츠컷 (숏기장),TW,면바지,"69,900"
CV,F1,CVTWF1108N,[슬랙스닝] 융기모 부츠컷 (롱기장),TW,면바지,"69,900"
CV,F1,CVTWF1109N,[슬랙스닝] 융기모 일자핏,TW,면바지,"69,900"
CV,F1,CVTWF1110N,[슬랙스닝] 기모 코듀로이 와이드 팬츠,TW,면바지,"69,900"
CV,F1,CVTWF1111N,[슬랙스닝] 기모 부츠컷 (롱롱기장),TW,면바지,"59,900"
CV,F1,CVTWF1112N,[슬랙스닝] 기모 와이드 (롱롱기장),TW,면바지,"59,900"
CV,F1,CVTWF1201M,도톰 와이드 슬랙스,TW,면바지,"69,900"
CV,F1,CVTWF1202M,비조 와이드 슬랙스 (SET),TW,면바지,"69,900"
CV,F2,CVTWF2301M,베이직 부츠컷 슬랙스 (SET),TW,면바지,"59,900"
CV,F2,CVTWF2301N,[슬랙스닝] 오픈형 부츠컷 (숏기장),TW,면바지,"59,900"
CV,F2,CVTWF2302M,와이드 슬랙스 (SET),TW,면바지,"59,900"
CV,F2,CVTWF2302N,[슬랙스닝] 오픈형 부츠컷 (롱기장),TW,면바지,"59,900"
CV,F2,CVTWF2303M,베이직 일자핏 슬랙스 (SET),TW,면바지,"59,900"
CV,F2,CVTWF2303N,[슬랙스닝] 오픈형 와이드핏 (숏기장),TW,면바지,"59,900"
CV,F2,CVTWF2304M,옵션벨트 원턱 와이드 팬츠 (SET),TW,면바지,"69,900"
CV,F2,CVTWF2304N,[슬랙스닝] 오픈형 와이드핏 (롱기장),TW,면바지,"59,900"
CV,F2,CVTWF2306M,포켓 스트레이트 팬츠,TW,면바지,"69,900"
CV,F2,CVTWF2401M,린넨라이크 부츠컷 슬랙스 (SET),TW,면바지,"59,900"
CV,F2,CVTWF2401N,[슬랙스닝] 썸머 와이드 팬츠,TW,면바지,"59,900"
CV,F2,CVTWF2402M,턱 와이드 슬랙스,TW,면바지,"59,900"
CV,F2,CVTWF2404M,하프 팬츠 (SET),TW,면바지,"49,900"
CV,F2,CVTWF2405M,스커트 팬츠 (SET),TW,면바지,"49,900"
CV,F2,CVTWF2501M,스탠다드 와이드 슬랙스 (SET),TW,면바지,"59,900"
CV,F2,CVTWF2501Q,히든밴딩 나일론 슬랙스,TW,면바지,"69,900"
CV,F2,CVTWF2502M,벨트 와이드 슬랙스 (SET),TW,면바지,"59,900"
CV,F2,CVTWF2502Q,턱 이지 팬츠,TW,면바지,"59,900"
CV,F2,CVTWF2503M,옵션벨트 하프팬츠,TW,면바지,"49,900"
CV,F2,CVTWF2504M,크롭 와이드 핀턱 팬츠,TW,면바지,"59,900"
CV,F2,CVTWF2510Q,셋업 슬랙스닝(SET),TW,면바지,"59,900"
CV,F2,CVTWF2512M,바스락 쇼츠 (SET),TW,면바지,"49,900"
CV,F3,CVTWF3701M,쿨 스트레이트 슬랙스,TW,면바지,"59,900"
CV,F3,CVTWF3701N,[슬랙스닝] 쿨 와이드 슬랙스 (SET),TW,면바지,"49,900"
CV,F3,CVTWF3702M,스트링 쿨 와이드 슬랙스,TW,면바지,"59,900"
CV,F3,CVTWF3702N,[슬랙스닝] 쿨 하프팬츠 (SET),TW,면바지,"39,900"
CV,F3,CVTWF3703M,8부 쿨 슬랙스,TW,면바지,"59,900"
CV,F3,CVTWF3704M,베이직 하프팬츠,TW,면바지,"49,900"
CV,F3,CVTWF3705M,큐롯 팬츠,TW,면바지,"59,900"
CV,F3,CVTWF3706M,슬림벨트 스커트 팬츠,TW,면바지,"59,900"
CV,F3,CVTWF3710Q,[슬랙스닝] 쿨 오픈형 와이드,TW,면바지,"59,900"
CV,F3,CVTWF3711N,[슬랙스닝] 썸머 부츠컷 팬츠,TW,면바지,"59,900"
CV,F3,CVTWF3801M,베이직 부츠컷 슬랙스,TW,면바지,"59,900"
CV,F3,CVTWF3802M,옵션벨트 코튼 와이드 팬츠,TW,면바지,"79,900"
CV,F4,CVTWF4901M,절개포인트 캐주얼 팬츠,TW,면바지,"59,900"
CV,F4,CVTWF4901N,[슬랙스닝] 오픈형 부츠컷 (숏기장),TW,면바지,"59,900"
CV,F4,CVTWF4902N,[슬랙스닝] 오픈형 부츠컷 (롱기장),TW,면바지,"59,900"
CV,F4,CVTWF4903N,[슬랙스닝] 오픈형 와이드핏 (숏기장),TW,면바지,"59,900"
CV,F4,CVTWF4904N,[슬랙스닝] 오픈형 와이드핏 (롱기장),TW,면바지,"59,900"
CV,F4,CVTWF4905N,[스판슬랙스] 원턱 와이드핏 (SET),TW,면바지,"49,900"
CV,F4,CVTWF4906N,[스판슬랙스] 투턱 와이드핏 (SET),TW,면바지,"59,900"
CV,F4,CVTWF4911M,[청랙스닝] 데님라이크 팬츠,TW,면바지,"59,900"
CV,F4,CVTWF4911N,[스웻셋업] 스웻 와이드 팬츠 (SET),TW,면바지,"59,900"
CV,F4,CVTWF4912N,[스웻셋업] 코튼 스웻 와이드 팬츠 (SET),TW,면바지,"59,900"
CV,F4,CVTWF4921M,셋업 스트레이트 슬랙스 (SET),TW,면바지,"59,900"
CV,F4,CVTWF4T01M,부츠컷 코듀로이 팬츠,TW,면바지,"69,900"
CV,F4,CVTWF4V01M,부츠컷 슬랙스,TW,면바지,"69,900"
CV,F4,CVTWF4V02M,도톰 와이드 변형 슬랙스,TW,면바지,"69,900"
CV,G1,CVTWG1101N,[슬랙스닝] 기모 부츠컷 (숏기장),TW,면바지,"59,900"
CV,G1,CVTWG1102N,[슬랙스닝] 기모 부츠컷 (롱기장),TW,면바지,"59,900"
CV,G1,CVTWG1103N,[슬랙스닝] 기모 와이드 (숏기장),TW,면바지,"59,900"
CV,G1,CVTWG1104N,[슬랙스닝] 기모 와이드 (롱기장),TW,면바지,"59,900"
CV,G1,CVTWG1105N,[슬랙스닝] 코듀로이 와이드,TW,면바지,"59,900"
CV,G1,CVTWG1106N,[슬랙스닝] 융기모 부츠컷 (숏기장),TW,면바지,"69,900"
CV,G1,CVTWG1107N,[슬랙스닝] 융기모 부츠컷 (롱기장),TW,면바지,"69,900"
CV,G1,CVTWG1108N,[슬랙스닝] 융기모 코듀로이 부츠컷 팬츠,TW,면바지,"69,900"
CV,G1,CVTWG1109N,[슬랙스닝] 융기모 코듀로이 와이드 팬츠,TW,면바지,"69,900"
CV,G1,CVTWG1110N,[슬랙스닝] 부츠컷 스판슬랙스,TW,면바지,"69,900"
CV,G1,CVTWG1111N,[스판슬랙스] 와이드 스판 슬랙스,TW,면바지,"69,900"
CV,G1,CVTWG1112N,[스판슬랙스] 기모 셋업 하의 (SET),TW,면바지,"59,900"
CV,G1,CVTWG1201M,턱 와이드 슬랙스 (SET),TW,면바지,"69,900"
CV,G1,CVTWG1202M,벨티드 턱 팬츠,TW,면바지,"69,900"
CV,G2,CVTWG2301M,턱 와이드 슬랙스 (SET),TW,면바지,"59,900"
CV,G2,CVTWG2301N,[슬랙스닝] 부츠컷 (숏기장),TW,면바지,"59,900"
CV,G2,CVTWG2301Q,데님라이크 팬츠,TW,면바지,"69,900"
CV,G2,CVTWG2302M,벨트세트 벌룬팬츠,TW,면바지,"69,900"
CV,G2,CVTWG2302N,[슬랙스닝] 부츠컷 (롱기장),TW,면바지,"59,900"
CV,G2,CVTWG2303N,[슬랙스닝] 와이드핏 (숏기장),TW,면바지,"59,900"
CV,G2,CVTWG2304N,[슬랙스닝] 와이드핏 (롱기장),TW,면바지,"59,900"
CV,G2,CVTWG2305N,[스판팬츠] 부츠컷 슬랙스,TW,면바지,"59,900"
CV,G2,CVTWG2306N,[스판팬츠] 와이드 슬랙스,TW,면바지,"59,900"
CV,G2,CVTWG2401M,원턱 와이드 슬랙스,TW,면바지,"59,900"
CV,G2,CVTWG2401N,[슬랙스닝] 썸머 와이드핏,TW,면바지,"59,900"
CV,G2,CVTWG2401Q,투턱 와이트 슬랙스,TW,면바지,"59,900"
CV,G2,CVTWG2402M,밴딩팬츠,TW,면바지,"59,900"
CV,G2,CVTWG2403M,코튼혼방 캐주얼 팬츠,TW,면바지,"59,900"
CV,G2,CVTWG2501M,와이드 슬랙스,TW,면바지,"59,900"
CV,G2,CVTWG2501N,[슬랙스닝] 쿨 부츠컷,TW,면바지,"59,900"
CV,G2,CVTWG2501Q,이지 팬츠,TW,면바지,"59,900"
CV,G2,CVTWG2502M,와이드 팬츠 (SET),TW,면바지,"59,900"
CV,G2,CVTWG2502N,[슬랙스닝] 쿨 와이드,TW,면바지,"59,900"
CV,G2,CVTWG2502Q,밴딩 크롭팬츠,TW,면바지,"69,900"
CV,G2,CVTWG2503M,꼬임벨트 턱반바지,TW,면바지,"59,900"
CV,G2,CVTWG2503Q,원턱 팬츠,TW,면바지,"69,900"
CV,G2,CVTWG2504M,라탄벨트 큐롯팬츠,TW,면바지,"69,900"
CV,G2,CVTWG2504Q,크롭 데님라이크 밴딩팬츠,TW,면바지,"69,900"
CV,G2,CVTWG2505Q,투턱 데님라이크 팬츠,TW,면바지,"69,900"
CV,G2,CVTWG2601M,쿨 화이트 팬츠,TW,면바지,"69,900"
CV,G3,CVTWG3701M,8부 쿨 슬랙스,TW,면바지,"59,900"
CV,G3,CVTWG3701N,[쿨슬랙스닝] 밴딩팬츠,TW,면바지,"59,900"
CV,G3,CVTWG3701Q,바스락 스트레이트 팬츠,TW,면바지,"69,900"
CV,G3,CVTWG3702M,벨티드 코튼 팬츠,TW,면바지,"69,900"
CV,G3,CVTWG3702N,[쿨셋업] 나일론 와이드팬츠,TW,면바지,"59,900"
CV,G3,CVTWG3702Q,린넨라이크 팬츠,TW,면바지,"69,900"
CV,G3,CVTWG3703M,오버핏 투턱 슬랙스,TW,면바지,"59,900"
CV,G3,CVTWG3704N,쿨 슬랙스닝 (SET),TW,면바지,"59,900"
CV,G3,CVTWG3712N,[쿨셋업] 나일론 턱반바지,TW,면바지,"49,900"
CV,G3,CVTWG3801M,부츠컷 팬츠,TW,면바지,"59,900"
CV,G3,CVTWG3801Q,캐주얼 커브드 팬츠,TW,면바지,"69,900"
CV,G3,CVTWG3802M,와이드 변형 팬츠,TW,면바지,"79,900"
CV,G4,CVTWG4901M,버튼 벨트 슬랙스,TW,면바지,0
CV,G4,CVTWG4901N,[슬랙스닝] 부츠컷 (숏기장),TW,면바지,"59,900"
CV,G4,CVTWG4902N,[슬랙스닝] 부츠컷 (롱기장),TW,면바지,"59,900"
CV,G4,CVTWG4903N,[슬랙스닝] 와이드핏 (숏기장),TW,면바지,"59,900"
CV,G4,CVTWG4904N,[슬랙스닝] 와이드핏 (롱기장),TW,면바지,"59,900"
CV,G4,CVTWG4905N,[스판슬랙스] 투턱 와이드 (SET),TW,면바지,"59,900"
CV,G4,CVTWG4906N,[스판팬츠] 코튼 스트레이트,TW,면바지,"59,900"
CV,G4,CVTWG4907N,[스판팬츠] 코튼 커브드핏,TW,면바지,"59,900"
CV,G4,CVTWG4V01M,도톰 와이드 변형 팬츠,TW,면바지,0
CV,E4,CVVWE4T01M,후드 퀼티드 패딩점퍼 베스트,VW,점퍼,"79,900"
CV,F4,CVVWF4T01N,[슬림다운] 후드 베스트,VW,점퍼,"79,900"
CV,F4,CVVWF4T02N,니트 패딩 베스트,VW,점퍼,"79,900"
CV,G4,CVVWG4T01N,[슬림다운] 하이넥 베스트,VW,점퍼,"99,900"
CV,G4,CVVWG4T02N,니트패딩 베스트,VW,점퍼,"99,900"
CV,G4,CVVWG4T02N,니트패딩 베스트,VW,점퍼,0
CV,E1,CVWHE1201M,턱 롱스커트,WH,면바지,"69,900"
CV,E2,CVWHE2302M,벨티드 턱 플레어 스커트,WH,면바지,"69,900"
CV,E2,CVWHE2303M,벨트 H라인 롱스커트,WH,면바지,"69,900"
CV,E2,CVWHE2401M,포켓장식 플레어 밴딩스커트,WH,면바지,"59,900"
CV,E2,CVWHE2401Q,벨트 포인트 미디스커트 (세트),WH,면바지,"59,900"
CV,E2,CVWHE2402M,스티치 H라인 스커트(SET),WH,면바지,"59,900"
CV,E2,CVWHE2411M,사방스판 H포켓스커트 (세트),WH,면바지,"49,900"
CV,E2,CVWHE2601M,꼬임벨트 플레어 롱스커트(SET),WH,면바지,"69,900"
CV,E3,CVWHE3701M,포켓 A라인 스커트,WH,면바지,"59,900"
CV,E3,CVWHE3701N,[슬랙스닝] H롱 스커트 CVWHD4902N RE,WH,면바지,"49,900"
CV,E3,CVWHE3701Q,코튼 플레어 스커트 RE_CVWHE2501S,WH,면바지,"69,900"
CV,E3,CVWHE3801M,옵션벨트 롱 플레어 스커트,WH,면바지,"79,900"
CV,E4,CVWHE4902M,플리츠 롱 스커트,WH,면바지,"69,900"
CV,E4,CVWHE4903M,코튼 포켓 미디스커트,WH,면바지,"69,900"
CV,E4,CVWHE4921M,에센셜 셋업 스커트 (SET),WH,면바지,"59,900"
CV,E4,CVWHE4T01M,조직감 스커트,WH,면바지,"69,900"
CV,E4,CVWHE4T02M,롱 플리츠 스커트,WH,면바지,"69,900"
CV,E4,CVWHE4V02Q,도톰 플리츠 롱 스커트 RE_CVWHE4902M,WH,면바지,"69,900"
CV,F1,CVWHF1201M,랩 스커트,WH,면바지,"69,900"
CV,F1,CVWHF1201Q,턱 플레어 롱스커트,WH,면바지,"69,900"
CV,F2,CVWHF2301M,옵션벨트 H라인 코튼 스커트,WH,면바지,"69,900"
CV,F2,CVWHF2302M,플리츠스커트 (SET),WH,면바지,"69,900"
CV,F2,CVWHF2401M,벨티드 플리츠 스커트 (SET),WH,면바지,"69,900"
CV,F2,CVWHF2401Q,H라인 롱 스커트,WH,면바지,"59,900"
CV,F2,CVWHF2402M,투버튼 플레어 스커트,WH,면바지,"59,900"
CV,F2,CVWHF2403M,H라인 카고 스커트,WH,면바지,"59,900"
CV,F2,CVWHF2501M,랩형 플레어 스커트,WH,면바지,"69,900"
CV,F2,CVWHF2502M,옵션벨트 A라인 스커트,WH,면바지,"69,900"
CV,F2,CVWHF2510Q,스판 밴딩 스커트 (SET),WH,면바지,"49,900"
CV,F2,CVWHF2511M,레이어드 스커트 (SET),WH,면바지,"59,900"
CV,F2,CVWHF2601M,레이스 티어드 스커트,WH,면바지,"69,900"
CV,F3,CVWHF3701M,플레어 스커트 (SET),WH,면바지,"59,900"
CV,F3,CVWHF3702M,체크 스커트,WH,면바지,"59,900"
CV,F3,CVWHF3703M,버튼 포인트 스커트,WH,면바지,"59,900"
CV,F3,CVWHF3704M,데님 라이크 롱스커트,WH,면바지,"69,900"
CV,F3,CVWHF3801M,웨스턴 벨트 스커트,WH,면바지,"69,900"
CV,F4,CVWHF4901M,옵션벨트 플리츠 롱 스커트,WH,면바지,"79,900"
CV,F4,CVWHF4902M,금장단추 스커트 (SET),WH,면바지,"59,900"
CV,F4,CVWHF4911M,[청랙스닝] 데님라이크 스커트,WH,면바지,"59,900"
CV,F4,CVWHF4912N,[스웻셋업] 코튼 스웻 스커트 (SET),WH,면바지,"49,900"
CV,F4,CVWHF4T01M,도톰 A라인 스커트,WH,면바지,"69,900"
CV,G1,CVWHG1201M,라인 플레어 스커트,WH,면바지,"69,900"
CV,G2,CVWHG2301M,코튼혼방 H스커트,WH,면바지,"59,900"
CV,G2,CVWHG2401M,롱플레어 스커트,WH,면바지,"59,900"
CV,G2,CVWHG2401Q,롱 A라인 스커트,WH,면바지,"59,900"
CV,G2,CVWHG2402M,셔링 포인트 플레어 스커트,WH,면바지,"59,900"
CV,G2,CVWHG2501M,옵션벨트 플레어 스커트,WH,면바지,"69,900"
CV,G2,CVWHG2501Q,볼륨 스커트,WH,면바지,"59,900"
CV,G2,CVWHG2502M,셔링 롱스커트,WH,면바지,"59,900"
CV,G2,CVWHG2504Q,포켓 스커트(SET),WH,면바지,"69,900"
CV,G2,CVWHG2601M,레이스 롱스커트,WH,면바지,"69,900"
CV,G3,CVWHG3701M,플레어 스커트 (SET),WH,면바지,"59,900"
CV,G3,CVWHG3702M,포켓 포인트 핀턱 스커트(SET),WH,면바지,"69,900"
CV,G3,CVWHG3703M,포켓 A라인 스커트,WH,면바지,"59,900"
CV,G3,CVWHG3801M,벨티드 스커트,WH,면바지,"69,900"
CV,G4,CVWHG4901M,벨티트 H라인 스커트(SET),WH,면바지,"69,900"
CV,G4,CVWHG4902M,플리츠 롱스커트,WH,면바지,"79,900"
CV,G4,CVWHG4V01M,벨티드 플레어 스커트,WH,면바지,0
CV,E2,CVYWE2301M,테일러드 카라 블라우스형 셔츠,YW,남방,"59,900"
CV,E2,CVYWE2301N,[찰랑셔츠] 슬림 기본핏,YW,남방,"39,900"
CV,E2,CVYWE2302N,[찰랑셔츠] 오버핏 오픈카라,YW,남방,"39,900"
CV,E2,CVYWE2303N,[찰랑셔츠] 포켓 테일러드 카라,YW,남방,"39,900"
CV,E2,CVYWE2304N,[스판셔츠] 오버핏 면셔츠,YW,남방,"49,900"
CV,E2,CVYWE2401M,아우터형 밑단스트링 셔츠,YW,남방,"59,900"
CV,E2,CVYWE2402M,스티치 테일러드카라 셔츠 (SET),YW,남방,"49,900"
CV,E2,CVYWE2403M,싱글카라 7부 소매셔츠,YW,남방,"49,900"
CV,E2,CVYWE2501M,솔리드 린넨 긴팔셔츠,YW,남방,"49,900"
CV,E2,CVYWE2501M,솔리드 린넨 긴팔셔츠,YW,남방,0
CV,E2,CVYWE2501N,[찰랑셔츠] 반팔 솔리드 셔츠,YW,남방,"29,900"
CV,E2,CVYWE2502M,스트라이프 린넨 반팔셔츠,YW,남방,"49,900"
CV,E2,CVYWE2502N,[찰랑셔츠] 루즈핏 7부 셔츠,YW,남방,"39,900"
CV,E2,CVYWE2503M,7부소매 아우터형 셔츠,YW,남방,"59,900"
CV,E2,CVYWE2601Q,컬러 스트라이프 셔츠,YW,남방,"59,900"
CV,E2,CVYWE2611N,[찰랑셔츠] 테일러드 반팔셔츠,YW,남방,"39,900"
CV,E2,CVYWE2612N,[찰랑셔츠] 면소재 반팔셔츠,YW,남방,"49,900"
CV,E3,CVYWE3701M,스트링 포인트 셔츠 (SET),YW,남방,"59,900"
CV,E3,CVYWE3701N,[찰랑셔츠] 쿨 테일러드 반팔셔츠 (SET),YW,남방,"49,900"
CV,E3,CVYWE3703N,[찰랑셔츠] 스티치 셔츠 (SET),YW,남방,"49,900"
CV,E3,CVYWE3801M,원버튼 루즈핏 셔츠,YW,남방,"39,900"
CV,E3,CVYWE3801Q,7부 스트라이프 셔츠,YW,남방,"59,900"
CV,E3,CVYWE3802M,7부소매 나일론 셔츠블라우스,YW,남방,"59,900"
CV,E3,CVYWE3803M,포켓 루즈핏 아우터형 셔츠 (SET),YW,남방,"59,900"
CV,E4,CVYWE4901M,넥배색 스트라이프 셔츠,YW,남방,"59,900"
CV,E4,CVYWE4901N,[찰랑셔츠] 슬림 기본핏,YW,남방,"39,900"
CV,E4,CVYWE4902N,[찰랑셔츠] 루즈핏,YW,남방,"39,900"
CV,E4,CVYWE4903N,[스판셔츠] 슬림핏,YW,남방,"39,900"
CV,E4,CVYWE4904N,[스판셔츠] 오버핏,YW,남방,"49,900"
CV,E4,CVYWE4T01M,도톰 투버튼 셔츠,YW,남방,"59,900"
CV,F1,CVYWF1201M,오픈카라 도톰 셔츠,YW,남방,"59,900"
CV,F2,CVYWF2301I,베이직 데님 셔츠,YW,남방,"59,900"
CV,F2,CVYWF2301M,배색 스트라이프 셔츠,YW,남방,"59,900"
CV,F2,CVYWF2301N,[찰랑셔츠] 기본핏,YW,남방,"39,900"
CV,F2,CVYWF2301Q,세미오버핏 체크 셔츠,YW,남방,"59,900"
CV,F2,CVYWF2302N,[찰랑셔츠] 테일러드 카라,YW,남방,"39,900"
CV,F2,CVYWF2303N,[찰랑셔츠] 스트라이프 오버핏 셔츠,YW,남방,"49,900"
CV,F2,CVYWF2304N,[스판셔츠] 코튼 크롭 셔츠,YW,남방,"49,900"
CV,F2,CVYWF2401I,베이직 데님 반팔 셔츠,YW,남방,"59,900"
CV,F2,CVYWF2401M,아우터형 셔츠 (SET),YW,남방,"69,900"
CV,F2,CVYWF2401Q,루즈핏 투웨이 셔츠,YW,남방,"59,900"
CV,F2,CVYWF2402M,코튼 7부 셔츠,YW,남방,"59,900"
CV,F2,CVYWF2403M,원버튼 루즈핏 셔츠,YW,남방,"49,900"
CV,F2,CVYWF2404M,볼륨소매 반팔 셔츠,YW,남방,"59,900"
CV,F2,CVYWF2501M,스트링 점퍼형 셔츠,YW,남방,"59,900"
CV,F2,CVYWF2501N,[찰랑셔츠] 반팔 셔츠,YW,남방,"29,900"
CV,F2,CVYWF2501Q,스트라이프 아우터형 셔츠,YW,남방,"59,900"
CV,F2,CVYWF2502M,스트라이프 볼륨셔츠,YW,남방,"49,900"
CV,F2,CVYWF2502Q,스트라이프 블루종 셔츠,YW,남방,"59,900"
CV,F2,CVYWF2511N,[찰랑셔츠] 스트라이프 반팔 셔츠,YW,남방,"49,900"
CV,F2,CVYWF2512M,바스락 블루종 (SET),YW,남방,"59,900"
CV,F2,CVYWF2512N,[찰랑셔츠] 린넨혼방 셔츠,YW,남방,"49,900"
CV,F2,CVYWF2601Q,반팔 아우터형 셔츠,YW,남방,"59,900"
CV,F2,CVYWF2602Q,라이트 체크 셔츠,YW,남방,"59,900"
CV,F3,CVYWF3701M,꼬임 반팔셔츠 (SET),YW,남방,"49,900"
CV,F3,CVYWF3701N,[찰랑셔츠] 쿨 반팔 셔츠 (SET),YW,남방,"49,900"
CV,F3,CVYWF3702M,오픈카라 체크 반팔셔츠,YW,남방,"59,900"
CV,F3,CVYWF3702N,[찰랑셔츠] 쿨 포켓 셔츠 (SET),YW,남방,"49,900"
CV,F3,CVYWF3703M,썸머 체크 셔츠,YW,남방,"59,900"
CV,F3,CVYWF3703N,[찰랑셔츠] 쿨셔츠+민소매 세트,YW,남방,"59,900"
CV,F3,CVYWF3801M,오픈카라 쿨 셔츠,YW,남방,"39,900"
CV,F3,CVYWF3802M,스트라이프 7부 셔츠,YW,남방,"59,900"
CV,F3,CVYWF3803M,아우터형 크롭 셔츠,YW,남방,"59,900"
CV,F4,CVYWF4901M,루즈핏 체크 셔츠,YW,남방,"49,900"
CV,F4,CVYWF4901N,[찰랑셔츠] 기본핏,YW,남방,"39,900"
CV,F4,CVYWF4902M,금장단추 셔츠 (SET),YW,남방,"59,900"
CV,F4,CVYWF4902N,[스판셔츠] 루즈핏 스트라이프,YW,남방,"49,900"
CV,F4,CVYWF4903M,스트라이프 아우터형 셔츠,YW,남방,"59,900"
CV,F4,CVYWF4903N,[스판셔츠] 슬림핏,YW,남방,"49,900"
CV,F4,CVYWF4T01M,코듀로이 셔켓,YW,남방,"59,900"
CV,G2,CVYWG2301N,[찰량셔츠] 기본핏,YW,남방,"39,900"
CV,G2,CVYWG2302N,[찰랑셔츠] 크롭핏,YW,남방,"49,900"
CV,G2,CVYWG2303N,[찰랑셔츠] 오버핏,YW,남방,"49,900"
CV,G2,CVYWG2303Q,스웨이드 셔켓,YW,남방,"59,900"
CV,G2,CVYWG2401M,코튼 7부 셔츠,YW,남방,"59,900"
CV,G2,CVYWG2401Q,린넨라이크 셔츠,YW,남방,"59,900"
CV,G2,CVYWG2402Q,블루종 체크셔츠,YW,남방,"69,900"
CV,G2,CVYWG2501M,민소매 블라우스 세트 셔츠,YW,남방,"69,900"
CV,G2,CVYWG2501N,[찰랑셔츠] 베이직 반팔 셔츠,YW,남방,"29,900"
CV,G2,CVYWG2502M,스트링 셔츠 (SET),YW,남방,"59,900"
CV,G2,CVYWG2502N,[찰랑셔츠] 볼륨소매 반팔셔츠,YW,남방,"29,900"
CV,G2,CVYWG2503I,린넨 셔츠,YW,남방,"59,900"
CV,G2,CVYWG2503N,[스판셔츠] 7부 스트라이프 셔츠,YW,남방,"39,900"
CV,G2,CVYWG2504Q,변형 카라 셔켓(SET),YW,남방,"69,900"
CV,G3,CVYWG3701M,카라 캡소매 셔츠 (SET),YW,남방,"59,900"
CV,G3,CVYWG3701N,[쿨찰랑셔츠] 셔링디테일 셔츠(SET),YW,남방,"49,900"
CV,G3,CVYWG3701Q,7부 스트링 셔켓,YW,남방,"69,900"
CV,G3,CVYWG3702M,스트링 셔츠 (SET),YW,남방,"59,900"
CV,G3,CVYWG3703M,스트링 스트라이프 셔츠,YW,남방,"59,900"
CV,G3,CVYWG3703N,[쿨찰랑셔츠] 민소매 세트 셔츠,YW,남방,"59,900"
CV,G3,CVYWG3703N,[쿨찰랑셔츠] 민소매 세트 셔츠,YW,남방,0
CV,G3,CVYWG3703Q,민소매 블라우스 세트 셔츠 RE_CVYWG2501M,YW,남방,"69,900"
CV,G3,CVYWG3704M,꼬임 셔츠,YW,남방,"59,900"
CV,G3,CVYWG3704N,[쿨찰랑셔츠] 절개디테일 셔츠(SET),YW,남방,"49,900"
CV,G3,CVYWG3801M,베이직 7부 셔츠,YW,남방,"49,900"
CV,G3,CVYWG3802M,블루종 셔츠,YW,남방,"59,900"
CV,G3,CVYWG3803M,루즈핏 스트랩 셔츠,YW,남방,"59,900"
CV,G4,CVYWG4901M,캐주얼 셔켓(SET),YW,남방,"69,900"
CV,G4,CVYWG4901N,[찰랑셔츠] 기본핏,YW,남방,"39,900"
CV,G4,CVYWG4902M,블루종 스트링 셔츠,YW,남방,"59,900"
CV,G4,CVYWG4902N,[스판셔츠] 크롭핏,YW,남방,"49,900"
CV,G4,CVYWG4903M,오버핏 체크 셔츠,YW,남방,"59,900"
CV,G4,CVYWG4T01M,스웨이드 아우터형 셔츠,YW,남방,0
CV,G4,CVYWG4T02M,체크 셔츠,YW,남방,0
EB,G3,EBBRG3815M,히든와이어 울트라푸시 심리스 브라,BR,언더웨어,0
EB,G2,EBLGG2614M,골지_반바지,LG,면바지,"39,900"
EB,G3,EBLGG3823M,라운지_팬츠,LG,면바지,"49,900"
EB,G2,EBPPG2611M,골지_반팔 풀오버,PP,라운지,"39,900"
EB,G2,EBPPG2612M,골지_긴팔 가디건,PP,라운지,"49,900"
EB,G3,EBPPG3821M,라운지_긴팔풀오버,PP,라운지,"49,900"
EB,G3,EBPPG3822M,라운지_긴팔 가디건,PP,라운지,"49,900"
EB,G4,EBPPG4T65M,미드나잇_파자마,PP,라운지,0
EB,G4,EBPPG4V11C,포근 커플 파자마,PP,라운지,0
EB,G4,EBPPG4V12C,베이직 수면 파자마,PP,라운지,0
EB,GA,EBPPGA412C,스트라이프 반팔 파자마,PP,라운지,"39,900"
EB,GA,EBPPGA413C,솔리드 반팔 파자마,PP,라운지,"39,900"
EB,GA,EBPPGA414C,반팔 원피스 파자마,PP,라운지,"49,900"
EB,E2,EBWEE2315M,[노와이어] 블린 티팬티,WE,언더웨어,"19,900"
EB,E4,EBWQE4T10M,[노와이어] 블린 헴팬티,WQ,언더웨어,"19,900"
EB,G3,EBWQG3730D,[D컬렉션]블랑쉬_햄팬티,WQ,언더웨어,0
EB,G4,EBWQG4T60M,미드나잇_헴팬티,WQ,언더웨어,0
EB,G2,EBWRG2613M,골지_프릴 브라탑,WR,언더웨어,"29,900"
EB,G3,EBWRG3824M,라운지_브라탑,WR,언더웨어,"29,900"
MI,LE,MIWBLE101B,가디건형 블라우스,BL,남방,"59,900"
MI,LE,MIWBLE102G,스퀘어넥 벨벳 블라우스,BL,남방,"49,900"
MI,LE,MIWBLE108G,벨벳 볼레로 블라우스,BL,남방,"49,900"
MI,LE,MIWBLE110A,하이넥 블라우스,BL,남방,"39,900"
MI,LE,MIWBLE112G,오프숄더 벨벳 블라우스,BL,남방,"49,900"
MI,LE,MIWBLE118G,배색 레이어드 블라우스,BL,남방,"59,900"
MI,LE,MIWBLE201B,타이 블라우스,BL,남방,"49,900"
MI,LE,MIWBLE201G,초커넥 블라우스,BL,남방,"49,900"
MI,LE,MIWBLE202G,스퀘어넥 집업 블라우스,BL,남방,"59,900"
MI,LE,MIWBLE208B,오픈카라 블라우스,BL,남방,"49,900"
MI,LE,MIWBLE301B,라운드넥 페플럼 블라우스,BL,남방,"49,900"
MI,LE,MIWBLE301C,오픈카라 셔링 블라우스,BL,남방,"49,900"
MI,LE,MIWBLE301G,스퀘어넥 블라우스,BL,남방,"39,900"
MI,LE,MIWBLE302B,테일러드 스티치 블라우스,BL,남방,"49,900"
MI,LE,MIWBLE302G,코튼 슬림 셔츠 블라우스,BL,남방,"49,900"
MI,LE,MIWBLE303B,사틴 크롭 블라우스,BL,남방,"49,900"
MI,LE,MIWBLE304B,리본 타이 블라우스,BL,남방,"39,900"
MI,LE,MIWBLE310A,셔츠카라 블라우스,BL,남방,"29,900"
MI,LE,MIWBLE310A,셔츠카라 블라우스,BL,남방,0
MI,LE,MIWBLE311G,코튼 크롭 셔츠 블라우스,BL,남방,"39,900"
MI,LE,MIWBLE321G,컷아웃 블라우스,BL,남방,"49,900"
MI,LE,MIWBLE330A,오픈카라 링클프리 블라우스,BL,남방,"39,900"
MI,LE,MIWBLE340A,오픈카라 블라우스,BL,남방,"39,900"
MI,LE,MIWBLE350A,보트넥 풀오버 블라우스,BL,남방,"29,900"
MI,LE,MIWBLE401B,스퀘어넥 페플럼 블라우스,BL,남방,"49,900"
MI,LE,MIWBLE401G,오프숄더 블라우스,BL,남방,"49,900"
MI,LE,MIWBLE402B,롱 타이 블라우스,BL,남방,"49,900"
MI,LE,MIWBLE402G,시스루 블라우스,BL,남방,"49,900"
MI,LE,MIWBLE405B,꼬임디테일 블라우스,BL,남방,"49,900"
MI,LE,MIWBLE405G,베이비돌 블라우스,BL,남방,"49,900"
MI,LE,MIWBLE406B,빅카라 블라우스,BL,남방,"49,900"
MI,LE,MIWBLE410A,테일러드 블라우스,BL,남방,"39,900"
MI,LE,MIWBLE411B,브이넥 블라우스,BL,남방,"49,900"
MI,LE,MIWBLE411G,베이비돌 블라우스,BL,남방,"49,900"
MI,LE,MIWBLE416B,볼륨소매 블라우스,BL,남방,"49,900"
MI,LE,MIWBLE420A,라운드넥 블라우스,BL,남방,"39,900"
MI,LE,MIWBLE421B,테일러드 포켓 블라우스,BL,남방,"49,900"
MI,LE,MIWBLE421G,스퀘어넥 퍼프 블라우스,BL,남방,"49,900"
MI,LE,MIWBLE426B,아웃포켓 블라우스,BL,남방,"49,900"
MI,LE,MIWBLE504B,하트넥 블라우스,BL,남방,"25,900"
MI,LE,MIWBLE507G,가디건형 리본 블라우스,BL,남방,"49,900"
MI,LE,MIWBLE810A,링클프리 7부 블라우스,BL,남방,"39,900"
MI,LE,MIWBLE901G,빅카라 스티치 블라우스,BL,남방,"49,900"
MI,LE,MIWBLE902B,7부 넥 포인트 블라우스,BL,남방,"49,900"
MI,LE,MIWBLE902G,가디건형 러플 블라우스,BL,남방,"49,900"
MI,LE,MIWBLE903G,뷔스티에 블라우스,BL,남방,"59,900"
MI,LE,MIWBLE904B,라운드넥 오픈형 블라우스,BL,남방,"39,900"
MI,LE,MIWBLE910A,셔츠카라 블라우스,BL,남방,"29,900"
MI,LE,MIWBLE912B,7부 페플럼 블라우스,BL,남방,"49,900"
MI,LE,MIWBLE912G,스퀘어넥 셔링 블라우스,BL,남방,"49,900"
MI,LE,MIWBLE914B,라운드넥 풀오버 블라우스,BL,남방,0
MI,LE,MIWBLE920A,오픈카라 링클프리 블라우스,BL,남방,"39,900"
MI,LE,MIWBLE922B,타이 블라우스,BL,남방,"49,900"
MI,LE,MIWBLE922G,브이넥 조직감 블라우스,BL,남방,"49,900"
MI,LE,MIWBLE930A,테일러드 링클프리 블라우스,BL,남방,"39,900"
MI,LE,MIWBLE932B,자카드 R넥 블라우스,BL,남방,"49,900"
MI,LE,MIWBLE934B,오픈형 타이 블라우스,BL,남방,"39,900"
MI,LE,MIWBLE940A,오픈카라 블라우스,BL,남방,"39,900"
MI,LE,MIWBLET01G,집업 슬림핏 블라우스,BL,남방,"49,900"
MI,LE,MIWBLET02B,새틴 블라우스,BL,남방,"49,900"
MI,LE,MIWBLET02G,스티치 리본 블라우스,BL,남방,"49,900"
MI,LE,MIWBLET03B,셔츠카라 블라우스,BL,남방,"49,900"
MI,LE,MIWBLET03G,빅 러플 블라우스,BL,남방,"49,900"
MI,LE,MIWBLET04A,레이온 오버핏 블라우스,BL,남방,"39,900"
MI,LE,MIWBLET04B,모크넥 풀오버 블라우스,BL,남방,"39,900"
MI,LE,MIWBLET04G,빅카라 숏 블라우스,BL,남방,"39,900"
MI,LE,MIWBLET05B,코쿤 블라우스,BL,남방,"49,900"
MI,LE,MIWBLET10A,오픈카라 블라우스,BL,남방,"39,900"
MI,LE,MIWBLET15B,글로시 블라우스,BL,남방,"59,900"
MI,LE,MIWBLEV01B,넥포인트 아웃포켓 블라우스,BL,남방,"49,900"
MI,LE,MIWBLEV10A,에센셜 기모 블라우스,BL,남방,"39,900"
MI,LF,MIWBLF101B,울 블랜드 자켓형 블라우스,BL,남방,"59,900"
MI,LF,MIWBLF103B,보우 디테일 블라우스,BL,남방,"49,900"
MI,LF,MIWBLF202B,버튼 포인트 타이 블라우스,BL,남방,"49,900"
MI,LF,MIWBLF212B,크리즈 사틴 백스트랩 블라우스,BL,남방,"59,900"
MI,LF,MIWBLF301B,링클 셔링 블라우스,BL,남방,"49,900"
MI,LF,MIWBLF301G,러플 블라우스,BL,남방,"59,900"
MI,LF,MIWBLF302B,랩 변형 블라우스,BL,남방,"49,900"
MI,LF,MIWBLF303B,오픈카라 링클 블라우스,BL,남방,"49,900"
MI,LF,MIWBLF304B,타이 블라우스,BL,남방,"39,900"
MI,LF,MIWBLF304G,스모킹 블라우스,BL,남방,"49,900"
MI,LF,MIWBLF310A,셔츠카라 블라우스,BL,남방,"29,900"
MI,LF,MIWBLF311B,사틴 크롭 블라우스,BL,남방,"49,900"
MI,LF,MIWBLF314B,페플럼 스트랩 블라우스,BL,남방,"49,900"
MI,LF,MIWBLF330A,링클프리 블라우스,BL,남방,"39,900"
MI,LF,MIWBLF360A,레이온 크롭 블라우스,BL,남방,"39,900"
MI,LF,MIWBLF401B,소재변형 오버핏 셔츠,BL,남방,"59,900"
MI,LF,MIWBLF401G,자카드 가디건형 블라우스,BL,남방,"49,900"
MI,LF,MIWBLF402G,빅 카라 랩 블라우스,BL,남방,"49,900"
MI,LF,MIWBLF403B,소매 리본 디테일 블라우스,BL,남방,"49,900"
MI,LF,MIWBLF404G,스퀘어넥 퍼프 블라우스,BL,남방,"49,900"
MI,LF,MIWBLF407B,탑 레이어디드 블라우스,BL,남방,"49,900"
MI,LF,MIWBLF414G,스퀘어넥 페플럼 블라우스,BL,남방,"39,900"
MI,LF,MIWBLF416G,프릴 랩 스퀘어넥 블라우스,BL,남방,"49,900"
MI,LF,MIWBLF503B,트위스트 블라우스,BL,남방,"49,900"
MI,LF,MIWBLF804G,가디건형 블라우스,BL,남방,"49,900"
MI,LF,MIWBLF901B,단추 여밈 시스루 블라우스,BL,남방,"49,900"
MI,LF,MIWBLF901G,레이어드 리본 블라우스,BL,남방,0
MI,LF,MIWBLF902G,핀턱 레이스 블라우스,BL,남방,"49,900"
MI,LF,MIWBLF904B,오픈형 끈 블라우스,BL,남방,"49,900"
MI,LF,MIWBLF904G,스퀘어넥 페플럼 블라우스,BL,남방,"49,900"
MI,LF,MIWBLF90QS,핀턱 블라우스 RE BWF81QS,BL,남방,"49,900"
MI,LF,MIWBLF911G,핀턱 페플럼 블라우스,BL,남방,"49,900"
MI,LF,MIWBLF920A,[에센셜] 링클프리 블라우스,BL,남방,"39,900"
MI,LF,MIWBLF921G,뷔스티에 레이어드 블라우스,BL,남방,"49,900"
MI,LF,MIWBLF927G,밑단 프릴 핀턱 블라우스,BL,남방,"49,900"
MI,LF,MIWBLFT01B,셔링 블라우스,BL,남방,"49,900"
MI,LF,MIWBLFT02C,슬림핏 링클 블라우스,BL,남방,"49,900"
MI,LF,MIWBLFT04B,V넥 타이 블라우스,BL,남방,"49,900"
MI,LF,MIWBLFT04G,체크 스퀘어넥 블라우스,BL,남방,"49,900"
MI,LF,MIWBLFT0QG,스퀘어넥 플레어 블라우스 RE BWF808G,BL,남방,"49,900"
MI,LF,MIWBLFT0QS,캡소매 꼬임 블라우스 RE BWF82QS,BL,남방,"49,900"
MI,LF,MIWBLFT11B,카울넥 긴팔 블라우스,BL,남방,"49,900"
MI,LF,MIWBLFT12G,밑단 프릴 블라우스,BL,남방,"49,900"
MI,LF,MIWBLFV12B,백 타이 블라우스,BL,남방,"49,900"
MI,LG,MIWBLG101G,울 블랜드 자켓형 블라우스,BL,남방,"59,900"
MI,LG,MIWBLG111G,시스루 도트 타이 블라우스,BL,남방,"49,900"
MI,LG,MIWBLG301B,페플럼 블라우스,BL,남방,"49,900"
MI,LG,MIWBLG301G,타이 블라우스,BL,남방,"49,900"
MI,LG,MIWBLG309B,소프트 타이 블라우스,BL,남방,"49,900"
MI,LG,MIWBLG309C,슬림핏 셔링 블라우스,BL,남방,"49,900"
MI,LG,MIWBLG309G,핀턱 플레어 블라우스,BL,남방,"49,900"
MI,LG,MIWBLG310A,[에센셜] 링클프리 블라우스,BL,남방,"39,900"
MI,LG,MIWBLG311G,셔링 절개 블라우스,BL,남방,"49,900"
MI,LG,MIWBLG319G,프릴 가디건형 블라우스,BL,남방,"49,900"
MI,LG,MIWBLG321G,아우터형 블라우스,BL,남방,"49,900"
MI,LG,MIWBLG329G,체크 셔링 블라우스,BL,남방,"49,900"
MI,LG,MIWBLG401B,꼬임 뷔스티에 콤비 블라우스,BL,남방,"49,900"
MI,LG,MIWBLG402G,스모킹 블라우스,BL,남방,"49,900"
MI,LG,MIWBLG405B,타이 핀턱 블라우스,BL,남방,"49,900"
MI,LG,MIWBLG411B,랩 변형 블라우스,BL,남방,"49,900"
MI,LG,MIWBLG412G,깅엄 체크 블라우스,BL,남방,"49,900"
MI,LG,MIWBLG415B,타이 셔링 블라우스,BL,남방,"49,900"
MI,LG,MIWBLG421B,리본 디테일 블라우스,BL,남방,"49,900"
MI,LG,MIWBLG901B,밑단 프릴 블라우스,BL,남방,"49,900"
MI,LG,MIWBLG901G,페플럼 블라우스,BL,남방,"49,900"
MI,LG,MIWBLG902G,셔링 리본 블라우스,BL,남방,"49,900"
MI,LG,MIWBLG90QB,"타이 변형 블라우스
RE BLG30SS",BL,남방,"49,900"
MI,LG,MIWBLG90QC,"슬림핏 셔링 블라우스
RE BLG309C",BL,남방,"49,900"
MI,LG,MIWBLG910A,[에센셜] 링클프리 블라우스,BL,남방,"39,900"
MI,LG,MIWBLG911G,반오픈 타이 블라우스,BL,남방,0
MI,LG,MIWBLG912G,플리츠 셋업 블라우스,BL,남방,"59,900"
MI,LG,MIWBLG916G,리본 타이 블라우스,BL,남방,"49,900"
MI,LG,MIWBLG917G,꼬임 블라우스,BL,남방,"49,900"
MI,LG,MIWBLG918G,원숄더 블라우스,BL,남방,"49,900"
MI,LG,MIWBLG921G,쉬어 타이 블라우스,BL,남방,"49,900"
MI,LG,MIWBLG922G,브이넥 카라 블라우스,BL,남방,"49,900"
MI,LG,MIWBLG931G,레이어드 오프숄더 블라우스,BL,남방,"59,900"
MI,LG,MIWBLG941G,카울넥 블라우스,BL,남방,"49,900"
MI,LG,MIWBLGT01B,스퀘어넥 벨티드 블라우스,BL,남방,0
MI,LG,MIWBLGT01G,브이넥 셔링 블라우스,BL,남방,"49,900"
MI,LG,MIWBLGT0QB,소프트 타이 블라우스RE BLG309B,BL,남방,0
MI,LG,MIWBLGT21B,스카프 디테일 블라우스,BL,남방,0
MI,LG,MIWBLGT21G,넥변형 랩 블라우스,BL,남방,0
MI,LG,MIWBLGV01B,변형 타이 블라우스,BL,남방,0
MI,NE,MIWBNE301G,하트넥 뷔스띠에 블라우스,BN,남방,"49,900"
MI,NE,MIWBNE302B,스퀘어넥 뷔스띠에 블라우스,BN,남방,"49,900"
MI,NE,MIWBNE413J,데님 튜브탑,BN,남방,"49,900"
MI,NE,MIWBNE501G,뷔스티에 블라우스,BN,남방,"49,900"
MI,NE,MIWBNE504B,라운드넥 나시 블라우스,BN,남방,"19,900"
MI,NE,MIWBNE507G,셔링 뷔스티에,BN,남방,"49,900"
MI,NE,MIWBNE510A,스퀘어넥 나시 블라우스,BN,남방,"29,900"
MI,NE,MIWBNE517G,리본 프릴 뷔스티에,BN,남방,"39,900"
MI,NE,MIWBNE519B,뷔스티에 블라우스,BN,남방,"49,900"
MI,NE,MIWBNE520A,브이넥 나시 블라우스,BN,남방,"29,900"
MI,NE,MIWBNE601C,벌룬 블라우스,BN,남방,"39,900"
MI,NE,MIWBNE606G,시스루 리본 뷔스티에,BN,남방,"39,900"
MI,NE,MIWBNE610A,링클프리 나시 블라우스,BN,남방,"29,900"
MI,NE,MIWBNE618G,시스루 뷔스티에,BN,남방,"39,900"
MI,NE,MIWBNE620A,링클 세트 나시 블라우스,BN,남방,"29,900"
MI,NE,MIWBNE668G,벌룬 나시 블라우스,BN,남방,"39,900"
MI,NE,MIWBNE701C,스트링 나시 블라우스,BN,남방,"49,900"
MI,NE,MIWBNE701G,베이비돌 나시 블라우스,BN,남방,"39,900"
MI,NE,MIWBNE705G,코튼 레이스 나시 블라우스,BN,남방,"29,900"
MI,NE,MIWBNE710A,스퀘어넥 나시 블라우스,BN,남방,"29,900"
MI,NE,MIWBNE711G,꼬임 나시 블라우스,BN,남방,"49,900"
MI,NE,MIWBNE720A,라운드넥 나시 블라우스,BN,남방,"29,900"
MI,NE,MIWBNE730A,보트넥 나시 블라우스,BN,남방,"29,900"
MI,NE,MIWBNE801B,셔링 나시 블라우스,BN,남방,"39,900"
MI,NE,MIWBNE801G,스모킹 끈나시 블라우스,BN,남방,"49,900"
MI,NE,MIWBNE804G,코튼 도비 나시 블라우스,BN,남방,"35,900"
MI,NE,MIWBNE80QB,뷔스티에 블라우스 BNE519B RE,BN,남방,"49,900"
MI,NE,MIWBNE811G,레이스 나시 블라우스,BN,남방,"39,900"
MI,NE,MIWBNE84QA,스트라이프 나시 블라우스,BN,남방,"39,900"
MI,NE,MIWBNE902B,시퀸 뷔스티에 블라우스,BN,남방,"39,900"
MI,NE,MIWBNE90QG,베이비돌 나시 블라우스 BNE701G RE,BN,남방,"39,900"
MI,NE,MIWBNE966B,단추 포인트 뷔스티에,BN,남방,"49,900"
MI,NE,MIWBNET01G,페이크 레더 집업 뷔스티에,BN,남방,"49,900"
MI,NE,MIWBNET02G,레이어드 뷔스티에,BN,남방,"49,900"
MI,NE,MIWBNET66B,롱 뷔스티에,BN,남방,"49,900"
MI,NF,MIWBNF101G,날개사 뷔스티에 블라우스,BN,남방,"49,900"
MI,NF,MIWBNF301B,레이스 포인트 뷔스티에,BN,남방,"39,900"
MI,NF,MIWBNF302G,스퀘어넥 롱 베스트,BN,남방,"49,900"
MI,NF,MIWBNF303B,셋업 비대칭 뷔스티에,BN,남방,"49,900"
MI,NF,MIWBNF313B,데님라이크 뷔스티에,BN,남방,"39,900"
MI,NF,MIWBNF323B,레이어드 롱 뷔스티에,BN,남방,"49,900"
MI,NF,MIWBNF401G,자카드 뷔스티에 블라우스,BN,남방,"49,900"
MI,NF,MIWBNF402G,리본 뷔스티에 블라우스,BN,남방,"39,900"
MI,NF,MIWBNF404G,데님라이크 뷔스티에,BN,남방,"39,900"
MI,NF,MIWBNF406G,리본 레이스 나시 블라우스,BN,남방,"29,900"
MI,NF,MIWBNF408G,레이어드 프릴 나시 블라우스,BN,남방,"39,900"
MI,NF,MIWBNF413B,뷔스티에 블라우스,BN,남방,"49,900"
MI,NF,MIWBNF424B,크링클 롱 나시 블라우스,BN,남방,"39,900"
MI,NF,MIWBNF501B,셋업 투웨이 나시 블라우스,BN,남방,"39,900"
MI,NF,MIWBNF502B,시퀸 뷔스티에,BN,남방,"49,900"
MI,NF,MIWBNF502G,벌룬 뷔스티에,BN,남방,"49,900"
MI,NF,MIWBNF503G,리본 셔링 뷔스티에,BN,남방,"49,900"
MI,NF,MIWBNF504G,쿨 나시 블라우스,BN,남방,"35,900"
MI,NF,MIWBNF509C,레이스 나시 블라우스,BN,남방,"49,900"
MI,NF,MIWBNF510A,에센셜 스퀘어넥 나시 블라우스,BN,남방,"25,900"
MI,NF,MIWBNF512B,프릴 뷔스티에,BN,남방,"49,900"
MI,NF,MIWBNF51QS,프릴 리본 뷔스티에,BN,남방,"39,900"
MI,NF,MIWBNF520A,에센셜 라운드넥 나시 블라우스,BN,남방,"29,900"
MI,NF,MIWBNF601G,벌룬 나시 블라우스,BN,남방,"39,900"
MI,NF,MIWBNF602B,시스루 롱 뷔스티에,BN,남방,"49,900"
MI,NF,MIWBNF602G,레이스 나시 블라우스,BN,남방,"49,900"
MI,NF,MIWBNF604G,스퀘어넥 나시 블라우스,BN,남방,"39,900"
MI,NF,MIWBNF610A,에센셜 링클 나시 블라우스,BN,남방,"29,900"
MI,NF,MIWBNF624B,스트랩 나시 블라우스,BN,남방,"49,900"
MI,NF,MIWBNF701G,스모킹 나시 블라우스,BN,남방,"39,900"
MI,NF,MIWBNF704G,브이넥 끈나시 블라우스,BN,남방,"35,900"
MI,NF,MIWBNF710A,에센셜 백트임 나시 블라우스,BN,남방,"29,900"
MI,NF,MIWBNF714G,허리 스트링 나시 블라우스,BN,남방,"39,900"
MI,NF,MIWBNF720A,에센셜 라운드넥 나시 블라우스,BN,남방,"29,900"
MI,NF,MIWBNF801B,셋업 단추 포인트 뷔스티에,BN,남방,0
MI,NF,MIWBNF801G,프릴 디테일 나시 블라우스,BN,남방,"49,900"
MI,NF,MIWBNF804G,셔링 나시 블라우스,BN,남방,"39,900"
MI,NF,MIWBNF814G,스트링 나시 블라우스,BN,남방,"39,900"
MI,NF,MIWBNF824G,크링클 끈나시 블라우스,BN,남방,"39,900"
MI,NF,MIWBNF904G,뷔스티에 오픈형 블라우스,BN,남방,"49,900"
MI,NG,MIWBNG101C,아일렛 펀칭 뷔스티에,BN,남방,"49,900"
MI,NG,MIWBNG101G,시스루 레이어드 뷔스티에,BN,남방,"49,900"
MI,NG,MIWBNG302C,러플 시스루 뷔스티에,BN,남방,"39,900"
MI,NG,MIWBNG3B01,베이직 나시 블라우스,BN,남방,"25,900"
MI,NG,MIWBNG401G,레이어드 나시 블라우스,BN,남방,"49,900"
MI,NG,MIWBNG402G,셔링 나시 블라우스,BN,남방,"39,900"
MI,NG,MIWBNG502G,리본 레이스 나시 블라우스,BN,남방,"49,900"
MI,NG,MIWBNG510A,[에센셜] 나시 블라우스,BN,남방,"29,900"
MI,NG,MIWBNG601G,프릴 핀턱 나시 블라우스,BN,남방,"49,900"
MI,NG,MIWBNG602G,베이비돌 나시 블라우스,BN,남방,"39,900"
MI,NG,MIWBNG611G,리본 프릴 나시 블라우스,BN,남방,"39,900"
MI,NG,MIWBNG701B,타이 나시 블라우스,BN,남방,"49,900"
MI,NG,MIWBNG701C,리본 셔링 나시 블라우스,BN,남방,"49,900"
MI,NG,MIWBNG701G,프릴 캡소매 블라우스,BN,남방,"39,900"
MI,NG,MIWBNG702G,티어드 나시 블라우스,BN,남방,"49,900"
MI,NG,MIWBNG711C,스트링 나시 블라우스,BN,남방,"39,900"
MI,NG,MIWBNG711C,스트링 나시 블라우스,BN,남방,0
MI,NG,MIWBNG721C,홀터 나시 블라우스,BN,남방,"49,900"
MI,WE,MIWBWE101B,날개사 반팔 블라우스,BW,남방,"59,900"
MI,WE,MIWBWE102G,라운드넥 반팔 블라우스,BW,남방,"59,900"
MI,WE,MIWBWE103G,부클 반팔 블라우스,BW,남방,"59,900"
MI,WE,MIWBWE20QG,부클 반팔 블라우스 BWE103G RE,BW,남방,"59,900"
MI,WE,MIWBWE21QG,라운드넥 반팔 블라우스BWE102G RE,BW,남방,0
MI,WE,MIWBWE501B,페플럼 블라우스,BW,남방,"49,900"
MI,WE,MIWBWE501G,오프숄더 블라우스,BW,남방,"49,900"
MI,WE,MIWBWE502G,카라 퍼프 블라우스,BW,남방,"39,900"
MI,WE,MIWBWE503B,테일러드 블라우스,BW,남방,"49,900"
MI,WE,MIWBWE504B,라운드넥 조직감 블라우스,BW,남방,"25,900"
MI,WE,MIWBWE506G,세일러카라 블라우스,BW,남방,"49,900"
MI,WE,MIWBWE507G,리본 블라우스,BW,남방,"49,900"
MI,WE,MIWBWE50QG,스퀘어넥 반팔 블라우스 BLE301G RE,BW,남방,"39,900"
MI,WE,MIWBWE510A,테일러드 반팔 블라우스,BW,남방,"39,900"
MI,WE,MIWBWE511B,라운드넥 블라우스,BW,남방,"49,900"
MI,WE,MIWBWE511G,스퀘어넥 밴딩 블라우스,BW,남방,"49,900"
MI,WE,MIWBWE512G,라운드넥 풀오버 블라우스,BW,남방,"49,900"
MI,WE,MIWBWE513J,오프숄더 데님 블라우스,BW,남방,"49,900"
MI,WE,MIWBWE514J,셋업 반팔 데님 블라우스,BW,남방,"49,900"
MI,WE,MIWBWE516B,스트링 반팔 블라우스,BW,남방,"49,900"
MI,WE,MIWBWE51QG,베이비돌 블라우스 BLE411G RE,BW,남방,"49,900"
MI,WE,MIWBWE51QG,베이비돌 블라우스 BLE411G RE,BW,남방,0
MI,WE,MIWBWE520A,링클프리 반팔 블라우스,BW,남방,"29,900"
MI,WE,MIWBWE521B,보트넥 블라우스,BW,남방,"39,900"
MI,WE,MIWBWE526G,프릴 블라우스,BW,남방,"49,900"
MI,WE,MIWBWE56QG,스퀘어넥 반팔 블라우스_BLE301G RE,BW,남방,"49,900"
MI,WE,MIWBWE57QG,라운드넥 스모킹 블라우스_BLE41SG RE,BW,남방,"49,900"
MI,WE,MIWBWE601B,브이넥 페플럼 블라우스,BW,남방,"49,900"
MI,WE,MIWBWE601G,라운드넥 블라우스,BW,남방,"49,900"
MI,WE,MIWBWE606G,자수 셔링 블라우스,BW,남방,"49,900"
MI,WE,MIWBWE607G,스퀘어넥 백오픈 블라우스,BW,남방,"49,900"
MI,WE,MIWBWE610A,라운드넥 반팔 블라우스,BW,남방,"39,900"
MI,WE,MIWBWE611B,테일러드 반팔 블라우스,BW,남방,"39,900"
MI,WE,MIWBWE611G,브이넥 레이스 블라우스,BW,남방,"49,900"
MI,WE,MIWBWE616G,스모킹 블라우스,BW,남방,"49,900"
MI,WE,MIWBWE620A,[TW 셋업] 링클 라운드넥 블라우스,BW,남방,"39,900"
MI,WE,MIWBWE620A,[TW 셋업] 링클 라운드넥 블라우스,BW,남방,0
MI,WE,MIWBWE701G,스퀘어넥 블라우스,BW,남방,"49,900"
MI,WE,MIWBWE70QA,[TW 셋업] 링클 라운드넥 블라우스 BWE620A RE,BW,남방,0
MI,WE,MIWBWE70QB,스퀘어넥 페플럼 블라우스 BWE501B RE,BW,남방,"49,900"
MI,WE,MIWBWE711B,꼬임 디테일 블라우스,BW,남방,"49,900"
MI,WE,MIWBWE711G,레이어드 블라우스,BW,남방,"49,900"
MI,WE,MIWBWE720A,브이넥 볼륨 블라우스,BW,남방,"39,900"
MI,WE,MIWBWE728G,스트랩 블라우스,BW,남방,"49,900"
MI,WE,MIWBWE730A,셔츠카라 반팔 블라우스,BW,남방,"39,900"
MI,WE,MIWBWE77QG,라운드넥 스모킹 블라우스_BWE57QG RE,BW,남방,"49,900"
MI,WE,MIWBWE801G,가디건형 블라우스,BW,남방,"49,900"
MI,WE,MIWBWE802B,랩 블라우스,BW,남방,"49,900"
MI,WE,MIWBWE810A,반오픈 카라 셔링 블라우스,BW,남방,"39,900"
MI,WE,MIWBWE907B,카울넥 스트랩 블라우스,BW,남방,"39,900"
MI,WF,MIWBWF401G,스모킹 퍼프 블라우스,BW,남방,"49,900"
MI,WF,MIWBWF402B,투웨이 자켓형 블라우스,BW,남방,"59,900"
MI,WF,MIWBWF402G,소재변형 리본 블라우스,BW,남방,"49,900"
MI,WF,MIWBWF501B,자켓형 셋업 블라우스,BW,남방,"59,900"
MI,WF,MIWBWF501C,캡소매 블라우스,BW,남방,"49,900"
MI,WF,MIWBWF502G,스모킹 블라우스,BW,남방,"49,900"
MI,WF,MIWBWF504B,에센셜 반팔 티블라우스,BW,남방,"29,900"
MI,WF,MIWBWF504G,스퀘어넥 퍼프 블라우스,BW,남방,"39,900"
MI,WF,MIWBWF50QG,빅 카라 랩 반팔 블라우스 RE BLF402G,BW,남방,"49,900"
MI,WF,MIWBWF510A,에센셜 링클프리 반팔 블라우스,BW,남방,"29,900"
MI,WF,MIWBWF514B,스트랩 블라우스,BW,남방,"39,900"
MI,WF,MIWBWF514G,스모킹 반팔 블라우스,BW,남방,"39,900"
MI,WF,MIWBWF520A,가디건형 브이넥 블라우스,BW,남방,"39,900"
MI,WF,MIWBWF523G,리본 셔링 블라우스,BW,남방,"49,900"
MI,WF,MIWBWF524B,페플럼 반팔 블라우스,BW,남방,"49,900"
MI,WF,MIWBWF530A,에센셜 크롭 티블라우스,BW,남방,"29,900"
MI,WF,MIWBWF540A,에센셜 테일러드 반팔 블라우스,BW,남방,"39,900"
MI,WF,MIWBWF601B,라운드넥 퍼프 블라우스,BW,남방,"49,900"
MI,WF,MIWBWF602B,시스루 반팔 블라우스,BW,남방,"49,900"
MI,WF,MIWBWF602G,스퀘어넥 레이스 블라우스,BW,남방,"49,900"
MI,WF,MIWBWF612G,레이스 반팔 블라우스,BW,남방,"49,900"
MI,WF,MIWBWF622G,배색 리본 가디건형 블라우스,BW,남방,"49,900"
MI,WF,MIWBWF632G,배색 리본 블라우스,BW,남방,"49,900"
MI,WF,MIWBWF701B,단추 포인트 자켓형 블라우스,BW,남방,0
MI,WF,MIWBWF704G,셔링 캡소매 블라우스,BW,남방,"39,900"
MI,WF,MIWBWF709G,아일렛 리본 블라우스,BW,남방,"49,900"
MI,WF,MIWBWF70QS,브이넥 셔링 블라우스 RE BWF63SS,BW,남방,"49,900"
MI,WF,MIWBWF710A,에센셜 스퀘어넥 반팔 블라우스,BW,남방,"35,900"
MI,WF,MIWBWF711G,오간자 포인트 반팔 블라우스,BW,남방,"49,900"
MI,WF,MIWBWF720A,에센셜 카라넥 티블라우스,BW,남방,"39,900"
MI,WF,MIWBWF730B,린넨 반팔 블라우스,BW,남방,"39,900"
MI,WF,MIWBWF801B,카울넥 스트랩 블라우스,BW,남방,"39,900"
MI,WF,MIWBWF804B,스트랩 반팔 블라우스,BW,남방,"39,900"
MI,WF,MIWBWF810A,오픈카라 반팔 블라우스,BW,남방,0
MI,WF,MIWBWF81QS,캡소매 핀턱 블라우스 RE BWF71SS,BW,남방,"49,900"
MI,WF,MIWBWF82QS,캡소매 꼬임 블라우스 RE BWF72SS,BW,남방,"49,900"
MI,WF,MIWBWF911B,V넥 5부 소매 블라우스,BW,남방,0
MI,WG,MIWBWG101G,리본 볼레로 블라우스,BW,남방,"59,900"
MI,WG,MIWBWG3B01,브이넥 반팔 블라우스,BW,남방,"39,900"
MI,WG,MIWBWG3B01,브이넥 반팔 블라우스,BW,남방,0
MI,WG,MIWBWG3B02,스퀘어넥 반팔 블라우스,BW,남방,"39,900"
MI,WG,MIWBWG501B,스퀘어넥 페플럼 블라우스,BW,남방,"39,900"
MI,WG,MIWBWG501G,글로시 타이 블라우스,BW,남방,"49,900"
MI,WG,MIWBWG502G,스퀘어넥 핀턱 블라우스,BW,남방,"49,900"
MI,WG,MIWBWG50QB,랩 변형 블라우스 RE BLG411B,BW,남방,"49,900"
MI,WG,MIWBWG50QG,타이 블라우스 RE BLG301G,BW,남방,"49,900"
MI,WG,MIWBWG510A,[에센셜] 링클프리 반팔 블라우스,BW,남방,"35,900"
MI,WG,MIWBWG511B,보트넥 벨티드 블라우스,BW,남방,"49,900"
MI,WG,MIWBWG511G,오간자 레이어드 블라우스,BW,남방,"49,900"
MI,WG,MIWBWG512G,스트링 프릴 블라우스,BW,남방,"49,900"
MI,WG,MIWBWG51QB,리본 디테일 블라우스 RE BLG421B,BW,남방,"49,900"
MI,WG,MIWBWG51QG,셔링 절개 블라우스 RE BLG311G,BW,남방,"49,900"
MI,WG,MIWBWG522G,브이넥 핀턱 블라우스,BW,남방,"49,900"
MI,WG,MIWBWG52QB,타이 셔링 블라우스 RE BLG415B,BW,남방,"49,900"
MI,WG,MIWBWG601B,라운드넥 스트링 블라우스,BW,남방,"49,900"
MI,WG,MIWBWG601G,아일렛 퍼프 블라우스,BW,남방,"49,900"
MI,WG,MIWBWG602G,깅엄 체크 스모킹 블라우스,BW,남방,"49,900"
MI,WG,MIWBWG61QG,V넥 셔링 블라우스 RE BLG412G,BW,남방,"49,900"
MI,WG,MIWBWG701B,벨티드 플레어 블라우스,BW,남방,"49,900"
MI,WG,MIWBWG701C,리본 셔링 블라우스,BW,남방,"49,900"
MI,WG,MIWBWG701G,퍼프소매 반팔 블라우스,BW,남방,"49,900"
MI,WG,MIWBWG710A,[에센셜] 라운드넥 티블라우스,BW,남방,"39,900"
MI,WG,MIWBWG711B,카울넥 반팔 블라우스,BW,남방,"39,900"
MI,WG,MIWBWG720A,[에센셜] 라운드넥 텍스처 블라우스,BW,남방,"39,900"
MI,WG,MIWBWG721G,린넨 핀턱 블라우스,BW,남방,"49,900"
MI,WG,MIWBWG7B02,스모킹 반팔 블라우스,BW,남방,"49,900"
MI,WG,MIWBWG7B04,브이넥 반팔 블라우스,BW,남방,"39,900"
MI,WG,MIWBWG901C,체크 셔링 반팔 블라우스,BW,남방,"49,900"
MI,WG,MIWBWG901G,타이 반팔 블라우스,BW,남방,"49,900"
MI,WG,MIWBWGV01B,자켓형 반팔 블라우스,BW,남방,0
MI,WG,MIWBWGV02G,날개사 반팔 블라우스,BW,남방,0
MI,ME,MIWCME201A,어깨 트임 집업 티셔츠,CM,니트,"49,900"
MI,ME,MIWCME211A,후드 집업 티셔츠,CM,니트,"59,900"
MI,ME,MIWCME311A,카라 스냅 가디건,CM,니트,"39,900"
MI,ME,MIWCME411A,카라 집업 가디건,CM,니트,"49,900"
MI,MF,MIWCMF501C,셋업 잔꽃 가디건,CM,니트,"35,900"
MI,MG,MIWCMG110A,기모 후드집업,CM,니트,"49,900"
MI,NE,MIWHNE310A,레이온 끈 나시 티셔츠,HN,니트,"7,900"
MI,NE,MIWHNE320A,크롭 탑 나시 티셔츠,HN,니트,"7,900"
MI,NE,MIWHNE510A,코튼 골지 슬리브리스,HN,니트,"19,900"
MI,NE,MIWHNE567G,리본 나시 티셔츠,HN,니트,"19,900"
MI,WE,MIWHWE111A,기모 반팔 목폴라 티셔츠,HW,니트,"39,900"
MI,WE,MIWHWE113A,벨벳 반팔 목폴라 티셔츠,HW,니트,"39,900"
MI,WE,MIWHWE311A,슬림 크롭 FG 반팔 티셔츠,HW,니트,"19,900"
MI,WE,MIWHWE320A,라운드넥 크롭 반팔 티셔츠,HW,니트,"19,900"
MI,WE,MIWHWE321A,레터 반팔 티셔츠,HW,니트,"19,900"
MI,WE,MIWHWE410A,레이온 반팔 티셔츠,HW,니트,"19,900"
MI,WE,MIWHWE412A,크롭 레터 반팔 티셔츠,HW,니트,"19,900"
MI,WE,MIWHWE420A,모달 반팔 티셔츠,HW,니트,"19,900"
MI,WE,MIWHWE422A,배색 레터 반팔 티셔츠,HW,니트,"19,900"
MI,WE,MIWHWE430A,크롭 슬림 베이직 반팔 티셔츠,HW,니트,"19,900"
MI,WE,MIWHWE432A,레터 반팔 티셔츠,HW,니트,"19,900"
MI,WE,MIWHWE440A,크롭 슬림 골지 반팔 티셔츠,HW,니트,"19,900"
MI,WE,MIWHWE442A,레터 포인트 반팔 티셔츠,HW,니트,"19,900"
MI,WE,MIWHWE507G,프릴 반팔 티셔츠,HW,니트,"39,900"
MI,WE,MIWHWE510A,스퀘어넥 반팔 티셔츠,HW,니트,"25,900"
MI,WE,MIWHWE511A,하트넥 셔링 반팔티셔츠,HW,니트,"39,900"
MI,WE,MIWHWE521A,베이직 반팔 티셔츠,HW,니트,"15,900"
MI,WE,MIWHWE523A,레터 반팔티셔츠,HW,니트,"19,900"
MI,WE,MIWHWE931A,워시드 세미크롭 반팔 티셔츠,HW,니트,"25,900"
MI,WF,MIWHWF701G,배색 레이어드 티셔츠,HW,니트,"29,900"
MI,WF,MIWHWF711G,레이스 캡소매 티셔츠,HW,니트,"29,900"
MI,WF,MIWHWF719A,셔링 반팔 티셔츠,HW,니트,"29,900"
MI,DE,MIWJDEC01B,슬림핏 롱 다운,JD,점퍼,"199,000"
MI,DE,MIWJDEC02B,하이넥 푸퍼(다운페더혼합),JD,점퍼,"179,000"
MI,DE,MIWJDEV02B,빅카라 푸퍼(다운페더혼합),JD,점퍼,"179,000"
MI,DE,MIWJDEV03B,하이넥 숏 다운,JD,점퍼,"159,000"
MI,DE,MIWJDEV0PB,후드푸퍼(다운페더혼합/후드제외),JD,점퍼,"179,000"
MI,DE,MIWJDEV13B,후드 벨티드 다운,JD,점퍼,"159,000"
MI,DF,MIWJDF10QB,슬림핏 푸퍼(다운페더혼합 / 후드제외),JD,점퍼,"199,000"
MI,DF,MIWJDFC04B,페이크 퍼 슬림핏 롱 다운(후드제외),JD,점퍼,"199,000"
MI,DF,MIWJDFC04G,페이크 퍼 슬림핏 숏 다운(후드제외),JD,점퍼,"179,000"
MI,DF,MIWJDFV01B,하이넥 하프 다운,JD,점퍼,"179,000"
MI,DF,MIWJDFV01G,후드 숏 다운(후드제외),JD,점퍼,"159,000"
MI,DG,MIWJDGC0PG,롱다운,JD,점퍼,"199,000"
MI,DG,MIWJDGC1PG,숏다운,JD,점퍼,"179,000"
MI,EE,MIWJEE303J,크롭 후드 데님 자켓,JE,점퍼,"69,900"
MI,EE,MIWJEE313J,크롭 집업 데님 자켓,JE,점퍼,"79,900"
MI,EE,MIWJEE323J,셋업 크롭 데님 자켓,JE,점퍼,"69,900"
MI,EE,MIWJEE333J,봄버 데님 자켓,JE,점퍼,"89,900"
MI,EE,MIWJEE413J,[셋업] 셔츠형 데님 자켓,JE,점퍼,"69,900"
MI,HE,MIWJHE101C,후드 집업 롱 코트,JH,점퍼,"129,000"
MI,HE,MIWJHE101G,후드 더플 롱 코트,JH,점퍼,"159,000"
MI,HE,MIWJHE102B,싱글 롱 코트,JH,점퍼,"129,000"
MI,HE,MIWJHE102G,스탠카라 롱 코트,JH,점퍼,"129,000"
MI,HE,MIWJHE103G,더블 롱 코트,JH,점퍼,"129,000"
MI,HE,MIWJHE109B,하프기장 반하이넥 코트,JH,점퍼,"99,900"
MI,HE,MIWJHE109G,하프기장 후드 코트,JH,점퍼,"129,000"
MI,HE,MIWJHE10PB,더블 벨티드 롱 코트,JH,점퍼,"129,000"
MI,HE,MIWJHE10PG,스탠카라 하프 코트,JH,점퍼,"99,900"
MI,HE,MIWJHE111C,트렌치형 집업 롱 코트,JH,점퍼,"159,000"
MI,HE,MIWJHE112B,하이넥 벨티드 하프 코트,JH,점퍼,"129,000"
MI,HE,MIWJHEV01B,울 블렌디드 싱글 롱 코트,JH,점퍼,"159,000"
MI,HE,MIWJHEV01C,하이넥 하프 집업 코트,JH,점퍼,"129,000"
MI,HE,MIWJHEV02C,테일러드 롱코트,JH,점퍼,"129,000"
MI,HE,MIWJHEV02G,숏 더플 코트,JH,점퍼,"99,900"
MI,HE,MIWJHEV03B,울 블렌디드 테일러드 더블코트,JH,점퍼,"159,000"
MI,HE,MIWJHEV04B,핸드메이드 하이넥 더블 롱 코트,JH,점퍼,"199,000"
MI,HE,MIWJHEV0PG,테일러드 벨티드 롱코트,JH,점퍼,"129,000"
MI,HE,MIWJHEV11B,울 블렌디드 하이넥 벨티드 코트,JH,점퍼,"129,000"
MI,HE,MIWJHEV12B,울 블렌디드 빅카라 부클 롱코트,JH,점퍼,"159,000"
MI,HE,MIWJHEV12C,더플 롱코트,JH,점퍼,"129,000"
MI,HE,MIWJHEV14B,핸드메이드 로브 코트,JH,점퍼,"199,000"
MI,HE,MIWJHEV1PG,울 블렌디드 스탠카라 하프 코트,JH,점퍼,"99,000"
MI,HE,MIWJHEV24B,머플러형 핸드메이드 숏 코트,JH,점퍼,"159,000"
MI,HE,MIWJHEV34B,핸드메이드 맥카라 하프 코트,JH,점퍼,"179,000"
MI,HE,MIWJHEV4PB,핸드메이드 벨티드 롱 코트,JH,점퍼,"199,000"
MI,HF,MIWJHF102B,벨티드 맥시 롱코트,JH,점퍼,"129,000"
MI,HF,MIWJHF103B,울 블렌디드 브이넥 맥시 롱코트,JH,점퍼,"159,000"
MI,HF,MIWJHF103G,오버핏 하프기장 피코트,JH,점퍼,"129,000"
MI,HF,MIWJHF106G,울블랜드 스탠카라 버클 코트,JH,점퍼,"129,000"
MI,HF,MIWJHF10QC,더플 롱코트 JHEV12C RE,JH,점퍼,"129,000"
MI,HF,MIWJHF10QG,숏 더플 코트 JHEV02G RE,JH,점퍼,"99,900"
MI,HF,MIWJHF116B,울블랜드 배색 카라 하프 코트,JH,점퍼,"129,000"
MI,HF,MIWJHF141G,벨티드 하프 코트,JH,점퍼,"129,000"
MI,HF,MIWJHF142B,오버핏 더블 롱 코트,JH,점퍼,"129,000"
MI,HF,MIWJHF143B,더블 벨티드 롱 코트,JH,점퍼,"129,000"
MI,HF,MIWJHF143G,후드 더플 하프 코트,JH,점퍼,"129,000"
MI,HF,MIWJHF14PB,싱글 롱 코트,JH,점퍼,"129,000"
MI,HF,MIWJHF14PG,스탠카라 하프 코트,JH,점퍼,"99,900"
MI,HF,MIWJHFV01C,캐주얼 롱 코트,JH,점퍼,"129,000"
MI,HF,MIWJHFV02B,하이넥 벨티드 롱코트,JH,점퍼,"159,000"
MI,HF,MIWJHFV02G,후드 코트,JH,점퍼,"129,000"
MI,HF,MIWJHFV04B,핸드메이드 더블 하프 코트,JH,점퍼,"179,000"
MI,HF,MIWJHFV04C,울 블렌디드 더플 숏 코트,JH,점퍼,"129,000"
MI,HF,MIWJHFV0PB,울 블렌디드 싱글 롱 코트,JH,점퍼,"129,000"
MI,HF,MIWJHFV0PG,울 블렌디드 스탠카라 하프 코트,JH,점퍼,"99,900"
MI,HF,MIWJHFV12G,카라배색 하프코트,JH,점퍼,0
MI,HF,MIWJHFV14B,테일러드 벨티드 코트,JH,점퍼,"129,000"
MI,HF,MIWJHFV14C,울 블렌디드 더플 롱 코트,JH,점퍼,"159,000"
MI,HF,MIWJHFV14G,부클 하프 코트,JH,점퍼,"129,000"
MI,HF,MIWJHFV22G,하이넥 숏 아우터,JH,점퍼,"99,900"
MI,HF,MIWJHFV24G,더플 후드 숏 코트,JH,점퍼,"129,000"
MI,HF,MIWJHFV4PB,핸드메이드 싱글 롱 코트,JH,점퍼,"199,000"
MI,HG,MIWJHG111C,캐주얼 후드 하프코트,JH,점퍼,"159,000"
MI,HG,MIWJHG112B,울 혼방 더블 롱코트,JH,점퍼,"159,000"
MI,HG,MIWJHG11PB,울 혼방 반더블 롱코트,JH,점퍼,"129,000"
MI,HG,MIWJHG121C,울 혼방 헤어리 롱코트,JH,점퍼,"199,000"
MI,HG,MIWJHG122B,스탠카라 롱코트,JH,점퍼,"159,000"
MI,HG,MIWJHG12PB,스탠카라 하프코트,JH,점퍼,"99,900"
MI,HG,MIWJHG131C,울 혼방 토클 맥코트,JH,점퍼,"159,000"
MI,HG,MIWJHG14QB,울 블렌디드 싱글 롱 코트 RE JHFV0PB,JH,점퍼,"129,000"
MI,HG,MIWJHG14QC,울 블렌디드 더플 롱 코트 RE JHFV14C,JH,점퍼,"159,000"
MI,HG,MIWJHG15QG,울블렌디드 스탠카라 하프코트 RE JHFV0PG,JH,점퍼,"99,900"
MI,HG,MIWJHG3B03,스탠카라 하프코트,JH,점퍼,"99,900"
MI,HG,MIWJHGV02B,울블렌디드 토글 후드 롱코트,JH,점퍼,0
MI,HG,MIWJHGV0PB,울블렌디드 테일러드 롱코트,JH,점퍼,"129,000"
MI,HG,MIWJHGV12B,울블렌디드 더블 하프코트,JH,점퍼,0
MI,HG,MIWJHGV1PB,핸드메이드 롱코트,JH,점퍼,"199,000"
MI,HG,MIWJHGV21B,울블렌디드 더블 테일러드 롱코트,JH,점퍼,0
MI,HG,MIWJHGV2PB,스탠카라 롱코트,JH,점퍼,"159,000"
MI,HG,MIWJHGV31B,핸드메이드 하이넥 숏코트,JH,점퍼,0
MI,HG,MIWJHGV32B,울블렌디드 반더블 스탠카라 숏코트,JH,점퍼,0
MI,HG,MIWJHGV3PG,울블렌디드 하프코트,JH,점퍼,"99,900"
MI,HG,MIWJHGV42B,버클 변형 하이넥 숏코트,JH,점퍼,0
MI,HG,MIWJHGVB01,울블렌디드 하프코트,JH,점퍼,0
MI,JE,MIWJJE201C,오버핏 봄버 점퍼,JJ,점퍼,"99,900"
MI,JE,MIWJJE201G,하이넥 숏 점퍼,JJ,점퍼,"99,900"
MI,JE,MIWJJE209C,워시드 오버핏 점퍼,JJ,점퍼,"129,000"
MI,JE,MIWJJE211C,크롭 봄버 점퍼,JJ,점퍼,"99,900"
MI,JE,MIWJJE302C,후드 숏 점퍼,JJ,점퍼,"99,900"
MI,JE,MIWJJE303G,하이넥 미디 점퍼,JJ,점퍼,"99,900"
MI,JE,MIWJJE308C,크롭 볼레로 점퍼,JJ,점퍼,"99,900"
MI,JE,MIWJJE312C,싱글 집업 점퍼,JJ,점퍼,"89,900"
MI,JE,MIWJJE31PC,하이넥 크롭 점퍼,JJ,점퍼,"79,900"
MI,JE,MIWJJE31PG,블루종 점퍼,JJ,점퍼,"79,900"
MI,JE,MIWJJE322C,하이넥 나일론 점퍼,JJ,점퍼,"89,900"
MI,JE,MIWJJE401C,나일론 스티치 점퍼,JJ,점퍼,"79,900"
MI,JE,MIWJJE402C,하이넥 나일론 점퍼,JJ,점퍼,"79,900"
MI,JE,MIWJJE402G,코튼 트러커 점퍼,JJ,점퍼,"79,900"
MI,JE,MIWJJE40PC,싱글카라 나일론 점퍼,JJ,점퍼,"79,900"
MI,JE,MIWJJE501C,나일론 후드 집업 점퍼,JJ,점퍼,"79,900"
MI,JE,MIWJJE502B,하이넥 숏 점퍼,JJ,점퍼,"89,900"
MI,JE,MIWJJE512B,트러커형 점퍼,JJ,점퍼,"79,900"
MI,JE,MIWJJE601C,시스루 점퍼,JJ,점퍼,"69,900"
MI,JE,MIWJJE611C,바스락 반팔 점퍼,JJ,점퍼,"69,900"
MI,JE,MIWJJE62QC,후드 시스루 점퍼 JJE302C RE,JJ,점퍼,"79,900"
MI,JE,MIWJJE901C,크롭 봄버 점퍼,JJ,점퍼,"79,900"
MI,JE,MIWJJE903B,봄버 점퍼,JJ,점퍼,0
MI,JE,MIWJJE911C,배색 점퍼,JJ,점퍼,"89,900"
MI,JE,MIWJJET02G,울 숏 점퍼,JJ,점퍼,"99,900"
MI,JE,MIWJJET03B,하이넥 숏 점퍼,JJ,점퍼,"99,900"
MI,JE,MIWJJET11C,하프 후드 점퍼,JJ,점퍼,"99,900"
MI,JE,MIWJJET21C,스티치 롱 후드점퍼,JJ,점퍼,"159,000"
MI,JF,MIWJJF301C,글로시 셔링 점퍼,JJ,점퍼,"79,900"
MI,JF,MIWJJF302B,밑단 스트링 블루종,JJ,점퍼,"89,900"
MI,JF,MIWJJF304C,후드 숏 점퍼,JJ,점퍼,"89,900"
MI,JF,MIWJJF401C,글로시 하이넥 점퍼,JJ,점퍼,"79,900"
MI,JF,MIWJJF404B,나일론 하이넥 점퍼,JJ,점퍼,"79,900"
MI,JF,MIWJJF40PC,나일론 스탠카라 점퍼,JJ,점퍼,"59,900"
MI,JF,MIWJJF414B,소프트 모달 점퍼,JJ,점퍼,"79,900"
MI,JF,MIWJJF469G,데님라이크 봄버 자켓,JJ,점퍼,"89,900"
MI,JF,MIWJJF502B,시스루 하이넥 점퍼,JJ,점퍼,"79,900"
MI,JF,MIWJJF601B,조직변형 라이트 점퍼,JJ,점퍼,"69,900"
MI,JF,MIWJJF601C,시스루 반팔점퍼,JJ,점퍼,"69,900"
MI,JF,MIWJJF604B,링클 시스루 점퍼,JJ,점퍼,"79,900"
MI,JF,MIWJJF604C,셔링 시스루 점퍼,JJ,점퍼,"69,900"
MI,JF,MIWJJF704C,시스루 후드 반팔 점퍼,JJ,점퍼,"69,900"
MI,JF,MIWJJF804C,시스루 후드 긴팔 점퍼,JJ,점퍼,"79,900"
MI,JF,MIWJJF901C,캐주얼 후드 점퍼,JJ,점퍼,"89,900"
MI,JF,MIWJJFT02G,단추 디테일 디자인 점퍼,JJ,점퍼,0
MI,JG,MIWJJG212C,코튼 후드 점퍼,JJ,점퍼,"159,000"
MI,JG,MIWJJG222C,체크 후드 점퍼,JJ,점퍼,"129,000"
MI,JG,MIWJJG311C,블루종 점퍼,JJ,점퍼,"89,900"
MI,JG,MIWJJG321C,하이넥 점퍼,JJ,점퍼,"129,000"
MI,JG,MIWJJG41PG,나일론 스탠카라 점퍼,JJ,점퍼,"59,900"
MI,JG,MIWJJG42PG,체크 프릴 후드 점퍼,JJ,점퍼,"79,900"
MI,JG,MIWJJG502G,시스루 긴팔 후드 점퍼,JJ,점퍼,"69,900"
MI,JG,MIWJJG511G,패턴 긴팔 후드 점퍼,JJ,점퍼,"79,900"
MI,JG,MIWJJG522B,하이넥 셔링 긴팔 점퍼,JJ,점퍼,"79,900"
MI,JG,MIWJJG701G,후드 체크 반팔 점퍼,JJ,점퍼,"69,900"
MI,JG,MIWJJG711C,캡 소매 반팔 점퍼,JJ,점퍼,"69,900"
MI,JG,MIWJJG901B,하이넥 후드 점퍼,JJ,점퍼,"99,900"
MI,JG,MIWJJG901C,아일렛 코튼 점퍼,JJ,점퍼,"129,000"
MI,JG,MIWJJG902G,하이넥 체크 점퍼,JJ,점퍼,"99,900"
MI,JG,MIWJJG911C,슬림핏 집업,JJ,점퍼,"89,900"
MI,JG,MIWJJGTB05,스탠카라 점퍼,JJ,점퍼,"129,000"
MI,JG,MIWJJGV0PC,스탠카라 점퍼,JJ,점퍼,"129,000"
MI,KE,MIWJKE101B,라운드넥 배색 부클 자켓,JK,점퍼,"129,000"
MI,KE,MIWJKE102B,테일러드 오버핏 자켓,JK,점퍼,"99,900"
MI,KE,MIWJKE102G,카라 크롭 자켓,JK,점퍼,"99,900"
MI,KE,MIWJKE103G,라운드넥 부클 자켓,JK,점퍼,"129,000"
MI,KE,MIWJKE113G,집업 부클 자켓,JK,점퍼,"99,900"
MI,KE,MIWJKE19QG,브이넥 부클 숏 자켓_JKDV09G RE,JK,점퍼,"99,900"
MI,KE,MIWJKE201B,싱글카라 포켓 집업 자켓,JK,점퍼,"99,900"
MI,KE,MIWJKE201C,테일러드 오버핏 자켓,JK,점퍼,"89,900"
MI,KE,MIWJKE202B,싱글카라 집업 자켓,JK,점퍼,"89,900"
MI,KE,MIWJKE202G,라운드넥 집업 트위드 자켓,JK,점퍼,"99,900"
MI,KE,MIWJKE208B,테일러드 벨티드 자켓,JK,점퍼,"99,900"
MI,KE,MIWJKE211B,싱글카라 집업 트위드 자켓,JK,점퍼,"99,900"
MI,KE,MIWJKE212G,라운드넥 퍼프 트위드 자켓,JK,점퍼,"99,900"
MI,KE,MIWJKE218B,브이넥 슬림라인 자켓,JK,점퍼,"99,900"
MI,KE,MIWJKE221B,라운드넥 롱 트위드 자켓,JK,점퍼,"129,000"
MI,KE,MIWJKE222G,싱글카라 숏 자켓,JK,점퍼,"99,900"
MI,KE,MIWJKE301B,스퀘어넥 크롭 트위드 자켓,JK,점퍼,"99,900"
MI,KE,MIWJKE301C,테일러드 오버핏 지퍼 자켓,JK,점퍼,"99,900"
MI,KE,MIWJKE301G,라운드넥 수술 트위드 자켓,JK,점퍼,"99,900"
MI,KE,MIWJKE302B,테일러드 스티치 자켓,JK,점퍼,"99,900"
MI,KE,MIWJKE302G,싱글카라 스티치 크롭 자켓,JK,점퍼,"89,900"
MI,KE,MIWJKE303B,테일러드 원버튼 슬림자켓,JK,점퍼,"99,900"
MI,KE,MIWJKE303G,테일러드 크롭 자켓,JK,점퍼,"79,900"
MI,KE,MIWJKE306B,테일러드 슬림라인 자켓,JK,점퍼,"99,900"
MI,KE,MIWJKE311B,싱글카라 스티치 트위드 자켓,JK,점퍼,"99,900"
MI,KE,MIWJKE311G,싱글카라 트위드 집업 자켓,JK,점퍼,"99,900"
MI,KE,MIWJKE312B,테일러드 더블 자켓,JK,점퍼,"89,900"
MI,KE,MIWJKE313B,싱글카라 크롭 자켓,JK,점퍼,"89,900"
MI,KE,MIWJKE313G,라운드넥 트위드 자켓,JK,점퍼,"89,900"
MI,KE,MIWJKE315B,배색 트위드 자켓,JK,점퍼,"99,900"
MI,KE,MIWJKE316B,라운드넥 숏 자켓,JK,점퍼,"89,900"
MI,KE,MIWJKE31PG,라운드넥 트위드 자켓,JK,점퍼,"89,900"
MI,KE,MIWJKE32PG,테일러드 크롭 자켓,JK,점퍼,"79,900"
MI,KE,MIWJKE335B,라운드 집업 자켓,JK,점퍼,"89,900"
MI,KE,MIWJKE33PG,테일러드 오버핏 자켓,JK,점퍼,"89,900"
MI,KE,MIWJKE368C,바이커 자켓,JK,점퍼,"99,900"
MI,KE,MIWJKE401B,라운드넥 배색 트위드 자켓,JK,점퍼,"99,900"
MI,KE,MIWJKE401C,오버핏 스티치 자켓,JK,점퍼,"99,900"
MI,KE,MIWJKE401G,하트넥 트위드 자켓,JK,점퍼,"99,900"
MI,KE,MIWJKE402B,테일러드 정핏 자켓,JK,점퍼,"79,900"
MI,KE,MIWJKE402G,테일러드 집업 자켓,JK,점퍼,"79,900"
MI,KE,MIWJKE406B,벌룬 소매 자켓,JK,점퍼,"89,900"
MI,KE,MIWJKE407B,오버핏 테일러드 자켓,JK,점퍼,"89,900"
MI,KE,MIWJKE411B,브이넥 트위드 자켓,JK,점퍼,"99,900"
MI,KE,MIWJKE411G,싱글카라 트위드 자켓,JK,점퍼,"99,900"
MI,KE,MIWJKE412B,테일러드 크롭 자켓,JK,점퍼,"79,900"
MI,KE,MIWJKE412G,볼레로 자켓,JK,점퍼,"69,900"
MI,KE,MIWJKE416B,맥카라 스티치 자켓,JK,점퍼,"89,900"
MI,KE,MIWJKE419B,오버핏 벨티드 자켓,JK,점퍼,"89,900"
MI,KE,MIWJKE421G,라운드넥 자켓,JK,점퍼,"79,900"
MI,KE,MIWJKE422B,테일러드 벨티드 자켓,JK,점퍼,"89,900"
MI,KE,MIWJKE426B,빅카라 오버핏 자켓,JK,점퍼,"99,900"
MI,KE,MIWJKE501B,브이넥 숏 반팔 자켓,JK,점퍼,"79,900"
MI,KE,MIWJKE501C,테일러드 오버핏 반팔 자켓,JK,점퍼,"79,900"
MI,KE,MIWJKE501G,테일러드 크롭 자켓,JK,점퍼,"79,900"
MI,KE,MIWJKE502B,테일러드 7부 자켓,JK,점퍼,"89,900"
MI,KE,MIWJKE502G,테일러드 스티치 반팔 자켓,JK,점퍼,"79,900"
MI,KE,MIWJKE506B,맥카라 반팔 자켓,JK,점퍼,"79,900"
MI,KE,MIWJKE506G,세일러카라 반팔 자켓,JK,점퍼,"79,900"
MI,KE,MIWJKE509B,오버핏 테일러드 자켓,JK,점퍼,"89,900"
MI,KE,MIWJKE50PB,테일러드 정핏 자켓,JK,점퍼,"79,900"
MI,KE,MIWJKE50PG,라운드넥 반팔 트위드 자켓,JK,점퍼,"89,900"
MI,KE,MIWJKE511B,테일러드 벨티드 반팔 자켓,JK,점퍼,"79,900"
MI,KE,MIWJKE511G,브이넥 반팔 트위드 자켓,JK,점퍼,"89,900"
MI,KE,MIWJKE513B,더블 테일러드 반팔 자켓,JK,점퍼,"79,900"
MI,KE,MIWJKE516B,스쿱넥 반팔 자켓,JK,점퍼,"79,900"
MI,KE,MIWJKE516G,리본 반팔 자켓,JK,점퍼,"69,900"
MI,KE,MIWJKE519B,매니쉬 반팔 자켓,JK,점퍼,"79,900"
MI,KE,MIWJKE51PB,테일러드 오버핏 반팔 자켓,JK,점퍼,"79,900"
MI,KE,MIWJKE51PG,테일러드 숏 반팔 자켓,JK,점퍼,"69,900"
MI,KE,MIWJKE51QG,라운드넥 반팔 트위드 자켓 JKE31PG RE,JK,점퍼,"89,900"
MI,KE,MIWJKE52QG,라운드넥 크롭 반팔 트위드 자켓 JKE611G RE,JK,점퍼,"79,900"
MI,KE,MIWJKE601B,테일러드 7부 자켓,JK,점퍼,"79,900"
MI,KE,MIWJKE601B,테일러드 7부 자켓,JK,점퍼,0
MI,KE,MIWJKE601G,테일러드 숏 자켓,JK,점퍼,"79,900"
MI,KE,MIWJKE60PG,린넨 테일러드 자켓,JK,점퍼,"79,900"
MI,KE,MIWJKE611B,브이넥 숏 자켓,JK,점퍼,"79,900"
MI,KE,MIWJKE611G,라운드넥 숏 자켓,JK,점퍼,"79,900"
MI,KE,MIWJKE621B,반더블 테일러드 반팔 자켓,JK,점퍼,"79,900"
MI,KE,MIWJKE67QB,오버핏 테일러드 자켓_JKE407B RE,JK,점퍼,"89,900"
MI,KE,MIWJKE68QB,스퀘어넥 반더블 자켓_JKE301B RE,JK,점퍼,"79,900"
MI,KE,MIWJKE701B,라운드넥 숏 자켓,JK,점퍼,"79,900"
MI,KE,MIWJKE701G,오버핏 크롭 자켓,JK,점퍼,"79,900"
MI,KE,MIWJKE704G,테일러드 크롭 반팔 자켓,JK,점퍼,"79,900"
MI,KE,MIWJKE706B,테일러드 벨티드 자켓,JK,점퍼,"79,900"
MI,KE,MIWJKE70PB,싱글 원버튼 숏자켓,JK,점퍼,"69,900"
MI,KE,MIWJKE711B,롱 벨티드 자켓,JK,점퍼,"79,900"
MI,KE,MIWJKE716B,단추 포인트 반팔 자켓,JK,점퍼,"79,900"
MI,KE,MIWJKE721B,스퀘어넥 숏 자켓,JK,점퍼,"79,900"
MI,KE,MIWJKE726B,둥근라인 반팔 자켓,JK,점퍼,"79,900"
MI,KE,MIWJKE801G,하트넥 반팔 자켓,JK,점퍼,"79,900"
MI,KE,MIWJKE802B,브이넥 롱 자켓,JK,점퍼,"79,900"
MI,KE,MIWJKE804B,테일러드 오버핏 자켓,JK,점퍼,"79,900"
MI,KE,MIWJKE80QB,매니쉬 반팔 자켓 JKE519B RE,JK,점퍼,"79,900"
MI,KE,MIWJKE80QG,라운드넥 반팔 트위드 자켓 JKE52QG RE,JK,점퍼,"79,900"
MI,KE,MIWJKE81QB,테일러드 7부 자켓 JKE601B RE,JK,점퍼,"79,900"
MI,KE,MIWJKE901B,오버핏 테일러드 자켓,JK,점퍼,"89,900"
MI,KE,MIWJKE901G,테일러드 스티치 크롭 자켓,JK,점퍼,"79,900"
MI,KE,MIWJKE902B,라운드 크롭 자켓,JK,점퍼,"89,900"
MI,KE,MIWJKE902G,스퀘어넥 크롭 트위드자켓,JK,점퍼,"89,900"
MI,KE,MIWJKE903B,트러커 자켓,JK,점퍼,0
MI,KE,MIWJKE903G,[셋업] 오버핏 테일러드 자켓,JK,점퍼,"89,900"
MI,KE,MIWJKE904B,테일러드 일자핏 자켓,JK,점퍼,"79,900"
MI,KE,MIWJKE904G,테일러드 숏 자켓,JK,점퍼,"79,900"
MI,KE,MIWJKE906G,리본 크롭 자켓,JK,점퍼,"69,900"
MI,KE,MIWJKE911G,더블 브레스티드 자켓,JK,점퍼,"89,900"
MI,KE,MIWJKE912B,브이넥 롱 트위드자켓,JK,점퍼,"99,900"
MI,KE,MIWJKE913B,[셋업] 오버핏 블루종 자켓,JK,점퍼,"89,900"
MI,KE,MIWJKE914G,라운드넥 트위드 자켓,JK,점퍼,"89,900"
MI,KE,MIWJKE923B,셔츠형 워크 자켓,JK,점퍼,"89,900"
MI,KE,MIWJKEC0QB,울 라운드넥 자켓 JKET04B RE,JK,점퍼,"99,900"
MI,KE,MIWJKET01G,가죽배색 트위드자켓,JK,점퍼,"99,900"
MI,KE,MIWJKET02B,테일러드 오버핏 자켓,JK,점퍼,"89,900"
MI,KE,MIWJKET02G,테일러드 울 크롭자켓,JK,점퍼,"99,900"
MI,KE,MIWJKET03B,울 블랜디드 라운드넥 롱자켓,JK,점퍼,"129,000"
MI,KE,MIWJKET03G,트위드 숏 자켓,JK,점퍼,"99,900"
MI,KE,MIWJKET04B,울 라운드넥 자켓,JK,점퍼,"99,900"
MI,KE,MIWJKET05B,오버핏 변형 자켓,JK,점퍼,"99,900"
MI,KE,MIWJKET06B,버클 장식 자켓,JK,점퍼,0
MI,KE,MIWJKET0PG,스탠카라 자켓,JK,점퍼,"89,900"
MI,KE,MIWJKET12B,라운드넥 트위드 배색자켓,JK,점퍼,"99,900"
MI,KE,MIWJKET12G,코듀로이 자켓,JK,점퍼,"99,900"
MI,KE,MIWJKET13B,브이넥 크롭 자켓,JK,점퍼,"99,900"
MI,KE,MIWJKET13G,R넥 미디 롱 자켓,JK,점퍼,"129,000"
MI,KE,MIWJKET1PG,라운드넥 트위드자켓,JK,점퍼,"99,900"
MI,KE,MIWJKET21B,브이넥 롱 자켓,JK,점퍼,"89,900"
MI,KE,MIWJKET3PB,테일러드 일자핏 울자켓,JK,점퍼,"99,900"
MI,KE,MIWJKET4PB,테일러드 오버핏 자켓,JK,점퍼,"79,900"
MI,KE,MIWJKET4PG,테일러드 크롭 자켓,JK,점퍼,"79,900"
MI,KE,MIWJKET5PB,테일러드 오버핏 울자켓,JK,점퍼,"99,900"
MI,KE,MIWJKET6QB,크롭 리본 자켓_JKE906G RE,JK,점퍼,"79,900"
MI,KE,MIWJKET6RB,볼륨 소매 자켓,JK,점퍼,"89,900"
MI,KE,MIWJKET7RB,워크 자켓,JK,점퍼,"99,900"
MI,KE,MIWJKEV01G,테일러드 더블 숏자켓,JK,점퍼,"99,900"
MI,KE,MIWJKEV02B,울 블렌디드 헤어리 미디 자켓,JK,점퍼,"129,000"
MI,KE,MIWJKEV04B,핸드메이드 라운드넥 자켓,JK,점퍼,"159,000"
MI,KE,MIWJKEV06B,버클 장식 자켓,JK,점퍼,"99,900"
MI,KE,MIWJKEV11G,스탠카라 크롭 자켓,JK,점퍼,"99,900"
MI,KE,MIWJKEV12B,라운드넥 부클 자켓,JK,점퍼,"99,900"
MI,KE,MIWJKEV12G,후드 집업 크롭자켓,JK,점퍼,"99,900"
MI,KE,MIWJKEV14B,핸드메이드 집업 자켓,JK,점퍼,"159,000"
MI,KE,MIWJKEV4PB,핸드메이드 스탠카라 자켓,JK,점퍼,"159,000"
MI,KE,MIWJKEV66G,스냅 포인트 자켓,JK,점퍼,"99,900"
MI,KF,MIWJKF101B,헤어리 오버핏 테일러드 자켓,JK,점퍼,"129,000"
MI,KF,MIWJKF102G,오버핏 맥카라 자켓,JK,점퍼,"99,900"
MI,KF,MIWJKF103B,원버튼 라운드넥 자켓,JK,점퍼,"99,900"
MI,KF,MIWJKF142G,울 블렌디드 오버핏 테일러드 자켓,JK,점퍼,"99,900"
MI,KF,MIWJKF16QB,버클 장식 자켓_JKEV06B RE,JK,점퍼,"99,900"
MI,KF,MIWJKF201B,원버튼 가디건형 자켓,JK,점퍼,"99,900"
MI,KF,MIWJKF201G,벌룬핏 집업 자켓,JK,점퍼,"89,900"
MI,KF,MIWJKF202B,타이넥 트위드 롱자켓,JK,점퍼,"129,000"
MI,KF,MIWJKF202G,테일러드 오버핏 자켓,JK,점퍼,"89,900"
MI,KF,MIWJKF203G,맥카라 트위드 자켓,JK,점퍼,"99,900"
MI,KF,MIWJKF204B,울 라운드넥 자켓,JK,점퍼,"99,900"
MI,KF,MIWJKF204G,울 트위드 자켓,JK,점퍼,"89,900"
MI,KF,MIWJKF211G,브이넥 멀티 트위드 자켓,JK,점퍼,"99,900"
MI,KF,MIWJKF212B,버튼 포인트 트위드 자켓,JK,점퍼,"99,900"
MI,KF,MIWJKF212G,스탠카라 집업 자켓,JK,점퍼,"89,900"
MI,KF,MIWJKF213G,러스틱 라운드넥 숏 자켓,JK,점퍼,"99,900"
MI,KF,MIWJKF214B,바인딩 트위드 자켓,JK,점퍼,"99,900"
MI,KF,MIWJKF301B,투웨이 오버핏 브이넥 자켓,JK,점퍼,"99,900"
MI,KF,MIWJKF301C,오버사이즈 테일러드 자켓,JK,점퍼,"89,900"
MI,KF,MIWJKF301G,라운드넥 트위드 자켓,JK,점퍼,"99,900"
MI,KF,MIWJKF302G,스탠카라 숏 자켓,JK,점퍼,"89,900"
MI,KF,MIWJKF303B,셋업 오버핏 테일러드 자켓,JK,점퍼,"99,900"
MI,KF,MIWJKF304B,브이넥 트위드 자켓,JK,점퍼,"99,900"
MI,KF,MIWJKF304G,테일러드 크롭 자켓,JK,점퍼,"79,900"
MI,KF,MIWJKF30PB,테일러드 정핏 자켓,JK,점퍼,"69,900"
MI,KF,MIWJKF30PG,테일러드 오버핏 자켓,JK,점퍼,"79,900"
MI,KF,MIWJKF30QB,울 라운드넥 자켓 JKET04B RE,JK,점퍼,"99,900"
MI,KF,MIWJKF311B,넥변형 트위드 자켓,JK,점퍼,"99,900"
MI,KF,MIWJKF311G,맥카라 조직감 자켓,JK,점퍼,"99,900"
MI,KF,MIWJKF312G,셔츠 배색 오버핏 자켓,JK,점퍼,"89,900"
MI,KF,MIWJKF313B,넥변형 조직감 자켓,JK,점퍼,"99,900"
MI,KF,MIWJKF314B,테일러드 트위드 자켓,JK,점퍼,"99,900"
MI,KF,MIWJKF314G,라운드넥 수술 트위드 자켓,JK,점퍼,"99,900"
MI,KF,MIWJKF31PG,라운드넥 트위드 자켓,JK,점퍼,"89,900"
MI,KF,MIWJKF324B,테일러드 스티치 자켓,JK,점퍼,"89,900"
MI,KF,MIWJKF324G,블루종 자켓,JK,점퍼,"89,900"
MI,KF,MIWJKF36QB,버클 장식 자켓_JKEV06B RE,JK,점퍼,"99,900"
MI,KF,MIWJKF401B,조직번형 가디건형 자켓,JK,점퍼,"89,900"
MI,KF,MIWJKF401G,라운드넥 트위드 숏자켓,JK,점퍼,"99,900"
MI,KF,MIWJKF402B,소재변형 라운드넥 자켓,JK,점퍼,"99,900"
MI,KF,MIWJKF402G,볼레로 자켓,JK,점퍼,"79,900"
MI,KF,MIWJKF403B,테일러드 벨티드 자켓,JK,점퍼,"89,900"
MI,KF,MIWJKF403G,테일러드 오버핏 자켓,JK,점퍼,"99,900"
MI,KF,MIWJKF404B,테일러드 배색 자켓,JK,점퍼,"99,900"
MI,KF,MIWJKF404G,라운드넥 트위드 자켓,JK,점퍼,"89,900"
MI,KF,MIWJKF40QG,셔츠 배색 오버핏 자켓 JKF312G RE,JK,점퍼,"89,900"
MI,KF,MIWJKF412B,테일러드 슬림핏 롱자켓,JK,점퍼,"89,900"
MI,KF,MIWJKF414B,브이넥 폴리 자켓,JK,점퍼,"89,900"
MI,KF,MIWJKF414G,브이넥 트위드 자켓,JK,점퍼,"99,900"
MI,KF,MIWJKF424G,배색 트위드 자켓,JK,점퍼,"99,900"
MI,KF,MIWJKF434G,라운드넥 자켓,JK,점퍼,"79,900"
MI,KF,MIWJKF501B,라운드넥 디자인 자켓,JK,점퍼,"89,900"
MI,KF,MIWJKF501G,셋업 스탠카라 크롭자켓,JK,점퍼,"79,900"
MI,KF,MIWJKF502B,셋업 크링클 루즈핏 자켓,JK,점퍼,"79,900"
MI,KF,MIWJKF503B,린넨혼방 오버핏 자켓,JK,점퍼,"89,900"
MI,KF,MIWJKF504B,테일러드 긴팔 자켓,JK,점퍼,"79,900"
MI,KF,MIWJKF504G,라운드넥 수술 트위드 반팔 자켓,JK,점퍼,"89,900"
MI,KF,MIWJKF50PB,테일러드 벨티드 반팔 자켓,JK,점퍼,"79,900"
MI,KF,MIWJKF50PG,라운드넥 트위드 반팔 자켓,JK,점퍼,"79,900"
MI,KF,MIWJKF511B,스퀘어넥 변형 자켓,JK,점퍼,"79,900"
MI,KF,MIWJKF511G,라운드넥 트위드 반팔 자켓,JK,점퍼,"89,900"
MI,KF,MIWJKF514B,린넨라이크 트러커 자켓,JK,점퍼,"89,900"
MI,KF,MIWJKF514G,브이넥 트위드 반팔 자켓,JK,점퍼,"89,900"
MI,KF,MIWJKF51PB,테일러드 오버핏 반팔 자켓,JK,점퍼,"79,900"
MI,KF,MIWJKF51PG,테일러드 크롭 반팔 자켓,JK,점퍼,"69,900"
MI,KF,MIWJKF51QG,볼레로 자켓 JKF402G RE,JK,점퍼,"79,900"
MI,KF,MIWJKF521G,리본 반팔 자켓,JK,점퍼,"69,900"
MI,KF,MIWJKF524B,배색 트위드 반팔 자켓,JK,점퍼,"89,900"
MI,KF,MIWJKF602B,시스루 테일러드 자켓,JK,점퍼,"69,900"
MI,KF,MIWJKF604B,쿨 폴리 7부 자켓,JK,점퍼,"79,900"
MI,KF,MIWJKF604G,버튼 포인트 반팔 자켓,JK,점퍼,"79,900"
MI,KF,MIWJKF60PB,라운드넥 반팔 자켓,JK,점퍼,"79,900"
MI,KF,MIWJKF614G,브이넥 보카시 반팔 자켓,JK,점퍼,"79,900"
MI,KF,MIWJKF624G,스티치 크롭 반팔 자켓,JK,점퍼,"79,900"
MI,KF,MIWJKF701B,테일러드 반팔 자켓,JK,점퍼,"69,900"
MI,KF,MIWJKF704G,리본 반팔 자켓,JK,점퍼,"69,900"
MI,KF,MIWJKF70PB,싱글 원버튼 자켓,JK,점퍼,"69,900"
MI,KF,MIWJKF70QB,테일러드 벨티드 반팔 자켓 RE JKF50PB,JK,점퍼,"79,900"
MI,KF,MIWJKF801B,스티치 반팔 자켓,JK,점퍼,"79,900"
MI,KF,MIWJKF901B,여밈 변형 숏 자켓,JK,점퍼,0
MI,KF,MIWJKF901G,볼레로형 자켓,JK,점퍼,"89,900"
MI,KF,MIWJKF902B,오버핏 테일러드 자켓,JK,점퍼,"99,900"
MI,KF,MIWJKF902C,미니멀 집업 자켓,JK,점퍼,"89,900"
MI,KF,MIWJKF902G,테일러드 스티치 크롭 자켓,JK,점퍼,"79,900"
MI,KF,MIWJKF912G,체크 싱글 자켓,JK,점퍼,0
MI,KF,MIWJKFT01B,아워글래스 자켓,JK,점퍼,"99,900"
MI,KF,MIWJKFT01C,카라배색 워크 자켓,JK,점퍼,"99,900"
MI,KF,MIWJKFT01G,백포인트 스트라이프 테일러드 자켓,JK,점퍼,"99,900"
MI,KF,MIWJKFT02B,크롭 테일러드 트위드 자켓,JK,점퍼,"129,000"
MI,KF,MIWJKFT02C,카라배색 하프 워크 자켓,JK,점퍼,"129,000"
MI,KF,MIWJKFT02G,장식 변형 카라 자켓,JK,점퍼,"99,900"
MI,KF,MIWJKFT04G,테일러드 크롭 자켓,JK,점퍼,0
MI,KF,MIWJKFT0PB,테일러드 정핏 자켓,JK,점퍼,"79,900"
MI,KF,MIWJKFT0PG,테일러드 세미 오버핏 자켓,JK,점퍼,"79,900"
MI,KF,MIWJKFT11G,장식 변형 자켓,JK,점퍼,"99,900"
MI,KF,MIWJKFT14G,라운드넥 수술 트위드 자켓,JK,점퍼,0
MI,KF,MIWJKFT1PG,라운드넥 트위드 자켓,JK,점퍼,"99,900"
MI,KF,MIWJKFT24G,스탠카라 자켓,JK,점퍼,0
MI,KF,MIWJKFT2PB,테일러드 오버핏 울자켓,JK,점퍼,"99,900"
MI,KF,MIWJKFT2PG,울 라운드넥 자켓,JK,점퍼,"99,900"
MI,KF,MIWJKFT3PB,테일러드 정핏 울자켓,JK,점퍼,"99,900"
MI,KF,MIWJKFT51B,스냅여밈자켓,JK,점퍼,"99,900"
MI,KF,MIWJKFV01B,핸드메이드 집업 카라 자켓,JK,점퍼,"129,000"
MI,KF,MIWJKFV01C,오버핏 스탠카라 자켓,JK,점퍼,"99,900"
MI,KF,MIWJKFV02B,헤어리 미디 자켓,JK,점퍼,"129,000"
MI,KF,MIWJKFV02G,장식 숏 자켓,JK,점퍼,"99,900"
MI,KF,MIWJKFV11B,버클 장식 자켓,JK,점퍼,"99,900"
MI,KF,MIWJKFV12B,소재변형 오버핏 테일러드 자켓,JK,점퍼,"129,000"
MI,KF,MIWJKFV4PG,핸드메이드 스탠카라 자켓,JK,점퍼,"129,000"
MI,KG,MIWJKG206G,라운드카라 누빔 자켓,JK,점퍼,"129,000"
MI,KG,MIWJKG211B,울 혼방 라운드자켓,JK,점퍼,"99,900"
MI,KG,MIWJKG221B,울 혼방 테일러드 배색자켓,JK,점퍼,"99,900"
MI,KG,MIWJKG311C,V넥 변형 자켓,JK,점퍼,"99,900"
MI,KG,MIWJKG311G,숏 워크자켓,JK,점퍼,"99,900"
MI,KG,MIWJKG31PB,정핏 테일러드자켓,JK,점퍼,"79,900"
MI,KG,MIWJKG31PC,오버핏 테일러드자켓,JK,점퍼,"79,900"
MI,KG,MIWJKG321C,볼레로 자켓,JK,점퍼,"89,900"
MI,KG,MIWJKG32PB,라운드 트위드자켓,JK,점퍼,"99,900"
MI,KG,MIWJKG32PC,스트링 워크자켓,JK,점퍼,"129,000"
MI,KG,MIWJKG331B,스냅여밈 자켓,JK,점퍼,"99,900"
MI,KG,MIWJKG3B01,테일러드 정핏 울자켓,JK,점퍼,"99,900"
MI,KG,MIWJKG3B02,핸드메이드 스탠카라 자켓,JK,점퍼,"129,000"
MI,KG,MIWJKG3B04,라운드넥 트위드자켓,JK,점퍼,"99,900"
MI,KG,MIWJKG3B05,테일러드 크롭 반팔 자켓,JK,점퍼,"69,900"
MI,KG,MIWJKG40QG,라운드카라 자켓 RE JKG206G,JK,점퍼,"129,000"
MI,KG,MIWJKG411B,소매 배색 테일러드 자켓,JK,점퍼,"99,900"
MI,KG,MIWJKG412B,버튼 워크자켓,JK,점퍼,"129,000"
MI,KG,MIWJKG421B,벨트 크롭 자켓,JK,점퍼,"99,900"
MI,KG,MIWJKG431B,라운드넥 슬림핏 자켓,JK,점퍼,"99,900"
MI,KG,MIWJKG432G,수술 스냅여밈 트위드자켓,JK,점퍼,"99,900"
MI,KG,MIWJKG442G,솔리드 워크자켓,JK,점퍼,"99,900"
MI,KG,MIWJKG50PB,테일러드 크롭 반팔 자켓,JK,점퍼,"69,900"
MI,KG,MIWJKG51PB,링클프리 테일러드 세미 오버핏 반팔자켓,JK,점퍼,"79,900"
MI,KG,MIWJKG51QC,V넥 반팔 변형 자켓 RE JKG311C,JK,점퍼,"99,900"
MI,KG,MIWJKG52PB,테일러드 벨티드 반팔자켓,JK,점퍼,"79,900"
MI,KG,MIWJKG531B,테일러드 긴팔 자켓,JK,점퍼,"79,900"
MI,KG,MIWJKG541B,변형단추 트위드 반팔자켓,JK,점퍼,"79,900"
MI,KG,MIWJKG55PB,트위드 버튼 반팔자켓,JK,점퍼,"89,900"
MI,KG,MIWJKG561G,캡소매 반팔자켓,JK,점퍼,"79,900"
MI,KG,MIWJKG571B,스퀘어넥 반팔자켓,JK,점퍼,"89,900"
MI,KG,MIWJKG70QB,링클프리 오버핏 반팔자켓 RE JKG51PB,JK,점퍼,"79,900"
MI,KG,MIWJKG711B,크롭 벨티드 반팔 자켓,JK,점퍼,"79,900"
MI,KG,MIWJKG721B,슬림핏 반팔 자켓,JK,점퍼,"79,900"
MI,KG,MIWJKG901G,브이넥 슬림핏 자켓,JK,점퍼,"99,900"
MI,KG,MIWJKG90QC,V넥 변형 자켓 RE JKG311C,JK,점퍼,"99,900"
MI,KG,MIWJKG91QB,라운드넥 슬림핏 자켓 RE JKG431B,JK,점퍼,"99,900"
MI,KG,MIWJKG9B01,라운드넥 슬림핏 자켓,JK,점퍼,"99,900"
MI,KG,MIWJKGT01C,수술 트위드 자켓,JK,점퍼,0
MI,KG,MIWJKGT06B,오버핏 트위드자켓,JK,점퍼,0
MI,KG,MIWJKGT0PB,테일러드 정핏 자켓,JK,점퍼,"79,900"
MI,KG,MIWJKGT0PB,테일러드 정핏 자켓,JK,점퍼,0
MI,KG,MIWJKGT0PG,테일러드 세미 오버핏 자켓,JK,점퍼,"79,900"
MI,KG,MIWJKGT0PG,테일러드 세미 오버핏 자켓,JK,점퍼,0
MI,KG,MIWJKGT1PB,테일러드 정핏 울자켓,JK,점퍼,"99,900"
MI,KG,MIWJKGT1PG,테일러드 오버핏 울자켓,JK,점퍼,"99,900"
MI,KG,MIWJKGT1PG,테일러드 오버핏 울자켓,JK,점퍼,0
MI,KG,MIWJKGT2PG,소프트 라운드넥자켓,JK,점퍼,"99,900"
MI,KG,MIWJKGT31G,배색카라 자켓,JK,점퍼,0
MI,KG,MIWJKGT3PB,라운드넥 울트위드자켓,JK,점퍼,"99,900"
MI,KG,MIWJKGT3PB,라운드넥 울트위드자켓,JK,점퍼,0
MI,KG,MIWJKGT41G,더블 여밈 자켓,JK,점퍼,"99,900"
MI,KG,MIWJKGTB01,테일러드 정핏 자켓,JK,점퍼,"79,900"
MI,KG,MIWJKGTB02,테일러드 세미 오버핏 자켓,JK,점퍼,"79,900"
MI,KG,MIWJKGTB03,소프트 라운드넥 자켓,JK,점퍼,"99,900"
MI,KG,MIWJKGTB04,라운드넥 트위드자켓,JK,점퍼,"99,900"
MI,KG,MIWJKGV01B,울블렌디드 라운드 하프자켓,JK,점퍼,0
MI,KG,MIWJKGV02B,울블렌디드 더블 숏자켓,JK,점퍼,0
MI,KG,MIWJKGV02G,울블렌디드 하이넥 토글 장식자켓,JK,점퍼,0
MI,KG,MIWJKGV0PG,핸드메이드 자켓,JK,점퍼,"159,000"
MI,LE,MIWJLE101C,덤블 무스탕 자켓,JL,점퍼,"159,000"
MI,LE,MIWJLE101G,페이크 퍼 라운드넥 자켓,JL,점퍼,"129,000"
MI,LE,MIWJLE102G,페이크 퍼 스탠카라 자켓,JL,점퍼,"129,000"
MI,LE,MIWJLE109C,빅카라 하프 무스탕,JL,점퍼,"159,000"
MI,LE,MIWJLE111C,페이크 퍼 후드크롭 자켓,JL,점퍼,"129,000"
MI,LE,MIWJLE119C,덤블 집업 점퍼,JL,점퍼,"129,000"
MI,LE,MIWJLE201G,페이크 레더 스탠카라 블루종 숏 자켓,JL,점퍼,"99,900"
MI,LE,MIWJLE205B,페이크 레더 오버핏 자켓,JL,점퍼,"129,000"
MI,LE,MIWJLE209C,워시드 페이크 레더 봄버 자켓,JL,점퍼,"129,000"
MI,LE,MIWJLE211G,페이크 스웨이드 트러커 점퍼,JL,점퍼,"99,900"
MI,LE,MIWJLET02C,페이크 스웨이드 집업자켓,JL,점퍼,"99,900"
MI,LE,MIWJLET03B,페이크 스웨이드 라운드넥 자켓,JL,점퍼,"99,900"
MI,LE,MIWJLET12C,페이크 스웨이드 블루종,JL,점퍼,"99,900"
MI,LE,MIWJLEV02G,배색 덤블 집업 자켓,JL,점퍼,"99,900"
MI,LE,MIWJLEV12C,집업 플리스,JL,점퍼,"79,900"
MI,LE,MIWJLEV12G,스탠카라 덤블 더플 자켓,JL,점퍼,"129,000"
MI,LE,MIWJLEV22G,후드 숏 무스탕,JL,점퍼,"129,000"
MI,LE,MIWJLEV32G,무스탕 조끼,JL,점퍼,"99,900"
MI,LF,MIWJLF101B,페이크 퍼 크롭 자켓,JL,점퍼,"129,000"
MI,LF,MIWJLF101G,페이크 퍼 숏자켓,JL,점퍼,"129,000"
MI,LF,MIWJLF111G,페이크 퍼 후드 집업,JL,점퍼,"129,000"
MI,LF,MIWJLFT02B,라운드넥 스웨이드 자켓,JL,점퍼,0
MI,LF,MIWJLFT02C,페이크 스웨이드 집업 자켓,JL,점퍼,"99,900"
MI,LF,MIWJLFT02G,페이크 스웨이드 숏 자켓,JL,점퍼,0
MI,LF,MIWJLFT04C,페이크 스웨이드 셔츠카라 자켓,JL,점퍼,"99,900"
MI,LF,MIWJLFT04G,페이크 스웨이드 테일러드 자켓,JL,점퍼,"99,900"
MI,LF,MIWJLFT0PB,스탠카라 집업자켓,JL,점퍼,"99,900"
MI,LF,MIWJLFV02B,페이크 퍼 장식자켓,JL,점퍼,0
MI,LF,MIWJLFV02C,스탠카라 숏 무스탕,JL,점퍼,"129,000"
MI,LF,MIWJLFV02G,페이크 스웨이드 하프 무스탕,JL,점퍼,"159,000"
MI,LF,MIWJLFV04G,페이크 퍼 더플 자켓,JL,점퍼,"129,000"
MI,LF,MIWJLFV12C,토글 후드무스탕,JL,점퍼,"129,000"
MI,LF,MIWJLFV12G,후드 무스탕,JL,점퍼,"159,000"
MI,LF,MIWJLFV1PC,스탠카라 무스탕,JL,점퍼,"129,000"
MI,LF,MIWJLFV22C,페이크 레더 하프 무스탕,JL,점퍼,"159,000"
MI,LF,MIWJLFV22G,페이크 퍼 숏자켓,JL,점퍼,"129,000"
MI,LG,MIWJLG211C,하이넥 페이크 스웨이드 점퍼,JL,점퍼,"129,000"
MI,LG,MIWJLG221G,하프 페이크레더자켓,JL,점퍼,"129,000"
MI,LG,MIWJLG311G,바이커 자켓,JL,점퍼,"129,000"
MI,LG,MIWJLG901G,페이크 스웨이드 트러커자켓,JL,점퍼,"99,900"
MI,LG,MIWJLG901G,페이크 스웨이드 트러커자켓,JL,점퍼,0
MI,LG,MIWJLGT01C,오버핏 페이크레더자켓,JL,점퍼,0
MI,LG,MIWJLGT0PB,스탠카라 집업자켓,JL,점퍼,"99,900"
MI,LG,MIWJLGT0PB,스탠카라 집업자켓,JL,점퍼,0
MI,LG,MIWJLGT21G,페이크레더 배색자켓,JL,점퍼,0
MI,LG,MIWJLGT31G,후드 탈착 점퍼,JL,점퍼,"129,000"
MI,LG,MIWJLGV01B,라운드 부클 무스탕,JL,점퍼,0
MI,LG,MIWJLGV02G,페이크퍼 집업 자켓,JL,점퍼,0
MI,LG,MIWJLGV0PG,스탠카라 무스탕,JL,점퍼,"129,000"
MI,LG,MIWJLGV0PG,스탠카라 무스탕,JL,점퍼,0
MI,PE,MIWJPE101B,라운드넥 벨벳 숏 패딩,JP,점퍼,"99,900"
MI,PE,MIWJPE101C,유광 하이넥 패딩,JP,점퍼,"99,900"
MI,PE,MIWJPE101G,하이넥 크롭 패딩,JP,점퍼,"99,900"
MI,PE,MIWJPE102G,덤블카라 크롭 패딩 JPDV02G RE,JP,점퍼,0
MI,PE,MIWJPE109C,패딩 조끼,JP,점퍼,"89,900"
MI,PE,MIWJPE111C,유광 하이넥 스트링 패딩,JP,점퍼,"129,000"
MI,PE,MIWJPET04B,라운드넥 퀼팅 경량 패딩,JP,점퍼,"89,900"
MI,PE,MIWJPET04G,후드 경량패딩 조끼,JP,점퍼,"79,900"
MI,PE,MIWJPET14G,퀼팅 카라 경량패딩,JP,점퍼,"79,900"
MI,PE,MIWJPEV02C,코듀로이 패딩조끼,JP,점퍼,"79,900"
MI,PE,MIWJPEV04B,벨티드 경량패딩,JP,점퍼,"99,900"
MI,PE,MIWJPEV04G,코듀로이 배색 경량패딩,JP,점퍼,"99,900"
MI,PE,MIWJPEV11C,누빔 봄버 점퍼,JP,점퍼,0
MI,PE,MIWJPEV12G,더플 숏 패딩,JP,점퍼,"129,000"
MI,PE,MIWJPEV13B,트렌치 벨티드 롱 패딩,JP,점퍼,"129,000"
MI,PE,MIWJPEV14C,하이넥 봄버형 경량패딩,JP,점퍼,"129,000"
MI,PE,MIWJPEV14G,블루종 숏 경량패딩,JP,점퍼,"99,900"
MI,PE,MIWJPEV1PC,크롭 베이직 푸퍼,JP,점퍼,"79,900"
MI,PE,MIWJPEV22G,니트카라 크롭푸퍼,JP,점퍼,"129,000"
MI,PE,MIWJPEV2PG,크롭 카라 푸퍼,JP,점퍼,"79,900"
MI,PF,MIWJPF112G,하이넥 숏패딩,JP,점퍼,"99,900"
MI,PF,MIWJPFT04B,라운드넥 경량패딩,JP,점퍼,"99,900"
MI,PF,MIWJPFT04G,스탠카라 경량패딩,JP,점퍼,"79,900"
MI,PF,MIWJPFV01B,벨티드 경량패딩,JP,점퍼,"99,900"
MI,PF,MIWJPFV01C,카라배색 숏 패딩,JP,점퍼,"99,900"
MI,PF,MIWJPFV01G,하이넥 리본 숏패딩,JP,점퍼,"99,900"
MI,PF,MIWJPFV02G,후드 토글 패딩,JP,점퍼,"99,900"
MI,PF,MIWJPFV04B,패디드 워크 자켓,JP,점퍼,"99,900"
MI,PF,MIWJPFV04G,코듀로이 배색 경량패딩,JP,점퍼,"99,900"
MI,PF,MIWJPFV0PG,페이크 퍼 카라 숏 패딩,JP,점퍼,"79,900"
MI,PF,MIWJPFV11B,소재변형 숏 패딩,JP,점퍼,"99,900"
MI,PF,MIWJPFV12G,후드 숏패딩,JP,점퍼,"99,900"
MI,PF,MIWJPFV26C,배색 경량패딩,JP,점퍼,"99,900"
MI,PG,MIWJPGT01G,라운드넥 MA1,JP,점퍼,0
MI,PG,MIWJPGV01C,캐주얼 경량패딩,JP,점퍼,0
MI,PG,MIWJPGV01G,덤블카라 코튼 패딩,JP,점퍼,0
MI,PG,MIWJPGV0PG,후드 경량패딩,JP,점퍼,0
MI,PG,MIWJPGV11C,하이넥 배색경량패딩,JP,점퍼,0
MI,PG,MIWJPGV12G,패턴 패딩,JP,점퍼,0
MI,PG,MIWJPGV1PB,카라배색 경량패딩,JP,점퍼,"99,900"
MI,PG,MIWJPGV21C,배색 패딩,JP,점퍼,0
MI,PG,MIWJPGV2PG,페이크퍼카라 숏패딩,JP,점퍼,"79,900"
MI,PG,MIWJPGV51C,페이크퍼 후드 패딩,JP,점퍼,0
MI,TE,MIWJTE301C,코튼 후드 롱 트렌치,JT,점퍼,"159,000"
MI,TE,MIWJTE302B,더블 롱 트렌치,JT,점퍼,"159,000"
MI,TE,MIWJTE302G,코튼 더블 롱 트렌치,JT,점퍼,"159,000"
MI,TE,MIWJTE303B,더블 크롭 트렌치,JT,점퍼,"99,900"
MI,TE,MIWJTE303G,코튼 싱글 롱 트렌치,JT,점퍼,"159,000"
MI,TE,MIWJTET01B,베이직 롱 트렌치,JT,점퍼,"159,000"
MI,TE,MIWJTET21G,배색 싱글카라 트렌치,JT,점퍼,"159,000"
MI,TE,MIWJTET31G,하프 트렌치코트,JT,점퍼,"129,000"
MI,TF,MIWJTF302B,하이넥 숏 트렌치,JT,점퍼,"99,900"
MI,TF,MIWJTF304B,코튼 싱글 트렌치 코트,JT,점퍼,"159,000"
MI,TF,MIWJTF314B,더블 트렌치 코트,JT,점퍼,"159,000"
MI,TG,MIWJTG311B,하프 트렌치코트,JT,점퍼,"129,000"
MI,TG,MIWJTG412B,스탠카라 반더블 트렌치코트,JT,점퍼,"129,000"
MI,TG,MIWJTG90QB,하프 트렌치코트 RE JTG311B,JT,점퍼,"129,000"
MI,TG,MIWJTG916C,하이넥 하프 트렌치코트,JT,점퍼,0
MI,TG,MIWJTGT01B,하프 트렌치,JT,점퍼,0
MI,WE,MIWLWE110A,핸드워머형 목폴라 티셔츠,LW,니트,"29,900"
MI,WE,MIWLWE112A,기모 셔링 오프숄더티,LW,니트,"39,900"
MI,WE,MIWLWE114A,벨벳 원오프숄더티,LW,니트,"39,900"
MI,WE,MIWLWE115A,초커넥 티셔츠,LW,니트,"39,900"
MI,WE,MIWLWE116A,지퍼트임 오프숄더 티셔츠,LW,니트,"49,900"
MI,WE,MIWLWE121A,부클 레터 맨투맨,LW,니트,"49,900"
MI,WE,MIWLWE201A,오프 숄더 티셔츠,LW,니트,"49,900"
MI,WE,MIWLWE202A,크롭 레터 후드티,LW,니트,"49,900"
MI,WE,MIWLWE310A,크롭 베이직 긴팔 티셔츠,LW,니트,"19,900"
MI,WE,MIWLWE311A,크롭 스트라이프 티셔츠,LW,니트,"39,900"
MI,WE,MIWLWE312A,컷아웃 긴팔 티셔츠,LW,니트,"39,900"
MI,WE,MIWLWE313A,레이어드 긴팔 티셔츠,LW,니트,"39,900"
MI,WE,MIWLWE314A,FG 크롭 맨투맨,LW,니트,"49,900"
MI,WE,MIWLWE320A,스퀘어넥 긴팔 티셔츠,LW,니트,"25,900"
MI,WE,MIWLWE322A,배색 오프숄더 긴팔 티셔츠,LW,니트,"39,900"
MI,WE,MIWLWE323A,후드 볼레로 티셔츠,LW,니트,"39,900"
MI,WE,MIWLWE332A,절개 디테일 크롭 긴팔 티셔츠,LW,니트,"29,900"
MI,WE,MIWLWE411A,오프숄더 긴팔 티셔츠,LW,니트,"39,900"
MI,WE,MIWLWE421A,링클 셔링 긴팔 티셔츠,LW,니트,"39,900"
MI,WE,MIWLWE567G,리본 볼레로 티셔츠,LW,니트,"29,900"
MI,WF,MIWLWF328A,원오프숄더 리본 티셔츠,LW,니트,"29,900"
MI,WF,MIWLWF338A,사이드 스트링 긴팔 티셔츠,LW,니트,"29,900"
MI,WF,MIWLWF348A,언발숄더 긴팔 티셔츠,LW,니트,"39,900"
MI,WE,MIWOWE101B,벨벳 롱 원피스,OW,점퍼,"89,900"
MI,WE,MIWOWE101G,패딩 레이어드 원피스,OW,점퍼,"79,900"
MI,WE,MIWOWE102G,부클 미니 원피스,OW,점퍼,"99,900"
MI,WE,MIWOWE108G,헤어리 미니 원피스,OW,점퍼,"79,900"
MI,WE,MIWOWE111B,벨벳 레이어드 롱 원피스,OW,점퍼,"79,900"
MI,WE,MIWOWE112G,벨벳 미니 원피스,OW,점퍼,"79,900"
MI,WE,MIWOWE201B,롱 레이어드 원피스,OW,점퍼,"79,900"
MI,WE,MIWOWE201C,포켓 미니 레이어드 원피스,OW,점퍼,"79,900"
MI,WE,MIWOWE202B,셔츠형 롱 원피스,OW,점퍼,"89,900"
MI,WE,MIWOWE203J,셔츠형 미니 데님 원피스,OW,점퍼,"69,900"
MI,WE,MIWOWE208B,시스루 레이어드 원피스,OW,점퍼,"79,900"
MI,WE,MIWOWE301B,롱 스티치 원피스,OW,점퍼,"89,900"
MI,WE,MIWOWE301G,미니 셔츠 원피스,OW,점퍼,"79,900"
MI,WE,MIWOWE302C,나일론 오버롤 원피스,OW,점퍼,"79,900"
MI,WE,MIWOWE302G,미니 컷아웃 원피스,OW,점퍼,"79,900"
MI,WE,MIWOWE306B,벨티드 롱 원피스,OW,점퍼,"89,900"
MI,WE,MIWOWE311B,레이어드 롱 원피스,OW,점퍼,"69,900"
MI,WE,MIWOWE313J,스퀘어넥 데님 미니 원피스,OW,점퍼,"69,900"
MI,WE,MIWOWE323J,셔츠형 데님 롱원피스,OW,점퍼,"79,900"
MI,WE,MIWOWE323J,셔츠형 데님 롱원피스,OW,점퍼,0
MI,WE,MIWOWE401B,오픈카라 벨티드 롱 원피스,OW,점퍼,"79,900"
MI,WE,MIWOWE401G,레이어드 롱 원피스,OW,점퍼,"69,900"
MI,WE,MIWOWE402C,나일론 레이어드 원피스,OW,점퍼,"69,900"
MI,WE,MIWOWE405B,꼬임디테일 롱 원피스,OW,점퍼,"79,900"
MI,WE,MIWOWE406C,바스락 집업 원피스,OW,점퍼,"79,900"
MI,WE,MIWOWE407B,도트 레이어드 원피스,OW,점퍼,"69,900"
MI,WE,MIWOWE408C,시스루 레이어드 원피스,OW,점퍼,"49,900"
MI,WE,MIWOWE40QB,브이넥 레이어드 원피스,OW,점퍼,"69,900"
MI,WE,MIWOWE411B,배색 레이어드 롱 원피스,OW,점퍼,"79,900"
MI,WE,MIWOWE411G,코튼 미니 원피스,OW,점퍼,"69,900"
MI,WE,MIWOWE412C,나일론 배색 미니 원피스,OW,점퍼,"79,900"
MI,WE,MIWOWE413J,집업 데님 미니 원피스,OW,점퍼,"69,900"
MI,WE,MIWOWE416C,바스락 스트링 원피스,OW,점퍼,"79,900"
MI,WE,MIWOWE423J,뷔스티에 데님 롱원피스,OW,점퍼,"79,900"
MI,WE,MIWOWE501B,라운드넥 롱 원피스,OW,점퍼,"79,900"
MI,WE,MIWOWE501C,바스락 셔츠 원피스,OW,점퍼,"79,900"
MI,WE,MIWOWE501G,스퀘어넥 미니 원피스,OW,점퍼,"69,900"
MI,WE,MIWOWE502G,바스락 레이어드 롱 원피스,OW,점퍼,"69,900"
MI,WE,MIWOWE503B,스티치 롱 레이어드 원피스,OW,점퍼,"69,900"
MI,WE,MIWOWE506C,롱 벌룬 나시 원피스,OW,점퍼,"69,900"
MI,WE,MIWOWE507G,오픈형 레이어드 원피스,OW,점퍼,"59,900"
MI,WE,MIWOWE511B,테일러드카라 롱 원피스,OW,점퍼,"79,900"
MI,WE,MIWOWE513B,셔츠카라 스티치 롱 원피스,OW,점퍼,"79,900"
MI,WE,MIWOWE601B,셔츠카라 플레어 롱 원피스,OW,점퍼,"79,900"
MI,WE,MIWOWE601C,롱 나시 원피스,OW,점퍼,"69,900"
MI,WE,MIWOWE601G,셔링 미니 원피스,OW,점퍼,"69,900"
MI,WE,MIWOWE606B,시스루 레이어드 원피스,OW,점퍼,"49,900"
MI,WE,MIWOWE611B,라운드넥 나시 롱 원피스,OW,점퍼,"69,900"
MI,WE,MIWOWE611G,스퀘어넥 셔링 롱 원피스,OW,점퍼,"79,900"
MI,WE,MIWOWE616G,자수 레이어드 원피스,OW,점퍼,"59,900"
MI,WE,MIWOWE617G,브이넥 백오픈 미니 원피스,OW,점퍼,"69,900"
MI,WE,MIWOWE627G,포켓 미니 나시 원피스,OW,점퍼,"69,900"
MI,WE,MIWOWE701B,셔링 롱 원피스,OW,점퍼,"69,900"
MI,WE,MIWOWE701C,미니 점프수트,OW,점퍼,"69,900"
MI,WE,MIWOWE701G,라운드넥 미니 원피스,OW,점퍼,"59,900"
MI,WE,MIWOWE701G,라운드넥 미니 원피스,OW,점퍼,0
MI,WE,MIWOWE705G,레이스 코튼 원피스,OW,점퍼,"59,900"
MI,WE,MIWOWE708B,크링클 나시 원피스,OW,점퍼,"59,900"
MI,WE,MIWOWE710A,끈나시 롱 원피스,OW,점퍼,"59,900"
MI,WE,MIWOWE711B,스퀘어넥 나시 원피스,OW,점퍼,"69,900"
MI,WE,MIWOWE711C,스트링 미니 원피스,OW,점퍼,"69,900"
MI,WE,MIWOWE711G,스퀘어넥 나시 롱 원피스,OW,점퍼,"59,900"
MI,WE,MIWOWE711G,스퀘어넥 나시 롱 원피스,OW,점퍼,0
MI,WE,MIWOWE718G,캉캉 미니 원피스,OW,점퍼,"59,900"
MI,WE,MIWOWE720A,나시 플레어 롱 원피스,OW,점퍼,"59,900"
MI,WE,MIWOWE721B,랩 디테일 원피스,OW,점퍼,"69,900"
MI,WE,MIWOWE721C,꼬임 나시 원피스,OW,점퍼,"69,900"
MI,WE,MIWOWE721G,나시 프릴 원피스,OW,점퍼,"59,900"
MI,WE,MIWOWE730A,보트넥 나시 원피스,OW,점퍼,"59,900"
MI,WE,MIWOWE731B,스퀘어넥 롱 원피스,OW,점퍼,"69,900"
MI,WE,MIWOWE731G,스티치 미니 원피스,OW,점퍼,"69,900"
MI,WE,MIWOWE740A,라운드넥 나시 원피스,OW,점퍼,"59,900"
MI,WE,MIWOWE740A,라운드넥 나시 원피스,OW,점퍼,0
MI,WE,MIWOWE801B,V넥 나시 롱원피스,OW,점퍼,"69,900"
MI,WE,MIWOWE801G,캉캉 미니 원피스,OW,점퍼,"69,900"
MI,WE,MIWOWE802B,스퀘어넥 롱 원피스,OW,점퍼,"69,900"
MI,WE,MIWOWE811B,홀터넥 롱 원피스,OW,점퍼,"69,900"
MI,WE,MIWOWE811G,스모킹 롱 원피스,OW,점퍼,"79,900"
MI,WE,MIWOWE812B,스트라이프 셔츠 원피스,OW,점퍼,"79,900"
MI,WE,MIWOWE821G,스퀘어넥 미니 원피스,OW,점퍼,"69,900"
MI,WE,MIWOWE831B,셔츠카라 나시 롱 원피스,OW,점퍼,"69,900"
MI,WE,MIWOWE901B,레이어드 롱 원피스,OW,점퍼,"69,900"
MI,WE,MIWOWE901G,레이어드 미니 원피스,OW,점퍼,"69,900"
MI,WE,MIWOWE902B,7부 롱 원피스,OW,점퍼,"79,900"
MI,WE,MIWOWE902G,라운드넥 미니 원피스,OW,점퍼,"69,900"
MI,WE,MIWOWE903G,스커트 레이어드 원피스,OW,점퍼,"79,900"
MI,WE,MIWOWE90QA,보트넥 나시 원피스 OWE730A RE,OW,점퍼,"59,900"
MI,WE,MIWOWE912B,자카드 나시 원피스,OW,점퍼,"69,900"
MI,WE,MIWOWE963B,셔츠 원피스,OW,점퍼,"79,900"
MI,WE,MIWOWET01B,레이어드 롱 원피스,OW,점퍼,"79,900"
MI,WE,MIWOWET02B,새틴 꼬임 나시 원피스,OW,점퍼,"79,900"
MI,WE,MIWOWET03B,밑단 트임 레이어드 원피스,OW,점퍼,"69,900"
MI,WE,MIWOWET03G,리본 포인트 미니 원피스,OW,점퍼,"69,900"
MI,WE,MIWOWET05B,시스루 배색 롱 원피스,OW,점퍼,"79,900"
MI,WE,MIWOWEV01G,미니 레이어드 원피스,OW,점퍼,"69,900"
MI,WF,MIWOWF101B,벨벳 레이어드 롱 원피스,OW,점퍼,"79,900"
MI,WF,MIWOWF101G,반팔 부클 미니 원피스,OW,점퍼,"79,900"
MI,WF,MIWOWF103B,울 블랜디드 맥시 원피스,OW,점퍼,"89,900"
MI,WF,MIWOWF103G,울 체크 미니 원피스,OW,점퍼,"79,900"
MI,WF,MIWOWF111G,벨벳 오프숄더 원피스,OW,점퍼,"89,900"
MI,WF,MIWOWF121G,날개사 미니 원피스,OW,점퍼,"79,900"
MI,WF,MIWOWF201G,반팔 트위드 원피스,OW,점퍼,"89,900"
MI,WF,MIWOWF202B,크리즈 사틴 롱 원피스,OW,점퍼,"79,900"
MI,WF,MIWOWF211G,벌룬 미니 원피스,OW,점퍼,"69,900"
MI,WF,MIWOWF301B,레이스 배색 롱 원피스,OW,점퍼,"79,900"
MI,WF,MIWOWF301G,러플 미니 원피스,OW,점퍼,"89,900"
MI,WF,MIWOWF302G,레이어드 미니 원피스,OW,점퍼,"79,900"
MI,WF,MIWOWF304B,레이어드 롱 원피스,OW,점퍼,"59,900"
MI,WF,MIWOWF311B,트렌치 롱 원피스,OW,점퍼,"99,900"
MI,WF,MIWOWF401G,카울넥 패턴 미니 원피스,OW,점퍼,"79,900"
MI,WF,MIWOWF402B,라운드넥 롱 원피스,OW,점퍼,"69,900"
MI,WF,MIWOWF402G,레이어드 미니 원피스,OW,점퍼,"69,900"
MI,WF,MIWOWF404G,시스루 레이어드 원피스,OW,점퍼,"49,900"
MI,WF,MIWOWF414B,셔츠 원피스,OW,점퍼,"79,900"
MI,WF,MIWOWF424B,크링클 원피스,OW,점퍼,"69,900"
MI,WF,MIWOWF501B,레오파드 롱 원피스,OW,점퍼,"89,900"
MI,WF,MIWOWF501G,플리츠 미니 원피스,OW,점퍼,"69,900"
MI,WF,MIWOWF502B,프릴 롱 레이어드 원피스,OW,점퍼,"79,900"
MI,WF,MIWOWF502G,벌룬 미니 원피스,OW,점퍼,"69,900"
MI,WF,MIWOWF503B,린넨 블렌디드 점프수트,OW,점퍼,"79,900"
MI,WF,MIWOWF503G,셔링 롱 원피스,OW,점퍼,"69,900"
MI,WF,MIWOWF504B,버튼 롱 원피스,OW,점퍼,"79,900"
MI,WF,MIWOWF504G,시스루 미니 레이어드 원피스,OW,점퍼,"49,900"
MI,WF,MIWOWF509C,스트링 벌룬 미니 원피스,OW,점퍼,"79,900"
MI,WF,MIWOWF510A,코튼 나시 미니 원피스,OW,점퍼,"59,900"
MI,WF,MIWOWF512G,프릴 미니 원피스,OW,점퍼,"69,900"
MI,WF,MIWOWF513G,펀칭 레이스 미니 원피스,OW,점퍼,"79,900"
MI,WF,MIWOWF520A,쿨 나시 브이넥 롱 원피스,OW,점퍼,"59,900"
MI,WF,MIWOWF523G,아일렛 레이어드 미니 원피스,OW,점퍼,"69,900"
MI,WF,MIWOWF530A,쿨 나시 플레어 롱 원피스,OW,점퍼,"59,900"
MI,WF,MIWOWF533G,소프트 데님 맥시 원피스,OW,점퍼,"69,900"
MI,WF,MIWOWF601B,린넨 블랜디드 레이어드 원피스,OW,점퍼,"69,900"
MI,WF,MIWOWF601C,베이비돌 미니 원피스,OW,점퍼,"69,900"
MI,WF,MIWOWF601G,벌룬 롱 원피스,OW,점퍼,"79,900"
MI,WF,MIWOWF602G,레이스 미니 원피스,OW,점퍼,"69,900"
MI,WF,MIWOWF604B,브이넥 롱 원피스,OW,점퍼,"69,900"
MI,WF,MIWOWF604G,링클 미니 레이어드 원피스,OW,점퍼,"49,900"
MI,WF,MIWOWF611B,소프트 플리츠 롱 원피스,OW,점퍼,"79,900"
MI,WF,MIWOWF611C,체크 롱 원피스,OW,점퍼,"69,900"
MI,WF,MIWOWF611G,미니멀 원피스,OW,점퍼,"59,900"
MI,WF,MIWOWF614G,스퀘어넥 미니 원피스,OW,점퍼,"69,900"
MI,WF,MIWOWF701B,트임 나시 롱 원피스,OW,점퍼,"79,900"
MI,WF,MIWOWF701G,리본 포인트 미니 원피스,OW,점퍼,"69,900"
MI,WF,MIWOWF704G,나시 플레어 롱 원피스,OW,점퍼,"59,900"
MI,WF,MIWOWF710A,스퀘어넥 나시 원피스,OW,점퍼,"49,900"
MI,WF,MIWOWF710A,스퀘어넥 나시 원피스,OW,점퍼,0
MI,WF,MIWOWF714G,나시 레이스 미니 원피스,OW,점퍼,"59,900"
MI,WF,MIWOWF720A,끈 나시 롱 원피스,OW,점퍼,"59,900"
MI,WF,MIWOWF730A,보트넥 나시 원피스,OW,점퍼,"59,900"
MI,WF,MIWOWF734G,벌룬 미니 원피스,OW,점퍼,"59,900"
MI,WF,MIWOWF801B,랩 디테일 원피스,OW,점퍼,"69,900"
MI,WF,MIWOWF801G,체크 레이어드 원피스,OW,점퍼,"69,900"
MI,WF,MIWOWF804B,롤업 스트링 원피스,OW,점퍼,"69,900"
MI,WF,MIWOWF804G,캡소매 미니 원피스,OW,점퍼,"59,900"
MI,WF,MIWOWF811B,미니멀 미니 원피스,OW,점퍼,"59,900"
MI,WF,MIWOWF814B,홀터넥 나시 원피스,OW,점퍼,"69,900"
MI,WF,MIWOWF821B,핀스트라이프 나시 원피스,OW,점퍼,"79,900"
MI,WF,MIWOWF824B,언발 셔링 롱 원피스,OW,점퍼,"59,900"
MI,WF,MIWOWF901B,핀턱 레이어드 롱 원피스,OW,점퍼,"69,900"
MI,WF,MIWOWF901G,리본 미니 레이어드 원피스,OW,점퍼,"69,900"
MI,WF,MIWOWF902C,레이어드 롱 원피스,OW,점퍼,"59,900"
MI,WF,MIWOWF902G,V넥 레이어드 미니 원피스,OW,점퍼,0
MI,WF,MIWOWF904B,사틴 레이어드 원피스,OW,점퍼,"59,900"
MI,WF,MIWOWFT11G,레이어드 프릴 원피스,OW,점퍼,"49,900"
MI,WF,MIWOWFT12B,핀턱 레이어드 롱 원피스,OW,점퍼,"79,900"
MI,WG,MIWOWG111B,셔링 플레어 미니 원피스,OW,점퍼,"79,900"
MI,WG,MIWOWG111C,스냅 버튼 나시 원피스,OW,점퍼,"69,900"
MI,WG,MIWOWG111G,반팔 퍼프 원피스,OW,점퍼,"79,900"
MI,WG,MIWOWG112G,데님 벨벳 원피스,OW,점퍼,"79,900"
MI,WG,MIWOWG202C,벌룬 셔츠카라 원피스,OW,점퍼,"69,900"
MI,WG,MIWOWG301G,레이스 레이어드 롱 원피스,OW,점퍼,"69,900"
MI,WG,MIWOWG3B01,스퀘어넥 나시 원피스,OW,점퍼,"59,900"
MI,WG,MIWOWG402G,플라워 롱 원피스,OW,점퍼,"79,900"
MI,WG,MIWOWG501B,모던 벨티드 원피스,OW,점퍼,"79,900"
MI,WG,MIWOWG501G,시스루 체크 레이어드 원피스,OW,점퍼,"69,900"
MI,WG,MIWOWG502G,퍼프 소매 롱 원피스,OW,점퍼,"69,900"
MI,WG,MIWOWG510A,[에센셜] 나시 롱 원피스,OW,점퍼,"59,900"
MI,WG,MIWOWG601B,버튼업 시스루 롱 원피스,OW,점퍼,"59,900"
MI,WG,MIWOWG602G,퍼프 소매 미니 원피스,OW,점퍼,"69,900"
MI,WG,MIWOWG701B,셔링 나시 롱 원피스,OW,점퍼,"69,900"
MI,WG,MIWOWG701G,핀턱 미니 원피스,OW,점퍼,"59,900"
MI,WG,MIWOWG702G,콤비 나시 롱 원피스,OW,점퍼,"69,900"
MI,WG,MIWOWG710A,[에센셜] 보트넥 나시 원피스,OW,점퍼,"59,900"
MI,WG,MIWOWG711G,티어드 나시 롱 원피스,OW,점퍼,"69,900"
MI,WG,MIWOWG722G,홀터 레이어드 원피스,OW,점퍼,"59,900"
MI,WG,MIWOWG7B01,나시 플레어 롱 원피스,OW,점퍼,"69,900"
MI,WG,MIWOWG901B,리본 반팔 미니 원피스,OW,점퍼,"79,900"
MI,WG,MIWOWG902G,벨티드 레이어드 원피스,OW,점퍼,"59,900"
MI,WG,MIWOWG906B,레이스 언발란스 레이어드 원피스,OW,점퍼,"69,900"
MI,WG,MIWOWGT01C,비대칭 레이어드 미니 원피스,OW,점퍼,0
MI,CE,MIWTCE109C,지퍼 디테일 팬츠,TC,면바지,"59,900"
MI,CE,MIWTCE161C,스트링 벨로아 바지,TC,면바지,"59,900"
MI,CE,MIWTCE209C,스트링 코튼 카고 팬츠,TC,면바지,"69,900"
MI,CE,MIWTCE219C,아웃포켓 팬츠,TC,면바지,"69,900"
MI,CE,MIWTCE261C,코튼 카고 팬츠,TC,면바지,"59,900"
MI,CE,MIWTCE262B,코튼 카브라 팬츠,TC,면바지,"59,900"
MI,CE,MIWTCE271C,코튼 비조 와이드 팬츠,TC,면바지,"59,900"
MI,CE,MIWTCE303B,코튼 와이드 팬츠,TC,면바지,"59,900"
MI,CE,MIWTCE308C,테이퍼드 와이드 팬츠,TC,면바지,"59,900"
MI,CE,MIWTCE313J,코튼 롱와이드핏 데님,TC,면바지,"59,900"
MI,CE,MIWTCE362C,나일론 조거 카고 팬츠,TC,면바지,"59,900"
MI,CE,MIWTCE362G,코튼 와이드 카고 팬츠,TC,면바지,"59,900"
MI,CE,MIWTCE363B,코튼 팬츠,TC,면바지,"49,900"
MI,CE,MIWTCE408C,스트랩 팬츠,TC,면바지,"59,900"
MI,CE,MIWTCE413B,9부 세미 와이드 코튼팬츠,TC,면바지,"49,900"
MI,CE,MIWTCE461C,포켓 코튼 팬츠,TC,면바지,"59,900"
MI,CE,MIWTCE462C,나일론 스트링 카고 팬츠,TC,면바지,"49,900"
MI,CE,MIWTCE471B,10부 카브라 코튼팬츠,TC,면바지,"59,900"
MI,CE,MIWTCE472C,나일론 카고 팬츠,TC,면바지,"49,900"
MI,CE,MIWTCE473B,테이퍼드 9부 코튼 팬츠,TC,면바지,"49,900"
MI,CE,MIWTCE473G,"9부 테이퍼드 코튼 
팬츠",TC,면바지,"39,900"
MI,CE,MIWTCE507C,와이드 코튼 팬츠,TC,면바지,"59,900"
MI,CE,MIWTCE516C,부츠컷 레이어링 팬츠,TC,면바지,"39,900"
MI,CE,MIWTCE561B,9부 테이퍼드 코튼 팬츠,TC,면바지,"59,900"
MI,CE,MIWTCE561C,와이드 코튼 팬츠,TC,면바지,"59,900"
MI,CE,MIWTCE661C,바스락 유틸 팬츠,TC,면바지,"59,900"
MI,CE,MIWTCE904B,10부 세미와이드 코튼 팬츠,TC,면바지,0
MI,CE,MIWTCE910A,10부 코튼 와이드 팬츠,TC,면바지,"39,900"
MI,CE,MIWTCE914B,9부 테이퍼드 코튼 팬츠,TC,면바지,"49,900"
MI,CE,MIWTCE914C,10부 카고 와이드 코튼 팬츠,TC,면바지,0
MI,CE,MIWTCE924B,9부 세미와이드 코튼 팬츠,TC,면바지,"49,900"
MI,CE,MIWTCE961C,배색 와이드팬츠,TC,면바지,"59,900"
MI,CE,MIWTCE963B,와이드 배색 코튼 팬츠,TC,면바지,"59,900"
MI,CE,MIWTCET10A,코듀로이 10부 일자핏 팬츠,TC,면바지,"49,900"
MI,CE,MIWTCET10B,9부 와이드 코튼 팬츠,TC,면바지,"49,900"
MI,CE,MIWTCET14C,코듀로이 10부 와이드 팬츠,TC,면바지,"59,900"
MI,CE,MIWTCET14G,코듀로이 10부 부츠컷 팬츠,TC,면바지,"59,900"
MI,CE,MIWTCET24C,코듀로이 10부 와이드 밴딩 팬츠,TC,면바지,"39,900"
MI,CE,MIWTCEV04G,[기모] 코듀로이 세미와이드,TC,면바지,"59,900"
MI,CE,MIWTCEV14G,[기모] 10부 와이드 코튼 팬츠,TC,면바지,"59,900"
MI,CE,MIWTCEV24G,[기모] 10부 스트레이트 코튼 팬츠,TC,면바지,"59,900"
MI,CF,MIWTCF362B,맥시 치노 슬랙스,TC,면바지,"59,900"
MI,CF,MIWTCF410A,나일론 10부 스트링 팬츠,TC,면바지,"39,900"
MI,CF,MIWTCF420A,10부 와이드 코튼 팬츠,TC,면바지,"49,900"
MI,CF,MIWTCF462C,스트링 와이드 코튼팬츠,TC,면바지,"59,900"
MI,CF,MIWTCF506C,비조 코튼  와이드 팬츠,TC,면바지,"49,900"
MI,CF,MIWTCF564C,와이드 코튼 밴딩팬츠,TC,면바지,"49,900"
MI,CF,MIWTCF661C,소재변형 와이드 팬츠,TC,면바지,"59,900"
MI,CF,MIWTCF762G,스티치 포인트 와이드 팬츠,TC,면바지,"59,900"
MI,CF,MIWTCF910A,무턱 코튼 와이드 팬츠,TC,면바지,"49,900"
MI,CF,MIWTCF962C,스트링 와이드 팬츠,TC,면바지,"59,900"
MI,CF,MIWTCF964B,와이드 코튼 팬츠,TC,면바지,"49,900"
MI,CF,MIWTCFT61C,체크 와이드 팬츠,TC,면바지,"59,900"
MI,CF,MIWTCFT62C,언발 버튼 와이드 팬츠,TC,면바지,"59,900"
MI,CF,MIWTCFV02G,소프트 코듀로이 일자핏 팬츠,TC,면바지,0
MI,CF,MIWTCFV10A,코듀로이 일자핏 팬츠,TC,면바지,"49,900"
MI,CF,MIWTCFV12C,코튼 투턱 와이드 팬츠,TC,면바지,"59,900"
MI,CF,MIWTCFV12G,소프트 코듀로이 부츠컷 팬츠,TC,면바지,"59,900"
MI,CG,MIWTCG111B,기모 코튼 밴딩 와이드 팬츠,TC,면바지,"59,900"
MI,CG,MIWTCG11QA,소프트 코듀로이 일자핏 팬츠 RE TCFV10A,TC,면바지,"59,900"
MI,CG,MIWTCG12QA,코듀로이 일자핏 팬츠 RE TCFV10A,TC,면바지,"59,900"
MI,CG,MIWTCG301C,리본 와이드핏 코튼 팬츠,TC,면바지,"59,900"
MI,CG,MIWTCG310A,무턱 코튼 와이드 팬츠,TC,면바지,"49,900"
MI,CG,MIWTCG3B01,코튼 와이드 팬츠,TC,면바지,"49,900"
MI,CG,MIWTCG402B,나일론 레이어드 팬츠,TC,면바지,"59,900"
MI,CG,MIWTCG502G,벌룬핏 코튼팬츠,TC,면바지,"59,900"
MI,CG,MIWTCG503C,커브드 코튼팬츠,TC,면바지,"59,900"
MI,CG,MIWTCG504C,스커트 레이어드 팬츠,TC,면바지,"59,900"
MI,CG,MIWTCG510A,나일론 밴딩 팬츠,TC,면바지,"39,900"
MI,CG,MIWTCG51QS,벌룬핏 원턱 코튼팬츠 RE TCG34SS,TC,면바지,"59,900"
MI,CG,MIWTCG603C,카고 스트링 팬츠,TC,면바지,"59,900"
MI,CG,MIWTCG610A,에센셜 밴딩 팬츠,TC,면바지,"49,900"
MI,CG,MIWTCG703C,파이핑 와이드 팬츠,TC,면바지,"59,900"
MI,CG,MIWTCG710A,에센셜 썸머 밴딩팬츠,TC,면바지,"49,900"
MI,CG,MIWTCG90QC,카고 스트링 팬츠 RE TCG603C,TC,면바지,"59,900"
MI,CG,MIWTCG90QC,카고 스트링 팬츠 RE TCG603C,TC,면바지,0
MI,CG,MIWTCG910A,와이드 코튼 팬츠,TC,면바지,"49,900"
MI,CG,MIWTCG911B,카고 와이드핏 팬츠,TC,면바지,"59,900"
MI,CG,MIWTCG911C,파라슈트 와이드 팬츠,TC,면바지,"69,900"
MI,CG,MIWTCG912G,커브드 코튼 팬츠,TC,면바지,"59,900"
MI,CG,MIWTCG922G,레이어드 팬츠,TC,면바지,"59,900"
MI,CG,MIWTCGT11C,배색 이지밴딩 팬츠,TC,면바지,"59,900"
MI,CG,MIWTCGT11G,커브드 코튼팬츠,TC,면바지,"59,900"
MI,CG,MIWTCGT12G,카고 밴딩 팬츠,TC,면바지,"69,900"
MI,CG,MIWTCGV10A,코듀로이 세미와이드 팬츠,TC,면바지,"49,900"
MI,CG,MIWTCGV12B,코듀로이 카고 와이드 팬츠,TC,면바지,"59,900"
MI,CG,MIWTCGV42G,플리스 세미와이드 팬츠,TC,면바지,0
MI,CG,MIWTCGVB01,기모 와이드 코튼 팬츠,TC,면바지,"49,900"
MI,CG,MIWTCGVB02,코듀로이 일자핏 팬츠,TC,면바지,"49,900"
MI,HE,MIWTHE161C,카고 반바지,TH,면바지,"59,900"
MI,HE,MIWTHE161G,패딩 반바지,TH,면바지,"59,900"
MI,HE,MIWTHE261G,랩 치마바지,TH,면바지,"49,900"
MI,HE,MIWTHE271G,비조 반바지,TH,면바지,"49,900"
MI,HE,MIWTHE361G,플리츠 치마바지,TH,면바지,"49,900"
MI,HE,MIWTHE402B,하프기장 반바지,TH,면바지,"49,900"
MI,HE,MIWTHE413J,[셋업] 밴딩 데님 쇼츠,TH,면바지,0
MI,HE,MIWTHE504B,스트링 5부 밴딩 쇼츠,TH,면바지,"25,900"
MI,HE,MIWTHE513J,3부 데님 반바지,TH,면바지,"49,900"
MI,HE,MIWTHE514J,카고 버뮤다 데님 팬츠,TH,면바지,"49,900"
MI,HE,MIWTHE523J,4부 데님 반바지,TH,면바지,"39,900"
MI,HE,MIWTHE562G,스트랩 반바지,TH,면바지,"49,900"
MI,HE,MIWTHE611C,바스락 반바지,TH,면바지,"39,900"
MI,HE,MIWTHE661G,코튼 반바지,TH,면바지,"39,900"
MI,HE,MIWTHE671G,린넨 롤업 반바지,TH,면바지,"49,900"
MI,HE,MIWTHE701G,와이드 반바지,TH,면바지,"49,900"
MI,HE,MIWTHE710A,4부 반바지,TH,면바지,"39,900"
MI,HE,MIWTHE720A,코튼 스트링 밴딩 팬츠,TH,면바지,"39,900"
MI,HE,MIWTHE761C,카고 반바지,TH,면바지,"49,900"
MI,HE,MIWTHE804G,원턱 반바지,TH,면바지,"39,900"
MI,HE,MIWTHE904B,코튼 반바지,TH,면바지,"39,900"
MI,HE,MIWTHE961C,큐롯 반바지,TH,면바지,"49,900"
MI,HE,MIWTHET02C,코듀로이 원턱 반바지,TH,면바지,"49,900"
MI,HE,MIWTHET04C,코듀로이 반바지,TH,면바지,"49,900"
MI,HE,MIWTHET04G,[셋업] 투턱 바지,TH,면바지,"39,900"
MI,HE,MIWTHET13G,3부 숏팬츠,TH,면바지,"49,900"
MI,HE,MIWTHET14G,코듀로이 밴딩 쇼츠,TH,면바지,"49,900"
MI,HE,MIWTHET4QB,4부 코튼 팬츠 THE904B RE,TH,면바지,"39,900"
MI,HE,MIWTHEV04G,[기모] 반바지,TH,면바지,"49,900"
MI,HE,MIWTHEV0QG,페이크 레더 숏 팬츠 THET01G RE,TH,면바지,"49,900"
MI,HE,MIWTHEV14G,[기모] 숏 반바지,TH,면바지,"49,900"
MI,HE,MIWTHEV63B,벨티드 반바지,TH,면바지,"59,900"
MI,HF,MIWTHF14QG,[기모] 숏 반바지 THEV14G RE,TH,면바지,"49,900"
MI,HF,MIWTHF201G,핀턱 변형 반바지,TH,면바지,"49,900"
MI,HF,MIWTHF24QG,[기모] 숏 반바지 THF14QG RE,TH,면바지,"49,900"
MI,HF,MIWTHF34QG,3부 숏 반바지 THF14QG RE,TH,면바지,"39,900"
MI,HF,MIWTHF401G,트위드 3부팬츠,TH,면바지,"49,900"
MI,HF,MIWTHF402G,3부 랩팬츠,TH,면바지,"49,900"
MI,HF,MIWTHF403G,턱 디테일 버뮤다 팬츠,TH,면바지,"49,900"
MI,HF,MIWTHF408G,마이크로 쇼츠,TH,면바지,"49,900"
MI,HF,MIWTHF463B,새틴 버뮤다 팬츠,TH,면바지,"49,900"
MI,HF,MIWTHF504B,버뮤다 팬츠,TH,면바지,"49,900"
MI,HF,MIWTHF510A,에센셜 4부 나일론 밴딩 쇼츠,TH,면바지,"19,900"
MI,HF,MIWTHF520A,에센셜 4부 원턱 쇼츠,TH,면바지,"49,900"
MI,HF,MIWTHF564B,린넨라이크 4부 밸티드 쇼츠,TH,면바지,"49,900"
MI,HF,MIWTHF60QG,3부 랩팬츠 THF402G RE,TH,면바지,"49,900"
MI,HF,MIWTHF610A,에센셜 모달 밴딩쇼츠,TH,면바지,"39,900"
MI,HF,MIWTHF661G,버뮤다 팬츠,TH,면바지,"49,900"
MI,HF,MIWTHF701B,셋업 4부 반바지,TH,면바지,"39,900"
MI,HF,MIWTHF704B,4부 베이직 쇼츠,TH,면바지,"39,900"
MI,HF,MIWTHF710A,에센셜 코튼 밴딩 쇼츠,TH,면바지,"29,900"
MI,HF,MIWTHF720A,에센셜 스트링 쇼츠,TH,면바지,"39,900"
MI,HF,MIWTHF730A,에센셜 코튼 쇼츠,TH,면바지,"39,900"
MI,HF,MIWTHF730B,린넨 벨티드 반바지,TH,면바지,"39,900"
MI,HF,MIWTHF764B,린넨 블랜디드 쇼츠,TH,면바지,"39,900"
MI,HF,MIWTHF901C,스트링 숏 팬츠,TH,면바지,"49,900"
MI,HF,MIWTHF904G,코튼 반바지,TH,면바지,"39,900"
MI,HF,MIWTHF912G,셋업 치마 바지,TH,면바지,0
MI,HF,MIWTHF961C,플리츠 스커트 팬츠,TH,면바지,"49,900"
MI,HF,MIWTHF961G,큐롯 팬츠,TH,면바지,"39,900"
MI,HF,MIWTHF962B,버뮤다 팬츠,TH,면바지,"49,900"
MI,HF,MIWTHFT04B,버뮤다 슬랙스,TH,면바지,0
MI,HF,MIWTHFT04G,벨티드 3부 팬츠,TH,면바지,"39,900"
MI,HF,MIWTHFT24B,[울] 숏 반바지,TH,면바지,"49,900"
MI,HF,MIWTHFT34C,코듀로이 반바지,TH,면바지,"49,900"
MI,HF,MIWTHFT61C,페이크 레더 3부 반바지,TH,면바지,0
MI,HF,MIWTHFT61G,큐롯 숏 팬츠,TH,면바지,"49,900"
MI,HF,MIWTHFT62G,미니 스커트 팬츠,TH,면바지,"49,900"
MI,HF,MIWTHFV01B,플리츠 스커트 팬츠,TH,면바지,"49,900"
MI,HF,MIWTHFV01G,숏 스커트 팬츠,TH,면바지,"49,900"
MI,HF,MIWTHFV04B,기모 3부 숏팬츠,TH,면바지,0
MI,HF,MIWTHFV04G,[기모] 원턱 반바지,TH,면바지,"49,900"
MI,HF,MIWTHFV10A,[포근] 밴딩 쇼츠,TH,면바지,"49,900"
MI,HG,MIWTHG101B,마이크로 숏팬츠,TH,면바지,"49,900"
MI,HG,MIWTHG10QA,[포근] 밴딩 쇼츠 RE THFV10A,TH,면바지,"49,900"
MI,HG,MIWTHG10QG,숏 스커트 팬츠 RE THFV01G,TH,면바지,0
MI,HG,MIWTHG11QA,밴딩 쇼츠 RE THFV10A,TH,면바지,"49,900"
MI,HG,MIWTHG211G,랩 스커트 팬츠,TH,면바지,"59,900"
MI,HG,MIWTHG401B,밑단 배색스커트 팬츠,TH,면바지,"49,900"
MI,HG,MIWTHG603B,린넨 블렌디드 쇼츠,TH,면바지,"39,900"
MI,HG,MIWTHG610A,에센셜 4부 밴딩 쇼츠,TH,면바지,"19,900"
MI,HG,MIWTHG620A,에센셜 코튼 밴딩 쇼츠,TH,면바지,"29,900"
MI,HG,MIWTHG630A,에센셜 코튼 쇼츠,TH,면바지,"39,900"
MI,HG,MIWTHG701B,핀턱 하프 팬츠,TH,면바지,"49,900"
MI,HG,MIWTHG713G,스트링 미니스커트 팬츠,TH,면바지,"49,900"
MI,HG,MIWTHG911B,코튼 반바지,TH,면바지,"39,900"
MI,HG,MIWTHG911G,버튼 디테일 숏 팬츠,TH,면바지,"49,900"
MI,HG,MIWTHG921G,랩 미니 스커트 팬츠,TH,면바지,"49,900"
MI,HG,MIWTHGT04G,벨티드 3부 팬츠,TH,면바지,"39,900"
MI,HG,MIWTHGT24B,[울] 숏 반바지,TH,면바지,"49,900"
MI,HG,MIWTHGV10A,포근 밴딩 쇼츠,TH,면바지,0
MI,HG,MIWTHGV11G,코듀로이 4부 쇼츠,TH,면바지,"49,900"
MI,HG,MIWTHGV12B,기모 4부 핀턱 쇼츠,TH,면바지,0
MI,JE,MIWTJE101J,기모 9부 부츠컷 데님,TJ,청바지,"49,900"
MI,JE,MIWTJE102J,기모 롱부츠컷 데님,TJ,청바지,"59,900"
MI,JE,MIWTJE103J,기모 10부 세미 부츠컷 데님,TJ,청바지,"59,900"
MI,JE,MIWTJE104J,기모 맥시 롱와이드핏 데님,TJ,청바지,"59,900"
MI,JE,MIWTJE113J,기모 빈티지 워싱 롱와이드핏 데님,TJ,청바지,"59,900"
MI,JE,MIWTJE114J,기모 카고 데님,TJ,청바지,"59,900"
MI,JE,MIWTJE202J,빈티지 워싱 롱 부츠컷 데님,TJ,청바지,"59,900"
MI,JE,MIWTJE203J,9부 와이드 데님,TJ,청바지,"49,900"
MI,JE,MIWTJE204J,카고 와이드 데님,TJ,청바지,0
MI,JE,MIWTJE213J,롱 스트레이트핏 데님,TJ,청바지,"49,900"
MI,JE,MIWTJE213J,롱 스트레이트핏 데님,TJ,청바지,0
MI,JE,MIWTJE214J,턱 디테일 롱 와이드핏,TJ,청바지,"59,900"
MI,JE,MIWTJE301J,투버튼 롱부츠컷,TJ,청바지,"49,900"
MI,JE,MIWTJE303J,카고 롱와이드핏 데님,TJ,청바지,"49,900"
MI,JE,MIWTJE310J,핏업팬츠 슬림부츠컷_160cm,TJ,청바지,"49,900"
MI,JE,MIWTJE311J,밑단 슬릿 슬림부츠컷,TJ,청바지,"49,900"
MI,JE,MIWTJE313J,하이웨스트 롱와이드핏 데님,TJ,청바지,"49,900"
MI,JE,MIWTJE314J,다트 디테일 롱와이드핏 데님,TJ,청바지,"59,900"
MI,JE,MIWTJE320J,핏업팬츠 슬림부츠컷_165cm,TJ,청바지,"49,900"
MI,JE,MIWTJE323J,크롭와이드핏 데님,TJ,청바지,"49,900"
MI,JE,MIWTJE324J,수술 디테일 롱와이드핏 데님,TJ,청바지,"59,900"
MI,JE,MIWTJE330J,핏업팬츠 롱부츠컷_160cm,TJ,청바지,"49,900"
MI,JE,MIWTJE340J,핏업팬츠 롱부츠컷_165cm,TJ,청바지,"49,900"
MI,JE,MIWTJE350J,핏업팬츠 와이드핏_160cm,TJ,청바지,"49,900"
MI,JE,MIWTJE360J,핏업팬츠 와이드핏_165cm,TJ,청바지,"49,900"
MI,JE,MIWTJE411J,아웃포켓 디테일 롱부츠컷,TJ,청바지,"49,900"
MI,JE,MIWTJE413J,버튼 디테일 와이드핏 데님,TJ,청바지,"49,900"
MI,JE,MIWTJE414J,스트링 카고 롱와이드핏 데님,TJ,청바지,"59,900"
MI,JE,MIWTJE417J,턴업 와이드핏 데님,TJ,청바지,"59,900"
MI,JE,MIWTJE418J,워싱 세미부츠컷 10부 데님,TJ,청바지,"59,900"
MI,JE,MIWTJE423J,포켓 디테일 롱와이드핏 데님,TJ,청바지,"49,900"
MI,JE,MIWTJE424J,컬러 다잉 카고 롱와이드핏 데님,TJ,청바지,"59,900"
MI,JE,MIWTJE433J,투버튼 구제 슬릿 일자핏 데님,TJ,청바지,"49,900"
MI,JE,MIWTJE434J,빈티지워싱 롱스트레이트핏 데님,TJ,청바지,"59,900"
MI,JE,MIWTJE510J,[쏘쿨데님] 핏업팬츠 슬림부츠컷 (160CM),TJ,청바지,"49,900"
MI,JE,MIWTJE513J,[쏘쿨데님] 크롭 와이드핏,TJ,청바지,"49,900"
MI,JE,MIWTJE514J,프리버튼 롱와이드핏 데님,TJ,청바지,"59,900"
MI,JE,MIWTJE520J,[쏘쿨데님] 핏업팬츠 슬림부츠컷 (165CM),TJ,청바지,"49,900"
MI,JE,MIWTJE523J,[쏘쿨데님] 9부 일자핏,TJ,청바지,"49,900"
MI,JE,MIWTJE524J,구제 롱와이드핏 데님,TJ,청바지,"49,900"
MI,JE,MIWTJE533J,[쏘쿨데님] 롱스트레이트핏,TJ,청바지,"49,900"
MI,JE,MIWTJE533J,[쏘쿨데님] 롱스트레이트핏,TJ,청바지,0
MI,JE,MIWTJE550J,[쏘쿨데님] 핏업팬츠 와이드핏 (160CM),TJ,청바지,"49,900"
MI,JE,MIWTJE560J,[쏘쿨데님] 핏업팬츠 와이드핏 (165CM),TJ,청바지,"49,900"
MI,ME,MIWTME167A,벨루아 밴딩 팬츠,TM,면바지,"49,900"
MI,ME,MIWTMEV30A,코듀로이 와이드 밴딩 팬츠,TM,면바지,"39,900"
MI,ME,MIWTMEV31A,융기모 코듀로이 스트레이트 속밴딩 팬츠,TM,면바지,"39,900"
MI,WE,MIWTWE109C,레이어드 팬츠,TW,면바지,"59,900"
MI,WE,MIWTWE162B,카고 슬랙스,TW,면바지,"59,900"
MI,WE,MIWTWE172B,허리 배색 와이드 슬랙스,TW,면바지,"59,900"
MI,WE,MIWTWE208B,벨티드 턱변형 슬랙스,TW,면바지,"59,900"
MI,WE,MIWTWE210B,10부 와이드 밴딩 팬츠,TW,면바지,"39,900"
MI,WE,MIWTWE218B,테이퍼드 비조 슬랙스,TW,면바지,"59,900"
MI,WE,MIWTWE220B,9부 부츠컷 밴딩 팬츠,TW,면바지,"39,900"
MI,WE,MIWTWE220B,9부 부츠컷 밴딩 팬츠,TW,면바지,0
MI,WE,MIWTWE261B,벨티드 와이드 슬랙스,TW,면바지,"59,900"
MI,WE,MIWTWE302B,스티치 슬랙스,TW,면바지,"59,900"
MI,WE,MIWTWE303B,허리 배색 슬랙스,TW,면바지,"59,900"
MI,WE,MIWTWE309B,맥시 와이드 슬랙스,TW,면바지,"59,900"
MI,WE,MIWTWE310A,핏업팬츠_160cm 9부 슬림핏,TW,면바지,"49,900"
MI,WE,MIWTWE320A,핏업팬츠_165cm 9부 슬림핏,TW,면바지,"49,900"
MI,WE,MIWTWE330A,핏업팬츠_160cm 10부 와이드,TW,면바지,"49,900"
MI,WE,MIWTWE340A,핏업팬츠_165cm 10부 와이드,TW,면바지,"49,900"
MI,WE,MIWTWE350A,핏업팬츠_160cm 10부 부츠컷,TW,면바지,"49,900"
MI,WE,MIWTWE360A,핏업팬츠_165cm 10부 부츠컷,TW,면바지,"49,900"
MI,WE,MIWTWE361C,벨티드 와이드 슬랙스,TW,면바지,"59,900"
MI,WE,MIWTWE363B,사틴 카고 슬랙스,TW,면바지,"59,900"
MI,WE,MIWTWE402G,컷아웃 와이드 슬랙스,TW,면바지,"59,900"
MI,WE,MIWTWE409B,와이드 슬랙스,TW,면바지,"49,900"
MI,WE,MIWTWE410B,10부 와이드 밴딩 팬츠,TW,면바지,"39,900"
MI,WE,MIWTWE417B,스트레이트 슬랙스,TW,면바지,"49,900"
MI,WE,MIWTWE420B,9부 부츠컷 밴딩 팬츠,TW,면바지,"39,900"
MI,WE,MIWTWE461B,벨티드 와이드 슬랙스,TW,면바지,"59,900"
MI,WE,MIWTWE462B,스트레이트 슬랙스,TW,면바지,"49,900"
MI,WE,MIWTWE472B,턱변형 와이드 슬랙스,TW,면바지,"59,900"
MI,WE,MIWTWE503B,롱 와이드 슬랙스,TW,면바지,"59,900"
MI,WE,MIWTWE509B,테이퍼드 슬랙스,TW,면바지,"59,900"
MI,WE,MIWTWE510A,핏업팬츠_9부 슬림핏,TW,면바지,"49,900"
MI,WE,MIWTWE510B,코튼 와이드 스트링 밴딩 팬츠,TW,면바지,0
MI,WE,MIWTWE513B,턱변형 와이드 슬랙스,TW,면바지,"59,900"
MI,WE,MIWTWE530A,핏업팬츠_160cm 10부 와이드,TW,면바지,"49,900"
MI,WE,MIWTWE540A,핏업팬츠_165cm 10부 와이드,TW,면바지,"49,900"
MI,WE,MIWTWE550A,핏업팬츠_160cm 10부 부츠컷,TW,면바지,"49,900"
MI,WE,MIWTWE560A,핏업팬츠_165cm 10부 부츠컷,TW,면바지,"49,900"
MI,WE,MIWTWE561C,바스락 벨티드 팬츠,TW,면바지,"59,900"
MI,WE,MIWTWE562B,아웃포켓 와이드 팬츠,TW,면바지,"59,900"
MI,WE,MIWTWE570A,10부 와이드 스트링 슬랙스,TW,면바지,"49,900"
MI,WE,MIWTWE570A,10부 와이드 스트링 슬랙스,TW,면바지,0
MI,WE,MIWTWE572B,스트링 카고 팬츠,TW,면바지,"59,900"
MI,WE,MIWTWE580A,9부 뒷밴딩 와이드 슬랙스,TW,면바지,"49,900"
MI,WE,MIWTWE580A,9부 뒷밴딩 와이드 슬랙스,TW,면바지,0
MI,WE,MIWTWE582B,스트링 와이드 슬랙스,TW,면바지,"59,900"
MI,WE,MIWTWE590A,10부 바스락 스트링 슬랙스,TW,면바지,"49,900"
MI,WE,MIWTWE590A,10부 바스락 스트링 슬랙스,TW,면바지,0
MI,WE,MIWTWE611B,원턱 9부 슬렉스,TW,면바지,"49,900"
MI,WE,MIWTWE620A,[BW 셋업] 10부 링클 와이드 팬츠,TW,면바지,"39,900"
MI,WE,MIWTWE621B,비조 10부 와이드 슬렉스,TW,면바지,"59,900"
MI,WE,MIWTWE710A,10부 와이드 밴딩팬츠,TW,면바지,"39,900"
MI,WE,MIWTWE711B,10부 와이드 슬랙스,TW,면바지,"59,900"
MI,WE,MIWTWE720A,9부 부츠컷 밴딩팬츠,TW,면바지,"39,900"
MI,WE,MIWTWE768B,크링클 와이드 팬츠,TW,면바지,"59,900"
MI,WE,MIWTWE78QA,9부 뒷밴딩 와이드 슬랙스 TWE580A RE,TW,면바지,"49,900"
MI,WE,MIWTWE78QB,스트링 와이드 슬랙스_TWE582B RE,TW,면바지,"59,900"
MI,WE,MIWTWE79QA,10부 바스락 스트링 슬랙스 TWE590A RE,TW,면바지,"49,900"
MI,WE,MIWTWE806B,밴딩 랩 팬츠,TW,면바지,"49,900"
MI,WE,MIWTWE810B,9부 원턱 스트링 테이퍼드,TW,면바지,"49,900"
MI,WE,MIWTWE820B,10부 스트링 와이드 팬츠,TW,면바지,"49,900"
MI,WE,MIWTWE830B,10부 와이드 스트링 팬츠,TW,면바지,"49,900"
MI,WE,MIWTWE840B,9부 스트링 와이드 밴딩팬츠,TW,면바지,"49,900"
MI,WE,MIWTWE861B,스트링 와이드 팬츠,TW,면바지,"59,900"
MI,WE,MIWTWE862B,스트레이트 슬랙스,TW,면바지,"59,900"
MI,WE,MIWTWE866B,밴딩 슬랙스,TW,면바지,"59,900"
MI,WE,MIWTWE901B,10부 벨티드 와이드 슬랙스,TW,면바지,"49,900"
MI,WE,MIWTWE910A,9부 일자핏 슬랙스,TW,면바지,"49,900"
MI,WE,MIWTWE913B,[셋업] 벌룬핏 슬랙스,TW,면바지,"59,900"
MI,WE,MIWTWE930A,핏업 10부 와이드핏 160cm,TW,면바지,"49,900"
MI,WE,MIWTWE940A,핏업 10부 와이드핏 165cm,TW,면바지,"49,900"
MI,WE,MIWTWE950A,핏업 10부 부츠컷 160cm,TW,면바지,"49,900"
MI,WE,MIWTWE954B,링클 프리 와이드 팬츠,TW,면바지,"49,900"
MI,WE,MIWTWE960A,핏업 10부 부츠컷 165cm,TW,면바지,"49,900"
MI,WE,MIWTWE961B,테이퍼드 비조 슬랙스,TW,면바지,"59,900"
MI,WE,MIWTWE962B,슬릿 포인트 스트레이트 슬랙스,TW,면바지,"49,900"
MI,WE,MIWTWE967B,스트레이트 팬츠,TW,면바지,"49,900"
MI,WE,MIWTWE971B,랩 레이어드 와이드 팬츠,TW,면바지,"59,900"
MI,WE,MIWTWET01B,벨티드 와이드 슬랙스,TW,면바지,"59,900"
MI,WE,MIWTWET02B,(울 블랜디드) 롱 부츠컷 슬랙스,TW,면바지,"59,900"
MI,WE,MIWTWET03B,10부 와이드 슬랙스,TW,면바지,"59,900"
MI,WE,MIWTWET05B,코쿤 맥시 팬츠,TW,면바지,"59,900"
MI,WE,MIWTWET10A,10부 와이드 밴딩 팬츠,TW,면바지,"39,900"
MI,WE,MIWTWET10B,9부 테이퍼드 밴딩 팬츠,TW,면바지,"49,900"
MI,WE,MIWTWET13B,벨티드 테이퍼드 슬랙스,TW,면바지,"59,900"
MI,WE,MIWTWET20A,9부 부츠컷 밴딩 팬츠,TW,면바지,"39,900"
MI,WE,MIWTWET20B,10부 와이드 밴딩 팬츠,TW,면바지,"49,900"
MI,WE,MIWTWET66B,스트레이트 슬랙스,TW,면바지,"59,900"
MI,WE,MIWTWEV10A,[기모] 와이드 밴딩 팬츠,TW,면바지,"49,900"
MI,WE,MIWTWEV14B,[기모] 10부 와이드 슬랙스,TW,면바지,"59,900"
MI,WE,MIWTWEV20A,[기모] 부츠컷 밴딩 팬츠,TW,면바지,"49,900"
MI,WE,MIWTWEV24B,[기모] 9부 와이드 밴딩 팬츠,TW,면바지,"59,900"
MI,WE,MIWTWEV30A,[기모]핏업팬츠_160CM 10부 세미와이드,TW,면바지,"49,900"
MI,WE,MIWTWEV40A,[기모]핏업팬츠_165CM 10부 세미와이드,TW,면바지,"49,900"
MI,WE,MIWTWEV50A,[기모]핏업팬츠_160CM 10부 부츠컷,TW,면바지,"49,900"
MI,WE,MIWTWEV60A,[기모]핏업팬츠_165CM 10부 부츠컷,TW,면바지,"49,900"
MI,WE,MIWTWEV61B,10부 와이드 슬랙스,TW,면바지,"59,900"
MI,WE,MIWTWEV63B,테이퍼드 슬랙스,TW,면바지,"59,900"
MI,WE,MIWTWEV70A,[기모] 9부 슬림핏 팬츠,TW,면바지,"49,900"
MI,WE,MIWTWEV71B,울 블렌디드 원턱 스트레이트 슬랙스,TW,면바지,"69,900"
MI,WF,MIWTWF110A,포근 밴딩팬츠 10부 와이드,TW,면바지,"49,900"
MI,WF,MIWTWF120A,포근 밴딩팬츠 10부 부츠컷,TW,면바지,"49,900"
MI,WF,MIWTWF161B,벨벳 맥시 슬랙스,TW,면바지,"59,900"
MI,WF,MIWTWF162G,랩 레이어드 부츠컷 팬츠,TW,면바지,"59,900"
MI,WF,MIWTWF163B,맥시 부츠컷 슬랙스,TW,면바지,"59,900"
MI,WF,MIWTWF164B,[기모] 9부 와이드 팬츠,TW,면바지,"59,900"
MI,WF,MIWTWF173B,울블렌디드 턱변형 슬랙스,TW,면바지,"59,900"
MI,WF,MIWTWF174B,[기모] 10부 울 스트레이트,TW,면바지,"59,900"
MI,WF,MIWTWF210A,10부 와이드 밴딩 팬츠,TW,면바지,"39,900"
MI,WF,MIWTWF220A,9부 부츠컷 밴딩 팬츠,TW,면바지,"39,900"
MI,WF,MIWTWF261B,랩 레이어드 팬츠,TW,면바지,"59,900"
MI,WF,MIWTWF262B,스트레이트 맥시 슬랙스,TW,면바지,"59,900"
MI,WF,MIWTWF264B,벨티드 와이드 슬랙스,TW,면바지,"49,900"
MI,WF,MIWTWF301C,허리 배색 팬츠,TW,면바지,"59,900"
MI,WF,MIWTWF302B,카고 슬랙스,TW,면바지,"59,900"
MI,WF,MIWTWF303B,셋업 스트레이트 맥시 슬랙스,TW,면바지,"59,900"
MI,WF,MIWTWF304G,10부 와이드 팬츠,TW,면바지,"49,900"
MI,WF,MIWTWF310A,에센셜 9부 슬림핏,TW,면바지,"49,900"
MI,WF,MIWTWF313B,데님라이크 와이드 슬랙스,TW,면바지,"59,900"
MI,WF,MIWTWF320A,링클프리 10부 스트레이트,TW,면바지,"49,900"
MI,WF,MIWTWF324B,스티치 밸티드 10부 와이드,TW,면바지,"49,900"
MI,WF,MIWTWF330A,핏업팬츠 10부 세미와이드_Basic,TW,면바지,"49,900"
MI,WF,MIWTWF340A,핏업팬츠 10부 세미와이드_Long,TW,면바지,"49,900"
MI,WF,MIWTWF360A,핏업팬츠 10부 부츠컷_Long,TW,면바지,"49,900"
MI,WF,MIWTWF361C,파이핑 라인 팬츠,TW,면바지,"59,900"
MI,WF,MIWTWF361G,미니 랩 레이어드 팬츠,TW,면바지,"59,900"
MI,WF,MIWTWF403B,벨티드 와이드 팬츠,TW,면바지,"59,900"
MI,WF,MIWTWF404G,데님라이크 슬랙스,TW,면바지,"49,900"
MI,WF,MIWTWF406A,와이드 찰랑 팬츠,TW,면바지,"49,900"
MI,WF,MIWTWF410A,10부 와이드 밴딩 팬츠,TW,면바지,"39,900"
MI,WF,MIWTWF413B,디자인 롱 슬랙스,TW,면바지,"59,900"
MI,WF,MIWTWF414B,10부 스트레이트 모달 슬랙스,TW,면바지,"49,900"
MI,WF,MIWTWF420A,9부 부츠컷 밴딩 팬츠,TW,면바지,"39,900"
MI,WF,MIWTWF424B,10부 크링클 밴딩팬츠,TW,면바지,"49,900"
MI,WF,MIWTWF464B,플루이드 팬츠,TW,면바지,"59,900"
MI,WF,MIWTWF501B,셋업 턱변형 맥시 슬랙스,TW,면바지,"59,900"
MI,WF,MIWTWF502B,셋업 크링클 와이드 슬랙스,TW,면바지,"59,900"
MI,WF,MIWTWF504B,린넨라이크 스트링 밴딩팬츠,TW,면바지,"49,900"
MI,WF,MIWTWF510A,에센셜 스트링 쿨 밴딩팬츠,TW,면바지,"39,900"
MI,WF,MIWTWF514B,10부 와이드 슬랙스,TW,면바지,"49,900"
MI,WF,MIWTWF520A,에센셜 9부 슬림핏 슬랙스,TW,면바지,"49,900"
MI,WF,MIWTWF530A,핏업팬츠 10부 세미와이드 Basic,TW,면바지,"49,900"
MI,WF,MIWTWF540A,핏업팬츠 10부 세미와이드 Long,TW,면바지,"49,900"
MI,WF,MIWTWF550A,핏업팬츠 10부 부츠컷 Basic,TW,면바지,"49,900"
MI,WF,MIWTWF560A,핏업팬츠 10부 부츠컷 Long,TW,면바지,"49,900"
MI,WF,MIWTWF562B,시스루 랩 레이어드 팬츠,TW,면바지,"59,900"
MI,WF,MIWTWF563G,텐셀 데님 와이드 팬츠,TW,면바지,"49,900"
MI,WF,MIWTWF564B,나일론 슬랙스,TW,면바지,"49,900"
MI,WF,MIWTWF574B,스트라이프 10부 스트링 팬츠,TW,면바지,"59,900"
MI,WF,MIWTWF580A,에센셜 9부 와이드 밴딩팬츠,TW,면바지,"49,900"
MI,WF,MIWTWF590A,린넨라이크 10부 밴딩팬츠,TW,면바지,"49,900"
MI,WF,MIWTWF601B,린넨 블랜디드 스트레이트 팬츠,TW,면바지,"59,900"
MI,WF,MIWTWF604B,쿨 와이드 밴딩팬츠,TW,면바지,"49,900"
MI,WF,MIWTWF614B,모달 10부 와이드 슬랙스,TW,면바지,"49,900"
MI,WF,MIWTWF620A,에센셜 부츠컷 밴딩팬츠,TW,면바지,"49,900"
MI,WF,MIWTWF624B,10부 와이드 슬랙스,TW,면바지,"49,900"
MI,WF,MIWTWF630A,에센셜 10부 스트링 밴딩팬츠,TW,면바지,"49,900"
MI,WF,MIWTWF704G,시어서커 밴딩팬츠,TW,면바지,0
MI,WF,MIWTWF710A,[사방스판] 밴딩팬츠 와이드,TW,면바지,"39,900"
MI,WF,MIWTWF720A,[사방스판] 밴딩팬츠 부츠컷,TW,면바지,"39,900"
MI,WF,MIWTWF730A,린넨라이크 10부 포켓 밴딩팬츠,TW,면바지,"39,900"
MI,WF,MIWTWF740A,에센셜 스트링 밴딩팬츠,TW,면바지,"39,900"
MI,WF,MIWTWF761B,러스틱 와이드 롱 팬츠,TW,면바지,0
MI,WF,MIWTWF764B,10부 부츠컷 슬랙스,TW,면바지,"49,900"
MI,WF,MIWTWF764C,스트라이프 밴딩팬츠,TW,면바지,"59,900"
MI,WF,MIWTWF774B,10부 텐셀 와이드 슬랙스,TW,면바지,0
MI,WF,MIWTWF784B,10부 나일론 슬랙스,TW,면바지,"49,900"
MI,WF,MIWTWF801B,셋업 무턱 슬랙스,TW,면바지,0
MI,WF,MIWTWF810A,린넨 핀턱 밴딩 와이드 슬랙스,TW,면바지,"49,900"
MI,WF,MIWTWF824G,크링클 스트링 밴딩팬츠,TW,면바지,0
MI,WF,MIWTWF864B,밸티드 세미와이드 슬랙스,TW,면바지,"49,900"
MI,WF,MIWTWF910A,[사방스판] 밴딩팬츠 와이드,TW,면바지,"49,900"
MI,WF,MIWTWF920A,[사방스판] 밴딩팬츠 부츠컷,TW,면바지,"49,900"
MI,WF,MIWTWF930A,핏업팬츠 세미와이드_Basic,TW,면바지,"49,900"
MI,WF,MIWTWF940A,핏업팬츠 세미와이드_Long,TW,면바지,"49,900"
MI,WF,MIWTWF950A,핏업팬츠 부츠컷_Basic,TW,면바지,"49,900"
MI,WF,MIWTWF960A,핏업팬츠 부츠컷_Long,TW,면바지,"49,900"
MI,WF,MIWTWF961B,10부 벨티드 슬랙스,TW,면바지,"49,900"
MI,WF,MIWTWF962B,벨티드 와이드 슬랙스,TW,면바지,"59,900"
MI,WF,MIWTWF964B,무턱 스트레이트 슬랙스,TW,면바지,"49,900"
MI,WF,MIWTWF974B,스트라이프 10부 슬랙스,TW,면바지,"49,900"
MI,WF,MIWTWF984B,플루이드 투턱 와이드 팬츠,TW,면바지,0
MI,WF,MIWTWF994G,데님라이크 와이드 슬랙스,TW,면바지,"49,900"
MI,WF,MIWTWFT04B,벨티드 와이드핏 슬랙스,TW,면바지,"49,900"
MI,WF,MIWTWFT61B,와이드 슬랙스,TW,면바지,0
MI,WF,MIWTWFT62B,벨티드 와이드 팬츠,TW,면바지,"59,900"
MI,WF,MIWTWFT70A,10부 부츠컷  밴딩 슬랙스,TW,면바지,0
MI,WF,MIWTWFV02B,비조 디테일 와이드 슬랙스,TW,면바지,0
MI,WF,MIWTWFV1QB,벨티드 와이드핏 슬랙스 RE TWFT04B,TW,면바지,"49,900"
MI,WF,MIWTWFV30A,기모 핏업 팬츠 세미와이드_Basic,TW,면바지,"49,900"
MI,WF,MIWTWFV40A,기모 핏업 팬츠 세미와이드_Long,TW,면바지,"49,900"
MI,WF,MIWTWFV50A,기모 핏업 팬츠 부츠컷_Basic,TW,면바지,"49,900"
MI,WF,MIWTWFV60A,기모 핏업 팬츠 부츠컷_Long,TW,면바지,"49,900"
MI,WF,MIWTWFV70A,[기모] 밴딩 팬츠 와이드,TW,면바지,"49,900"
MI,WF,MIWTWFV80A,[기모] 밴딩 팬츠 부츠컷,TW,면바지,"49,900"
MI,WG,MIWTWG110A,포근 밴딩 팬츠 와이드,TW,면바지,"49,900"
MI,WG,MIWTWG111C,스트라이프 와이드 슬랙스,TW,면바지,"59,900"
MI,WG,MIWTWG120A,포근 밴딩 팬츠 원턱 와이드,TW,면바지,"49,900"
MI,WG,MIWTWG130A,포근 밴딩 팬츠 부츠컷,TW,면바지,"49,900"
MI,WG,MIWTWG17QA,[기모] 밴딩 팬츠 와이드 RE TWFV70A,TW,면바지,"49,900"
MI,WG,MIWTWG18QA,[기모] 밴딩 팬츠 부츠컷 _ RE TWFV80A,TW,면바지,"49,900"
MI,WG,MIWTWG310A,[사방 스판] 밴딩팬츠 와이드,TW,면바지,"49,900"
MI,WG,MIWTWG316B,벨티드 슬랙스,TW,면바지,"49,900"
MI,WG,MIWTWG320A,[사방 스판] 밴딩팬츠 부츠컷,TW,면바지,"49,900"
MI,WG,MIWTWG326B,스트레이트핏 슬랙스,TW,면바지,"49,900"
MI,WG,MIWTWG330A,[핏업 팬츠] 세미와이드_Basic,TW,면바지,"49,900"
MI,WG,MIWTWG340A,[핏업 팬츠] 세미와이드_Long,TW,면바지,"49,900"
MI,WG,MIWTWG350A,[핏업 팬츠] 부츠컷_Basic,TW,면바지,"49,900"
MI,WG,MIWTWG360A,[핏업 팬츠] 부츠컷_Long,TW,면바지,"49,900"
MI,WG,MIWTWG3B01,핏업팬츠 10부 부츠컷 Basic,TW,면바지,"49,900"
MI,WG,MIWTWG3B02,핏업 팬츠 부츠컷_BASIC,TW,면바지,"49,900"
MI,WG,MIWTWG3B03,10부 와이드 밴딩팬츠,TW,면바지,"49,900"
MI,WG,MIWTWG3B04,핏업 팬츠 세미와이드_BASIC,TW,면바지,"49,900"
MI,WG,MIWTWG3B06,핏업팬츠 10부 세미와이드 Basic,TW,면바지,"49,900"
MI,WG,MIWTWG3B07,핏업팬츠 10부 세미와이드 Long,TW,면바지,"49,900"
MI,WG,MIWTWG3B08,벨티드 와이드핏 슬랙스,TW,면바지,"49,900"
MI,WG,MIWTWG3B09,이지밴딩팬츠,TW,면바지,"39,900"
MI,WG,MIWTWG401B,오비 변형 슬랙스,TW,면바지,"59,900"
MI,WG,MIWTWG416C,레이어드 팬츠,TW,면바지,"59,900"
MI,WG,MIWTWG509B,레이어드 팬츠_BASIC,TW,면바지,"59,900"
MI,WG,MIWTWG519B,레이어드 팬츠_LONG,TW,면바지,"59,900"
MI,WG,MIWTWG51QC,[세트] 부츠컷 팬츠 RE TWG316C,TW,면바지,"49,900"
MI,WG,MIWTWG530A,핏업팬츠 10부 세미와이드 Basic,TW,면바지,"49,900"
MI,WG,MIWTWG540A,핏업팬츠 10부 세미와이드 Long,TW,면바지,"49,900"
MI,WG,MIWTWG550A,핏업팬츠 10부 부츠컷 Basic,TW,면바지,"49,900"
MI,WG,MIWTWG560A,핏업팬츠 10부 부츠컷 Long,TW,면바지,"49,900"
MI,WG,MIWTWG603B,썸머 와이드핏 슬랙스,TW,면바지,"49,900"
MI,WG,MIWTWG610A,에센셜 밴딩 와이드 슬랙스,TW,면바지,"49,900"
MI,WG,MIWTWG701G,스트라이프 밴딩팬츠,TW,면바지,"49,900"
MI,WG,MIWTWG710A,에센셜 스트링 밴딩팬츠,TW,면바지,"39,900"
MI,WG,MIWTWG910A,[사방스판] 밴딩팬츠 와이드,TW,면바지,"49,900"
MI,WG,MIWTWG913C,[세트] 부츠컷 슬랙스,TW,면바지,"49,900"
MI,WG,MIWTWG91AA,밴딩 스판 와이드핏 팬츠,TW,면바지,"49,900"
MI,WG,MIWTWG920A,[사방스판] 밴딩팬츠 부츠컷,TW,면바지,"49,900"
MI,WG,MIWTWG92AA,밴딩 스판 부츠컷 팬츠,TW,면바지,"49,900"
MI,WG,MIWTWG930A,핏업팬츠 10부 세미와이드_Short,TW,면바지,"49,900"
MI,WG,MIWTWG940A,핏업팬츠 10부 세미와이드_Long,TW,면바지,"49,900"
MI,WG,MIWTWG950A,핏업팬츠 10부 부츠컷_Short,TW,면바지,"49,900"
MI,WG,MIWTWG960A,핏업팬츠 10부 부츠컷_Long,TW,면바지,"49,900"
MI,WG,MIWTWG9B01,핏업팬츠 세미 와이드핏,TW,면바지,"49,900"
MI,WG,MIWTWG9B02,10부 스트레이트핏 팬츠,TW,면바지,"49,900"
MI,WG,MIWTWGT04B,벨티드 와이드핏 슬랙스,TW,면바지,"49,900"
MI,WG,MIWTWGV11B,기모 랩 디테일 슬랙스,TW,면바지,"59,900"
MI,WG,MIWTWGV30A,기모 핏업팬츠 10부 세미와이드_Short,TW,면바지,"49,900"
MI,WG,MIWTWGV40A,기모 핏업팬츠 10부 세미와이드_Long,TW,면바지,"49,900"
MI,WG,MIWTWGV50A,기모 핏업팬츠 10부 부츠컷_Short,TW,면바지,"49,900"
MI,WG,MIWTWGV60A,기모 핏업팬츠 10부 부츠컷_Long,TW,면바지,"49,900"
MI,WG,MIWTWGV70A,기모 밴딩팬츠 와이드,TW,면바지,"49,900"
MI,WG,MIWTWGV80A,기모 밴딩팬츠 부츠컷,TW,면바지,"49,900"
MI,WG,MIWTWGVB01,기모 핏업팬츠 세미와이드핏,TW,면바지,0
MI,WG,MIWTWGVB02,기모 밴딩 와이드 팬츠,TW,면바지,0
MI,WE,MIWVWE513B,숏 아우터 조끼,VW,점퍼,"69,900"
MI,HE,MIWWHE102G,A라인 미니 스커트,WH,면바지,"49,900"
MI,HE,MIWWHE108G,코듀로이 미니 스커트,WH,면바지,"49,900"
MI,HE,MIWWHE10QB,플리츠 롱 스커트 WHDC1QB RE,WH,면바지,"59,900"
MI,HE,MIWWHE11QG,플리츠 변형 스커트 WHDC1QG RE,WH,면바지,"49,900"
MI,HE,MIWWHE161B,머메이드 롱 스커트,WH,면바지,"59,900"
MI,HE,MIWWHE161C,미니 카고 스커트,WH,면바지,"49,900"
MI,HE,MIWWHE161G,언발 플리츠 미니 스커트,WH,면바지,"59,900"
MI,HE,MIWWHE162B,코듀로이 롱 스커트,WH,면바지,"59,900"
MI,HE,MIWWHE162G,벨벳 플레어 미니 스커트,WH,면바지,"49,900"
MI,HE,MIWWHE173G,맞주름 미니 스커트,WH,면바지,"49,900"
MI,HE,MIWWHE19QG,비조 플리츠 스커트_WHDC9QG RE,WH,면바지,"59,900"
MI,HE,MIWWHE203J,빈티지 워싱 롱 스커트,WH,면바지,"59,900"
MI,HE,MIWWHE208B,시스루 레이어드 스커트,WH,면바지,"59,900"
MI,HE,MIWWHE209C,워시드 페이크 레더 미니 스커트,WH,면바지,"59,900"
MI,HE,MIWWHE219C,워시드 플리츠 미니 스커트,WH,면바지,"49,900"
MI,HE,MIWWHE21QG,A라인 미니 스커트 WHE102G RE,WH,면바지,0
MI,HE,MIWWHE261B,롱 플리츠 스커트,WH,면바지,"59,900"
MI,HE,MIWWHE261C,미니 랩 카고 스커트,WH,면바지,"49,900"
MI,HE,MIWWHE261G,미디 플리츠 스커트,WH,면바지,"59,900"
MI,HE,MIWWHE262B,배색 롱 스커트,WH,면바지,"59,900"
MI,HE,MIWWHE262G,미니 플리츠 스커트,WH,면바지,"49,900"
MI,HE,MIWWHE271C,롱 카고 스커트,WH,면바지,"59,900"
MI,HE,MIWWHE301G,트위드 미니 스커트,WH,면바지,"49,900"
MI,HE,MIWWHE302B,머메이드 롱 스커트,WH,면바지,"49,900"
MI,HE,MIWWHE303G,미니 플리츠 스커트,WH,면바지,"49,900"
MI,HE,MIWWHE305B,밑단 변형 롱 플레어 스커트,WH,면바지,"49,900"
MI,HE,MIWWHE307B,허리 배색 롱 스커트,WH,면바지,"59,900"
MI,HE,MIWWHE309B,롱 플레어 스커트,WH,면바지,"59,900"
MI,HE,MIWWHE313J,셋업 데님 미니스커트,WH,면바지,"49,900"
MI,HE,MIWWHE315B,사틴 롱 슬릿 스커트,WH,면바지,"49,900"
MI,HE,MIWWHE317B,롱 플리츠 스커트,WH,면바지,"59,900"
MI,HE,MIWWHE318C,앞지퍼 롱 카고 스커트,WH,면바지,"59,900"
MI,HE,MIWWHE323J,플리츠 데님 스커트,WH,면바지,"49,900"
MI,HE,MIWWHE333J,카고 데님 롱 스커트,WH,면바지,"59,900"
MI,HE,MIWWHE333J,카고 데님 롱 스커트,WH,면바지,0
MI,HE,MIWWHE362B,롱 플리츠 스커트,WH,면바지,"59,900"
MI,HE,MIWWHE362C,나일론 카고 스커트,WH,면바지,"59,900"
MI,HE,MIWWHE362G,미니 컷아웃 스커트,WH,면바지,"49,900"
MI,HE,MIWWHE363G,코튼 미니 스커트,WH,면바지,"49,900"
MI,HE,MIWWHE368C,A라인 미니 스커트,WH,면바지,"59,900"
MI,HE,MIWWHE369B,A라인 절개 롱 스커트,WH,면바지,"59,900"
MI,HE,MIWWHE371C,코튼 롱 카고 스커트,WH,면바지,"59,900"
MI,HE,MIWWHE373G,배색 플리츠 미니 스커트,WH,면바지,"59,900"
MI,HE,MIWWHE402C,나일론 스트링 미니 스커트,WH,면바지,"49,900"
MI,HE,MIWWHE402G,스트라이프 미니 플리츠 스커트,WH,면바지,"59,900"
MI,HE,MIWWHE405B,꼬임디테일 롱 스커트,WH,면바지,"59,900"
MI,HE,MIWWHE407B,도트 롱 스커트,WH,면바지,"49,900"
MI,HE,MIWWHE408C,시스루 레이어드 스커트,WH,면바지,"39,900"
MI,HE,MIWWHE40QB,롱 플리츠 스커트 WHE362B RE,WH,면바지,"59,900"
MI,HE,MIWWHE423J,데님 랩 스커트,WH,면바지,"49,900"
MI,HE,MIWWHE461B,코튼 롱 스커트,WH,면바지,"59,900"
MI,HE,MIWWHE461C,미니 카고 스커트,WH,면바지,"49,900"
MI,HE,MIWWHE461G,코튼 플레어 롱 스커트,WH,면바지,"49,900"
MI,HE,MIWWHE462C,나일론 맥시 카고 스커트,WH,면바지,"59,900"
MI,HE,MIWWHE462G,랩 미니 스커트,WH,면바지,"49,900"
MI,HE,MIWWHE471B,단추 플레어 롱 스커트,WH,면바지,"59,900"
MI,HE,MIWWHE472B,벨티드 H라인 롱 스커트,WH,면바지,"59,900"
MI,HE,MIWWHE481B,롱 랩 스커트,WH,면바지,"59,900"
MI,HE,MIWWHE505B,밑단 변형 롱 스커트,WH,면바지,"49,900"
MI,HE,MIWWHE506C,미디 벌룬 스커트,WH,면바지,"59,900"
MI,HE,MIWWHE507G,미디기장 레이스 스커트,WH,면바지,"59,900"
MI,HE,MIWWHE514J,셋업 데님 미니 스커트,WH,면바지,"49,900"
MI,HE,MIWWHE516C,리본 롱 스커트,WH,면바지,"59,900"
MI,HE,MIWWHE516G,셔링 미니 스커트,WH,면바지,"49,900"
MI,HE,MIWWHE526G,캉캉 롱 스커트,WH,면바지,"59,900"
MI,HE,MIWWHE561B,A라인 랩 스커트,WH,면바지,"59,900"
MI,HE,MIWWHE561C,바스락 벨티드 스커트,WH,면바지,"59,900"
MI,HE,MIWWHE561G,코튼 롱 플레어 스커트,WH,면바지,"59,900"
MI,HE,MIWWHE562G,맞주름 미니 플리츠 스커트,WH,면바지,"49,900"
MI,HE,MIWWHE563B,플레어 롱 스커트,WH,면바지,"49,900"
MI,HE,MIWWHE563B,플레어 롱 스커트,WH,면바지,0
MI,HE,MIWWHE567G,미니 리본 스커트,WH,면바지,"49,900"
MI,HE,MIWWHE571B,핀턱 플레어 스커트,WH,면바지,"59,900"
MI,HE,MIWWHE571G,벨티드 미니 스커트,WH,면바지,"49,900"
MI,HE,MIWWHE601B,H라인 롱 스커트,WH,면바지,"49,900"
MI,HE,MIWWHE601C,벌룬 롱 스커트,WH,면바지,"59,900"
MI,HE,MIWWHE606B,시스루 레이어드 스커트,WH,면바지,"49,900"
MI,HE,MIWWHE611B,비대칭 롱 플레어 스커트,WH,면바지,"59,900"
MI,HE,MIWWHE661G,미니 플레어 스커트,WH,면바지,"49,900"
MI,HE,MIWWHE705G,레이스 미니 플리츠 스커트,WH,면바지,"29,900"
MI,HE,MIWWHE708G,캉캉 미디 스커트,WH,면바지,"49,900"
MI,HE,MIWWHE70QB,핀턱 플레어 스커트 WHE571B RE,WH,면바지,"59,900"
MI,HE,MIWWHE710A,플레어 롱 스커트,WH,면바지,"49,900"
MI,HE,MIWWHE71QB,WHE563B 리오더,WH,면바지,"49,900"
MI,HE,MIWWHE761B,슬릿 스커트,WH,면바지,"49,900"
MI,HE,MIWWHE761C,스트링 미니 스커트,WH,면바지,"49,900"
MI,HE,MIWWHE761G,스티치 미니 스커트,WH,면바지,"49,900"
MI,HE,MIWWHE771B,A라인 스커트,WH,면바지,"49,900"
MI,HE,MIWWHE778B,크링클 롱 스커트,WH,면바지,"49,900"
MI,HE,MIWWHE781B,셔링 스커트,WH,면바지,"59,900"
MI,HE,MIWWHE811G,레이스 미니 스커트,WH,면바지,"49,900"
MI,HE,MIWWHE861B,플레어 롱 스커트,WH,면바지,"49,900"
MI,HE,MIWWHE862B,비대칭 플레어 롱 스커트,WH,면바지,"59,900"
MI,HE,MIWWHE902B,시퀸 H라인 스커트,WH,면바지,"59,900"
MI,HE,MIWWHE902G,트위드 미니 스커트,WH,면바지,"49,900"
MI,HE,MIWWHE903G,[셋업] A라인 미니 스커트,WH,면바지,"39,900"
MI,HE,MIWWHE90QB,(셋업) 롱 플레어 스커트,WH,면바지,"49,900"
MI,HE,MIWWHE911G,플리츠 미니 스커트,WH,면바지,"49,900"
MI,HE,MIWWHE912G,밑단 변형 미니 스커트,WH,면바지,0
MI,HE,MIWWHE917B,맥시 플레어 롱 스커트,WH,면바지,"59,900"
MI,HE,MIWWHE961B,맞턱 롱 스커트,WH,면바지,"59,900"
MI,HE,MIWWHE961C,배색 롱 스커트,WH,면바지,"59,900"
MI,HE,MIWWHE961G,비대칭 미니 스커트,WH,면바지,"49,900"
MI,HE,MIWWHE962B,플리츠 롱 스커트,WH,면바지,"59,900"
MI,HE,MIWWHE962G,밑단 변형 미니 스커트,WH,면바지,"49,900"
MI,HE,MIWWHE963B,맥시 플리츠 롱 스커트,WH,면바지,0
MI,HE,MIWWHE963G,캉캉 미니 스커트,WH,면바지,"49,900"
MI,HE,MIWWHE966B,H라인 맥시 스커트,WH,면바지,"59,900"
MI,HE,MIWWHE971B,H라인 롱스커트,WH,면바지,"49,900"
MI,HE,MIWWHE972B,밑단 변형 롱스커트,WH,면바지,"49,900"
MI,HE,MIWWHE973B,코튼 풀 스커트,WH,면바지,"59,900"
MI,HE,MIWWHE982B,팬슬 롱 스커트,WH,면바지,"49,900"
MI,HE,MIWWHET01G,페이크 레더 미니 플리츠 스커트,WH,면바지,"59,900"
MI,HE,MIWWHET02B,새틴 머메이드 스커트,WH,면바지,"49,900"
MI,HE,MIWWHET02C,코듀로이 카고 롱 스커트,WH,면바지,"59,900"
MI,HE,MIWWHET02G,플리츠 미니스커트,WH,면바지,"49,900"
MI,HE,MIWWHET03B,트임 롱 스커트,WH,면바지,"59,900"
MI,HE,MIWWHET03G,트위드 랩 스커트,WH,면바지,"49,900"
MI,HE,MIWWHET04A,H라인 밴딩 스커트,WH,면바지,"39,900"
MI,HE,MIWWHET04B,맥시 롱 스커트,WH,면바지,"49,900"
MI,HE,MIWWHET04G,[셋업] 플리츠 미니 스커트,WH,면바지,"49,900"
MI,HE,MIWWHET11G,집업 롱 스커트,WH,면바지,"59,900"
MI,HE,MIWWHET12B,미디 플리츠 트임 스커트,WH,면바지,"59,900"
MI,HE,MIWWHET12C,페이크 스웨이드 미니 스커트,WH,면바지,"49,900"
MI,HE,MIWWHET14G,[셋업] A라인 미니 스커트,WH,면바지,"39,900"
MI,HE,MIWWHET15B,글로시 맥시 스커트,WH,면바지,"49,900"
MI,HE,MIWWHET61B,페이크 레더 H라인 스커트,WH,면바지,"69,900"
MI,HE,MIWWHET63G,미니 풀 스커트,WH,면바지,"49,900"
MI,HE,MIWWHET65B,롱 풀 스커트,WH,면바지,"59,900"
MI,HE,MIWWHET6QB,롱 플레어 스커트_WHE90QB RE,WH,면바지,"59,900"
MI,HE,MIWWHET71B,페이크 레더 A라인 스커트,WH,면바지,"59,900"
MI,HE,MIWWHET81B,A라인 롱 스커트,WH,면바지,"49,900"
MI,HE,MIWWHEV04G,기모 플리츠 미니 스커트,WH,면바지,"49,900"
MI,HE,MIWWHEV11G,A라인 절개 미니스커트,WH,면바지,"49,900"
MI,HE,MIWWHEV14G,기모 A라인 미니 스커트,WH,면바지,"49,900"
MI,HE,MIWWHEV4QA,기모 H라인 밴딩 스커트 WHET04A RE,WH,면바지,"49,900"
MI,HE,MIWWHEV61B,H라인 롱 스커트,WH,면바지,"59,900"
MI,HE,MIWWHEV61C,코듀로이 카고 미니 스커트,WH,면바지,"49,900"
MI,HE,MIWWHEV61G,미디 플리츠 스커트,WH,면바지,"59,900"
MI,HE,MIWWHEV62B,변형 플레어 스커트,WH,면바지,"59,900"
MI,HE,MIWWHEV62G,핸드메이드 미니 스커트,WH,면바지,"59,900"
MI,HE,MIWWHEV63B,아일렛 벨티드 스커트,WH,면바지,"59,900"
MI,HE,MIWWHEV66G,A라인 미니 스커트,WH,면바지,"49,900"
MI,HE,MIWWHEV72B,벨티드 플리츠 스커트,WH,면바지,"59,900"
MI,HE,MIWWHEV72G,플리츠 변형 스커트,WH,면바지,"49,900"
MI,HF,MIWWHF102G,A라인 트임 미니 스커트,WH,면바지,"49,900"
MI,HF,MIWWHF103B,비대칭 플레어 롱 스커트,WH,면바지,"59,900"
MI,HF,MIWWHF11QG,플리츠 변형 스커트 WHEV72G RE,WH,면바지,"49,900"
MI,HF,MIWWHF141B,머메이드 롱 스커트,WH,면바지,"59,900"
MI,HF,MIWWHF143G,맞주름 미니 스커트,WH,면바지,"49,900"
MI,HF,MIWWHF14QA,기모 H라인 밴딩 스커트 WHEV4QA RE,WH,면바지,"49,900"
MI,HF,MIWWHF14QB,울 맥시 롱 스커트 WHET04B RE,WH,면바지,"59,900"
MI,HF,MIWWHF14QG,미디 플리츠 스커트 WHEV61G RE,WH,면바지,"59,900"
MI,HF,MIWWHF15QG,기모 플리츠 미니 스커트 WHEV04G RE,WH,면바지,"49,900"
MI,HF,MIWWHF161B,벨벳 자카드 롱 스커트,WH,면바지,"59,900"
MI,HF,MIWWHF161G,날개사 미니 스커트,WH,면바지,"49,900"
MI,HF,MIWWHF162B,울 H라인 맥시 스커트,WH,면바지,"59,900"
MI,HF,MIWWHF163G,울 체크 미디 스커트,WH,면바지,"59,900"
MI,HF,MIWWHF171B,울 플레어 롱 스커트,WH,면바지,"59,900"
MI,HF,MIWWHF171G,벨벳 플레어 미니 스커트,WH,면바지,"49,900"
MI,HF,MIWWHF204A,H라인 밴딩 스커트,WH,면바지,"39,900"
MI,HF,MIWWHF204B,미디 플리츠 스커트,WH,면바지,"59,900"
MI,HF,MIWWHF204G,미니 플리츠 스커트,WH,면바지,"49,900"
MI,HF,MIWWHF211G,멀티 트위드 플레어 스커트,WH,면바지,"59,900"
MI,HF,MIWWHF212B,트위드 롱 스커트,WH,면바지,"69,900"
MI,HF,MIWWHF213G,러스틱 미니 스커트,WH,면바지,"49,900"
MI,HF,MIWWHF261B,플레어 롱 매트 스커트,WH,면바지,"59,900"
MI,HF,MIWWHF262B,크리즈 사틴 롱 스커트,WH,면바지,"59,900"
MI,HF,MIWWHF262G,자카드 미니 스커트,WH,면바지,"49,900"
MI,HF,MIWWHF301C,글로시 셔링 롱 스커트,WH,면바지,"59,900"
MI,HF,MIWWHF301G,트위드 미니 스커트,WH,면바지,"49,900"
MI,HF,MIWWHF302B,코튼 맥시 스커트,WH,면바지,"59,900"
MI,HF,MIWWHF302G,스티치 플리츠 스커트,WH,면바지,"59,900"
MI,HF,MIWWHF304B,머메이드 롱 스커트,WH,면바지,"49,900"
MI,HF,MIWWHF304G,플리츠 미니 스커트,WH,면바지,"39,900"
MI,HF,MIWWHF306B,버클 포인트 롱 스커트,WH,면바지,"59,900"
MI,HF,MIWWHF314G,트위드 미니 스커트,WH,면바지,"49,900"
MI,HF,MIWWHF320A,링클프리 롱 스커트,WH,면바지,"49,900"
MI,HF,MIWWHF324G,플리츠 롱 스커트,WH,면바지,"59,900"
MI,HF,MIWWHF334G,맥시 롱 스커트,WH,면바지,"49,900"
MI,HF,MIWWHF361B,새틴 맥시 스커트,WH,면바지,"49,900"
MI,HF,MIWWHF361C,파이핑 라인 미니 스커트,WH,면바지,"49,900"
MI,HF,MIWWHF362B,랩 디테일 롱 스커트,WH,면바지,"59,900"
MI,HF,MIWWHF362G,랩 미니 스커트,WH,면바지,"49,900"
MI,HF,MIWWHF363B,플리츠 맥시 스커트,WH,면바지,"59,900"
MI,HF,MIWWHF371B,레이스 배색 롱 스커트,WH,면바지,"49,900"
MI,HF,MIWWHF401B,소재변형 롱 스커트,WH,면바지,"59,900"
MI,HF,MIWWHF401C,글로시 셔링 스커트,WH,면바지,"49,900"
MI,HF,MIWWHF402B,소재변형 미디 스커트,WH,면바지,"59,900"
MI,HF,MIWWHF402G,리본 캉캉 미니 스커트,WH,면바지,"49,900"
MI,HF,MIWWHF404B,나일론 맥시 롱 스커트,WH,면바지,"49,900"
MI,HF,MIWWHF404C,나일론 벌룬 롱 스커트,WH,면바지,"49,900"
MI,HF,MIWWHF404G,코튼 미니 스커트,WH,면바지,"49,900"
MI,HF,MIWWHF40QG,플리츠 미니 스커트 WHF304G RE,WH,면바지,"39,900"
MI,HF,MIWWHF410A,H라인 밴딩 스커트,WH,면바지,"39,900"
MI,HF,MIWWHF414B,코튼 플레어 롱 스커트,WH,면바지,"59,900"
MI,HF,MIWWHF414G,코튼 롱 스커트,WH,면바지,"49,900"
MI,HF,MIWWHF424B,크링클 롱 스커트,WH,면바지,"49,900"
MI,HF,MIWWHF424G,데님라이크 롱 스커트,WH,면바지,"49,900"
MI,HF,MIWWHF461B,소재변형 플레어 맥시 스커트,WH,면바지,"59,900"
MI,HF,MIWWHF461G,패턴 플레어 미니 스커트,WH,면바지,"49,900"
MI,HF,MIWWHF463B,레이어드 롱 스커트,WH,면바지,"59,900"
MI,HF,MIWWHF471B,플레어 맥시 디자인 스커트,WH,면바지,"59,900"
MI,HF,MIWWHF501B,원턱 롱 셋업 스커트,WH,면바지,"59,900"
MI,HF,MIWWHF501G,셋업 플리츠 미니 스커트,WH,면바지,"59,900"
MI,HF,MIWWHF504G,플레어 밴딩 롱 스커트,WH,면바지,"49,900"
MI,HF,MIWWHF506A,미디 플리츠 스커트,WH,면바지,"49,900"
MI,HF,MIWWHF509C,벌룬 미니 스커트,WH,면바지,"49,900"
MI,HF,MIWWHF50QG,플리츠 롱 스커트 WHF324G RE,WH,면바지,"59,900"
MI,HF,MIWWHF514B,린넨라이크 트임 롱 스커트,WH,면바지,"59,900"
MI,HF,MIWWHF516C,레이어드 시어  랩 스커트,WH,면바지,"39,900"
MI,HF,MIWWHF51QG,맥시 롱 스커트 WHF334G RE,WH,면바지,"49,900"
MI,HF,MIWWHF561C,코튼 미니 스커트,WH,면바지,"49,900"
MI,HF,MIWWHF562B,시퀸 레이어드 스커트,WH,면바지,"59,900"
MI,HF,MIWWHF563B,린넨 블랜디드 맥시 스커트,WH,면바지,"59,900"
MI,HF,MIWWHF564C,코튼 개더 롱 스커트,WH,면바지,"59,900"
MI,HF,MIWWHF564G,H라인 밴딩 롱 스커트,WH,면바지,"49,900"
MI,HF,MIWWHF574B,린넨라이크 스트링 롱 스커트,WH,면바지,"49,900"
MI,HF,MIWWHF601G,밴딩 풀 스커트,WH,면바지,"59,900"
MI,HF,MIWWHF602G,레이스 티어드 스커트,WH,면바지,"59,900"
MI,HF,MIWWHF60QC,나일론 벌룬 롱 스커트 WHF60QC RE,WH,면바지,"49,900"
MI,HF,MIWWHF612G,레이스 롱 스커트,WH,면바지,"59,900"
MI,HF,MIWWHF661B,린넨 블랜디드 맥시 스커트,WH,면바지,"59,900"
MI,HF,MIWWHF661C,체크 미니 스커트,WH,면바지,"49,900"
MI,HF,MIWWHF662B,시스루 벨티드 롱 스커트,WH,면바지,"49,900"
MI,HF,MIWWHF664B,H라인 맥시 스커트,WH,면바지,"49,900"
MI,HF,MIWWHF704C,셔링 나일론 롱 스커트,WH,면바지,"49,900"
MI,HF,MIWWHF704G,A라인 롱 스커트,WH,면바지,"49,900"
MI,HF,MIWWHF711G,오간자 포인트 미니 스커트,WH,면바지,"49,900"
MI,HF,MIWWHF714B,맥시 레이스 스커트,WH,면바지,"49,900"
MI,HF,MIWWHF714G,티어드 롱 스커트,WH,면바지,"59,900"
MI,HF,MIWWHF720A,플레어 롱 스커트,WH,면바지,"49,900"
MI,HF,MIWWHF724B,스트링 게더 롱 스커트,WH,면바지,"59,900"
MI,HF,MIWWHF724G,밴딩 플레어 미니 스커트,WH,면바지,"49,900"
MI,HF,MIWWHF730B,린넨 벨티드 롱 스커트,WH,면바지,"49,900"
MI,HF,MIWWHF734G,A라인 밴딩 롱 스커트,WH,면바지,"49,900"
MI,HF,MIWWHF801B,머메이드 롱 스커트,WH,면바지,"59,900"
MI,HF,MIWWHF804B,벨티드 A라인 롱 스커트,WH,면바지,"49,900"
MI,HF,MIWWHF824G,크링클 롱 스커트,WH,면바지,"49,900"
MI,HF,MIWWHF871G,체크 언발 스커트,WH,면바지,"59,900"
MI,HF,MIWWHF901B,시스루 롱 스커트,WH,면바지,"49,900"
MI,HF,MIWWHF901G,리본 미니 스커트,WH,면바지,"49,900"
MI,HF,MIWWHF904B,사틴 롱 스커트,WH,면바지,"49,900"
MI,HF,MIWWHF904C,체크 플리츠 미니 스커트,WH,면바지,"49,900"
MI,HF,MIWWHF904G,플리츠 미니 스커트,WH,면바지,"49,900"
MI,HF,MIWWHF914B,H라인 벨티드 스커트,WH,면바지,"49,900"
MI,HF,MIWWHF914C,체크 A라인 롱 스커트,WH,면바지,"49,900"
MI,HF,MIWWHF914G,미디 플리츠 스커트,WH,면바지,"49,900"
MI,HF,MIWWHF924B,플레어 롱 스커트,WH,면바지,"49,900"
MI,HF,MIWWHF961G,리본 롱 풀 스커트,WH,면바지,"59,900"
MI,HF,MIWWHF962C,체크 벨티드 미니 스커트,WH,면바지,"49,900"
MI,HF,MIWWHF971B,벨티드 플레어 롱 스커트,WH,면바지,0
MI,HF,MIWWHF972C,벨티트 플리츠 미디 스커트,WH,면바지,"59,900"
MI,HF,MIWWHFC1QG,롱 플리츠 스커트 RE WHFV1QG,WH,면바지,"59,900"
MI,HF,MIWWHFT01G,잔플리츠 미니 스커트,WH,면바지,"49,900"
MI,HF,MIWWHFT02C,페이크 스웨이드 미니 스커트,WH,면바지,"49,900"
MI,HF,MIWWHFT04G,롱 플리츠 스커트,WH,면바지,"59,900"
MI,HF,MIWWHFT14B,벨티드 H라인 맥시 스커트,WH,면바지,"49,900"
MI,HF,MIWWHFT14G,트임 A라인 롱 스커트,WH,면바지,"49,900"
MI,HF,MIWWHFT24B,울 H라인 롱 스커트,WH,면바지,"59,900"
MI,HF,MIWWHFT24G,미니 A라인 울 스커트,WH,면바지,"49,900"
MI,HF,MIWWHFT34C,코듀로이 미니 스커트,WH,면바지,"49,900"
MI,HF,MIWWHFT34G,벨티드 A라인 미니 스커트,WH,면바지,"39,900"
MI,HF,MIWWHFT44G,[울] 주름 미니 스커트,WH,면바지,"49,900"
MI,HF,MIWWHFT54G,스웨이드라이크 플레어 스커트,WH,면바지,"59,900"
MI,HF,MIWWHFT61B,페이크 레더 롱 스커트,WH,면바지,"59,900"
MI,HF,MIWWHFT61C,체크 랩 미디 스커트,WH,면바지,"59,900"
MI,HF,MIWWHFT62B,맥시 랩 스커트,WH,면바지,"49,900"
MI,HF,MIWWHFT62C,랩 플리츠 미디 스커트,WH,면바지,"59,900"
MI,HF,MIWWHFT70A,H라인 밴딩 스커트,WH,면바지,0
MI,HF,MIWWHFT72G,체크 A라인 롱 스커트,WH,면바지,"59,900"
MI,HF,MIWWHFV01B,단추 포인트 미니 스커트,WH,면바지,"59,900"
MI,HF,MIWWHFV01C,체크 미디 스커트,WH,면바지,"59,900"
MI,HF,MIWWHFV01G,기모 H라인 맥시 스커트,WH,면바지,"49,900"
MI,HF,MIWWHFV02B,버클 플리츠 롱 스커트,WH,면바지,"59,900"
MI,HF,MIWWHFV02G,버클 플리츠 미니 스커트,WH,면바지,"49,900"
MI,HF,MIWWHFV04G,핸드메이드 미니 스커트,WH,면바지,0
MI,HF,MIWWHFV10A,[포근] 밴딩 H라인 롱 스커트,WH,면바지,"49,900"
MI,HF,MIWWHFV14G,핸드메이드 미니 스커트,WH,면바지,"59,900"
MI,HF,MIWWHFV1QB,벨티드 H라인 맥시 스커트 RE WHFT14B,WH,면바지,"49,900"
MI,HF,MIWWHFV1QG,롱 플리츠 스커트 RE WHFT04G,WH,면바지,"59,900"
MI,HF,MIWWHFV24G,[기모] 플리츠 미디 스커트,WH,면바지,0
MI,HF,MIWWHFV34G,[기모] 플리츠 미니 스커트,WH,면바지,"49,900"
MI,HG,MIWWHG101C,미디 랩 스커트,WH,면바지,"59,900"
MI,HG,MIWWHG101G,벌룬 미니 스커트,WH,면바지,"49,900"
MI,HG,MIWWHG102B,머메이드 슬릿  롱 스커트,WH,면바지,"59,900"
MI,HG,MIWWHG104G,스트랩 플리츠 미니 스커트,WH,면바지,"49,900"
MI,HG,MIWWHG111C,리본 레이스업  미니 스커트,WH,면바지,"49,900"
MI,HG,MIWWHG201G,체크 랩 스커트 팬츠,WH,면바지,0
MI,HG,MIWWHG202C,셔링 볼륨  미니 스커트,WH,면바지,"49,900"
MI,HG,MIWWHG306G,랩 플리츠 스커트,WH,면바지,"49,900"
MI,HG,MIWWHG310A,H라인 맥시 스커트,WH,면바지,"49,900"
MI,HG,MIWWHG3B01,코튼 롱 스커트,WH,면바지,"49,900"
MI,HG,MIWWHG402B,나일론 랩미디 스커트,WH,면바지,"49,900"
MI,HG,MIWWHG402G,캉캉 미니 스커트,WH,면바지,"49,900"
MI,HG,MIWWHG410A,코튼 롱 스커트,WH,면바지,"49,900"
MI,HG,MIWWHG410B,벨티드레이어드 스커트,WH,면바지,"49,900"
MI,HG,MIWWHG410C,나일론 롱 스커트,WH,면바지,"49,900"
MI,HG,MIWWHG410G,캉캉 롱 스커트,WH,면바지,"49,900"
MI,HG,MIWWHG416G,플리츠 롱 스커트,WH,면바지,"59,900"
MI,HG,MIWWHG503B,시스루 레이어드 스커트,WH,면바지,"49,900"
MI,HG,MIWWHG51QA,H라인 맥시 스커트 RE WHG310A,WH,면바지,"49,900"
MI,HG,MIWWHG51QC,[세트] 플리츠 미디 스커트 RE WHG316C,WH,면바지,"59,900"
MI,HG,MIWWHG51QG,랩 플리츠 스커트 RE WHG306G,WH,면바지,"49,900"
MI,HG,MIWWHG51QS,버클랩 스커트 RE WHG31QS,WH,면바지,"59,900"
MI,HG,MIWWHG601C,플리츠 미디 스커트,WH,면바지,"49,900"
MI,HG,MIWWHG603B,벨티드 언발 롱 스커트,WH,면바지,"59,900"
MI,HG,MIWWHG613B,랩 버튼 롱 스커트,WH,면바지,"59,900"
MI,HG,MIWWHG701B,벨티드 롱 스커트,WH,면바지,"59,900"
MI,HG,MIWWHG701C,밴딩 롱 스커트,WH,면바지,"49,900"
MI,HG,MIWWHG702G,언발 플레어 롱 스커트,WH,면바지,"49,900"
MI,HG,MIWWHG703G,썸머 맥시 롱 스커트,WH,면바지,"49,900"
MI,HG,MIWWHG711G,썸머 미디 스커트,WH,면바지,"49,900"
MI,HG,MIWWHG71QA,코튼 롱 스커트 RE WHG410A,WH,면바지,"49,900"
MI,HG,MIWWHG81QB,시스루 레이어드 스커트 RE WHG503B,WH,면바지,"49,900"
MI,HG,MIWWHG81QG,캉캉 롱 스커트 RE WHG52QG,WH,면바지,"49,900"
MI,HG,MIWWHG911B,A라인 롱 스커트,WH,면바지,"49,900"
MI,HG,MIWWHG911G,버튼 레이어드 롱스커트,WH,면바지,"59,900"
MI,HG,MIWWHG912G,맥시 롱 스커트,WH,면바지,"59,900"
MI,HG,MIWWHG913B,맥시 롱 시스루 스커트,WH,면바지,"59,900"
MI,HG,MIWWHG913C,[세트] 플리츠 미니 랩스커트,WH,면바지,"49,900"
MI,HG,MIWWHG913G,미디 플리츠 스커트,WH,면바지,"59,900"
MI,HG,MIWWHG921B,시스루 롱 스커트,WH,면바지,"49,900"
MI,HG,MIWWHG921G,랩 미디 스커트,WH,면바지,"49,900"
MI,HG,MIWWHG931C,플리츠 미니 스커트,WH,면바지,"49,900"
MI,HG,MIWWHGT04B,롱 플리츠 스커트,WH,면바지,"59,900"
MI,HG,MIWWHGT11G,미니 스커트 팬츠,WH,면바지,"49,900"
MI,HG,MIWWHGT12G,앞단작 미디 스커트,WH,면바지,"49,900"
MI,HG,MIWWHGT14B,벨티드 H라인 맥시 스커트,WH,면바지,"49,900"
MI,HG,MIWWHGT21B,변형 플리츠 롱 스커트,WH,면바지,"69,900"
MI,HG,MIWWHGT31B,언발 미디 스커트,WH,면바지,"59,900"
MI,HG,MIWWHGT32G,플리츠 벨티드 미니스커트,WH,면바지,"49,900"
MI,HG,MIWWHGT51B,페이크 스웨이드 롱스커트,WH,면바지,"59,900"
MI,HG,MIWWHGTB01,롱 플리츠 스커트,WH,면바지,"59,900"
MI,HG,MIWWHGV10A,포근 H라인 밴딩 롱 스커트,WH,면바지,0
MI,HG,MIWWHGV11B,기모 H라인 롱스커트,WH,면바지,0
MI,HG,MIWWHGV11C,버튼 언발 미디 스커트,WH,면바지,0
MI,HG,MIWWHGV12B,언발 체크 랩 롱스커트,WH,면바지,0
MI,HG,MIWWHGV21B,버튼 미디 플리츠 스커트,WH,면바지,0
MI,HG,MIWWHGV41G,코듀로이 캉캉 미니스커트,WH,면바지,0
MI,AE,MIWYAE501C,테일러드 반팔 셔츠,YA,남방,"49,900"
MI,AE,MIWYAE503B,오버핏 반팔 셔츠,YA,남방,"49,900"
MI,AE,MIWYAE504B,린넨 반팔 셔츠,YA,남방,"39,900"
MI,AE,MIWYAE510A,루즈핏 반팔 셔츠,YA,남방,"29,900"
MI,AE,MIWYAE511C,집업 반팔 셔츠,YA,남방,"49,900"
MI,AE,MIWYAE520A,세미 크롭 반팔 셔츠,YA,남방,"29,900"
MI,AE,MIWYAE530A,시어서커 반팔 셔츠,YA,남방,"39,900"
MI,AE,MIWYAE540A,박스핏 반팔 셔츠,YA,남방,"39,900"
MI,AE,MIWYAE601B,테일러드 벨티드 셔츠,YA,남방,"49,900"
MI,AE,MIWYAE601C,포켓 반팔 셔츠,YA,남방,"49,900"
MI,AE,MIWYAE604C,스트라이프 크롭 반팔 셔츠,YA,남방,"39,900"
MI,AE,MIWYAE69RB,스트라이프 배색 셔츠_YWE49QB 리오더,YA,남방,"49,900"
MI,AE,MIWYAE701B,꼬임 디테일 셔츠,YA,남방,"49,900"
MI,AE,MIWYAE701C,시어서커 크롭 반팔셔츠,YA,남방,"49,900"
MI,AE,MIWYAE708B,백 포인트 반팔 셔츠,YA,남방,"49,900"
MI,AE,MIWYAE804B,포켓 5부 셔츠,YA,남방,"49,900"
MI,AE,MIWYAE804G,코튼 도비 반팔 셔츠,YA,남방,"39,900"
MI,AE,MIWYAE814B,오픈카라 5부 셔츠,YA,남방,"49,900"
MI,AE,MIWYAE84QA,스트라이프 반팔 셔츠,YA,남방,"39,900"
MI,AE,MIWYAE90QB,(셋업) 크롭 반팔 셔츠,YA,남방,"39,900"
MI,AF,MIWYAF501C,체크 반팔 셔츠,YA,남방,"49,900"
MI,AF,MIWYAF504B,린넨 오픈카라 반팔 셔츠,YA,남방,"49,900"
MI,AF,MIWYAF504C,오버핏 반팔 셔츠,YA,남방,"49,900"
MI,AF,MIWYAF510A,에센셜 루즈핏 반팔 셔츠,YA,남방,"29,900"
MI,AF,MIWYAF520A,에센셜 세미크롭 반팔 셔츠,YA,남방,"29,900"
MI,AF,MIWYAF601C,셔링 후드 셔츠,YA,남방,"49,900"
MI,AF,MIWYAF604B,시스루 반팔 셔츠,YA,남방,"39,900"
MI,AF,MIWYAF614B,모달 반팔 셔츠,YA,남방,"39,900"
MI,AF,MIWYAF701B,셋업 테일러드 반팔 셔츠,YA,남방,"39,900"
MI,AF,MIWYAF702G,스트라이프 롤업 반팔 셔츠,YA,남방,"49,900"
MI,AF,MIWYAF704B,밸티드 반팔 셔츠,YA,남방,"39,900"
MI,AF,MIWYAF710A,에센셜 롤업 반팔 셔츠,YA,남방,"35,900"
MI,AF,MIWYAF714G,시스루 레이스 셔츠,YA,남방,"49,900"
MI,AF,MIWYAF720A,에센셜 요루 반팔 셔츠,YA,남방,"39,900"
MI,AF,MIWYAF724B,크롭 화섬 반팔 셔츠,YA,남방,"39,900"
MI,AF,MIWYAF730B,린넨 반팔 셔츠,YA,남방,"39,900"
MI,AF,MIWYAF804B,오픈 카라 반팔 셔츠,YA,남방,"39,900"
MI,AF,MIWYAF804C,캡소매 스트라이프 반팔셔츠,YA,남방,"39,900"
MI,AF,MIWYAF804G,셔링 반팔 셔츠,YA,남방,"39,900"
MI,AG,MIWYAG3B01,포켓 반팔 셔츠,YA,남방,"39,900"
MI,AG,MIWYAG501C,체크 롤업 반팔 셔츠,YA,남방,"49,900"
MI,AG,MIWYAG510A,[에센셜] 오버핏 반팔 셔츠,YA,남방,"35,900"
MI,AG,MIWYAG520A,[에센셜] 스트라이프 반팔 셔츠,YA,남방,"39,900"
MI,AG,MIWYAG601B,랩 디테일 반팔 셔츠,YA,남방,"49,900"
MI,AG,MIWYAG601C,체크 후드 반팔 셔츠,YA,남방,"49,900"
MI,AG,MIWYAG601G,소재 변형 포켓 반팔 셔츠,YA,남방,"49,900"
MI,AG,MIWYAG611C,셔링 슬림핏 반팔 셔츠,YA,남방,"49,900"
MI,AG,MIWYAG701B,스트링 반팔 셔츠,YA,남방,"49,900"
MI,AG,MIWYAG701C,페플럼 반팔 셔츠,YA,남방,"49,900"
MI,AG,MIWYAG701G,롤업 스트라이프 반팔 셔츠,YA,남방,"49,900"
MI,AG,MIWYAG702G,셔링 체크 반팔 셔츠,YA,남방,"49,900"
MI,AG,MIWYAG710A,[에센셜] 요루 반팔 셔츠,YA,남방,"39,900"
MI,AG,MIWYAG711B,벨티드 반팔 셔츠,YA,남방,"49,900"
MI,AG,MIWYAG7B01,스트라이프 오버핏 반팔 셔츠,YA,남방,"49,900"
MI,WE,MIWYWE101C,핀턱 크롭 셔츠,YW,남방,"49,900"
MI,WE,MIWYWE102B,집업 셔츠,YW,남방,"49,900"
MI,WE,MIWYWE202B,슬림핏 크롭 셔츠,YW,남방,"39,900"
MI,WE,MIWYWE203J,데님 셔츠,YW,남방,"59,900"
MI,WE,MIWYWE210A,베이직 일자핏 셔츠,YW,남방,"29,900"
MI,WE,MIWYWE212B,집업 크롭 셔츠,YW,남방,"49,900"
MI,WE,MIWYWE302C,나일론 크롭 셔츠,YW,남방,"59,900"
MI,WE,MIWYWE302G,초크롭 셔츠,YW,남방,"39,900"
MI,WE,MIWYWE309B,스트라이프 배색 셔츠,YW,남방,"49,900"
MI,WE,MIWYWE310A,베이직 오버핏 셔츠,YW,남방,"29,900"
MI,WE,MIWYWE312C,나일론 포켓 크롭 셔츠,YW,남방,"49,900"
MI,WE,MIWYWE313B,오버핏 포켓 셔츠,YW,남방,"49,900"
MI,WE,MIWYWE313J,오버핏 데님 셔츠,YW,남방,"59,900"
MI,WE,MIWYWE313J,오버핏 데님 셔츠,YW,남방,0
MI,WE,MIWYWE320A,크롭 셔츠,YW,남방,"35,900"
MI,WE,MIWYWE401C,밴딩 크롭 셔츠,YW,남방,"49,900"
MI,WE,MIWYWE402B,오버핏 뒤트임 셔츠,YW,남방,"49,900"
MI,WE,MIWYWE402C,스트링 크롭 셔츠,YW,남방,"49,900"
MI,WE,MIWYWE402G,포켓 크롭 셔츠,YW,남방,"49,900"
MI,WE,MIWYWE404B,실키 셔츠,YW,남방,"49,900"
MI,WE,MIWYWE406B,스트라이프 랩 셔츠,YW,남방,"49,900"
MI,WE,MIWYWE407B,오버핏 변형 셔츠,YW,남방,"49,900"
MI,WE,MIWYWE410A,시어서커 긴팔 셔츠,YW,남방,"39,900"
MI,WE,MIWYWE410A,시어서커 긴팔 셔츠,YW,남방,0
MI,WE,MIWYWE414B,오픈카라 루즈핏 셔츠,YW,남방,"39,900"
MI,WE,MIWYWE415B,오버핏 스트라이프 셔츠,YW,남방,"39,900"
MI,WE,MIWYWE416B,집업 셔츠,YW,남방,"59,900"
MI,WE,MIWYWE426B,스트라이프 셔츠,YW,남방,"49,900"
MI,WE,MIWYWE42QB,슬림핏 크롭 셔츠 YWE202B RE,YW,남방,"39,900"
MI,WE,MIWYWE49QB,YWE309B 리오더,YW,남방,"49,900"
MI,WE,MIWYWE501C,스트링 크롭 셔츠,YW,남방,"49,900"
MI,WE,MIWYWE502B,네츄럴 오버핏 셔츠,YW,남방,"49,900"
MI,WE,MIWYWE503B,오픈 카라 7부 셔츠,YW,남방,"49,900"
MI,WE,MIWYWE504B,7부 소매 포켓 셔츠,YW,남방,"49,900"
MI,WE,MIWYWE510A,린넨 오버핏 셔츠,YW,남방,"39,900"
MI,WE,MIWYWE56QB,스트라이프 셔츠_YWE426B RE,YW,남방,"49,900"
MI,WE,MIWYWE601C,백포인트 시스루 셔츠,YW,남방,"49,900"
MI,WE,MIWYWE620A,링클 세트 긴팔 셔츠,YW,남방,"39,900"
MI,WE,MIWYWE701C,후드 크롭 셔츠,YW,남방,"59,900"
MI,WE,MIWYWE708G,후드 셔츠,YW,남방,"49,900"
MI,WE,MIWYWE724B,스트라이프 긴팔 셔츠,YW,남방,"49,900"
MI,WE,MIWYWE804B,오픈카라 스트링 셔츠,YW,남방,"49,900"
MI,WE,MIWYWE814B,볼륨 소매 7부 셔츠,YW,남방,"39,900"
MI,WE,MIWYWE901B,단추 포인트 핀턱 셔츠,YW,남방,"49,900"
MI,WE,MIWYWE901C,후드 아노락 셔츠,YW,남방,"59,900"
MI,WE,MIWYWE901G,7부 스트링 셔츠,YW,남방,"49,900"
MI,WE,MIWYWE903B,스트링 오버핏 셔츠,YW,남방,"59,900"
MI,WE,MIWYWE903G,배색 스트라이프 셔츠,YW,남방,"49,900"
MI,WE,MIWYWE904B,오픈카라 스트라이프 셔츠,YW,남방,"39,900"
MI,WE,MIWYWE910A,베이직 세미 오버핏 셔츠,YW,남방,"29,900"
MI,WE,MIWYWE913B,밑단 변형 셔츠,YW,남방,"49,900"
MI,WE,MIWYWE914B,오버핏 스트라이프 셔츠,YW,남방,"49,900"
MI,WE,MIWYWE920A,베이직 크롭 셔츠,YW,남방,"35,900"
MI,WE,MIWYWE923B,오버핏 디자인 셔츠,YW,남방,"49,900"
MI,WE,MIWYWE924B,소재변형 오버핏 셔츠,YW,남방,"39,900"
MI,WE,MIWYWE930A,베이직 스탠다드핏 셔츠,YW,남방,"35,900"
MI,WE,MIWYWE934B,오픈카라 셔츠,YW,남방,"39,900"
MI,WE,MIWYWE940A,오버핏 포켓 셔츠,YW,남방,"39,900"
MI,WE,MIWYWE94QA,세미 오버핏 긴팔 셔츠,YW,남방,"39,900"
MI,WE,MIWYWE94QB,세미 오버핏 스트라이프 셔츠,YW,남방,"49,900"
MI,WE,MIWYWE94QC,세미 오버핏 포켓 셔츠,YW,남방,"49,900"
MI,WE,MIWYWE950A,슬림핏 셔츠,YW,남방,"39,900"
MI,WE,MIWYWE954B,크링클 오버핏 셔츠,YW,남방,"49,900"
MI,WE,MIWYWE960A,링클 프리 셔츠,YW,남방,"39,900"
MI,WE,MIWYWE964B,링클프리 타이셔츠,YW,남방,"39,900"
MI,WE,MIWYWE96QG,후드 셔츠_YWE708G RE,YW,남방,"49,900"
MI,WE,MIWYWE974B,오프숄더 투웨이 셔츠,YW,남방,"49,900"
MI,WE,MIWYWET01B,카라 변형 셔츠,YW,남방,"59,900"
MI,WE,MIWYWET01C,아웃포켓 크롭 셔츠,YW,남방,"49,900"
MI,WE,MIWYWET04G,코듀로이 셔츠,YW,남방,"49,900"
MI,WE,MIWYWET11B,페이크 레더 셔츠,YW,남방,"69,900"
MI,WE,MIWYWET14B,아웃포켓 모달 셔츠,YW,남방,"49,900"
MI,WE,MIWYWET21C,코듀로이 셔켓,YW,남방,"59,900"
MI,WE,MIWYWET24B,벨티드 셔츠,YW,남방,"49,900"
MI,WE,MIWYWET4QA,세미 오버핏 셔츠 YWE94QA RE,YW,남방,"39,900"
MI,WE,MIWYWET4QC,세미오버핏 체크 셔츠 YWE94QC RE,YW,남방,"49,900"
MI,WE,MIWYWET5QC,세미 오버핏 체크 셔츠,YW,남방,"49,900"
MI,WE,MIWYWET6QG,체크 후드 셔츠_YWE96QG RE,YW,남방,"49,900"
MI,WE,MIWYWEV01G,코듀로이 크롭 셔츠,YW,남방,"49,900"
MI,WE,MIWYWEV04G,기모 스트라이프 셔츠,YW,남방,"49,900"
MI,WE,MIWYWEV10A,기모 베이직 셔츠,YW,남방,"39,900"
MI,WE,MIWYWEV4QC,세미오버핏 체크 셔츠 YWET4QC RE,YW,남방,"49,900"
MI,WF,MIWYWF102B,소매 포인트 슬림핏 셔츠,YW,남방,"49,900"
MI,WF,MIWYWF103G,타이 코튼 셔츠,YW,남방,"49,900"
MI,WF,MIWYWF110A,베이직 코튼 셔츠,YW,남방,"29,900"
MI,WF,MIWYWF201B,스티치 오버핏 매트 셔츠,YW,남방,"59,900"
MI,WF,MIWYWF203G,뷔스티에 세트 셔츠,YW,남방,"59,900"
MI,WF,MIWYWF204B,슬림핏 셔츠,YW,남방,"39,900"
MI,WF,MIWYWF214B,소매 배색 셔츠,YW,남방,"49,900"
MI,WF,MIWYWF224B,배색 크롭 셔츠,YW,남방,"49,900"
MI,WF,MIWYWF234B,배색 일자핏 셔츠,YW,남방,"39,900"
MI,WF,MIWYWF301C,새틴 배색 스트라이프 셔츠,YW,남방,"49,900"
MI,WF,MIWYWF304B,오픈카라 스트라이프 셔츠,YW,남방,"49,900"
MI,WF,MIWYWF310A,베이직 세미 오버핏 셔츠,YW,남방,"29,900"
MI,WF,MIWYWF311C,스트링 아노락 셔츠,YW,남방,"59,900"
MI,WF,MIWYWF314B,소재변형 백포인트 셔츠,YW,남방,"49,900"
MI,WF,MIWYWF320A,크롭 셔츠,YW,남방,"29,900"
MI,WF,MIWYWF330A,링클 프리 셔츠,YW,남방,"39,900"
MI,WF,MIWYWF340A,오버핏 스트라이프 셔츠,YW,남방,"49,900"
MI,WF,MIWYWF350A,옥스포드 오버핏 셔츠,YW,남방,"49,900"
MI,WF,MIWYWF402B,뒤트임 오버핏 셔츠,YW,남방,"49,900"
MI,WF,MIWYWF403B,시스루 뷔스티에 세트 셔츠,YW,남방,"49,900"
MI,WF,MIWYWF404B,오픈카라 투웨이 셔츠,YW,남방,"49,900"
MI,WF,MIWYWF404C,오버핏 시스루 셔츠,YW,남방,"49,900"
MI,WF,MIWYWF404C,오버핏 시스루 셔츠,YW,남방,0
MI,WF,MIWYWF404G,오픈카라 스트랩 셔츠,YW,남방,"49,900"
MI,WF,MIWYWF410A,오픈카라 오버핏 셔츠,YW,남방,"39,900"
MI,WF,MIWYWF414B,핀턱 셔츠,YW,남방,"49,900"
MI,WF,MIWYWF419G,스트라이프 슬림핏 셔츠,YW,남방,"59,900"
MI,WF,MIWYWF420A,시스루 셔츠,YW,남방,"39,900"
MI,WF,MIWYWF424B,크링클 셔츠,YW,남방,"49,900"
MI,WF,MIWYWF501B,오프숄더 투웨이 셔츠,YW,남방,"49,900"
MI,WF,MIWYWF503B,시스루 루즈핏 셔츠,YW,남방,"49,900"
MI,WF,MIWYWF503G,레이스 오버핏 셔츠,YW,남방,"59,900"
MI,WF,MIWYWF504C,소프트 시스루 후드 셔츠,YW,남방,"49,900"
MI,WF,MIWYWF510A,에센셜 린넨 긴팔 셔츠,YW,남방,"49,900"
MI,WF,MIWYWF514B,스트라이프 백 리본 긴팔 셔츠,YW,남방,"59,900"
MI,WF,MIWYWF520A,에센셜 시스루 셔츠,YW,남방,"39,900"
MI,WF,MIWYWF524B,코튼 도비 셔츠,YW,남방,"49,900"
MI,WF,MIWYWF530A,에센셜 코튼 셔츠,YW,남방,"49,900"
MI,WF,MIWYWF534B,소프트 시스루 백트임 셔츠,YW,남방,"49,900"
MI,WF,MIWYWF601C,블루종 스트링 셔츠,YW,남방,"49,900"
MI,WF,MIWYWF602B,백트임 시스루 셔츠,YW,남방,"49,900"
MI,WF,MIWYWF610A,에센셜 링클 긴팔 셔츠,YW,남방,"39,900"
MI,WF,MIWYWF701B,리본 포인트 시스루 셔츠,YW,남방,"49,900"
MI,WF,MIWYWF704G,세미오버핏 시스루 셔츠,YW,남방,"49,900"
MI,WF,MIWYWF710A,에센셜 시스루 긴팔 셔츠,YW,남방,"39,900"
MI,WF,MIWYWF711B,시스루 롱 셔츠,YW,남방,"59,900"
MI,WF,MIWYWF720A,에센셜 시스루 긴팔 크롭 셔츠,YW,남방,"39,900"
MI,WF,MIWYWF801B,카라 배색 시스루 셔츠,YW,남방,"59,900"
MI,WF,MIWYWF801G,체크 시스루 셔츠,YW,남방,0
MI,WF,MIWYWF80QG,세미오버핏 시스루 셔츠 RE YWF704G,YW,남방,"49,900"
MI,WF,MIWYWF902B,아우터형 체크 크롭 셔츠,YW,남방,0
MI,WF,MIWYWF902C,빈티지 체크 오버핏 셔츠,YW,남방,"59,900"
MI,WF,MIWYWF902G,슬림핏 절개 셔츠,YW,남방,"49,900"
MI,WF,MIWYWF904B,오픈카라 스트라이프 셔츠,YW,남방,0
MI,WF,MIWYWF904C,세미 오버핏 체크 셔츠,YW,남방,"49,900"
MI,WF,MIWYWF904G,오픈형 후드 셔츠,YW,남방,"49,900"
MI,WF,MIWYWF910A,[에센셜] 세미 오버핏 셔츠,YW,남방,"29,900"
MI,WF,MIWYWF912B,체크 셔링 셔츠,YW,남방,"49,900"
MI,WF,MIWYWF920A,[에센셜] 링클프리 크롭셔츠,YW,남방,"35,900"
MI,WF,MIWYWF930A,스트라이프 정핏 셔츠,YW,남방,"39,900"
MI,WF,MIWYWF940A,[에센셜] 링클프리 셔츠,YW,남방,"39,900"
MI,WF,MIWYWF950A,시스루 세미 오버핏 셔츠,YW,남방,"39,900"
MI,WF,MIWYWF960A,베이직 루즈핏 셔츠,YW,남방,0
MI,WF,MIWYWFT01C,체크 후드 셔츠,YW,남방,0
MI,WF,MIWYWFT01G,링클프리 타이 셔츠,YW,남방,"49,900"
MI,WF,MIWYWFT02C,페이크 스웨이드 셔츠,YW,남방,"49,900"
MI,WF,MIWYWFT04B,스트라이프 셔츠,YW,남방,0
MI,WF,MIWYWFT10A,슬림핏 코튼 셔츠,YW,남방,"35,900"
MI,WF,MIWYWFT14B,스트라이프 백 디테일 셔츠,YW,남방,"49,900"
MI,WF,MIWYWFT20C,정핏 체크 셔츠,YW,남방,"49,900"
MI,WF,MIWYWFT24B,링클프리 벨티드 셔츠,YW,남방,0
MI,WF,MIWYWFT54G,스웨이드라이크 크롭 셔츠,YW,남방,"49,900"
MI,WF,MIWYWFT64C,코듀로이 셔츠,YW,남방,0
MI,WF,MIWYWFV02C,체크 셔링 슬림핏 셔츠,YW,남방,"49,900"
MI,WF,MIWYWFV10A,베이직 정핏 셔츠,YW,남방,"35,900"
MI,WF,MIWYWFV64C,코듀로이 셔츠,YW,남방,"49,900"
MI,WG,MIWYWG102C,프릴 레이어드 셔츠,YW,남방,"49,900"
MI,WG,MIWYWG110A,베이직 슬림핏 셔츠,YW,남방,"35,900"
MI,WG,MIWYWG309G,V넥 슬림핏 타이 셔츠,YW,남방,"49,900"
MI,WG,MIWYWG310A,[에센셜] 세미오버핏 셔츠,YW,남방,"29,900"
MI,WG,MIWYWG311C,오버핏 체크 셔츠,YW,남방,"49,900"
MI,WG,MIWYWG320A,[에센셜] 크롭 셔츠,YW,남방,"35,900"
MI,WG,MIWYWG321C,슬림핏 롱 셔츠,YW,남방,"49,900"
MI,WG,MIWYWG330A,오버핏 스트라이프 셔츠,YW,남방,"49,900"
MI,WG,MIWYWG3B01,오픈카라 오버핏 셔츠,YW,남방,"39,900"
MI,WG,MIWYWG3B02,베이직 세미오버핏 셔츠,YW,남방,"39,900"
MI,WG,MIWYWG401B,스트라이프 랩 셔츠,YW,남방,"49,900"
MI,WG,MIWYWG402B,슬림핏 체크 셔츠,YW,남방,"49,900"
MI,WG,MIWYWG405G,밑단 프릴 셔츠,YW,남방,"49,900"
MI,WG,MIWYWG40QC,오버핏 체크 셔츠 RE YWG311C,YW,남방,"49,900"
MI,WG,MIWYWG410A,오픈카라 시스루 셔츠,YW,남방,"39,900"
MI,WG,MIWYWG412B,원오프숄더 체크 셔츠,YW,남방,"49,900"
MI,WG,MIWYWG501B,시스루 벨티드 셔츠,YW,남방,"49,900"
MI,WG,MIWYWG502B,소재 변형 오버핏 셔츠,YW,남방,"49,900"
MI,WG,MIWYWG502G,체크 후드 셔츠,YW,남방,"49,900"
MI,WG,MIWYWG509B,오버핏 시스루 셔츠,YW,남방,"49,900"
MI,WG,MIWYWG510A,[에센셜] 소프트 오버핏 셔츠,YW,남방,"49,900"
MI,WG,MIWYWG601B,꼬임 디테일 시스루 셔츠,YW,남방,"49,900"
MI,WG,MIWYWG610A,백 버튼 크롭 셔츠,YW,남방,"49,900"
MI,WG,MIWYWG701B,백트임 시스루 셔츠,YW,남방,"49,900"
MI,WG,MIWYWG701C,오버핏 시스루 셔츠,YW,남방,"49,900"
MI,WG,MIWYWG70QB,시스루 벨티드 셔츠 RE YWG501B,YW,남방,"49,900"
MI,WG,MIWYWG7B01,오버핏 시스루 셔츠,YW,남방,"59,900"
MI,WG,MIWYWG901C,오버핏 체크 셔츠,YW,남방,"49,900"
MI,WG,MIWYWG901G,7부 소매 정핏 크롭 셔츠,YW,남방,"49,900"
MI,WG,MIWYWG906G,가디건형 셔츠,YW,남방,"49,900"
MI,WG,MIWYWG910A,[에센셜] 세미 오버핏 셔츠,YW,남방,"29,900"
MI,WG,MIWYWG911C,아웃포켓 캐주얼 셔츠,YW,남방,"49,900"
MI,WG,MIWYWG916B,2WAY 벨티드 셔츠,YW,남방,"49,900"
MI,WG,MIWYWG920A,스트라이프 정핏 셔츠,YW,남방,"39,900"
MI,WG,MIWYWG921C,단작 비대칭 벨티드 셔츠,YW,남방,"49,900"
MI,WG,MIWYWG921G,랩 디테일 셔츠,YW,남방,"49,900"
MI,WG,MIWYWG930A,[에센셜] 슬림핏 셔츠,YW,남방,"39,900"
MI,WG,MIWYWGT01B,스웨이드 라이크 벨티드 셔츠,YW,남방,"59,900"
MI,WG,MIWYWGT01C,정핏 체크 셔츠,YW,남방,"49,900"
MI,WG,MIWYWGT01G,스웨이드 라이크 레귤러 셔츠,YW,남방,0
MI,WG,MIWYWGT02G,소재 변형 슬림핏 셔츠,YW,남방,0
MI,WG,MIWYWGT06C,언발 카라 디자인 셔츠,YW,남방,0
MI,WG,MIWYWGT11G,링클프리 타이 셔츠,YW,남방,0
MI,WG,MIWYWGT21G,절개 탑 레이어드 셔츠,YW,남방,0
MI,WG,MIWYWGV01B,랩 디테일 셔츠,YW,남방,0
MI,WG,MIWYWGV01C,후드 플리스 아노락,YW,남방,0
MI,WG,MIWYWGV02B,셔링 타이 셔츠,YW,남방,0
MI,WG,MIWYWGV0QC,오버핏 체크 셔츠 RE_YWG901C,YW,남방,0
NB,E1,NBMDE11013,UNI 에센셜 스몰로고 후드집업 (SEMI OVER FIT),MD,점퍼,"99,900"
NB,E1,NBMDE11113,UNI HERITAGE 후드집업 (SEMI OVER FIT),MD,점퍼,"109,000"
NB,E1,NBMDE1W202,W 시그니처 카라 투웨이 집업(SEMI-OVER FIT),MD,점퍼,"109,000"
NB,E2,NBMDE22433,UNI 트리코트 스탠넥 집업 (STANDARD FIT),MD,점퍼,"129,000"
NB,E2,NBMDE22613,UNI 베이직 집업 래쉬가드 (STANDARD FIT),MD,점퍼,"89,900"
NB,E2,NBMDE2W322,W 소프트 골지 카라 투웨이 집업(SLIM FIT),MD,점퍼,"89,900"
NB,E2,NBMDE2W702,W 에센셜 집업 래쉬가드(SLIM FIT),MD,점퍼,"89,900"
NB,E3,NBMDE3W702,W 워터 크롭 집업 래쉬가드,MD,점퍼,"89,900"
NB,E3,NBMDE3W712,W 커버업 퀵드라이 후드집업,MD,점퍼,"109,000"
NB,E3,NBMDE3W802,W 소프트 골지 후드형 투웨이 집업(SLIM FIT),MD,점퍼,"129,000"
NB,E3,NBMDE3W812,W 소프트 골지 카라형 투웨이 집업(SLIM FIT),MD,점퍼,"99,900"
NB,E4,NBMDE41013,UNI ESS 클래식 후드집업 (STANDARD FIT),MD,점퍼,"99,900"
NB,E4,NBMDE41113,UNI ESS 클래식 기모 후드집업 (SEMI OVER FIT),MD,점퍼,"99,900"
NB,E4,NBMDE41303,UNI 에센셜 트랙자켓,MD,점퍼,"129,000"
NB,E4,NBMDE42813,UNI NBSC 스태디움 자켓,MD,점퍼,"179,000"
NB,E4,NBMDE42823,UNI NBSC 베이스볼 저지,MD,점퍼,"89,900"
NB,E4,NBMDE42833,UNI 브릿지 그래픽 후드집업 (SEMI OVER FIT),MD,점퍼,"159,000"
NB,E4,NBMDE42923,UNI N시그니처 덤블 플리스 자켓,MD,점퍼,"199,000"
NB,E4,NBMDE4W142,W 에센셜 트랙 자켓,MD,점퍼,"129,000"
NB,E4,NBMDE4W822,W 세미크롭 우븐믹스 트랙 자켓(SEMI OVER FIT),MD,점퍼,"159,000"
NB,E4,NBMDE4W832,W 시그니처 넌기모 후드집업 (SEMI OVER FIT),MD,점퍼,"129,000"
NB,E4,NBMDE4W922,W 벨루아 골지 후드집업(SEMI OVER FIT),MD,점퍼,"129,000"
NB,E4,NBMDE4W942,W 기모 테리 플리스 반집업 맨투맨(SEMI OVER FIT),MD,점퍼,"99,900"
NB,E4,NBMDE4W952,W 세미크롭 플리스 자켓(SEMI OVER FIT),MD,점퍼,"199,000"
NB,EB,NBMDEB1013,(상설) UNI 에센셜 스몰로고 후드집업,MD,점퍼,0
NB,EB,NBMDEB3123,(상설) UNI 그래픽 후드집업,MD,점퍼,0
NB,EC,NBMDECA023,[멤버스] UNI 보스턴 클래식 플리스 집업,MD,점퍼,"99,900"
NB,F1,NBMDF11113,UNI 574 CLASSIC TRACK 스텐드넥 집업,MD,점퍼,"129,000"
NB,F1,NBMDF11203,UNI 에센셜 스몰로고 후드집업 (SEMI OVER FIT),MD,점퍼,"99,900"
NB,F1,NBMDF1W212,W HERITAGE 후드집업  (SEMI OVER FIT),MD,점퍼,"129,000"
NB,F2,NBMDF21323,UNI 플라잉 트랙 집업(SEMI OVER FIT),MD,점퍼,"129,000"
NB,F2,NBMDF21403,UNI 에센셜 싱글메쉬 후드집업(SEMI OVER FIT),MD,점퍼,"99,900"
NB,F2,NBMDF25403,UNI RC FROZEN 트리코트 스탠넥 집업,MD,점퍼,"129,000"
NB,F2,NBMDF2W312,W 소프트 골지 카라 투웨이 집업 (SLIM FIT),MD,점퍼,"99,900"
NB,F3,NBMDF3M511,MEN AIR 반팔 셔츠,MD,점퍼,"89,900"
NB,F3,NBMDF3W112,W 트랙 골지 집업 (SLIM FIT),MD,점퍼,0
NB,F3,NBMDF3W712,W 워터 집업 래쉬가드,MD,점퍼,"89,900"
NB,F4,NBMDF41003,UNI 에센셜 클래식 기모 후드집업 (SEMI OVER FIT),MD,점퍼,"99,900"
NB,F4,NBMDF41803,UNI 에센셜 클래식 후드집업 (SEMI OVER FIT),MD,점퍼,"99,900"
NB,F4,NBMDF41843,UNI 트랙 클럽 후드집업 (SEMI OVER FIT),MD,점퍼,"129,000"
NB,F4,NBMDF41913,UNI 윈터 플리스 스텐드넥 집업(SEMI OVER FIT),MD,점퍼,"129,000"
NB,F4,NBMDF45102,WOMEN Polatec 퍼포먼스 플리스,MD,점퍼,"259,000"
NB,F4,NBMDF45103,UNI Polatec 퍼포먼스 플리스,MD,점퍼,"259,000"
NB,F4,NBMDF45123,UNI PF 에센셜 기모 후드집업,MD,점퍼,"129,000"
NB,F4,NBMDF4A013,UNI USA 클래식 후드집업 (OVER FIT),MD,점퍼,"129,000"
NB,F4,NBMDF4M911,MEN 워셔블 울 블렌딩 가디건,MD,점퍼,0
NB,F4,NBMDF4W032,W 벨루아 골지 후드집업 (SEMI OVER FIT),MD,점퍼,"129,000"
NB,F4,NBMDF4W042,W 벨루아 골지 스탠넥 집업 (SEMI OVER FIT),MD,점퍼,"129,000"
NB,F4,NBMDF4W142,W 벨루아 트랙 카라 집업 (SLIM FIT),MD,점퍼,"99,900"
NB,F4,NBMDF4W832,W 에센셜 골지 후드 집업 (SEMI OVER FIT),MD,점퍼,"109,000"
NB,F4,NBMDF4W912,W 코지 덤블 플리스 집업 (SEMI OVER FIT),MD,점퍼,"199,000"
NB,FB,NBMDFB1203,UNI 에센셜 스몰로고 후드집업 (SEMI OVER FIT),MD,점퍼,"99,900"
NB,FB,NBMDFB9003,(쿠팡) UNI 에센셜 플리스 집업,MD,점퍼,"109,000"
NB,FC,NBMDFC2113,(상설) UNI 트리코트 스탠넥 집업,MD,점퍼,0
NB,FC,NBMDFCA033,[멤버스] UNI NB 클래식 헤리티지 플리스 스탠넥 자켓,MD,점퍼,"159,000"
NB,FC,NBMDFCA043,[멤버스] UNI NB 클래식 헤리티지 후드집업,MD,점퍼,"129,000"
NB,FC,NBMDFCO302,[상설] W 소프트 골지 카라형 투웨이 집업(SLIM FIT),MD,점퍼,"99,900"
NB,FC,NBMDFCO402,[상설] W 퍼플리스 자켓,MD,점퍼,"199,000"
NB,FC,NBMDFCO422,[상설] W 에센셜 기모 후드집업(SEMI OVER FIT),MD,점퍼,"99,900"
NB,FC,NBMDFCO423,(상설) UNI 헤리티지 빅 플리스 후드 풀집업,MD,점퍼,"159,000"
NB,FC,NBMDFCO473,(상설) UNI 헤리티지 플리스 집업,MD,점퍼,0
NB,G1,NBMDG11203,UNI 에센셜 스몰로고 후드집업 (SEMI OVER FIT),MD,점퍼,"99,900"
NB,G1,NBMDG11213,UNI NEW GREY 그래픽 후드 집업,MD,점퍼,"129,000"
NB,G1,NBMDG15212,W PF 올데이 크롭 후드집업,MD,점퍼,"129,000"
NB,G1,NBMDG15213,UNI PF 올데이 후드집업,MD,점퍼,"129,000"
NB,G2,NBMDG21313,UNI 2002 아카이브 스웻 가디건,MD,점퍼,"109,000"
NB,G2,NBMDG21323,UNI 740 Shift 와플 후드집업 (SEMI OVER FIT),MD,점퍼,"129,000"
NB,G2,NBMDG21403,UNI 에센셜 썸머 경량 후드집업 (SEMI OVER FIT),MD,점퍼,"99,900"
NB,G2,NBMDG21413,UNI 에센셜 썸머 경량 다잉 후드집업 (OVER FIT),MD,점퍼,"109,000"
NB,G2,NBMDG21423,UNI 에센셜 썸머 경량 라운드넥 집업 (STANDARD FIT),MD,점퍼,"109,000"
NB,G2,NBMDG25313,UNI RC 트리코트 바람막이,MD,점퍼,"129,000"
NB,G2,NBMDG29303,NB X BROWN YARD BASELAYER,MD,점퍼,"99,900"
NB,G2,NBMDG2W412,W 경량 이중직 후드집업(SEMI OVER FIT),MD,점퍼,"99,900"
NB,G3,NBMDG31803,UNI 에센셜 헤리티지 경량 스텐드넥 집업 (OVER FIT),MD,점퍼,"99,900"
NB,G3,NBMDG31833,UNI ESCAPE 다잉 후드집업 (OVER FIT),MD,점퍼,"129,000"
NB,G3,NBMDG31853,UNI 모닝레이브 오버핏 후드집업 (OVER FIT),MD,점퍼,"129,000"
NB,G3,NBMDG3W112,W NB-FLOWY 후드집업 (SLIM FIT),MD,점퍼,"89,900"
NB,G3,NBMDG3W112,W NB-FLOWY 후드집업 (SLIM FIT),MD,점퍼,0
NB,G3,NBMDG3W612,W 골지 가디건 (SLIM FIT),MD,점퍼,"69,900"
NB,G3,NBMDG3W812,W AIRY 와플 후드집업 (SEMI OVER FIT),MD,점퍼,"109,000"
NB,G4,NBMDG41003,UNI 에센셜 클래식 기모 후드집업 (SEMI OVER FIT),MD,점퍼,0
NB,G4,NBMDG41033,UNI 플라잉 WOOL 플리스 후드집업 (OVER FIT),MD,점퍼,0
NB,G4,NBMDG41043,UNI 플라잉 기모 다잉 후드집업 (OVER FIT),MD,점퍼,0
NB,G4,NBMDG41803,UNI 에센셜 클래식 후드집업 (SEMI OVER FIT),MD,점퍼,"109,000"
NB,G4,NBMDG41903,UNI 플라잉 AEROHEAT 플리스 우븐 믹스 유틸리티 자켓,MD,점퍼,0
NB,G4,NBMDG45103,UNI RC 에어로히트 베이스레이어,MD,점퍼,0
NB,G4,NBMDG45113,UNI RC 폴라텍 알파 베이스레이어,MD,점퍼,0
NB,G4,NBMDG45902,W RC FRESH 후디형 베이스레이어,MD,점퍼,0
NB,G4,NBMDG45903,UNI RC 하이브리드 스탠넥 베이스레이어,MD,점퍼,0
NB,G4,NBMDG45913,UNI RC FRESH 후디형 베이스레이어,MD,점퍼,0
NB,G4,NBMDG4A013,UNI NB Small Heart 헤리티지 경량 후드집업 (OVER FI,MD,점퍼,0
NB,G4,NBMDG4W022,W 벨벳 골지 후드집업(SEMI OVER FIT),MD,점퍼,0
NB,G4,NBMDG4W032,W 클라우드 플리스 후드집업,MD,점퍼,0
NB,G4,NBMDG4W042,W 울플리스 가디건,MD,점퍼,0
NB,G4,NBMDG4W932,W 코지 플리스 스탠넥 집업 (SEMI OVER FIT),MD,점퍼,0
NB,GB,NBMDGB1003,UNI 에센셜 클래식 기모 후드집업 (SEMI OVER FIT),MD,점퍼,0
NB,GB,NBMDGB1043,UNI 플라잉 기모 다잉 후드집업 (OVER FIT),MD,점퍼,0
NB,GB,NBMDGB1203,UNI 에센셜 스몰로고 후드집업 (SEMI OVER FIT),MD,점퍼,"99,900"
NB,GB,NBMDGB1213,UNI NEW GREY 그래픽 후드 집업,MD,점퍼,"129,000"
NB,GB,NBMDGB1313,UNI 2002 아카이브 스웻 가디건,MD,점퍼,"109,000"
NB,GB,NBMDGB1803,UNI 에센셜 클래식 후드집업 (SEMI OVER FIT),MD,점퍼,"109,000"
NB,GB,NBMDGB1833,UNI ESCAPE 다잉 후드집업 (OVER FIT),MD,점퍼,"129,000"
NB,GC,NBMDGCW402,(상설) W 에센셜 기모 후드집업(SEMI OVER FIT),MD,점퍼,0
NB,E1,NBMLE11013,UNI 에센셜 스트레이트 팬츠,ML,면바지,"79,900"
NB,E1,NBMLE11023,UNI 에센셜 원턱 와이드 팬츠,ML,면바지,"79,900"
NB,E1,NBMLE11033,UNI 에센셜 와이드 팬츠,ML,면바지,"79,900"
NB,E1,NBMLE11043,UNI 에센셜 조거 팬츠 (STANDARD FIT),ML,면바지,"79,900"
NB,E1,NBMLE11113,UNI HERITAGE 조거팬츠,ML,면바지,"89,900"
NB,E1,NBMLE11213,UNI 스포츠클럽 와이드 팬츠,ML,면바지,"89,900"
NB,E1,NBMLE12333,UNI 러닝에센셜 조거팬츠,ML,면바지,"89,900"
NB,E1,NBMLE1W202,W 시그니처 와이드 스웻 팬츠,ML,면바지,"89,900"
NB,E1,NBMLE1W212,W 시그니처 조거 스웻 팬츠,ML,면바지,"89,900"
NB,E2,NBMLE21013,UNI 에센셜 싱글메쉬 스트레이트 팬츠,ML,면바지,"79,900"
NB,E2,NBMLE21023,UNI 에센셜 싱글메쉬 와이드 팬츠,ML,면바지,"79,900"
NB,E2,NBMLE21033,UNI 에센셜 싱글메쉬 조거 팬츠,ML,면바지,"79,900"
NB,E2,NBMLE22433,UNI 트리코트 조거팬츠,ML,면바지,"99,900"
NB,E2,NBMLE22433,UNI 트리코트 조거팬츠,ML,면바지,0
NB,E2,NBMLE22443,UNI 트리코트 스트레이트팬츠,ML,면바지,"99,900"
NB,E2,NBMLE2W312,W 썸머 에코 와이드 스웻 팬츠,ML,면바지,"89,900"
NB,E2,NBMLE2W322,W 소프트 골지 와이드 팬츠,ML,면바지,"89,900"
NB,E2,NBMLE2W332,W 소프트 골지 플레어 팬츠,ML,면바지,"89,900"
NB,E2,NBMLE2W402,W 라이트 골지 와이드 팬츠,ML,면바지,"79,900"
NB,E3,NBMLE32013,MEN THE TRACK 프레쉬 테이퍼드 스웻 팬츠,ML,면바지,"89,900"
NB,E3,NBMLE3W802,W 소프트 골지 와이드팬츠,ML,면바지,"89,900"
NB,E3,NBMLE3W812,W 소프트 골지 부츠컷팬츠,ML,면바지,"89,900"
NB,E4,NBMLE41013,UNI ESS 클래식 조거 팬츠,ML,면바지,"79,900"
NB,E4,NBMLE41023,UNI ESS 클래식 스트레이트 팬츠,ML,면바지,"79,900"
NB,E4,NBMLE41033,UNI ESS 클래식 와이드 팬츠,ML,면바지,"79,900"
NB,E4,NBMLE41113,UNI ESS 클래식 조거 기모 팬츠,ML,면바지,"79,900"
NB,E4,NBMLE41123,UNI ESS 클래식 스트레이트 기모 팬츠,ML,면바지,"79,900"
NB,E4,NBMLE41303,UNI 에센셜 트랙팬츠,ML,면바지,"99,900"
NB,E4,NBMLE41903,UNI 플라잉 기모 2WAY 와이드 팬츠,ML,면바지,"89,900"
NB,E4,NBMLE42813,UNI NBSC 와이드 팬츠,ML,면바지,"89,900"
NB,E4,NBMLE42823,UNI 브릿지 그래픽 와이드 카고팬츠,ML,면바지,"99,900"
NB,E4,NBMLE4W142,W 에센셜 트랙 와이드팬츠,ML,면바지,"99,900"
NB,E4,NBMLE4W162,W 트랙 와이드 팬츠,ML,면바지,"99,900"
NB,E4,NBMLE4W822,W 우븐믹스 트랙 와이드팬츠,ML,면바지,"89,900"
NB,E4,NBMLE4W902,W 에센셜 기모 와이드팬츠,ML,면바지,"79,900"
NB,E4,NBMLE4W912,W 에센셜 기모 조거팬츠,ML,면바지,"79,900"
NB,E4,NBMLE4W922,W 벨루아 골지 와이드팬츠,ML,면바지,"99,900"
NB,E4,NBMLE4W932,W 벨루아 골지 조거팬츠,ML,면바지,"99,900"
NB,EB,NBMLEB1013,(상설) UNI 에센셜 베이직 팬츠 (SLIM FIT),ML,면바지,0
NB,EB,NBMLEB1023,(상설) UNI 에센셜 베이직 팬츠 (STANDARD FIT),ML,면바지,0
NB,EB,NBMLEB1033,(상설) UNI 에센셜 와이드 팬츠,ML,면바지,0
NB,EB,NBMLEB1043,(상설) UNI 에센셜 조거 팬츠,ML,면바지,0
NB,EB,NBMLEBW202,(상설) W 소프트 핀턱 와이드 팬츠,ML,면바지,0
NB,EB,NBMLEBW212,(상설) W 소프트 핀턱 조거 팬츠,ML,면바지,0
NB,EC,NBMLECA023,[멤버스] UNI 보스턴 클래식 플리스 2WAY 팬츠,ML,면바지,"79,900"
NB,F1,NBMLF11113,UNI 574 CLASSIC TRACK 와이드 팬츠,ML,면바지,"99,900"
NB,F1,NBMLF11203,UNI 에센셜 조거 팬츠,ML,면바지,"79,900"
NB,F1,NBMLF11213,UNI 에센셜 스트레이트 팬츠,ML,면바지,"79,900"
NB,F1,NBMLF11223,UNI 에센셜 와이드 팬츠,ML,면바지,"79,900"
NB,F1,NBMLF11233,UNI 에센셜 원턱 와이드 팬츠,ML,면바지,"79,900"
NB,F1,NBMLF11243,UNI 헤리티지 와이드 팬츠,ML,면바지,"89,900"
NB,F1,NBMLF15203,UNI RC FRESH 조거팬츠,ML,면바지,"89,900"
NB,F1,NBMLF1W212,W 시그니처 와이드팬츠,ML,면바지,"89,900"
NB,F1,NBMLF1W222,W 시그니처 조거팬츠,ML,면바지,"89,900"
NB,F1,NBMLF1W232,W HERITAGE 와이드팬츠,ML,면바지,"89,900"
NB,F2,NBMLF21313,UNI 에센셜 카고 와이드 팬츠,ML,면바지,"79,900"
NB,F2,NBMLF21323,UNI 플라잉 트랙 와이드 팬츠,ML,면바지,"99,900"
NB,F2,NBMLF21403,UNI 에센셜 싱글메쉬 조거 팬츠,ML,면바지,0
NB,F2,NBMLF21413,UNI 에센셜 싱글메쉬 스트레이트 팬츠,ML,면바지,"79,900"
NB,F2,NBMLF21423,UNI 에센셜 싱글메쉬 와이드 팬츠,ML,면바지,"79,900"
NB,F2,NBMLF21433,UNI 에센셜 경량 이중직 조거 팬츠,ML,면바지,"79,900"
NB,F2,NBMLF21443,UNI 에센셜 경량 이중직 원턱 와이드 팬츠,ML,면바지,"79,900"
NB,F2,NBMLF25403,UNI RC FROZEN 트리코트 팬츠 (STANDARD FIT),ML,면바지,"99,900"
NB,F2,NBMLF25413,UNI RC FROZEN 트리코트 팬츠 (SLIM FIT),ML,면바지,"99,900"
NB,F2,NBMLF2W012,W 라이트 골지 와이드 팬츠,ML,면바지,"79,900"
NB,F2,NBMLF2W312,W 소프트 골지 와이드팬츠,ML,면바지,"89,900"
NB,F3,NBMLF35503,UNI FROZEN 트리코트 5부 숏츠,ML,면바지,0
NB,F3,NBMLF3M511,MEN AIR 이지 팬츠 (RELAXED FIT),ML,면바지,"89,900"
NB,F3,NBMLF3W112,W 트랙 골지 와이드팬츠,ML,면바지,0
NB,F4,NBMLF41003,UNI 에센셜 클래식 기모 조거 팬츠,ML,면바지,"79,900"
NB,F4,NBMLF41013,UNI 에센셜 클래식 기모 와이드 팬츠,ML,면바지,"79,900"
NB,F4,NBMLF41033,UNI 에센셜 클래식 기모 스트레이트 팬츠,ML,면바지,"79,900"
NB,F4,NBMLF41043,UNI 에센셜 클래식 워시드 기모 오버 와이드 팬츠,ML,면바지,"89,900"
NB,F4,NBMLF41803,UNI 에센셜 클래식 조거 팬츠,ML,면바지,"79,900"
NB,F4,NBMLF41813,UNI 에센셜 클래식 스트레이트 팬츠,ML,면바지,"79,900"
NB,F4,NBMLF41823,UNI 에센셜 클래식 와이드 팬츠,ML,면바지,"79,900"
NB,F4,NBMLF41833,UNI 에센셜 클래식 사이드턱 오버와이드 팬츠,ML,면바지,"79,900"
NB,F4,NBMLF41913,UNI 윈터 플리스 2WAY 와이드 팬츠,ML,면바지,"99,900"
NB,F4,NBMLF41943,UNI 컬리지 원턱 와이드 팬츠,ML,면바지,"89,900"
NB,F4,NBMLF45123,UNI PF 에센셜 기모 스트레이트팬츠 (STANDARD FIT),ML,면바지,"129,000"
NB,F4,NBMLF45903,UNI RC FRESH ORIZIN 조거팬츠,ML,면바지,"89,900"
NB,F4,NBMLF4A013,UNI USA 커브드 벌룬 와이드 팬츠,ML,면바지,"89,900"
NB,F4,NBMLF4M911,MEN 워셔블 울 블렌딩 와이드 팬츠 (RELAXED FIT),ML,면바지,0
NB,F4,NBMLF4W052,W 벨루아 골지 와이드팬츠,ML,면바지,"99,900"
NB,F4,NBMLF4W072,W 벨루아 골지 조거팬츠,ML,면바지,"99,900"
NB,F4,NBMLF4W142,W 벨루아 트랙 와이드팬츠,ML,면바지,"89,900"
NB,F4,NBMLF4W912,W 코지 플리스 와이드 팬츠,ML,면바지,"99,900"
NB,FB,NBMLFB1233,UNI 에센셜 원턱 와이드 팬츠,ML,면바지,"79,900"
NB,FC,NBMLFC2113,(상설) UNI 트리코트 스트레이트 팬츠,ML,면바지,0
NB,FC,NBMLFCA043,[멤버스] UNI NB 클래식 헤리티지 오버 와이드 팬츠,ML,면바지,"89,900"
NB,FC,NBMLFCO143,(상설) UNI 트리코트 조거팬츠,ML,면바지,"99,900"
NB,FC,NBMLFCO153,(상설) UNI 퍼포먼스 시즌리스 팬츠 (SLIM FIT),ML,면바지,"99,900"
NB,FC,NBMLFCO402,[상설] W 에센셜 기모 와이드팬츠,ML,면바지,"79,900"
NB,FC,NBMLFCO473,(상설) UNI 헤리티지 플리스 2WAY 팬츠,ML,면바지,0
NB,G1,NBMLG11003,UNI 에센셜 클래식 기모 사이드턱 오버와이드 팬츠,ML,면바지,"79,900"
NB,G1,NBMLG11203,UNI 에센셜 조거 팬츠,ML,면바지,"79,900"
NB,G1,NBMLG11213,UNI 에센셜 스트레이트 팬츠,ML,면바지,"79,900"
NB,G1,NBMLG11223,UNI 에센셜 와이드 팬츠,ML,면바지,"79,900"
NB,G1,NBMLG11233,UNI 에센셜 와이드 원턱 팬츠,ML,면바지,"79,900"
NB,G1,NBMLG11243,UNI NEW GREY 카고 와이드 팬츠,ML,면바지,"89,900"
NB,G1,NBMLG11253,UNI 에센셜 커브드 오버 와이드 팬츠,ML,면바지,"89,900"
NB,G1,NBMLG15203,UNI PF 올데이 조거팬츠,ML,면바지,"89,900"
NB,G1,NBMLG15212,W PF 올데이 조거팬츠,ML,면바지,"89,900"
NB,G2,NBMLG21403,UNI 에센셜 썸머 경량 스트레이트 팬츠,ML,면바지,"79,900"
NB,G2,NBMLG21413,UNI 에센셜 썸머 경량 와이드 팬츠,ML,면바지,"79,900"
NB,G2,NBMLG21423,UNI 에센셜 썸머 경량 조거 팬츠,ML,면바지,"79,900"
NB,G2,NBMLG21433,UNI 에센셜 썸머 경량 원턱 와이드 팬츠,ML,면바지,"79,900"
NB,G2,NBMLG25303,UNI RC 트리코트 스트레이트팬츠 (STANDARD FIT),ML,면바지,"99,900"
NB,G2,NBMLG25313,UNI RC 트리코트 조거팬츠,ML,면바지,"99,900"
NB,G2,NBMLG25323,UNI RC 러닝팬츠 (SLIM FIT),ML,면바지,0
NB,G2,NBMLG2W412,W 경량 이중직 조거팬츠,ML,면바지,"89,900"
NB,G2,NBMLG2W422,W 경량 이중직 와이드팬츠,ML,면바지,"89,900"
NB,G2,NBMLG2W432,W 경량 이중직 오버 와이드 팬츠,ML,면바지,"89,900"
NB,G3,NBMLG31803,UNI 에센셜 헤리티지 경량 사이드스냅 오버와이드 팬츠,ML,면바지,"89,900"
NB,G3,NBMLG31833,UNI ESCAPE 다잉 스웻 오버핏 조거 팬츠,ML,면바지,"99,900"
NB,G3,NBMLG3W112,W AIRY 와플 플레어팬츠,ML,면바지,"89,900"
NB,G3,NBMLG3W122,W NB-FLOWY 와이드레그 팬츠,ML,면바지,"79,900"
NB,G3,NBMLG3W132,W NB-FLOWY 와이드레그 팬츠,ML,면바지,"79,900"
NB,G3,NBMLG3W612,W 에센셜 골지 와이드팬츠,ML,면바지,"79,900"
NB,G4,NBMLG41003,UNI 에센셜 클래식 기모 조거 팬츠,ML,면바지,0
NB,G4,NBMLG41013,UNI 에센셜 클래식 기모 스트레이트 팬츠,ML,면바지,0
NB,G4,NBMLG41023,UNI 에센셜 클래식 기모 와이드 팬츠,ML,면바지,0
NB,G4,NBMLG41033,UNI 플라잉 WOOL 플리스 2WAY 와이드 팬츠,ML,면바지,0
NB,G4,NBMLG41043,UNI 플라잉 기모 다잉 와이드 팬츠,ML,면바지,0
NB,G4,NBMLG41803,UNI 에센셜 클래식 조거 팬츠,ML,면바지,"89,900"
NB,G4,NBMLG41813,UNI 에센셜 클래식 스트레이트 팬츠,ML,면바지,"89,900"
NB,G4,NBMLG41823,UNI 에센셜 클래식 와이드 팬츠,ML,면바지,"89,900"
NB,G4,NBMLG41903,UNI 플라잉 AEROHEAT 플리스 2WAY 와이드 팬츠,ML,면바지,0
NB,G4,NBMLG41923,UNI 헤리티지 ORBIT 2WAY 오버와이드 팬츠,ML,면바지,0
NB,G4,NBMLG45103,UNI RC  파워 스트레치 스트레이트 팬츠,ML,면바지,0
NB,G4,NBMLG4W032,W 벨벳 골지 와이드팬츠,ML,면바지,0
NB,G4,NBMLG4W042,W 클라우드 플리스 와이드팬츠,ML,면바지,0
NB,G4,NBMLG4W952,W 코지 플리스 와이드팬츠,ML,면바지,0
NB,GB,NBMLGB1043,UNI 플라잉 기모 다잉 와이드 팬츠,ML,면바지,0
NB,GB,NBMLGB1233,UNI 에센셜 와이드 원턱 팬츠,ML,면바지,"79,900"
NB,GB,NBMLGB1253,UNI 에센셜 커브드 오버 와이드 팬츠,ML,면바지,"89,900"
NB,GB,NBMLGB1803,UNI 에센셜 클래식 조거 팬츠,ML,면바지,"89,900"
NB,GB,NBMLGB1833,UNI 에센셜 클래식 사이드턱 오버와이드 팬츠,ML,면바지,"99,900"
NB,GB,NBMLGB1843,UNI ESCAPE 다잉 스웻 오버핏 조거 팬츠,ML,면바지,"89,900"
NB,GB,NBMLGB1903,UNI 플라잉 AEROHEAT 플리스 2WAY 와이드 팬츠,ML,면바지,0
NB,GB,NBMLGB1923,UNI 헤리티지 ORBIT 2WAY 오버와이드 팬츠,ML,면바지,0
NB,GC,NBMLGCO193,(상설) UNI USA 커브드 벌룬 와이드 팬츠,ML,면바지,"89,900"
NB,GC,NBMLGCO203,(상설) UNI 트리코트 스트레이트 팬츠,ML,면바지,"99,900"
NB,GC,NBMLGCO213,(상설) UNI 트리코트 조거팬츠,ML,면바지,"99,900"
NB,GC,NBMLGCO223,(상설) UNI 트리코트 7부 숏팬츠 (STANDARD FIT),ML,면바지,"79,900"
NB,GC,NBMLGCO491,(상설) 워셔블 울 블렌딩 와이드 팬츠,ML,면바지,"99,900"
NB,GC,NBMLGCW222,(상설) W 라이트 골지 와이드 팬츠,ML,면바지,"79,900"
NB,GC,NBMLGCW422,(상설) W 코지 플리스 와이드 팬츠,ML,면바지,0
NB,E1,NBN0E11013,UNI 에센셜 스몰로고 후드티 (STANDARD FIT),N0,니트,"89,900"
NB,E1,NBN0E11213,UNI 스포츠클럽 후드티 (SEMI OVER FIT),N0,니트,"99,900"
NB,E1,NBN0E12333,UNI 러닝에센셜 후드티 (OVER FIT),N0,니트,"99,900"
NB,E4,NBN0E41113,UNI ESS 클래식 기모 후드티 (STANDARD FIT),N0,니트,"89,900"
NB,E4,NBN0E41803,UNI ESS 레터링 후드티 (SEMI OVER FIT),N0,니트,"89,900"
NB,E4,NBN0E41903,UNI 플라잉 기모 후드티(SEMI OVER FIT),N0,니트,"109,000"
NB,E4,NBN0E42813,UNI NBSC 후드티 (SEMI OVER FIT),N0,니트,"109,000"
NB,E4,NBN0E42823,UNI 브릿지 그래픽 후드티 (SEMI OVER FIT),N0,니트,"109,000"
NB,E4,NBN0E42923,UNI 기모 후드티,N0,니트,"109,000"
NB,E4,NBN0E4W832,W 시그니처 넌기모 반집업 후드형 맨투맨(SEMI OVER FIT),N0,니트,"99,900"
NB,E4,NBN0E4W922,W 벨루아 골지 세미크롭 후드티(SEMI OVER FIT),N0,니트,"99,900"
NB,EB,NBN0EB1113,(상설) UNI NB SHIFTED 후드티,N0,니트,0
NB,EB,NBN0EB2213,(상설) UNI 그래픽 후드티,N0,니트,0
NB,F1,NBN0F11203,UNI 에센셜 스몰로고 후드티 (STANDARD FIT),N0,니트,"89,900"
NB,F1,NBN0F11243,UNI 헤리티지 후드티(SEMI OVER FIT),N0,니트,"109,000"
NB,F1,NBN0F11263,UNI 레거시 후드티(SEMI OVER FIT),N0,니트,"109,000"
NB,F1,NBN0F15203,UNI RC FRESH 후드티 (SEMI OVER FIT),N0,니트,"99,900"
NB,F1,NBN0F1M211,MEN 시그니처 후드티 (SEMI OVER FIT),N0,니트,"109,000"
NB,F2,NBN0F2A013,UNI Ndurance 하프집업 경량 후드티 (STANDARD FIT),N0,니트,"89,900"
NB,F3,NBN0F3W612,W FROZEN 우븐 스트레치후드형 반집업 (SEMI-OVER FIT),N0,니트,"99,900"
NB,F4,NBN0F41003,UNI 에센셜 클래식 기모 후드티 (SEMI OVER FIT),N0,니트,"89,900"
NB,F4,NBN0F41023,UNI NBSC 기모 후드티(SEMI OVER FIT),N0,니트,"119,000"
NB,F4,NBN0F41033,UNI Ndurance 레터링 워시드 기모 후드티 (OVER FIT),N0,니트,"129,000"
NB,F4,NBN0F41803,UNI 에센셜 클래식 후드티 (SEMI OVER FIT),N0,니트,"89,900"
NB,F4,NBN0F41943,UNI 컬리지 클럽 후드티(SEMI OVER FIT),N0,니트,"109,000"
NB,F4,NBN0F45903,UNI RC FRESH ORIZIN 후드티,N0,니트,"99,900"
NB,F4,NBN0F4A013,UNI USA 클래식 후드티 (OVER FIT),N0,니트,"109,000"
NB,F4,NBN0F4M811,MEN 시그니처 후드티 (SEMI OVER FIT),N0,니트,"109,000"
NB,FB,NBN0FB1243,UNI 헤리티지 후드티(SEMI OVER FIT),N0,니트,"109,000"
NB,FB,NBN0FB1263,UNI 레거시 후드티(SEMI OVER FIT),N0,니트,"109,000"
NB,G1,NBN0G11203,UNI 에센셜 스몰로고 후드티 (SEMI OVER FIT),N0,니트,"89,900"
NB,G1,NBN0G11213,UNI NEW GREY 그래픽 후드티,N0,니트,"109,000"
NB,G1,NBN0G11223,UNI NEW GREY 등판 그래픽 후드티,N0,니트,"109,000"
NB,G2,NBN0G21403,UNI 살라고뛴다 픽토그램 후드티 (SEMI OVER FIT),N0,니트,"109,000"
NB,G2,NBN0G2A013,UNI NB 서울 글로벌 익스클루시브 후드티 (SEMI OVER FIT),N0,니트,"99,900"
NB,G2,NBN0G2A033,UNI NB 하트 그래픽 후드티 (OVER FIT),N0,니트,"99,900"
NB,G4,NBN0G41003,UNI 에센셜 클래식 기모 후드티 (SEMI OVER FIT),N0,니트,0
NB,G4,NBN0G41053,UNI NEW GREY 레터링 기모 후드티 (OVER FIT),N0,니트,0
NB,G4,NBN0G41803,UNI 에센셜 클래식 후드티 (SEMI OVER FIT),N0,니트,"89,900"
NB,G4,NBN0G41923,UNI 헤리티지 ORBIT 그래픽 후드티 (OVER FIT),N0,니트,0
NB,G4,NBN0G4A013,UNI NB Small Heart 후드 롱슬리브 (SEMI OVER FI,N0,니트,"79,900"
NB,G4,NBN0G4W912,W 에센셜 넌기모 후드티 (SEMI OVER FIT),N0,니트,0
NB,G4,NBN0G4W922,W 에센셜 다잉 후드티 (SEMI OVER FIT),N0,니트,0
NB,GB,NBN0GB1203,UNI 에센셜 스몰로고 후드티 (SEMI OVER FIT),N0,니트,"89,900"
NB,GB,NBN0GB1213,UNI NEW GREY 그래픽 후드티,N0,니트,"109,000"
NB,GB,NBN0GB1223,UNI NEW GREY 등판 그래픽 후드티,N0,니트,"109,000"
NB,GC,NBN0GCO453,(상설) 시그니처 후드티 (SEMI OVER FIT),N0,니트,"109,000"
NB,GC,NBN0GCW102,(상설) W FROZEN 우븐 스트레치 후드형 반집업,N0,니트,"99,900"
NB,E1,NBNAE11013,UNI ESS 헤리티지 웜업 자켓,NA,점퍼,"129,000"
NB,E1,NBNAE11023,UNI ESS 헤리티지 아노락,NA,점퍼,"129,000"
NB,E1,NBNAE11043,UNI ESS 헤리티지 코튼혼방 후드 자켓,NA,점퍼,"159,000"
NB,E1,NBNAE11113,UNI HERITAGE 헤링턴 자켓,NA,점퍼,"179,000"
NB,E1,NBNAE11213,UNI 스포츠클럽 컬러블록 자켓,NA,점퍼,"179,000"
NB,E1,NBNAE12213,THE TRACK 스트레치 스탠넥 자켓,NA,점퍼,"159,000"
NB,E1,NBNAE12223,THE TRACK 스트레치 후드집업,NA,점퍼,"159,000"
NB,E1,NBNAE12233,THE TRACK 메커니컬 항공점퍼,NA,점퍼,"179,000"
NB,E1,NBNAE12313,UNI 플라잉 웜업자켓,NA,점퍼,"179,000"
NB,E1,NBNAE12323,UNI 뉴 플라잉 웜업자켓,NA,점퍼,"179,000"
NB,E1,NBNAE12333,UNI 러닝에센셜 스피드 윈드브레이커,NA,점퍼,"159,000"
NB,E1,NBNAE12343,UNI 1906 마운틴자켓,NA,점퍼,"199,000"
NB,E2,NBNAE21013,UNI 에센셜 스몰로고 경량 바람막이,NA,점퍼,"129,000"
NB,E2,NBNAE21023,UNI ESS 헤리티지 반팔 아노락,NA,점퍼,"89,900"
NB,E2,NBNAE21033,UNI 에센셜 경량 스트레치 반팔 아노락,NA,점퍼,"129,000"
NB,E2,NBNAE21413,UNI 썸머 시어서커 후드집업 자켓,NA,점퍼,"159,000"
NB,E2,NBNAE21513,UNI 경량 스트레치 우븐 셔츠,NA,점퍼,"129,000"
NB,E2,NBNAE22013,THE TRACK 경량 FRESH 바람막이,NA,점퍼,"159,000"
NB,E2,NBNAE22023,THE TRACK 냉감 FRESH 반팔셔츠,NA,점퍼,"129,000"
NB,E2,NBNAE22323,UNI 플라잉 웜업자켓,NA,점퍼,"179,000"
NB,E2,NBNAE22413,UNI 러너스 경량 바람막이,NA,점퍼,"159,000"
NB,E2,NBNAE22423,UNI 러너스 경량 아노락,NA,점퍼,"159,000"
NB,E2,NBNAE22453,UNI 하이킹 경량 바람막이,NA,점퍼,"159,000"
NB,E2,NBNAE22513,UNI NBSC 반팔 아노락 (SEMI-OVER FIT),NA,점퍼,"109,000"
NB,E2,NBNAE22523,UNI NBSC 우븐 반팔 집업 (SEMI-OVER FIT),NA,점퍼,"109,000"
NB,E2,NBNAE2A013,UNI ESS 경량 바람막이,NA,점퍼,"109,000"
NB,E3,NBNAE31313,UNI ESS 헤리티지 웜업 자켓,NA,점퍼,"129,000"
NB,E3,NBNAE31323,UNI ESS 경량 우븐 자켓,NA,점퍼,"129,000"
NB,E3,NBNAE31803,UNI ESS 2-LAYER 웜업 자켓,NA,점퍼,"159,000"
NB,E3,NBNAE31813,UNI ESS 웜업 아노락,NA,점퍼,"129,000"
NB,E3,NBNAE31823,UNI 컬러블록 우븐자켓,NA,점퍼,"179,000"
NB,E3,NBNAE32013,MEN THE TRACK 스트레치 후드 자켓 (Fresh),NA,점퍼,"179,000"
NB,E3,NBNAE32023,MEN THE TRACK 스트레치 블레이저 (Fresh),NA,점퍼,"199,000"
NB,E3,NBNAE32033,MEN THE TRACK 스트레치 트러커 자켓 (Fresh),NA,점퍼,"179,000"
NB,E3,NBNAE32813,UNI N 컬러블록 웜업자켓,NA,점퍼,"179,000"
NB,E3,NBNAE32823,UNI N시그니처 웜업자켓,NA,점퍼,"179,000"
NB,E4,NBNAE42013,UNI 컬러블록 우븐자켓,NA,점퍼,0
NB,E4,NBNAE42901,UNI 러닝에센셜 스피드 바람막이,NA,점퍼,"159,000"
NB,EB,NBNAEB2013,(상설) UNI 초경량 아우터 점퍼,NA,점퍼,0
NB,EB,NBNAEB2313,(상설) UNI 컬러블록 웜업자켓,NA,점퍼,0
NB,EB,NBNAEBW312,(상설) W 스트레치 크롭 자켓,NA,점퍼,0
NB,EC,NBNAEC2323,(상설) UNI N 플라잉 웜업자켓 (SEMI-OVER FIT),NA,점퍼,"179,000"
NB,EC,NBNAECA013,UNI 어슬레틱 클럽 경량 웜업 자켓,NA,점퍼,"129,000"
NB,F1,NBNAF11243,UNI 헤리티지 클래식 코치 자켓,NA,점퍼,"179,000"
NB,F1,NBNAF1M111,MEN 스트레치 트윌 블레이저,NA,점퍼,"199,000"
NB,F1,NBNAF1M211,MEN 3-Layer 유틸리티 자켓,NA,점퍼,"199,000"
NB,F1,NBNAF1M221,MEN 스트레치 블루종,NA,점퍼,"179,000"
NB,F1,NBNAF1W212,W 경량 후드 봄버 자켓,NA,점퍼,"199,000"
NB,F1,NBNAF1W222,W 투레이어 후드 우븐 자켓,NA,점퍼,"179,000"
NB,F2,NBNAF21013,UNI 에센셜 헤리티지 웜업 자켓,NA,점퍼,"129,000"
NB,F2,NBNAF21323,UNI 플라잉 배색 웜업 자켓,NA,점퍼,"179,000"
NB,F2,NBNAF21333,UNI 컬러블록 바람막이,NA,점퍼,"179,000"
NB,F2,NBNAF21343,UNI 플라잉 배색 후드 아노락,NA,점퍼,"159,000"
NB,F2,NBNAF21433,UNI 플라잉 경량 후드 바람막이,NA,점퍼,"159,000"
NB,F2,NBNAF21443,UNI 플라잉 경량 배색 바람막이,NA,점퍼,"159,000"
NB,F2,NBNAF21453,UNI 플라잉 경량 반팔 아노락(SEMI OVER FIT),NA,점퍼,"99,900"
NB,F2,NBNAF21463,UNI 헤리티지 우븐 반집업 반팔 맨투맨(SEMI OVER FIT),NA,점퍼,"89,900"
NB,F2,NBNAF21503,UNI 초경량 바람막이,NA,점퍼,"129,000"
NB,F2,NBNAF25303,UNI RC 바람막이,NA,점퍼,"159,000"
NB,F2,NBNAF25313,UNI RC AIR 경량 N 자켓,NA,점퍼,"129,000"
NB,F2,NBNAF25403,UNI RC AIR 경량 바람막이,NA,점퍼,"129,000"
NB,F2,NBNAF25503,UNI RC Ultra AIR 초경량 바람막이,NA,점퍼,"199,000"
NB,F2,NBNAF2A013,UNI Ndurance 경량 우븐자켓,NA,점퍼,"179,000"
NB,F2,NBNAF2M411,MEN FROZEN 트러커 자켓,NA,점퍼,"179,000"
NB,F2,NBNAF2M421,MEN FROZEN 스트레치 블레이저,NA,점퍼,"179,000"
NB,F2,NBNAF2M511,MEN FROZEN 셔츠 자켓,NA,점퍼,"99,900"
NB,F2,NBNAF2W122,W 트랙 우븐자켓,NA,점퍼,"159,000"
NB,F2,NBNAF2W132,W 중기장 우븐 바람막이,NA,점퍼,"199,000"
NB,F2,NBNAF2W312,W 중기장 스트링 우븐 자켓,NA,점퍼,"179,000"
NB,F2,NBNAF2W322,W 세미크롭 후드 우븐 자켓,NA,점퍼,"159,000"
NB,F2,NBNAF2W412,W 경량 세미크롭 스텐드넥 우븐자켓,NA,점퍼,"159,000"
NB,F2,NBNAF2W422,W 경량 스트링 반팔 우븐자켓,NA,점퍼,"129,000"
NB,F2,NBNAF2W512,W 초경량 립스탑 우븐 바람막이,NA,점퍼,"129,000"
NB,F2,NBNAF2W522,W 초경량 립스탑 우븐 아노락,NA,점퍼,"129,000"
NB,F3,NBNAF31603,UNI FROZEN 쿨터치 반팔 아노락(SEMI OVER FIT),NA,점퍼,"99,900"
NB,F3,NBNAF31703,UNI FROZEN 쿨스트레치 반팔 셔켓,NA,점퍼,"109,000"
NB,F3,NBNAF31713,UNI 썸머 시어서커 스텐드넥 바람막이,NA,점퍼,"129,000"
NB,F3,NBNAF31723,UNI 초경량 바람막이,NA,점퍼,"129,000"
NB,F3,NBNAF31803,UNI 에센셜 헤리티지 스탠드넥 웜업자켓,NA,점퍼,"129,000"
NB,F3,NBNAF31813,UNI 에센셜 헤리티지 후드형 웜업자켓,NA,점퍼,"159,000"
NB,F3,NBNAF31823,UNI ESCAPE 스탠넥 웜업자켓,NA,점퍼,"159,000"
NB,F3,NBNAF31833,UNI ESCAPE 우븐 피스테 (SEMI OVER FIT),NA,점퍼,"129,000"
NB,F3,NBNAF31843,UNI 경량 코튼라이크 아웃포켓 후드 자켓,NA,점퍼,"179,000"
NB,F3,NBNAF35703,UNI RC AIR PRO 바람막이,NA,점퍼,"199,000"
NB,F3,NBNAF3M611,MEN AIR 벤틸레이션 가디건,NA,점퍼,"129,000"
NB,F3,NBNAF3M621,MEN AIR 시어서커 반팔 셔츠,NA,점퍼,"99,900"
NB,F3,NBNAF3M811,MEN 스트레치 트윌 블레이저,NA,점퍼,0
NB,F3,NBNAF3M821,MEN 스트레치 드레스 셔츠,NA,점퍼,0
NB,F3,NBNAF3M831,MEN 스트레치 옥스포드 초어 자켓,NA,점퍼,"179,000"
NB,F3,NBNAF3W012,W HERITAGE 웜업 자켓,NA,점퍼,"129,000"
NB,F3,NBNAF3W022,W FROZEN 코튼터치 긴팔 셔켓 (SEMI OVER FIT),NA,점퍼,"129,000"
NB,F3,NBNAF3W512,W 초경량 립스탑 우븐 바람막이,NA,점퍼,"129,000"
NB,F3,NBNAF3W712,W FROZEN 우븐 스트레치 반팔자켓 (SEMI-OVER FIT),NA,점퍼,"129,000"
NB,F3,NBNAF3W822,W 트랙 경량 우븐자켓,NA,점퍼,"159,000"
NB,F4,NBNAF41903,UNI 윈터 플리스 리버서블 우븐 자켓,NA,점퍼,"199,000"
NB,F4,NBNAF45102,WOMEN 퍼포먼스 Heat 점퍼,NA,점퍼,"199,000"
NB,F4,NBNAF45103,UNI 퍼포먼스 Heat 점퍼,NA,점퍼,"199,000"
NB,F4,NBNAF45802,WOMEN RC 바람막이,NA,점퍼,"159,000"
NB,F4,NBNAF45803,UNI RC 바람막이,NA,점퍼,"159,000"
NB,FB,NBNAFB1013,UNI ESS 헤리티지 웜업 자켓,NA,점퍼,"129,000"
NB,FB,NBNAFB1433,UNI 플라잉 경량 후드 바람막이,NA,점퍼,"159,000"
NB,FB,NBNAFB1453,UNI 플라잉 경량 반팔 아노락(SEMI OVER FIT),NA,점퍼,"99,900"
NB,FB,NBNAFB1503,UNI 초경량 바람막이,NA,점퍼,"129,000"
NB,FC,NBNAFCA013,UNI 썸머 트래블 경량 우븐 하프 셔츠 (SEMI OVER FIT),NA,점퍼,"79,900"
NB,FC,NBNAFCA023,UNI 썸머 트래블 경량 우븐 셔츠 (SEMI OVER FIT),NA,점퍼,"129,000"
NB,FC,NBNAFCA053,(온라인) UNI 고어텍스 3L 에센셜 자켓,NA,점퍼,0
NB,FC,NBNAFCO103,(상설) UNI 퍼포먼스 스트레치 우븐자켓,NA,점퍼,"99,900"
NB,FC,NBNAFCO202,(상설) W 에센셜 후디드 우븐자켓,NA,점퍼,"129,000"
NB,FC,NBNAFCO203,(상설) UNI 에센셜 스탠넥 우븐자켓,NA,점퍼,"129,000"
NB,FC,NBNAFCO213,(상설) 초경량 윈드브레이커,NA,점퍼,"99,900"
NB,FC,NBNAFCO303,(상설) UNI 에센셜 웜업 자켓,NA,점퍼,"129,000"
NB,FC,NBNAFCO313,(상설) UNI N 플라잉 웜업자켓 (SEMI-OVER FIT),NA,점퍼,"179,000"
NB,FC,NBNAFCO413,(상설) UNI 러닝에센셜 스피드 바람막이,NA,점퍼,"99,900"
NB,G2,NBNAG21303,UNI 740 SHIFTED 우븐 자켓,NA,점퍼,"179,000"
NB,G2,NBNAG21313,UNI 2002 아카이브 후드 포켓 자켓,NA,점퍼,"179,000"
NB,G2,NBNAG21313,UNI 2002 아카이브 후드 포켓 자켓,NA,점퍼,0
NB,G2,NBNAG21403,UNI 헤리티지 스탠넥 웜업 자켓 (SEMI OVER FIT),NA,점퍼,"139,000"
NB,G2,NBNAG21413,UNI NANO LIGHT 셔츠 자켓 (SEMI OVER FIT),NA,점퍼,"159,000"
NB,G2,NBNAG21423,UNI NANO LIGHT 후드 바람막이 (SEMI OVER FIT),NA,점퍼,"159,000"
NB,G2,NBNAG21433,UNI NANO LIGHT 포켓 셔츠 자켓 (SEMI OVER FIT),NA,점퍼,"129,000"
NB,G2,NBNAG21503,UNI AIR 초경량 후드 바람막이,NA,점퍼,"129,000"
NB,G2,NBNAG21513,UNI FROZEN 코튼라이크 반팔 포켓 셔켓,NA,점퍼,"109,000"
NB,G2,NBNAG25402,WOMEN RC AIR 초경량 스피드 바람막이,NA,점퍼,"179,000"
NB,G2,NBNAG25403,RC AIR 초경량 스피드 바람막이,NA,점퍼,"179,000"
NB,G2,NBNAG2A013,UNI Archive Pace 초경량 후드 바람막이,NA,점퍼,"179,000"
NB,G2,NBNAG2W312,W 트랙 후드 우븐 자켓,NA,점퍼,"179,000"
NB,G2,NBNAG2W322,W 에센셜 후드 우븐 자켓,NA,점퍼,"159,000"
NB,G2,NBNAG2W412,W 에센셜 경량 스탠넥 우븐자켓,NA,점퍼,"159,000"
NB,G2,NBNAG2W422,W 204 경량 우븐자켓,NA,점퍼,"179,000"
NB,G2,NBNAG2W512,W 브리즈라이트 초경량 패커블 우븐자켓 (STANDARD FIT),NA,점퍼,"129,000"
NB,G2,NBNAG2W522,W 브리즈라이트 초경량 셔링 우븐자켓 (OVER FIT),NA,점퍼,"159,000"
NB,G3,NBNAG31603,UNI 써니 레이니 초경량 바람막이 (OVER FIT),NA,점퍼,"159,000"
NB,G3,NBNAG31703,UNI 트랙스터 포켓 셔츠자켓,NA,점퍼,"129,000"
NB,G3,NBNAG31803,UNI 에센셜 헤리티지 스탠드넥 웜업자켓,NA,점퍼,"139,000"
NB,G3,NBNAG31833,UNI ESCAPE 스탠넥 웜업자켓,NA,점퍼,"159,000"
NB,G3,NBNAG31843,UNI ESCAPE 우븐 피스테 (SEMI OVER FIT),NA,점퍼,"129,000"
NB,G3,NBNAG31853,UNI 모닝레이브 워시드 후디드 자켓,NA,점퍼,"179,000"
NB,G3,NBNAG3W712,W FROZEN 우븐 후드형 셔켓,NA,점퍼,"129,000"
NB,G3,NBNAG3W722,W 시어서커 카라형 셔켓,NA,점퍼,"129,000"
NB,G3,NBNAG3W812,W 에센셜 웜업 자켓(SEMI-OVER FIT),NA,점퍼,"139,000"
NB,G3,NBNAG3W822,W ALLDAY 후드형 바람막이 (OVER FIT),NA,점퍼,"159,000"
NB,G3,NBNAG3W832,W ALLDAY 워시드 후드형 바람막이(OVER FIT),NA,점퍼,0
NB,G4,NBNAG41923,UNI 헤리티지 이너 플리스 우븐 자켓,NA,점퍼,0
NB,G4,NBNAG45102,W RC HEAT 러닝 옥타 베스트,NA,점퍼,0
NB,G4,NBNAG45103,UNI RC HEAT 러닝 옥타 베스트,NA,점퍼,0
NB,G4,NBNAG45903,UNI RC 러닝 바람막이,NA,점퍼,0
NB,G4,NBNAG4A013,UNI NB 데님 후드 포켓 자켓,NA,점퍼,0
NB,GB,NBNAGB1303,UNI 740 SHIFT 우븐 자켓,NA,점퍼,"179,000"
NB,GB,NBNAGB1313,UNI 2002 아카이브 후드 포켓 자켓,NA,점퍼,"179,000"
NB,GB,NBNAGB1313,UNI 2002 아카이브 후드 포켓 자켓,NA,점퍼,0
NB,GB,NBNAGB1413,UNI NANO LIGHT 셔츠 자켓 (SEMI OVER FIT),NA,점퍼,"159,000"
NB,GB,NBNAGB1423,UNI NANO LIGHT 포켓터블 후드 바람막이 (SEMI OVER F,NA,점퍼,"159,000"
NB,GB,NBNAGB1803,UNI 에센셜 헤리티지 스탠드넥 웜업자켓,NA,점퍼,0
NB,GB,NBNAGB1833,UNI ESCAPE 스탠넥 웜업자켓,NA,점퍼,"159,000"
NB,GC,NBNAGCA013,(멤버스) UNI 썬키스드 반팔셔츠,NA,점퍼,"99,900"
NB,GC,NBNAGCA023,(멤버스) UNI 초경량 아우터 점퍼,NA,점퍼,"99,900"
NB,GC,NBNAGCO053,UNI 고어텍스 3L 에센셜 자켓,NA,점퍼,"399,000"
NB,GC,NBNAGCO103,(상설) UNI N 컬러블록 웜업자켓,NA,점퍼,"179,000"
NB,GC,NBNAGCO113,(상설) UNI N 플라잉 웜업자켓 (SEMI-OVER FIT),NA,점퍼,"179,000"
NB,GC,NBNAGCO203,(상설) UNI 초경량 바람막이,NA,점퍼,"129,000"
NB,GC,NBNAGCO213,(상설) UNI 에센셜 스탠넥 우븐자켓,NA,점퍼,"159,000"
NB,GC,NBNAGCO223,(상설) UNI 플라잉 경량 후드 바람막이,NA,점퍼,"159,000"
NB,GC,NBNAGCO243,(상설) UNI 썸머 트래블 경량 우븐 셔츠 (SEMI OVER FIT),NA,점퍼,"129,000"
NB,GC,NBNAGCO303,(상설) UNI 에센셜 스탠넥 우븐자켓,NA,점퍼,"129,000"
NB,GC,NBNAGCO313,(상설) UNI N시그니처 웜업자켓,NA,점퍼,"179,000"
NB,GC,NBNAGCO323,(상설) UNI 에센셜 웜업 자켓,NA,점퍼,"129,000"
NB,GC,NBNAGCW202,(상설) W 에센셜 후디드 우븐자켓,NA,점퍼,"159,000"
NB,GC,NBNAGCW302,(상설) W HERITAGE 웜업 자켓,NA,점퍼,"129,000"
NB,E1,NBNCE11013,UNI 에센셜 스몰로고 맨투맨 (STANDARD FIT),NC,니트,"79,900"
NB,E1,NBNCE11113,UNI HERITAGE 맨투맨 (SEMI OVER FIT),NC,니트,"89,900"
NB,E1,NBNCE11213,UNI 스포츠클럽 하프집업 (SEMI OVER FIT),NC,니트,"99,900"
NB,E1,NBNCE12323,UNI 스트레치 V넥 피스테 (SEMI-OVER FIT),NC,니트,"109,000"
NB,E1,NBNCE12333,UNI 러닝에센셜 맨투맨 (OVER FIT),NC,니트,"89,900"
NB,E1,NBNCE1W212,W 시그니처 세미크롭 반집업 맨투맨(SEMI-OVER FIT),NC,니트,"89,900"
NB,E1,NBNCE1W222,W 시그니처 세미크롭 라운드 맨투맨(SEMI-OVER FIT),NC,니트,"89,900"
NB,E1,NBNCE1W232,W 크롭 라운드 맨투맨(SEMI-OVER FIT),NC,니트,"89,900"
NB,E2,NBNCE21053,UNI 에센셜 반팔 맨투맨 (SEMI OVER FIT),NC,니트,"69,900"
NB,E2,NBNCE21413,UNI 썸머 시어서커 반팔 티셔츠 (SEMI OVER FIT),NC,니트,"89,900"
NB,E2,NBNCE22433,UNI 러너스클럽 후드형 반팔 맨투맨 (SEMI-OVER FIT),NC,니트,"69,900"
NB,E2,NBNCE22453,UNI 하이킹 경량 스트레치 피스테 (SEMI-OVER FIT),NC,니트,"109,000"
NB,E2,NBNCE2A413,UNI NBSC 반팔 피스테 (SEMI OVER FIT),NC,니트,"89,900"
NB,E2,NBNCE2W302,W 썸머 에코 크롭 라운드 맨투맨(SEMI-OVER FIT),NC,니트,"79,900"
NB,E2,NBNCE2W312,W 썸머 에코 반집업 반팔 맨투맨(SEMI-OVER FIT),NC,니트,"79,900"
NB,E2,NBNCE2W512,W 초경량 립스탑 우븐 피스테,NC,니트,"109,000"
NB,E3,NBNCE31813,UNI ESS 웜업 피스테 (SEMI OVER FIT),NC,니트,"99,900"
NB,E3,NBNCE32013,MEN THE TRACK 프레쉬 반집업 니트 (SEMI OVER FIT),NC,니트,"99,900"
NB,E3,NBNCE32813,UNI 컬러블록 우븐 피스테,NC,니트,"129,000"
NB,E4,NBNCE41013,UNI ESS 클래식 맨투맨 (STANDARD FIT),NC,니트,"79,900"
NB,E4,NBNCE41023,UNI ESS 클래식 하프집업 (STANDARD FIT),NC,니트,"89,900"
NB,E4,NBNCE41113,UNI ESS 클래식 기모 맨투맨 (STANDARD FIT),NC,니트,"79,900"
NB,E4,NBNCE41803,UNI ESS 레터링 맨투맨 (SEMI OVER FIT),NC,니트,"79,900"
NB,E4,NBNCE41903,UNI 플라잉 기모 라운드 맨투맨(SEMI OVER FIT),NC,니트,"89,900"
NB,E4,NBNCE42813,UNI NBSC 맨투맨,NC,니트,"89,900"
NB,E4,NBNCE42823,UNI 브릿지 그래픽 맨투맨 (SEMI OVER FIT),NC,니트,"89,900"
NB,E4,NBNCE42923,UNI 기모 반집업,NC,니트,"99,900"
NB,E4,NBNCE4W832,W 시그니처 넌기모 반집업 맨투맨(SEMI OVER FIT),NC,니트,"89,900"
NB,EB,NBNCEB1013,(상설) UNI 와펜로고 맨투맨,NC,니트,0
NB,EB,NBNCEB1043,(상설) UNI NB SHIFTED 우븐 피스테,NC,니트,0
NB,EB,NBNCEBW202,(상설) W 소프트 반집업 맨투맨,NC,니트,0
NB,F1,NBNCF11203,UNI 에센셜 스몰로고 맨투맨 (STANDARD FIT),NC,니트,"79,900"
NB,F1,NBNCF11213,UNI 에센셜 반집업 맨투맨 (SEMI OVER FIT),NC,니트,"89,900"
NB,F1,NBNCF11243,UNI 헤리티지 라운드 맨투맨(SEMI OVER FIT),NC,니트,"89,900"
NB,F1,NBNCF11253,UNI 헤리티지 반집업 맨투맨(SEMI OVER FIT),NC,니트,"99,900"
NB,F1,NBNCF11263,UNI 레거시 우븐 반집업 스텐드넥 아노락(SEMI OVER FIT),NC,니트,"129,000"
NB,F1,NBNCF11273,UNI 레거시 라운드 맨투맨(SEMI OVER FIT),NC,니트,"89,900"
NB,F1,NBNCF15203,UNI RC FRESH 맨투맨 (SEMI OVER FIT),NC,니트,"89,900"
NB,F1,NBNCF1W212,W 시그니처 세미크롭 반집업 맨투맨 (SEMI OVER FIT),NC,니트,"89,900"
NB,F1,NBNCF1W222,W 시그니처 라운드 맨투맨  (SEMI OVER FIT),NC,니트,"89,900"
NB,F2,NBNCF21013,UNI 에센셜 헤리티지 우븐 피스테(SEMI OVER FIT),NC,니트,"99,900"
NB,F2,NBNCF21463,UNI 헤리티지 반팔 맨투맨(SEMI OVER FIT),NC,니트,"69,900"
NB,F2,NBNCF25303,UNI RC 우븐 피스테 (SEMI OVER FIT),NC,니트,"129,000"
NB,F4,NBNCF41003,UNI 에센셜 클래식 기모 맨투맨 (SEMI OVER FIT),NC,니트,"79,900"
NB,F4,NBNCF41013,UNI 에센셜 클래식 레터링 기모 맨투맨 (SEMI OVER FIT),NC,니트,"79,900"
NB,F4,NBNCF41023,UNI NBSC 기모 맨투맨(SEMI OVER FIT),NC,니트,"99,900"
NB,F4,NBNCF41043,UNI 에센셜 클래식 워시드 기모 맨투맨 (OVER FIT),NC,니트,"89,900"
NB,F4,NBNCF41803,UNI 에센셜 클래식 맨투맨 (SEMI OVER FIT),NC,니트,"79,900"
NB,F4,NBNCF41813,UNI 에센셜 클래식 반집업 맨투맨 (SEMI OVER FIT),NC,니트,"89,900"
NB,F4,NBNCF41823,UNI 에센셜 클래식 레터링 맨투맨 (SEMI OVER FIT),NC,니트,"79,900"
NB,F4,NBNCF41913,UNI 윈터 플리스 아노락(SEMI OVER FIT),NC,니트,"109,000"
NB,F4,NBNCF41943,UNI 컬리지 클럽 맨투맨 (SEMI OVER FIT),NC,니트,"89,900"
NB,F4,NBNCF45903,UNI RC FRESH ORIGIN 맨투맨,NC,니트,"89,900"
NB,F4,NBNCF4M911,MEN 워셔블 울 블렌딩 맨투맨 (SEMI OVER FIT),NC,니트,0
NB,F4,NBNCF4W112,W 벨루아 골지 카라 반집업 (SEMI OVER FIT),NC,니트,"99,900"
NB,F4,NBNCF4W912,W 코지 플리스 반집업 (SEMI OVER FIT),NC,니트,"129,000"
NB,FB,NBNCFB1213,UNI 에센셜 반집업 맨투맨 (SEMI OVER FIT),NC,니트,"89,900"
NB,FB,NBNCFB1243,UNI 헤리티지 라운드 맨투맨(SEMI OVER FIT),NC,니트,"89,900"
NB,FB,NBNCFB1273,UNI 레거시 라운드 맨투맨(SEMI OVER FIT),NC,니트,"89,900"
NB,FC,NBNCFCA043,[멤버스] UNI NB 클래식 헤리티지 맨투맨,NC,니트,"89,900"
NB,FC,NBNCFCO313,(상설) UNI 에센셜 웜업 피스테 (SEMI OVER FIT),NC,니트,"99,900"
NB,FC,NBNCFCO402,[상설] W 에센셜 기모 반집업 맨투맨(SEMI OVER FIT),NC,니트,"89,900"
NB,G1,NBNCG11203,UNI 에센셜 스몰로고 맨투맨 (SEMI OVER FIT),NC,니트,"79,900"
NB,G1,NBNCG11213,UNI 에센셜 스몰로고 반집업 맨투맨 (SEMI OVER FIT),NC,니트,"89,900"
NB,G1,NBNCG11223,UNI NEW GREY 그래픽 맨투맨,NC,니트,"89,900"
NB,G1,NBNCG15213,UNI PF 올데이 맨투맨,NC,니트,"89,900"
NB,G2,NBNCG21303,UNI 740 SHIFTED 라운드넥 우븐 피스테,NC,니트,"129,000"
NB,G2,NBNCG2A013,UNI NB 서울 글로벌 익스클루시브 맨투맨 (SEMI OVER FIT),NC,니트,"89,900"
NB,G3,NBNCG31803,UNI 에센셜 헤리티지 경량 라운드 맨투맨 (OVER FIT),NC,니트,"79,900"
NB,G3,NBNCG3W112,W AIRY 와플 맨투맨 (SEMI OVER FIT),NC,니트,"89,900"
NB,G3,NBNCG3W112,W AIRY 와플 맨투맨 (SEMI OVER FIT),NC,니트,0
NB,G3,NBNCG3W612,W FROZEN 우븐 스트레치 반집업 (SEMI OVER FIT),NC,니트,"89,900"
NB,G4,NBNCG41003,UNI 에센셜 클래식 기모 맨투맨 (SEMI OVER FIT),NC,니트,0
NB,G4,NBNCG41043,UNI 플라잉 기모 다잉 맨투맨 (OVER FIT),NC,니트,0
NB,G4,NBNCG41053,UNI NEW GREY 레터링 기모 맨투맨 (OVER FIT),NC,니트,0
NB,G4,NBNCG41803,UNI 에센셜 클래식 맨투맨 (SEMI OVER FIT),NC,니트,"79,900"
NB,G4,NBNCG41813,UNI 에센셜 클래식 반집업 맨투맨 (SEMI OVER FIT),NC,니트,"89,900"
NB,G4,NBNCG41823,UNI 에센셜 클래식 반집업 배색 맨투맨 (SEMI OVER FIT),NC,니트,"99,900"
NB,G4,NBNCG41903,UNI 플라잉 AEROHEAT 플리스 아노락,NC,니트,0
NB,G4,NBNCG41923,UNI 헤리티지 ORBIT 그래픽 맨투맨 (OVER FIT),NC,니트,0
NB,G4,NBNCG4A013,UNI NB Small Heart 헤리티지 경량 맨투맨 (OVER FIT,NC,니트,0
NB,G4,NBNCG4W012,W 클라우드 플리스 반집업,NC,니트,0
NB,G4,NBNCG4W912,W 코지 플리스 반집업 (SEMI OVER FIT),NC,니트,0
NB,GB,NBNCGB1803,UNI 에센셜 클래식 맨투맨 (SEMI OVER FIT),NC,니트,"79,900"
NB,GB,NBNCGB1903,UNI 플라잉 AEROHEAT 플리스 아노락,NC,니트,0
NB,GB,NBNCGB1923,UNI 헤리티지 ORBIT 그래픽 맨투맨 (OVER FIT),NC,니트,0
NB,GC,NBNCGCO303,(상설) UNI 에센셜 웜업 피스테 (SEMI OVER FIT),NC,니트,0
NB,GC,NBNCGCW402,(상설) W 에센셜 기모 반집업 맨투맨(SEMI OVER FIT),NC,니트,0
NB,GC,NBNCGCW412,(상설) W 코지 플리스 반집업 (SEMI OVER FIT),NC,니트,0
NB,E1,NBNDE11013,UNI 에센셜 스몰로고 긴팔티 (STANDARD FIT),ND,니트,"49,900"
NB,E1,NBNDE11033,UNI NEWTILITY 긴팔티 (SEMI OVER FIT),ND,니트,"59,900"
NB,E1,NBNDE12343,UNI 하이킹 모티브 백프린트 긴팔티 (SEMI-OVER FIT),ND,니트,"59,900"
NB,E2,NBNDE22573,UNI 러너스 레터링 긴팔티,ND,니트,"59,900"
NB,E2,NBNDE22613,UNI 베이직 긴팔 래쉬가드 (STANDARD FIT),ND,니트,"79,900"
NB,E2,NBNDE2W302,W  라이트 골지 컷아웃 긴팔티(SLIM FIT),ND,니트,"69,900"
NB,E3,NBNDE32013,MEN THE TRACK 프레쉬 레터 긴팔티 (SEMI OVER FIT),ND,니트,"59,900"
NB,E3,NBNDE32023,MEN THE TRACK 프레쉬 와플 니트 (SEMI OVER FIT),ND,니트,"69,900"
NB,E3,NBNDE3W702,W 워터 릴렉스핏 긴팔 래쉬가드,ND,니트,"79,900"
NB,E3,NBNDE3W712,W 커버업 퀵드라이 긴팔티,ND,니트,"69,900"
NB,E4,NBNDE41013,UNI ESS 로고 긴팔티 (STANDARD FIT),ND,니트,"49,900"
NB,E4,NBNDE41803,UNI ESS 레터링 긴팔티 (SEMI OVER FIT),ND,니트,"59,900"
NB,E4,NBNDE4W142,W 트랙 긴팔티,ND,니트,"69,900"
NB,E4,NBNDE4W902,W 모크넥 긴팔티(SLIM FIT),ND,니트,"59,900"
NB,EB,NBNDEB1013,(상설) UNI 베이직 긴팔티 (STANDARD FIT),ND,니트,0
NB,F1,NBNDF11103,UNI 574 CLASSIC TRACK 긴팔티,ND,니트,"59,900"
NB,F1,NBNDF1M211,MEN 시그니처 긴팔티 (SEMI OVER FIT),ND,니트,"59,900"
NB,F2,NBNDF21303,UNI 에센셜 스몰로고 긴팔티(STANDARD FIT),ND,니트,"49,900"
NB,F2,NBNDF21313,UNI 플라잉 보스턴 긴팔티(SEMI OVER FIT),ND,니트,"59,900"
NB,F2,NBNDF25203,UNI RC 바라클라바 (STANDARD FIT),ND,니트,"99,900"
NB,F2,NBNDF25213,UNI RC 긴팔 베이스레이어 (STANDARD FIT),ND,니트,"89,900"
NB,F2,NBNDF2M211,MEN FROZEN 시그니처 긴팔티 (SEMI OVER FIT),ND,니트,"59,900"
NB,F2,NBNDF2W112,W 커버업 메쉬 긴팔티 (SEMI OVER FIT),ND,니트,"69,900"
NB,F2,NBNDF2W132,W 에센셜 트랙 긴팔티 (SLIM FIT),ND,니트,"69,900"
NB,F2,NBNDF2W152,W 컷아웃 크롭 긴팔티,ND,니트,"79,900"
NB,F2,NBNDF2W162,W 레이어드 긴팔티,ND,니트,"69,900"
NB,F2,NBNDF2W312,W 소프트 골지 컷아웃 긴팔티(SLIM FIT),ND,니트,"69,900"
NB,F3,NBNDF31803,UNI 중앙 레터링 긴팔티(SEMI OVER FIT),ND,니트,"59,900"
NB,F3,NBNDF3M811,MEN 시그니처 긴팔티(SEMI OVER FIT),ND,니트,"69,900"
NB,F3,NBNDF3M821,MEN 코튼 라이크 와플 긴팔티 (SEMI OVER FIT),ND,니트,"79,900"
NB,F3,NBNDF3W122,W 와플 세미크롭 긴팔티 (SLIM FIT),ND,니트,"69,900"
NB,F3,NBNDF3W132,W 골지 후드 긴팔티 (SLIM FIT),ND,니트,"79,900"
NB,F3,NBNDF3W812,W 에센셜 긴팔 티셔츠 (SLIM FIT),ND,니트,"69,900"
NB,F3,NBNDF3W822,W 트랙 풋볼 자가드 긴팔티 (SEMI OVER FIT),ND,니트,"79,900"
NB,F4,NBNDF41803,UNI 에센셜 클래식 긴팔티 (SEMI OVER FIT),ND,니트,"49,900"
NB,F4,NBNDF41843,UNI 트랙 클럽 긴팔티 (SEMI OVER FIT),ND,니트,0
NB,F4,NBNDF41853,UNI 트랙 클럽 스트라이프 긴팔티 (SEMI OVER FIT),ND,니트,"69,900"
NB,F4,NBNDF41863,UNI 트랙 클럽 레이어드 긴팔티 (SEMI OVER FIT),ND,니트,"79,900"
NB,F4,NBNDF45103,UNI RC FRESH 베이스레이어,ND,니트,"89,900"
NB,F4,NBNDF45113,UNI RC FRESH 후드형 베이스레이어,ND,니트,"99,900"
NB,F4,NBNDF4A013,UNI USA 스트라이프 카라 럭비티셔츠,ND,니트,"89,900"
NB,F4,NBNDF4W832,W 골지 컷아웃 긴팔티 (SLIM FIT),ND,니트,"69,900"
NB,FC,NBNDFCO103,(상설) UNI 퍼포먼스 긴팔티 (SLIM FIT),ND,니트,"59,900"
NB,G1,NBNDG11203,UNI NEW GREY 포켓 긴팔티,ND,니트,"59,900"
NB,G1,NBNDG15203,UNI PF 에센셜 베이스레이어,ND,니트,"69,900"
NB,G2,NBNDG21203,UNI 에센셜 스몰로고 긴팔티(STANDARD FIT),ND,니트,"49,900"
NB,G2,NBNDG21303,UNI 740 SHIFTED 긴팔티(SEMI OVER FIT),ND,니트,"59,900"
NB,G2,NBNDG21313,UNI 2002 아카이브 럭비티 (SEMI OVER FIT),ND,니트,"89,900"
NB,G2,NBNDG21323,UNI 740 Shift 와플 긴팔티 (SEMI OVER FIT),ND,니트,"79,900"
NB,G2,NBNDG21333,UNI Ndurance 레터링 긴팔티 (OVER FIT),ND,니트,"69,900"
NB,G2,NBNDG25433,RC AIR 스피드 긴팔티,ND,니트,"79,900"
NB,G2,NBNDG2A013,UNI NB 하트 그래픽 긴팔티 (OVER FIT),ND,니트,"69,900"
NB,G2,NBNDG2W312,W 소프트프레쉬 경량 골지 긴팔티 (SLIM FIT),ND,니트,"69,900"
NB,G2,NBNDG2W322,W 스트라이프 레이어드 티셔츠 (SEMI OVER FIT),ND,니트,"69,900"
NB,G2,NBNDG2W332,W 시어 레이어드 티셔츠 (SLIM FIT),ND,니트,"59,900"
NB,G3,NBNDG31703,UNI 트랙스터 긴팔 티셔츠 (SEMI OVER FIT),ND,니트,"79,900"
NB,G3,NBNDG31713,UNI 에어 라이트 슬리브 티셔츠 (SEMI OVER FIT),ND,니트,"79,900"
NB,G3,NBNDG31733,UNI FROZEN BOSTON 긴팔티 (SEMI OVER FIT),ND,니트,"79,900"
NB,G3,NBNDG31803,UNI 에센셜 클래식 긴팔티(STANDARD FIT),ND,니트,"59,900"
NB,G3,NBNDG31813,UNI 에센셜 클래식 스트라이프 긴팔티 (SEMI OVER FIT),ND,니트,"69,900"
NB,G3,NBNDG31833,UNI ESCAPE 다잉 긴팔티 (SEMI OVER FIT),ND,니트,"79,900"
NB,G3,NBNDG31853,UNI 모닝레이브 긴팔티 (SEMI OVER FIT),ND,니트,"69,900"
NB,G3,NBNDG31863,UNI 모닝레이브 와플 헨리넥 긴팔티 (OVER FIT),ND,니트,"79,900"
NB,G3,NBNDG3W112,W NB-FLOWY 헨리넥 긴팔티 (SLIM FIT),ND,니트,"69,900"
NB,G3,NBNDG3W812,W AIRY 와플 후드 긴팔티 (SLIM FIT),ND,니트,"79,900"
NB,G3,NBNDG3W822,W AIRY 골지 레이어드 긴팔티 (SLIM FIT),ND,니트,"69,900"
NB,G3,NBNDG3W822,W AIRY 골지 레이어드 긴팔티 (SLIM FIT),ND,니트,0
NB,G4,NBNDG41923,UNI 헤리티지 ORBIT 그래픽 긴팔티 (SEMI OVER FIT),ND,니트,0
NB,G4,NBNDG4A013,UNI NB Small Heart 레이어드 긴팔티 (SEMI OVER F,ND,니트,"79,900"
NB,G4,NBNDG4A023,UNI NB ESSENTIAL 2PACK 긴팔티(SEMI OVER FIT,ND,니트,"79,900"
NB,G4,NBNDG4W912,W 코지 플리스 헨리넥 긴팔티 (SLIM FIT),ND,니트,0
NB,GB,NBNDGB1303,UNI 740 SHIFT 긴팔티(SEMI OVER FIT),ND,니트,"59,900"
NB,GB,NBNDGB1313,UNI 2002 아카이브 럭비티 (SEMI OVER FIT),ND,니트,"89,900"
NB,GB,NBNDGB1813,UNI 에센셜 클래식 스트라이프 긴팔티 (SEMI OVER FIT),ND,니트,"69,900"
NB,GB,NBNDGB1833,UNI ESCAPE 다잉 긴팔티 (SEMI OVER FIT),ND,니트,"79,900"
NB,GB,NBNDGB1853,UNI 모닝레이브 긴팔티 (SEMI OVER FIT),ND,니트,"69,900"
NB,GB,NBNDGB5433,(홀세일) RC AIR 스피드 긴팔티,ND,니트,"79,900"
NB,E2,NBNEE21013,UNI 에센셜 스몰로고 반팔티 (STANDARD FIT),NE,니트,"39,900"
NB,E2,NBNEE21023,UNI 에센셜 등판 빅로고 반팔티 (STANDARD FIT),NE,니트,"39,900"
NB,E2,NBNEE21033,UNI 에센셜 센터로고 반팔티 (OVER FIT),NE,니트,"49,900"
NB,E2,NBNEE21043,UNI 에센셜 아치로고 반팔티 (SEMI OVER FIT),NE,니트,"49,900"
NB,E2,NBNEE21313,UNI ESS 클래식 로고 티셔츠 (SEMI OVER FIT),NE,니트,"39,900"
NB,E2,NBNEE21513,UNI NB Boy 트래블 반팔티 (OVER FIT),NE,니트,"49,900"
NB,E2,NBNEE21523,UNI NB Boy 보스턴 반팔티 (OVER FIT),NE,니트,"49,900"
NB,E2,NBNEE21533,UNI NB Boy 레터링 반팔티 (OVER FIT),NE,니트,"49,900"
NB,E2,NBNEE21613,UNI 플라워 반팔티 (SEMI OVER FIT),NE,니트,"49,900"
NB,E2,NBNEE21623,UNI NB Boy 보드샵 반팔티 (SEMI OVER FIT),NE,니트,"49,900"
NB,E2,NBNEE21633,UNI NB Boy 보드 반팔티 (SEMI OVER FIT),NE,니트,0
NB,E2,NBNEE21643,UNI NB Boy 서핑 반팔티 (SEMI OVER FIT),NE,니트,"49,900"
NB,E2,NBNEE22013,THE TRACK 기능성 FRESH 반팔티,NE,니트,"49,900"
NB,E2,NBNEE22023,THE TRACK 포켓 FRESH 반팔티,NE,니트,"59,900"
NB,E2,NBNEE22413,UNI 러너스클럽 반팔티 (SEMI-OVER FIT),NE,니트,"49,900"
NB,E2,NBNEE22423,UNI 러너스클럽 그래픽 반팔티 (SEMI-OVER FIT),NE,니트,"49,900"
NB,E2,NBNEE22433,UNI FROZEN 스몰로고 반팔티 (STANDARD FIT),NE,니트,"49,900"
NB,E2,NBNEE22443,UNI FROZEN 캠핑그래픽 반팔티 (OVER FIT),NE,니트,"59,900"
NB,E2,NBNEE22453,UNI FROZEN 카라비너 반팔티 (OVER FIT),NE,니트,"59,900"
NB,E2,NBNEE22463,UNI FROZEN 하이킹 반팔티 (OVER FIT),NE,니트,"59,900"
NB,E2,NBNEE22513,UNI NBSC 베이스볼 반팔 저지 (OVER FIT),NE,니트,"89,900"
NB,E2,NBNEE22523,UNI NBSC 반팔 저지 (OVER FIT),NE,니트,"89,900"
NB,E2,NBNEE22533,UNI NBSC 반팔티 (SEMI-OVER FIT),NE,니트,"49,900"
NB,E2,NBNEE22543,UNI NBSC 레터링 반팔티 (SEMI-OVER FIT),NE,니트,"49,900"
NB,E2,NBNEE22553,UNI NBSC 냉감 반팔티 (SEMI-OVER FIT),NE,니트,"59,900"
NB,E2,NBNEE22563,UNI NBSC 넘버링 그래픽 반팔티 (SEMI-OVER FIT),NE,니트,"49,900"
NB,E2,NBNEE22613,UNI 베이직 워터 반팔티(SEMI-OVER FIT),NE,니트,"59,900"
NB,E2,NBNEE22623,UNI FROZEN 냉감 빅로고 반팔티 (STANDARD FIT),NE,니트,"49,900"
NB,E2,NBNEE22633,UNI FROZEN 냉감 헤리티지 반팔티 (SEMI-OVER FIT),NE,니트,"59,900"
NB,E2,NBNEE2A013,UNI ESS 레이어드 티셔츠 (2PACK),NE,니트,"49,900"
NB,E2,NBNEE2A023,UNI FROZEN 하이킹 그래픽 반팔티 (SEMI OVER FIT),NE,니트,"49,900"
NB,E2,NBNEE2A413,UNI NBSC 스트라이프 저지 (SEMI OVER FIT),NE,니트,"79,900"
NB,E2,NBNEE2W002,W 에센셜 트리코트 반팔티(SLIM FIT),NE,니트,"49,900"
NB,E2,NBNEE2W402,W 에센셜 중앙로고 반팔티(SLIM FIT),NE,니트,"39,900"
NB,E2,NBNEE2W412,W 에센셜 베이직 반팔티(STANDARD FIT),NE,니트,"39,900"
NB,E2,NBNEE2W422,W 세미크롭 타이트 반팔티(SLIM FIT),NE,니트,"49,900"
NB,E2,NBNEE2W432,W 블러 그래픽 세미크롭 반팔티(SLIM FIT),NE,니트,"49,900"
NB,E2,NBNEE2W442,W FROZEN 셔링 반팔티(SLIM FIT),NE,니트,"49,900"
NB,E2,NBNEE2W452,W FROZEN 세미크롭 스트링 반팔티(SEMI-OVER FIT),NE,니트,"59,900"
NB,E2,NBNEE2W502,W 썸머 골지 슬림핏 반팔티(SLIM FIT),NE,니트,"59,900"
NB,E2,NBNEE2W512,W 썸머 골지 컷아웃 반팔티(SLIM FIT),NE,니트,"59,900"
NB,E3,NBNEE31113,UNI 에센셜 레터링 로고 반팔티 (STANDARD FIT),NE,니트,"39,900"
NB,E3,NBNEE32613,UNI 워터 반팔티 (SEMI-OVER FIT),NE,니트,"59,900"
NB,E3,NBNEE32623,UNI FROZEN 우븐 피스테 (SEMI-OVER FIT),NE,니트,"89,900"
NB,E3,NBNEE39713,NB X CAYL ICE Short Sleeve,NE,니트,"59,900"
NB,E3,NBNEE39723,NB X CAYL Trail Short Sleeve,NE,니트,"59,900"
NB,E3,NBNEE3W612,W FROZEN 우븐 스트레치 라운드 반팔티(SEMI-OVER FIT),NE,니트,"79,900"
NB,EB,NBNEEB1013,(상설) UNI 쿨터프 중앙레터 반팔티,NE,니트,0
NB,EB,NBNEEB1023,(상설) UNI 쿨터프 그래픽 반팔티 (STANDARD FIT),NE,니트,0
NB,EB,NBNEEB1033,(상설) UNI 와펜 로고 반팔티,NE,니트,0
NB,EB,NBNEEB1153,(상설) UNI 에센셜 스몰로고 반팔티,NE,니트,0
NB,EB,NBNEEB1163,(상설) UNI 에센셜 빅로고 반팔티,NE,니트,0
NB,EB,NBNEEB2013,(상설) UNI NB BOY 러너스 클럽 프렌즈 반팔티(OVER FIT),NE,니트,0
NB,EB,NBNEEB2023,(상설) UNI NB BOY 레터링 그래픽 티셔츠 (OVER FIT),NE,니트,0
NB,EB,NBNEEB2033,(상설) UNI NB BOY 헤리티지샵 그래픽 티셔츠 (OVER FIT),NE,니트,0
NB,EB,NBNEEB2453,(홀세일) UNI FROZEN 카라비너 반팔티 (OVER FIT),NE,니트,"59,900"
NB,F2,NBNEF21313,UNI 플라잉 보스턴 반팔티(SEMI OVER FIT),NE,니트,"49,900"
NB,F2,NBNEF21403,UNI 에센셜 스몰로고 반팔티 (STANDARD FIT),NE,니트,"39,900"
NB,F2,NBNEF21413,UNI 에센셜 센터로고 반팔티 (OVER FIT),NE,니트,"49,900"
NB,F2,NBNEF21433,UNI 플라잉 레터링 반팔티(SEMI OVER FIT),NE,니트,"49,900"
NB,F2,NBNEF21443,UNI 픽셀 그래픽 반팔티(SEMI OVER FIT),NE,니트,"49,900"
NB,F2,NBNEF21483,UNI 헤리티지 등판 그래픽 반팔티(SEMI OVER FIT),NE,니트,"49,900"
NB,F2,NBNEF21503,UNI FROZEN 에센셜 스몰로고 반팔티 (STANDARD FIT),NE,니트,"49,900"
NB,F2,NBNEF21513,UNI FROZEN 플라잉 레터링 반팔티(SEMI OVER FIT),NE,니트,"59,900"
NB,F2,NBNEF21523,UNI FROZEN 등판 픽셀 그래픽 반팔티(SEMI OVER FIT),NE,니트,"59,900"
NB,F2,NBNEF21533,UNI NBSC 바스켓볼 그래픽 반팔티(SEMI OVER FIT),NE,니트,"49,900"
NB,F2,NBNEF21543,UNI NB BOY 바스켓볼 레터링 반팔티(SEMI OVER FIT),NE,니트,"49,900"
NB,F2,NBNEF21553,UNI NB BOY 바스켓볼 반팔티(SEMI OVER FIT),NE,니트,"49,900"
NB,F2,NBNEF21563,UNI NB BOY 바스켓볼샵 반팔티(SEMI OVER FIT),NE,니트,"49,900"
NB,F2,NBNEF21563,UNI NB BOY 바스켓볼샵 반팔티(SEMI OVER FIT),NE,니트,0
NB,F2,NBNEF21573,UNI NBSC 바스켓볼 반팔저지 (SEMI OVER FIT),NE,니트,"69,900"
NB,F2,NBNEF21643,UNI FROZEN 플라워 일러스트 반팔티(SEMI OVER FIT),NE,니트,0
NB,F2,NBNEF25322,W 퀵드라이 레터 반팔티,NE,니트,"49,900"
NB,F2,NBNEF25323,UNI 퀵드라이 레터 반팔티,NE,니트,"49,900"
NB,F2,NBNEF25403,UNI RC FROZEN 러너스 반팔티 (SEMI OVER FIT),NE,니트,"59,900"
NB,F2,NBNEF25413,UNI RC FROZEN 런클럽 반팔티 (SEMI OVER FIT),NE,니트,"59,900"
NB,F2,NBNEF25503,UNI RC FRESH 그래픽 반팔티 (STANDARD FIT),NE,니트,"59,900"
NB,F2,NBNEF25513,UNI RC 러너스 반팔티 (SEMI OVER FIT),NE,니트,0
NB,F2,NBNEF25903,UNI RC FROZEN Run Hub 반팔티,NE,니트,"59,900"
NB,F2,NBNEF2A013,UNI Ndurance 레터링 반팔티 (OVER FIT),NE,니트,"59,900"
NB,F2,NBNEF2A023,UNI Ndurance 스탬프 반팔티 (OVER FIT),NE,니트,"59,900"
NB,F2,NBNEF2A063,UNI NB 서울 타이거 반팔티 (SEMI OVER  FIT),NE,니트,"49,900"
NB,F2,NBNEF2A073,UNI NB 서울 시티러닝 반팔티 (SEMI OVER  FIT),NE,니트,"49,900"
NB,F2,NBNEF2M411,MEN FROZEN 하이브리드 티셔츠 (SEMI OVER FIT),NE,니트,"79,900"
NB,F2,NBNEF2M511,MEN FROZEN 시그니처 티셔츠 (SEMI OVER FIT),NE,니트,"59,900"
NB,F2,NBNEF2M521,MEN FROZEN 포켓 티셔츠 (SEMI OVER FIT),NE,니트,"59,900"
NB,F2,NBNEF2W112,W 트랙 크롭 링거 반팔티 (SLIM FIT),NE,니트,"49,900"
NB,F2,NBNEF2W122,W 카라 배색 트랙 티셔츠 (SLIM FIT),NE,니트,"59,900"
NB,F2,NBNEF2W142,W 에센셜 슬림 반팔티,NE,니트,"39,900"
NB,F2,NBNEF2W512,W 링거 반팔티(SLIM FIT),NE,니트,"49,900"
NB,F2,NBNEF2W522,W 썸머 골지 컷아웃 반팔티 (SLIM FIT),NE,니트,"59,900"
NB,F2,NBNEF2W532,W FROZEN 스탠다드 반팔티 (SLIM FIT),NE,니트,"49,900"
NB,F2,NBNEF2W542,W FROZEN 세미 크롭 셔링 반팔티 (SLIM FIT),NE,니트,"49,900"
NB,F2,NBNEF2W552,W 트리코트 반팔티 (SLIM FIT),NE,니트,"49,900"
NB,F3,NBNEF31603,UNI FROZEN 쿨터치 반팔 피스테(SEMI OVER FIT),NE,니트,"79,900"
NB,F3,NBNEF31613,UNI NB BOY 피크닉 페스티벌 반팔티 (SEMI OVER FIT),NE,니트,"59,900"
NB,F3,NBNEF31623,UNI NB BOY 네이처 아일랜드 반팔티 (SEMI OVER FIT),NE,니트,"59,900"
NB,F3,NBNEF31633,UNI NB BOY 피크닉 컨텐츠 반팔티 (SEMI OVER FIT),NE,니트,"59,900"
NB,F3,NBNEF31643,UNI NB BOY 피크닉 반팔티 (SEMI OVER FIT),NE,니트,"59,900"
NB,F3,NBNEF31653,UNI FROZEN 플라워 레터링 반팔티(SEMI OVER FIT),NE,니트,"59,900"
NB,F3,NBNEF31673,UNI FROZEN 에센셜 클래식 반팔티(SEMI OVER FIT),NE,니트,"59,900"
NB,F3,NBNEF31703,UNI FROZEN 플라워 픽토그램 반팔티(SEMI OVER FIT),NE,니트,"59,900"
NB,F3,NBNEF31713,UNI FROZEN 플라워 그래픽 반팔티(SEMI OVER FIT),NE,니트,"59,900"
NB,F3,NBNEF31723,UNI 썸머 시어서커 반팔 피스테(SEMI OVER FIT),NE,니트,"79,900"
NB,F3,NBNEF31733,UNI 워터겸용 ICE 그래픽 반팔티,NE,니트,"59,900"
NB,F3,NBNEF35502,WOMEN FROZEN 트리코트 반팔티,NE,니트,"59,900"
NB,F3,NBNEF35503,UNI FROZEN 트리코트 반팔티,NE,니트,"59,900"
NB,F3,NBNEF35603,UNI FROZEN 비치런 그래픽 반팔티,NE,니트,"59,900"
NB,F3,NBNEF35613,UNI FROZEN 비치런 레터링 반팔티,NE,니트,"59,900"
NB,F3,NBNEF35623,UNI FROZEN 비치런 쿨메쉬 반팔티,NE,니트,"59,900"
NB,F3,NBNEF35703,UNI RC AIR PRO 반팔티,NE,니트,"79,900"
NB,F3,NBNEF35712,W 퀵드라이 베이직 반팔티,NE,니트,"49,900"
NB,F3,NBNEF35713,UNI RC FROZEN 런앤노바 반팔티 (SEMI OVER FIT),NE,니트,"59,900"
NB,F3,NBNEF35913,UNI RC FROZEN ORIGIN 반팔티 (SEMI OVER FIT),NE,니트,"59,900"
NB,F3,NBNEF3M611,MEN AIR 벤틸레이션 티셔츠 (SEMI OVER FIT),NE,니트,"79,900"
NB,F3,NBNEF3M711,MEN FROZEN 시그니처 2.0 티셔츠 (SEMI OVER FIT),NE,니트,"59,900"
NB,F3,NBNEF3W612,W FROZEN 세미크롭 그래픽 반팔티 (SEMI OVER FIT),NE,니트,"59,900"
NB,F3,NBNEF3W622,W FROZEN 플라워 그래픽 반팔티 (OVER FIT),NE,니트,"59,900"
NB,FB,NBNEFB1483,UNI 헤리티지 등판 그래픽 반팔티(SEMI OVER FIT),NE,니트,"49,900"
NB,FB,NBNEFB1533,UNI NBSC 바스켓볼 그래픽 반팔티(SEMI OVER FIT),NE,니트,"49,900"
NB,FB,NBNEFB1543,UNI NB BOY 바스켓볼 레터링 반팔티(SEMI OVER FIT),NE,니트,"49,900"
NB,FB,NBNEFB5903,KT WIZ 베이스볼 티셔츠,NE,니트,"49,900"
NB,FB,NBNEFB5913,KT WIZ 베이스볼 티셔츠,NE,니트,"49,900"
NB,FC,NBNEFCA013,UNI 썸머 트래블 레터링 반팔티 (SEMI OVER FIT),NE,니트,"49,900"
NB,FC,NBNEFCA023,UNI 썸머 트래블 보스턴 반팔티 (SEMI OVER FIT),NE,니트,"49,900"
NB,FC,NBNEFCA033,UNI 썸머 트래블 플라워 반팔티 (SEMI OVER FIT),NE,니트,"49,900"
NB,FC,NBNEFCA043,UNI 썸머 트래블 스트라이프 반팔티 (SEMI OVER FIT),NE,니트,"59,900"
NB,FC,NBNEFCO302,(상설) UNI 베이직 폴리 기능성 빅로고 반팔티,NE,니트,"49,900"
NB,FC,NBNEFCO303,(상설) UNI 아이스 하이킹 그래픽 반팔티,NE,니트,"59,900"
NB,FC,NBNEFCO322,(상설) W 에센셜 베이직 반팔티 (STANDARD),NE,니트,"39,900"
NB,FC,NBNEFCO343,(상설) UNI 아이스 반팔 피스테,NE,니트,"89,900"
NB,G1,NBNEG1A113,UNI NB 코리아 익스클루시브 티셔츠 (SEMI OVER FIT),NE,니트,"49,900"
NB,G2,NBNEG21203,UNI 에센셜 스몰로고 반팔티 (STANDARD FIT),NE,니트,"39,900"
NB,G2,NBNEG21303,UNI 740 SHIFTED 반팔티(SEMI OVER FIT),NE,니트,"49,900"
NB,G2,NBNEG21403,UNI 에센셜 센터로고 반팔티 (OVER FIT),NE,니트,"49,900"
NB,G2,NBNEG21413,UNI 아카이브 다잉 반팔티 (SEMI OVER FIT),NE,니트,"59,900"
NB,G2,NBNEG21423,UNI 어드벤처 다잉 반팔티 (SEMI OVER FIT),NE,니트,"59,900"
NB,G2,NBNEG21433,UNI 에센셜 빅로고 반팔티 (STANDARD FIT),NE,니트,"49,900"
NB,G2,NBNEG21443,UNI 에센셜 시그니처 반팔티 (OVER FIT),NE,니트,"49,900"
NB,G2,NBNEG21453,UNI 에센셜 시그니처 다잉 반팔티 (OVER FIT),NE,니트,"59,900"
NB,G2,NBNEG21503,UNI NB 프렌즈 반팔티 (SEMI OVER FIT),NE,니트,"59,900"
NB,G2,NBNEG21513,UNI NB 프렌즈 지구 그래픽 반팔티 (SEMI OVER FIT),NE,니트,"59,900"
NB,G2,NBNEG21523,UNI NB 프렌즈 썬라이즈 반팔티 (SEMI OVER FIT),NE,니트,"59,900"
NB,G2,NBNEG21533,UNI NB 프렌즈 지구 레터링 반팔티 (SEMI OVER FIT),NE,니트,"59,900"
NB,G2,NBNEG21543,UNI 트랙 클럽 카라비너 그래픽 반팔티 (SEMI OVER FIT),NE,니트,"59,900"
NB,G2,NBNEG21553,UNI 트랙 클럽 반팔티 (SEMI OVER FIT),NE,니트,"49,900"
NB,G2,NBNEG21573,UNI 트랙 클럽 링거티 (STANDARD FIT),NE,니트,"49,900"
NB,G2,NBNEG21583,UNI 트랙 클럽 스트라이프 반팔티 (SEMI OVER FIT),NE,니트,"59,900"
NB,G2,NBNEG25402,W 퀵드라이 반팔티,NE,니트,"49,900"
NB,G2,NBNEG25403,UNI RC FROZEN 러너스 반팔티 (SEMI OVER FIT),NE,니트,"59,900"
NB,G2,NBNEG25413,UNI RC FROZEN 런앤노바 반팔티 (SEMI OVER FIT),NE,니트,"59,900"
NB,G2,NBNEG25423,UNI RC FROZEN 픽토그램 반팔티 (SEMI OVER FIT),NE,니트,"59,900"
NB,G2,NBNEG25433,RC AIR 스피드 반팔티,NE,니트,"69,900"
NB,G2,NBNEG29303,NB X BROWN YARD HALF SLEEVE,NE,니트,"69,900"
NB,G2,NBNEG2A043,UNI NB 서울 타이거 2.0 반팔티 (SEMI OVER FIT),NE,니트,"59,900"
NB,G2,NBNEG2A053,UNI NB 서울 랜드마크 반팔티 (SEMI OVER FIT),NE,니트,"59,900"
NB,G2,NBNEG2A063,UNI NB 서울 시티러닝 2.0 반팔티 (SEMI OVER FIT),NE,니트,"49,900"
NB,G2,NBNEG2A073,UNI NB 하트 그래픽 반팔티 (SEMI OVER FIT),NE,니트,"49,900"
NB,G2,NBNEG2A083,UNI Archive Pace Circle 반팔티 (SEMI OVER F,NE,니트,"59,900"
NB,G2,NBNEG2A093,UNI Archive Pace Apple 반팔티 (SEMI OVER FI,NE,니트,"59,900"
NB,G2,NBNEG2A103,UNI Archive Pace Running 링거티 (SEMI OVER,NE,니트,"59,900"
NB,G2,NBNEG2W012,W 빈티지 레글런 반팔티 (SLIM FIT),NE,니트,"49,900"
NB,G2,NBNEG2W412,W 에센셜 중앙레터 반팔티 (SLIM FIT),NE,니트,"39,900"
NB,G2,NBNEG2W422,W 에센셜 베이직 스트라이프 반팔티 (STANDARD FIT),NE,니트,"49,900"
NB,G2,NBNEG2W462,W 링거 반팔티 (SLIM FIT),NE,니트,"49,900"
NB,G2,NBNEG2W512,W LAYERED 반팔티 (STANDARD FIT),NE,니트,"49,900"
NB,G2,NBNEG2W562,W Frozen 그래픽 반팔티(SEMI OVER FIT),NE,니트,"59,900"
NB,G2,NBNEG2W572,W Frozen 보트넥 반팔티(SLIM FIT),NE,니트,"49,900"
NB,G2,NBNEG2W582,W Frozen 꼬임 반팔티(SLIM FIT),NE,니트,"49,900"
NB,G3,NBNEG31603,UNI FROZEN BOSTON 반팔티(SEMI OVER FIT),NE,니트,"59,900"
NB,G3,NBNEG31613,UNI FROZEN 1906 반팔티 (SEMI OVER FIT),NE,니트,"59,900"
NB,G3,NBNEG31623,UNI FROZEN ESSENTIAL 우븐 반팔티 (SEMI OVER F,NE,니트,"89,900"
NB,G3,NBNEG31623,UNI FROZEN ESSENTIAL 우븐 반팔티 (SEMI OVER F,NE,니트,0
NB,G3,NBNEG31633,UNI FROZEN ESSENTIAL 스몰로고 반팔티 (STANDARD,NE,니트,"49,900"
NB,G3,NBNEG31643,UNI 써니 레이니 일러스트 반팔티 (SEMI OVER FIT),NE,니트,"59,900"
NB,G3,NBNEG31653,UNI 써니 레이니 워터 레터링 반팔티 (SEMI OVER FIT),NE,니트,"59,900"
NB,G3,NBNEG31663,UNI 써니 레이니 레터링 반팔티 (SEMI OVER FIT),NE,니트,"59,900"
NB,G3,NBNEG31703,UNI 트랙스터 반팔티 (SEMI OVER FIT),NE,니트,"59,900"
NB,G3,NBNEG35602,W FROZEN 트리코트 반팔티 (STANDARD FIT),NE,니트,"59,900"
NB,G3,NBNEG35603,UNI FROZEN 트리코트 반팔티 (STANDARD FIT),NE,니트,"59,900"
NB,G3,NBNEG35603,UNI FROZEN 트리코트 반팔티 (STANDARD FIT),NE,니트,0
NB,G3,NBNEG35632,W NB GREY 러닝 반팔티,NE,니트,"59,900"
NB,G3,NBNEG35633,UNI NB GREY 러닝 반팔티,NE,니트,"59,900"
NB,G3,NBNEG35643,UNI NB GREY 시티러닝 반팔티,NE,니트,"59,900"
NB,G3,NBNEG35702,W RC AIR PRO 반팔티,NE,니트,"79,900"
NB,G3,NBNEG35703,UNI RC AIR PRO 반팔티,NE,니트,"79,900"
NB,G3,NBNEG3A013,UNI NB FROZEN 건곤감리 익스클루시브 반팔티 (SEMI OVER,NE,니트,"59,900"
NB,G3,NBNEG3A023,UNI NB FROZEN 서울 타이거 2.0 반팔티 (SEMI OVER,NE,니트,"69,900"
NB,G3,NBNEG3A053,UNI NB ESSENTIAL 2PACK 반팔티,NE,니트,"59,900"
NB,G3,NBNEG3A063,UNI NB 서울 타이거 2.0 반팔티 (SEMI OVER FIT),NE,니트,"59,900"
NB,G3,NBNEG3A073,UNI NB 서울 랜드마크 반팔티 (SEMI OVER FIT),NE,니트,"59,900"
NB,G3,NBNEG3A103,UNI NB KOREA FOOD 반팔티 (SEMI OVER FIT),NE,니트,"59,900"
NB,G3,NBNEG3W132,W FROZEN 핏티드 반팔티(W) (SLIM FIT),NE,니트,"49,900"
NB,G3,NBNEG3W142,W NB-FLOWY 오프숄더 반팔티 (OVER FIT),NE,니트,"59,900"
NB,G3,NBNEG3W652,W 에센셜 골지 반팔티 (SLIM FIT),NE,니트,"59,900"
NB,GB,NBNEGB1203,UNI 에센셜 스몰로고 반팔티 (STANDARD FIT),NE,니트,"39,900"
NB,GB,NBNEGB1303,UNI 740 SHIFT 반팔티(SEMI OVER FIT),NE,니트,"49,900"
NB,GB,NBNEGB1403,UNI 에센셜 센터로고 반팔티 (OVER FIT),NE,니트,"49,900"
NB,GB,NBNEGB1413,UNI 아카이브 다잉 반팔티 (SEMI OVER FIT),NE,니트,"59,900"
NB,GB,NBNEGB1423,UNI 어드벤처 다잉 반팔티 (SEMI OVER FIT),NE,니트,"59,900"
NB,GB,NBNEGB1433,UNI 에센셜 빅로고 반팔티 (STANDARD FIT),NE,니트,"49,900"
NB,GB,NBNEGB5402,(홀세일) W 퀵드라이 반팔티,NE,니트,"49,900"
NB,GB,NBNEGB5403,(홀세일) UNI RC FROZEN 러너스 반팔티,NE,니트,"59,900"
NB,GB,NBNEGB5413,(홀세일) UNI RC FROZEN 런앤노바 반팔티,NE,니트,"59,900"
NB,GB,NBNEGB5423,(홀세일) UNI RC FROZEN 픽토그램 반팔티,NE,니트,"59,900"
NB,GB,NBNEGB5433,(홀세일) RC AIR 스피드 반팔티,NE,니트,"69,900"
NB,GB,NBNEGBW112,(쿠팡) W 트랙 크롭 링거 반팔티 (SLIM FIT),NE,니트,"49,900"
NB,GC,NBNEGCA013,(멤버스) UNI 썬키스드 그래픽 반팔티,NE,니트,"59,900"
NB,GC,NBNEGCA023,(멤버스) UNI 썬키스드 그래픽 반팔티,NE,니트,"49,900"
NB,GC,NBNEGCA033,(멤버스) UNI 썬키스트 슬럽 반팔티,NE,니트,"49,900"
NB,GC,NBNEGCA043,(멤버스) UNI 썬키스드 스트라이프 헨리넥 반팔티,NE,니트,"59,900"
NB,GC,NBNEGCA053,(멤버스) UNI 머슬핏 오버 반팔티,NE,니트,"49,900"
NB,GC,NBNEGCO210,(상설) UNI FROZEN 스몰로고 반팔티 (STANDARD FIT),NE,니트,"49,900"
NB,GC,NBNEGCO211,(상설) UNI FROZEN 시그니처 빅로고 티셔츠 (SEMI OVER),NE,니트,"59,900"
NB,GC,NBNEGCO214,(상설) UNI FROZEN 러닝 픽토그램 반팔티,NE,니트,"59,900"
NB,GC,NBNEGCO215,(상설) UNI FROZEN 런클럽 반팔티 (SEMI OVER FIT),NE,니트,"59,900"
NB,GC,NBNEGCO216,(상설) UNI FROZEN 러너스 반팔티 (SEMI OVER FIT),NE,니트,"59,900"
NB,GC,NBNEGCO219,(상설) UNI Ndurance 스탬프 반팔티 (OVER FIT),NE,니트,"59,900"
NB,GC,NBNEGCO243,(상설) UNI FROZEN 우븐 피스테 (SEMI-OVER FIT),NE,니트,"89,900"
NB,GC,NBNEGCO313,(상설) UNI FROZEN 하이킹 반팔티 (OVER FIT),NE,니트,"59,900"
NB,GC,NBNEGCO333,(상설) FROZEN 트리코트 반팔티,NE,니트,"59,900"
NB,GC,NBNEGCO343,(상설) UNI 러너스 레터링 반팔티,NE,니트,0
NB,GC,NBNEGCW252,(상설) W 링거 반팔티(SLIM FIT),NE,니트,"49,900"
NB,GC,NBNEGCW302,(상설) W FROZEN 세미크롭 그래픽 반팔티,NE,니트,"59,900"
NB,E2,NBNFE21013,UNI 에센셜 폴리 카라티 (STANDARD FIT),NF,니트,"59,900"
NB,E2,NBNFE21043,UNI 에센셜 싱글메쉬 카라티 (OVER FIT),NF,니트,"69,900"
NB,E2,NBNFE22013,THE TRACK 기능성 FRESH 폴로티,NF,니트,"69,900"
NB,E2,NBNFE2A413,UNI NBSC 풋볼 저지 (SEMI OVER FIT),NF,니트,"89,900"
NB,E2,NBNFE2W402,W 골지 카라 반팔티(SLIM FIT),NF,니트,"69,900"
NB,E2,NBNFE2W502,W 싱글메쉬 세미크롭 오픈카라 반팔티(SLIM FIT),NF,니트,"59,900"
NB,E2,NBNFE2W512,W 스포티 카라 폴로티(SEMI-OVER FIT),NF,니트,"79,900"
NB,E3,NBNFE31613,UNI 썸머 테리 집업 카라티 (SEMI OVER FIT),NF,니트,"79,900"
NB,E3,NBNFE32613,UNI FROZEN 스포츠 폴로티 (STANDARD FIT),NF,니트,"79,900"
NB,E3,NBNFE32623,UNI FROZEN 우븐 폴로티 (STANDARD FIT),NF,니트,"79,900"
NB,E3,NBNFE32633,UNI FROZEN 폴로티 (STANDARD FIT),NF,니트,"69,900"
NB,E3,NBNFE3W612,W FROZEN 우븐 스트레치 카라 반집업(SEMI-OVER FIT),NF,니트,"89,900"
NB,EB,NBNFEB1013,(상설) UNI CP 피케 반팔티,NF,니트,0
NB,F1,NBNFF1M211,MEN 피케 긴팔 폴로티 (STANDARD FIT),NF,니트,"79,900"
NB,F2,NBNFF2M411,MEN FROZEN 프로 폴로티 (STANDARD FIT),NF,니트,"89,900"
NB,F2,NBNFF2M421,MEN 폴리 피케 폴로티 (SLIM FIT),NF,니트,"59,900"
NB,F2,NBNFF2M511,MEN FROZEN 폴로티 (STANDARD FIT),NF,니트,"69,900"
NB,F2,NBNFF2M521,MEN FROZEN 피케 폴로티 (STANDARD FIT),NF,니트,"69,900"
NB,F2,NBNFF2M531,MEN FROZEN 오픈 카라티 (SEMI OVER FIT),NF,니트,"69,900"
NB,F2,NBNFF2W512,W 썸머 골지 카라 반팔티 (SLIM FIT),NF,니트,"59,900"
NB,F3,NBNFF3M811,MEN 피케 긴팔 폴로티 (STANDARD FIT),NF,니트,0
NB,F3,NBNFF3W612,W FROZEN 우븐 스트레치 버튼카라 폴로티 (SEMI-OVER FIT,NF,니트,"89,900"
NB,FC,NBNFFCO303,(상설) UNI 아이스 폴로티,NF,니트,"69,900"
NB,G2,NBNFG2W312,W 스트라이프 폴로 카라 긴팔티 (SEMI OVER FIT),NF,니트,"79,900"
NB,G3,NBNFG31603,UNI FROZEN ESSENTIAL 카라티 (STANDARD FIT),NF,니트,"69,900"
NB,G3,NBNFG31613,UNI FROZEN ESSENTIAL PRO 카라티 (STANDARD F,NF,니트,"89,900"
NB,G3,NBNFG31623,UNI 폴리 피케 폴로티 (SLIM FIT),NF,니트,"59,900"
NB,GC,NBNFGCA013,(멤버스) UNI 썬키스드 폴로 반팔티,NF,니트,"59,900"
NB,GC,NBNFGCA023,(멤버스) UNI 어슬레틱 클럽 레터 폴로티,NF,니트,"59,900"
NB,GC,NBNFGCO203,(상설) UNI 아이스 폴로티,NF,니트,"69,900"
NB,E2,NBNGE21013,UNI 에센셜 스몰로고 나시티 (SEMI OVER FIT),NG,니트,"39,900"
NB,E2,NBNGE21623,UNI NB Boy 보드샵 나시티 (SEMI OVER FIT),NG,니트,"39,900"
NB,E2,NBNGE21633,UNI NB Boy 보드 나시티 (SEMI OVER FIT),NG,니트,"39,900"
NB,E2,NBNGE22533,UNI NBSC 나시티 (SEMI-OVER FIT),NG,니트,"39,900"
NB,E2,NBNGE22543,UNI NBSC 매쉬 나시티 (OVER FIT),NG,니트,"79,900"
NB,E2,NBNGE2W322,W 소프트 골지 크롭탑(SLIM FIT),NG,니트,"69,900"
NB,E2,NBNGE2W502,W 썸머 골지 나시티(SLIM FIT),NG,니트,"39,900"
NB,E2,NBNGE2W512,W 썸머 골지 끈 나시티(SLIM FIT),NG,니트,"39,900"
NB,E3,NBNGE32613,UNI 워터 나시티 (SEMI-OVER FIT),NG,니트,"49,900"
NB,E3,NBNGE32623,UNI 워터겸용 매쉬 나시티 (SEMI-OVER FIT),NG,니트,"59,900"
NB,E3,NBNGE32633,UNI FROZEN 빅로고 나시티 (SEMI-OVER FIT),NG,니트,"49,900"
NB,E3,NBNGE3W702,W 워터 골지 크롭탑 래쉬가드,NG,니트,"69,900"
NB,EB,NBNGEB1013,(상설) UNI 스몰로고 나시티 (OVER FIT),NG,니트,0
NB,EB,NBNGEB2013,(상설) UNI NB BOY 그래픽 나시티 (OVER FIT),NG,니트,0
NB,F2,NBNGF21403,UNI 에센셜 스몰로고 나시티 (SEMI OVER FIT),NG,니트,"39,900"
NB,F2,NBNGF21503,UNI NBSC 바스켓볼 나시티(SEMI OVER FIT),NG,니트,"39,900"
NB,F2,NBNGF21513,UNI NBSC 슬리브리스 후드티(SEMI OVER FIT),NG,니트,"79,900"
NB,F2,NBNGF21573,UNI NBSC 바스켓볼 슬리브리스 저지 (OVER FIT),NG,니트,"79,900"
NB,F2,NBNGF25513,UNI RC 러너스 나시티 (SEMI OVER FIT),NG,니트,0
NB,F2,NBNGF2W112,W 컷아웃 나시티,NG,니트,"59,900"
NB,F2,NBNGF2W512,W 썸머 골지 나시티 (SLIM FIT),NG,니트,"39,900"
NB,F3,NBNGF31653,UNI NB BOY 네이처 아일랜드 나시티 (SEMI OVER FIT),NG,니트,"49,900"
NB,F3,NBNGF31703,UNI FROZEN ICE 그래픽 나시티,NG,니트,"49,900"
NB,F3,NBNGF31743,UNI Ndurance 레터링 나시티 (OVER FIT),NG,니트,"49,900"
NB,F3,NBNGF35403,UNI RC FROZEN 러너스 나시티,NG,니트,"49,900"
NB,F3,NBNGF35502,WOMEN FROZEN 트리코트 나시티,NG,니트,"49,900"
NB,F3,NBNGF35503,UNI FROZEN 트리코트 나시티,NG,니트,"49,900"
NB,F3,NBNGF35703,UNI RC AIR PRO 나시티,NG,니트,"69,900"
NB,F3,NBNGF3W512,W 썸머 골지 나시티 (SLIM FIT),NG,니트,"39,900"
NB,F3,NBNGF3W712,W 워터 크롭탑 래쉬가드,NG,니트,"69,900"
NB,FB,NBNGFB5903,KT WIZ 베이스볼 나시티,NG,니트,"39,900"
NB,FC,NBNGFCO303,(상설) UNI 아이스 빅로고 나시티,NG,니트,"49,900"
NB,G2,NBNGG21403,UNI 에센셜 스몰로고 나시티 (SEMI OVER FIT),NG,니트,"39,900"
NB,G2,NBNGG21503,UNI NB 프렌즈 나시티 (SEMI OVER FIT),NG,니트,"49,900"
NB,G2,NBNGG25402,W 퀵드라이 나시티,NG,니트,"49,900"
NB,G2,NBNGG25403,UNI RC FROZEN 픽토그램 나시티 (SEMI OVER FIT),NG,니트,"49,900"
NB,G2,NBNGG25433,RC AIR 스피드 나시티,NG,니트,"59,900"
NB,G2,NBNGG29303,NB X BROWN YARD SLEEVELESS,NG,니트,"59,900"
NB,G2,NBNGG2W312,W 소프트프레쉬골지 나시티 (SLIM FIT),NG,니트,"49,900"
NB,G3,NBNGG31413,UNI 에센셜 스몰로고 다잉 나시티 (OVER FIT),NG,니트,"49,900"
NB,G3,NBNGG31413,UNI 에센셜 스몰로고 다잉 나시티 (OVER FIT),NG,니트,0
NB,G3,NBNGG31603,UNI FROZEN BOSTON 나시티 (OVER FIT),NG,니트,"59,900"
NB,G3,NBNGG31613,UNI 써니 레이니 나시티 (SEMI OVER FIT),NG,니트,"49,900"
NB,G3,NBNGG31703,UNI 트랙스터 나시티 (SEMI OVER FIT),NG,니트,"49,900"
NB,G3,NBNGG35602,W FROZEN 트리코트 나시 (STANDARD FIT),NG,니트,"49,900"
NB,G3,NBNGG35603,UNI FROZEN 트리코트 나시티(STANDARD FIT),NG,니트,"49,900"
NB,G3,NBNGG35623,UNI NB GREY 러닝 나시티,NG,니트,"49,900"
NB,G3,NBNGG35623,UNI NB GREY 러닝 나시티,NG,니트,0
NB,G3,NBNGG35702,W RC AIR PRO 나시티,NG,니트,"69,900"
NB,G3,NBNGG35703,UNI RC AIR PRO 나시티,NG,니트,"69,900"
NB,G3,NBNGG35713,UNI FROZEN 픽토그램 나시티,NG,니트,"49,900"
NB,G3,NBNGG3A013,UNI NB FROZEN 서울 랜드마크 2.0 나시티 (SEMI OVER,NG,니트,"49,900"
NB,G3,NBNGG3A023,UNI Archive Pace Circle 그래픽 나시티,NG,니트,"49,900"
NB,G3,NBNGG3W612,W 에센셜 골지 나시티 (SLIM FIT),NG,니트,"59,900"
NB,G3,NBNGG3W712,W 골지 메쉬 레이어드 나시티 (SLIM FIT),NG,니트,"59,900"
NB,GB,NBNGGB5403,(홀세일) UNI RC FROZEN 픽토그램 나시티,NG,니트,"49,900"
NB,GB,NBNGGBW512,(쿠팡) W 썸머 골지 나시티 (SLIM FIT),NG,니트,"39,900"
NB,GC,NBNGGCO303,(상설) UNI FROZEN ICE 그래픽 나시티,NG,니트,"49,900"
NB,GC,NBNGGCO313,(상설) UNI RC FROZEN 러너스 나시티,NG,니트,"49,900"
NB,GC,NBNGGCO323,(상설) FROZEN 트리코트 나시티,NG,니트,"49,900"
NB,GC,NBNGGCO333,(상설) UNI 러너스 레터링 나시티,NG,니트,"39,900"
NB,GC,NBNGGCW202,(상설) W 썸머 골지 나시티 (SLIM FIT),NG,니트,"39,900"
NB,F1,NBNJF15203,UNI RC 경량 패딩 베스트,NJ,점퍼,"159,000"
NB,F1,NBNJF15213,UNI RC AIR 러닝 패딩 베스트,NJ,점퍼,"179,000"
NB,F2,NBNJF2W112,W 우븐 집업 베스트,NJ,점퍼,"159,000"
NB,F3,NBNJF31743,UNI Ndurance 우븐 베스트 (SEMI OVER FIT),NJ,점퍼,"99,900"
NB,FC,NBNJFCA033,[멤버스] UNI NB 클래식 헤리티지 플리스 베스트,NJ,점퍼,"109,000"
NB,GC,NBNJGCO403,(상설) UNI NB 클래식 헤리티지 플리스 베스트,NJ,점퍼,"109,000"
NB,GC,NBNJGCO403,(상설) UNI NB 클래식 헤리티지 플리스 베스트,NJ,점퍼,0
NB,E3,NBNKE3W612,W FROZEN 우븐 스트레치 카라형 반팔 원피스,NK,점퍼,"129,000"
NB,F2,NBNKF2W122,W 나시 원피스,NK,점퍼,"89,900"
NB,F3,NBNKF3W612,W FROZEN 우븐 스트레치 카라형 원피스,NK,점퍼,"129,000"
NB,F3,NBNKF3W622,W FROZEN 우븐 스트레치 후드형 원피스,NK,점퍼,"129,000"
NB,F3,NBNKF3W712,W FROZEN 우븐 스트레치 나시형 원피스,NK,점퍼,"129,000"
NB,G3,NBNKG3W612,W FROZEN 우븐 스트레치 카라형 원피스,NK,점퍼,"129,000"
NB,G3,NBNKG3W622,W FROZEN 우븐 스트레치 나시형 원피스,NK,점퍼,"129,000"
NB,E1,NBNME12013,UNI GORE-TEX 윈드스토퍼 2L 쉘자켓,NM,점퍼,"299,000"
NB,E2,NBNME2W002,W 에센셜 러닝 세미크롭  바람막이,NM,점퍼,"129,000"
NB,E2,NBNME2W302,W 크롭 우븐 자켓,NM,점퍼,"179,000"
NB,E2,NBNME2W312,W 세미크롭 후드 우븐자켓,NM,점퍼,"179,000"
NB,E2,NBNME2W402,W 경량 중기장 우븐자켓,NM,점퍼,"159,000"
NB,E2,NBNME2W412,W 경량 세미크롭 스텐드넥 우븐자켓,NM,점퍼,"159,000"
NB,E2,NBNME2W422,W 경량 우븐 반팔 아노락,NM,점퍼,"109,000"
NB,E2,NBNME2W432,W 에센셜 경량 트레이닝 집업,NM,점퍼,"129,000"
NB,E2,NBNME2W512,W 초경량 립스탑 우븐 바람막이,NM,점퍼,"129,000"
NB,E3,NBNME32813,UNI GORE-TEX WINDSTOPPER 바람막이,NM,점퍼,"299,000"
NB,E3,NBNME39713,NB X CAYL Pertex Light Wind Jacket,NM,점퍼,"199,000"
NB,E3,NBNME39723,NB X CAYL Pertex Hiker Shirts,NM,점퍼,"129,000"
NB,E3,NBNME3W602,W FROZEN 우븐 스트레치 카라형 반팔 자켓,NM,점퍼,"129,000"
NB,EB,NBNMEB1033,(상설) UNI PRO TRAIL 자켓,NM,점퍼,0
NB,E4,NBNPE41013,UNI ESS 웨이브 퀼팅 경량 다운,NP,점퍼,"159,000"
NB,E4,NBNPE41103,UNI 액티브 롱 구스다운 (European Goose),NP,점퍼,"359,000"
NB,E4,NBNPE41113,UNI 액티브 숏 구스다운 (European Goose),NP,점퍼,"299,000"
NB,E4,NBNPE41123,UNI 액티브 하이퍼 숏 구스다운 (European Goose),NP,점퍼,"299,000"
NB,E4,NBNPE41133,UNI 액티브 리버서블 플리스 다운,NP,점퍼,"299,000"
NB,E4,NBNPE41143,UNI 액티브 Pertex 후드 구스다운 (European Goose),NP,점퍼,"359,000"
NB,E4,NBNPE41153,UNI 액티브 하이퍼 구스다운 베스트 (European Goose),NP,점퍼,"199,000"
NB,E4,NBNPE41903,UNI 액티브 라이트 다운 베스트 (European Goose),NP,점퍼,"129,000"
NB,E4,NBNPE41913,UNI 액티브 라이트 구스다운 (European Goose),NP,점퍼,"159,000"
NB,E4,NBNPE41923,UNI 플라잉 PERTEX 경량 후드 다운,NP,점퍼,"199,000"
NB,E4,NBNPE42103,UNI 플라잉 숏 구스다운,NP,점퍼,"359,000"
NB,E4,NBNPE42113,UNI 플라잉 숏 미니멀 구스다운 (European Goose),NP,점퍼,"359,000"
NB,E4,NBNPE42123,UNI 플라잉 숏 하이퍼 구스다운,NP,점퍼,"359,000"
NB,E4,NBNPE42133,UNI 플라잉 프로 숏 구스다운,NP,점퍼,"499,000"
NB,E4,NBNPE42143,UNI 플라잉 미니멀 롱 구스다운 (European Goose),NP,점퍼,"399,000"
NB,E4,NBNPE42153,UNI GORE-TEX WINDSTOPPER 구스다운,NP,점퍼,"459,000"
NB,E4,NBNPE42163,UNI GORE-TEX 미니멀 숏 다운 (European Goose),NP,점퍼,"459,000"
NB,E4,NBNPE4A143,UNI 액티브 Pertex 후드 구스다운 (European Goose),NP,점퍼,"359,000"
NB,E4,NBNPE4W102,W 액티브 숏 구스다운,NP,점퍼,"299,000"
NB,E4,NBNPE4W112,W 액티브 롱 구스다운,NP,점퍼,"359,000"
NB,E4,NBNPE4W122,W 시그니처 숏 구스다운,NP,점퍼,"359,000"
NB,E4,NBNPE4W132,W 후드형 플라잉 숏 구스다운,NP,점퍼,"359,000"
NB,E4,NBNPE4W142,W 소프트 중기장 구스다운,NP,점퍼,"359,000"
NB,E4,NBNPE4W902,W 액티브 라이트 구스다운 (European Goose),NP,점퍼,"159,000"
NB,E4,NBNPE4W912,W 액티브 플라워 다운 글로시 베스트,NP,점퍼,"199,000"
NB,EC,NBNPEC1113,(상설) UNI 액티브 숏 다운 자켓,NP,점퍼,"279,000"
NB,EC,NBNPECA013,UNI 액티브 GORE-TEX 숏 다운 (European Goose),NP,점퍼,"459,000"
NB,EC,NBNPECW112,(상설) W 에센셜 숏 다운 자켓,NP,점퍼,"329,000"
NB,F4,NBNPF41003,UNI 액티브 롱 다운,NP,점퍼,"359,000"
NB,F4,NBNPF41033,UNI 액티브 숏 다운 자켓,NP,점퍼,"299,000"
NB,F4,NBNPF41053,UNI 액티브 숏 다운 베스트,NP,점퍼,"199,000"
NB,F4,NBNPF41063,UNI 액티브 숏 후드형 헤비 다운자켓,NP,점퍼,"329,000"
NB,F4,NBNPF41073,UNI 플라잉 스텐드넥 경량 구스다운 (European Goose),NP,점퍼,"229,000"
NB,F4,NBNPF41083,UNI 플라잉77 슈퍼라이트 후드형 헤비 구스다운 (European Go,NP,점퍼,"379,000"
NB,F4,NBNPF41903,UNI 액티브 라이트 다운 베스트,NP,점퍼,"129,000"
NB,F4,NBNPF41913,UNI 액티브 라이트 다운 자켓,NP,점퍼,"159,000"
NB,F4,NBNPF41973,UNI 플라잉77 슈퍼라이트 후드 구스다운 (European Goose),NP,점퍼,"279,000"
NB,F4,NBNPF45123,UNI PF 에센셜 하이브리드 다운자켓,NP,점퍼,"259,000"
NB,F4,NBNPF4M911,MEN 클라우드 시그니처 숏 다운 (European Goose),NP,점퍼,"359,000"
NB,F4,NBNPF4M921,MEN 액티브 미니멀 미드 다운 (European Goose),NP,점퍼,"359,000"
NB,F4,NBNPF4M931,MEN 액티브 미니멀 롱 다운 (European Goose),NP,점퍼,"399,000"
NB,F4,NBNPF4W012,W 액티브 롱 다운,NP,점퍼,"359,000"
NB,F4,NBNPF4W022,W 액티브 라이트 다운,NP,점퍼,"159,000"
NB,F4,NBNPF4W032,W 액티브 숏 다운,NP,점퍼,"299,000"
NB,F4,NBNPF4W042,W 액티브 부클 숏다운,NP,점퍼,"299,000"
NB,F4,NBNPF4W052,W 액티브 코듀로이 숏다운,NP,점퍼,"299,000"
NB,F4,NBNPF4W062,W 액티브 시그니처 숏다운,NP,점퍼,"359,000"
NB,F4,NBNPF4W072,W 플라잉 후드형 헤비 다운,NP,점퍼,"359,000"
NB,F4,NBNPF4W082,W 플라잉 중기장 다운,NP,점퍼,"379,000"
NB,F4,NBNPF4W942,W 플라잉 경량 후드형 다운,NP,점퍼,"229,000"
NB,F4,NBNPF4W952,W 플라잉 경량 다운 베스트,NP,점퍼,"199,000"
NB,FB,NBNPFB1903,UNI 액티브 라이트 다운 베스트,NP,점퍼,"129,000"
NB,FB,NBNPFB9002,(쿠팡) W 에센셜 롱 덕다운,NP,점퍼,"359,000"
NB,FB,NBNPFB9012,(쿠팡) W 액티브 라이트 덕다운,NP,점퍼,"159,000"
NB,FC,NBNPFCA023,(온라인) UN 플라잉 고어텍스 아웃포켓 기어다운,NP,점퍼,0
NB,FC,NBNPFCA063,(온라인) UNI 액티브 GORE-TEX 숏 다운,NP,점퍼,0
NB,FC,NBNPFCO403,(상설) UNI 액티브 숏 다운 자켓,NP,점퍼,"299,000"
NB,FC,NBNPFCO423,(상설) UNI 액티브 라이트 경량 다운 베스트,NP,점퍼,"129,000"
NB,FC,NBNPFCW422,(상설) W 시그니처 숏 다운 자켓,NP,점퍼,"359,000"
NB,FC,NBNPFCW432,(상설) W 소프트 중기장 다운,NP,점퍼,"359,000"
NB,G4,NBNPG41033,UNI 플라잉77 슈퍼라이트 후드형 헤비 구스다운,NP,점퍼,0
NB,G4,NBNPG41043,UNI 플라잉77 슈퍼라이트 다운 베스트,NP,점퍼,0
NB,G4,NBNPG41053,UNI NEW GREY 스탠넥 숏 다운,NP,점퍼,0
NB,G4,NBNPG41063,UNI NEW GREY 후드 숏 다운,NP,점퍼,0
NB,G4,NBNPG41903,UNI 플라잉77 슈퍼라이트 스텐드넥 경량 구스다운,NP,점퍼,0
NB,G4,NBNPG41913,UNI 플라잉77 슈퍼라이트 후드형 경량 구스다운,NP,점퍼,0
NB,G4,NBNPG4W012,W 플라잉 77 후드형 헤비다운,NP,점퍼,0
NB,G4,NBNPG4W022,W 플라잉 셔링 세미크롭 헤비다운,NP,점퍼,0
NB,G4,NBNPG4W032,W NEW GREY 스탠넥 숏 다운,NP,점퍼,0
NB,G4,NBNPG4W042,W NEW GREY 후드형 시그니처 다운,NP,점퍼,0
NB,G4,NBNPG4W912,W 플라잉 204 Airy 후드형 경량다운,NP,점퍼,0
NB,GB,NBNPGB1033,UNI 플라잉77 슈퍼라이트 후드형 헤비 구스다운,NP,점퍼,0
NB,GB,NBNPGB1903,UNI 플라잉77 슈퍼라이트 스텐드넥 경량 구스다운,NP,점퍼,0
NB,GB,NBNPGB1913,UNI 플라잉77 슈퍼라이트 후드형 경량 구스다운,NP,점퍼,0
NB,GC,NBNPGCO113,(상설) UNI 액티브 라이트 경량 다운 베스트,NP,점퍼,"129,000"
NB,GC,NBNPGCO403,(상설) UNI 액티브 숏 덕 다운 자켓,NP,점퍼,"299,000"
NB,GC,NBNPGCO430,(상설) UNI 액티브 숏 다운 자켓,NP,점퍼,0
NB,GC,NBNPGCO431,(상설) UNI 액티브 숏 다운 베스트,NP,점퍼,0
NB,GC,NBNPGCO433,(상설) UNI 기어 숏 다운,NP,점퍼,0
NB,GC,NBNPGCO434,(상설) UNI 플라잉 숏 미니멀 구스다운,NP,점퍼,0
NB,GC,NBNPGCO435,(상설) UNI 플라잉 미니멀 롱 구스다운,NP,점퍼,0
NB,GC,NBNPGCO436,(상설) UNI 액티브 라이트 다운 베스트,NP,점퍼,"129,000"
NB,GC,NBNPGCO437,(상설) UNI 액티브 롱 다운,NP,점퍼,0
NB,GC,NBNPGCO473,(상설) UNI 액티브 라이트 다운 자켓,NP,점퍼,"159,000"
NB,GC,NBNPGCW412,(상설) W 액티브 숏 다운,NP,점퍼,0
NB,GC,NBNPGCW422,(상설) W 액티브 시그니처 숏다운,NP,점퍼,0
NB,GC,NBNPGCW432,(상설) W 액티브 롱 다운,NP,점퍼,0
NB,E4,NBNQE41903,UNI 액티브 패딩 자켓,NQ,점퍼,"129,000"
NB,E4,NBNQE42023,MEN T383 후드 패딩 자켓,NQ,점퍼,"179,000"
NB,E4,NBNQE42033,MEN THE TRACK 경량 패딩 베스트,NQ,점퍼,"159,000"
NB,E4,NBNQE42043,MEN THE TRACK 2-Layer 항공 패딩 점퍼 (3M™),NQ,점퍼,"199,000"
NB,E4,NBNQE42153,UNI 하이브리드 롱 벤치파카,NQ,점퍼,"259,000"
NB,E4,NBNQE42823,UNI 바시티 패딩점퍼,NQ,점퍼,"199,000"
NB,E4,NBNQE42903,UNI 플라잉 라이트 스타디움 자켓,NQ,점퍼,"199,000"
NB,E4,NBNQE42923,UNI 플라잉 라이트 경량 패딩점퍼,NQ,점퍼,"199,000"
NB,E4,NBNQE42933,UNI 플라잉 라이트 항공점퍼,NQ,점퍼,"199,000"
NB,E4,NBNQE4A913,UNI LEGACY 후드 패딩 자켓,NQ,점퍼,"199,000"
NB,E4,NBNQE4W902,W 후드형 퀼팅 세미크롭 패딩자켓,NQ,점퍼,"199,000"
NB,E4,NBNQE4W912,W 라운드넥 퀼팅 중기장 패딩자켓,NQ,점퍼,"199,000"
NB,EC,NBNQECA013,[멤버스] UNI 보스턴 클래식 경량패딩 자켓,NQ,점퍼,"129,000"
NB,F1,NBNQF11263,UNI 레거시 바시티 패딩 자켓,NQ,점퍼,"199,000"
NB,F1,NBNQF11913,UNI LEGACY 후드 패딩 자켓,NQ,점퍼,"199,000"
NB,F1,NBNQF1W212,W 경량 퀼팅 패딩 자켓,NQ,점퍼,"199,000"
NB,F4,NBNQF41903,UNI 헤리티지 코듀로이 패딩 자켓,NQ,점퍼,"229,000"
NB,F4,NBNQF41913,UNI 헤리티지 스탠넥 패딩자켓,NQ,점퍼,"179,000"
NB,F4,NBNQF45102,WOMEN RC 경량 패딩베스트,NQ,점퍼,"159,000"
NB,F4,NBNQF45103,UNI RC 경량 패딩베스트,NQ,점퍼,"159,000"
NB,F4,NBNQF4M911,MEN 클라우드 하이브리드 경량 패딩 (Wool Insulation),NQ,점퍼,0
NB,F4,NBNQF4M921,MEN 클라우드 패딩 블루종 (Wool Insulation),NQ,점퍼,0
NB,F4,NBNQF4M931,MEN 클라우드 패딩 가디건 (Wool Insulation),NQ,점퍼,"129,000"
NB,F4,NBNQF4M941,MEN 클라우드 패딩 베스트 (Wool Insulation),NQ,점퍼,"109,000"
NB,F4,NBNQF4W912,W 액티브 니트 카라 경량 패딩,NQ,점퍼,"199,000"
NB,FB,NBNQFB1263,UNI 레거시 바시티 패딩 자켓,NQ,점퍼,"199,000"
NB,FB,NBNQFB9003,(쿠팡) UNI 에센셜 숏패딩,NQ,점퍼,"179,000"
NB,FC,NBNQFC1113,(상설) UNI NB 바시티 후디드 패딩,NQ,점퍼,0
NB,FC,NBNQFCA033,[멤버스] UNI NB 클래식 헤리티지 코듀로이 패딩 자켓,NQ,점퍼,"179,000"
NB,G1,NBNQG11203,UNI NEW GREY 바시티 패딩 자켓,NQ,점퍼,"199,000"
NB,G1,NBNQG11213,UNI NEW GREY 후드 패딩 자켓,NQ,점퍼,"199,000"
NB,G1,NBNQG1A003,UNI NB 서울 타이거 바시티 패딩 자켓 (OVER FIT),NQ,점퍼,"259,000"
NB,G1,NBNQG1W212,W 204 루나 블루종 패딩 자켓,NQ,점퍼,"199,000"
NB,G4,NBNQG41053,UNI NEW GREY 후드 숏 패딩점퍼,NQ,점퍼,0
NB,G4,NBNQG41063,UNI NEW GREY 스탠넥 숏 다운,NQ,점퍼,0
NB,G4,NBNQG41073,UNI NEW GREY 후드 숏 다운,NQ,점퍼,0
NB,G4,NBNQG41903,UNI 플라잉77 슈퍼라이트 스텐드넥 경량 패딩 자켓,NQ,점퍼,0
NB,G4,NBNQG41923,UNI 헤리티지 스텐드넥 패딩 자켓,NQ,점퍼,0
NB,G4,NBNQG41933,UNI 헤리티지 클라우드 후드 패딩 자켓,NQ,점퍼,0
NB,G4,NBNQG45103,UNI RC HEAT 패딩점퍼,NQ,점퍼,0
NB,GB,NBNQGB1213,UNI NEW GREY 후드 패딩 자켓,NQ,점퍼,"199,000"
NB,GB,NBNQGB1923,UNI 헤리티지 스텐드넥 패딩 자켓,NQ,점퍼,0
NB,GB,NBNQGB1933,UNI 헤리티지 클라우드 후드 패딩 자켓,NQ,점퍼,0
NB,GB,NBNQGB9003,(쿠팡) UNI 에센셜 숏패딩,NQ,점퍼,"179,000"
NB,GC,NBNQGCO103,(상설) UNI 플라잉 라이트 스타디움 자켓,NQ,점퍼,"199,000"
NB,GC,NBNQGCO403,(상설) UNI 헤리티지 스탠넥 패딩자켓,NQ,점퍼,0
NB,GC,NBNQGCO413,(상설) UNI NEW GREY 후드 패딩 자켓,NQ,점퍼,0
NB,E2,NBNSE2W702,W 워터 레깅스,NS,면바지,"69,900"
NB,F2,NBNSF2W012,W 워터 레깅스,NS,면바지,"69,900"
NB,E1,NBNTE11013,UNI ESS 헤리티지 우븐 스트레이트 팬츠,NT,면바지,"99,900"
NB,E1,NBNTE11043,UNI ESS 헤리티지 코튼혼방 와이드 카고 팬츠,NT,면바지,"109,000"
NB,E1,NBNTE11113,UNI HERITAGE 카펜터 팬츠,NT,면바지,"109,000"
NB,E1,NBNTE11213,UNI 스포츠클럽 컬러블록 와이드 팬츠,NT,면바지,"109,000"
NB,E1,NBNTE12213,THE TRACK 테이퍼드 트리코트 팬츠,NT,면바지,"99,900"
NB,E1,NBNTE12223,THE TRACK 테이퍼드 트윌 팬츠,NT,면바지,"99,900"
NB,E1,NBNTE12233,THE TRACK 테이퍼드 조거 팬츠,NT,면바지,"129,000"
NB,E1,NBNTE12323,UNI 스트레치 조거팬츠,NT,면바지,"109,000"
NB,E1,NBNTE12333,UNI 러닝에센셜 스피드 조거팬츠,NT,면바지,"109,000"
NB,E1,NBNTE12343,UNI 유틸리티 카고팬츠,NT,면바지,"129,000"
NB,E1,NBNTE12353,UNI 스트레치 카고팬츠,NT,면바지,"129,000"
NB,E1,NBNTE1W202,W 우븐 와이드 카고 팬츠,NT,면바지,"109,000"
NB,E2,NBNTE21013,UNI 에센셜 우븐 카고 조거 팬츠,NT,면바지,"109,000"
NB,E2,NBNTE21023,UNI 에센셜 와이드 파라슈트 팬츠,NT,면바지,"109,000"
NB,E2,NBNTE22013,THE TRACK 냉감 슬림 테이퍼드 팬츠,NT,면바지,"99,900"
NB,E2,NBNTE22033,THE TRACK 냉감 FRESH 테이퍼드 조거팬츠,NT,면바지,"99,900"
NB,E2,NBNTE22043,THE TRACK 릴렉스 테이퍼드 팬츠,NT,면바지,"99,900"
NB,E2,NBNTE22423,UNI 러너스 조거팬츠,NT,면바지,"109,000"
NB,E2,NBNTE2W002,W 쿨소프트 조거 팬츠,NT,면바지,"79,900"
NB,E2,NBNTE2W402,W 경량 우븐 와이드 카고 팬츠,NT,면바지,"109,000"
NB,E2,NBNTE2W412,W 나일론 스트레치 조거 팬츠,NT,면바지,"99,900"
NB,E2,NBNTE2W432,W 에센셜 경량 트레이닝 조거 팬츠,NT,면바지,"99,900"
NB,E3,NBNTE31313,UNI ESS 헤리티지 우븐 스트레이트 팬츠,NT,면바지,"99,900"
NB,E3,NBNTE31803,UNI ESS 웜업 조거팬츠,NT,면바지,"99,900"
NB,E3,NBNTE31813,UNI ESS 스트레치 카고 조거팬츠,NT,면바지,"99,900"
NB,E3,NBNTE31823,UNI ESS 스트레이트 팬츠,NT,면바지,"99,900"
NB,E3,NBNTE31833,UN ESS 카고 와이드 팬츠,NT,면바지,"129,000"
NB,E3,NBNTE32013,MEN THE TRACK 슬림 스트레이트 팬츠 (Fresh),NT,면바지,"129,000"
NB,E3,NBNTE32023,MEN THE TRACK 스트레이트 팬츠 (Fresh),NT,면바지,"129,000"
NB,E3,NBNTE32033,MEN THE TRACK 슬림 테이퍼드 팬츠 (Fresh),NT,면바지,"129,000"
NB,E3,NBNTE32043,MEN THE TRACK 릴렉스 테이퍼드 팬츠 (Fresh),NT,면바지,"129,000"
NB,E3,NBNTE32623,UNI FROZEN 냉감 아이스 팬츠,NT,면바지,"109,000"
NB,E3,NBNTE32813,UNI N 컬러블록 웜업팬츠,NT,면바지,"99,900"
NB,E3,NBNTE32823,UNI 파라수트 웜엄팬츠,NT,면바지,"129,000"
NB,E3,NBNTE39713,NB X CAYL Ice Pants,NT,면바지,"159,000"
NB,E3,NBNTE3W612,W FROZEN 우븐 스트레치 와이드 팬츠,NT,면바지,"109,000"
NB,E4,NBNTE41933,UNI ESS 카고 와이드 트윌 팬츠,NT,면바지,"129,000"
NB,E4,NBNTE41943,UNI 플라잉 PERTEX 다운 스트레이트 팬츠,NT,면바지,"229,000"
NB,E4,NBNTE42013,MEN THE TRACK 릴렉스 테이퍼드 트윌 팬츠 (Fresh),NT,면바지,"129,000"
NB,E4,NBNTE42143,MEN THE TRACK 릴렉스 와이드 치노 팬츠,NT,면바지,"129,000"
NB,E4,NBNTE42901,UNI 러닝에센셜 스피드 조거팬츠,NT,면바지,"99,900"
NB,E4,NBNTE42923,UNI 플라잉 라이트 웜업팬츠,NT,면바지,"129,000"
NB,E4,NBNTE4A913,UNI LEGACY 더블니 와이드 팬츠,NT,면바지,"129,000"
NB,EB,NBNTEB1013,(상설) UNI 에센셜+ 우븐 카고 조거 팬츠,NT,면바지,0
NB,EB,NBNTEB1033,(상설) UNI PRO TRAIL 팬츠,NT,면바지,0
NB,F1,NBNTF11243,UNI 레거시 카고 2WAY 와이드 팬츠,NT,면바지,"129,000"
NB,F1,NBNTF15203,UNI RC 러닝팬츠,NT,면바지,"99,900"
NB,F1,NBNTF1M201,MEN 테이퍼드 팬츠 (SLIM FIT),NT,면바지,"129,000"
NB,F1,NBNTF1M211,MEN 테이퍼드 트윌 팬츠 (SLIM FIT),NT,면바지,"129,000"
NB,F1,NBNTF1M221,MEN 테이퍼드 옥스포드 팬츠 (RELAXED FIT),NT,면바지,"129,000"
NB,F1,NBNTF1W212,W 우븐 원턱 와이드 팬츠,NT,면바지,"129,000"
NB,F2,NBNTF21013,UNI 에센셜 헤리티지 웜업 스트레이트 팬츠,NT,면바지,"99,900"
NB,F2,NBNTF21023,UNI 에센셜 우븐 조거 팬츠,NT,면바지,"99,900"
NB,F2,NBNTF21033,UNI 에센셜 우븐 스트레이트 팬츠,NT,면바지,"99,900"
NB,F2,NBNTF21323,UNI 플라잉 2-WAY 웜업 와이드 팬츠,NT,면바지,"129,000"
NB,F2,NBNTF21433,UNI 플라잉 경량 2WAY 와이드 팬츠,NT,면바지,"129,000"
NB,F2,NBNTF2M411,MEN FROZEN 테이퍼드 트리코트 팬츠 (SLIM FIT),NT,면바지,"129,000"
NB,F2,NBNTF2M421,MEN FROZEN 테이퍼드 팬츠 (SLIM FIT),NT,면바지,"129,000"
NB,F2,NBNTF2M431,MEN FROZEN 테이퍼드 이지 팬츠 (RELAXED FIT),NT,면바지,"109,000"
NB,F2,NBNTF2M441,MEN FROZEN 와이드 카고 팬츠 (RELAXED FIT),NT,면바지,"129,000"
NB,F2,NBNTF2M451,MEN 스트레치 치노 이지 팬츠 (RELAXED FIT),NT,면바지,"109,000"
NB,F2,NBNTF2W042,W 쿨소프트 조거팬츠,NT,면바지,"89,900"
NB,F2,NBNTF2W312,W 우븐 와이드팬츠,NT,면바지,"99,900"
NB,F2,NBNTF2W412,W 경량 우븐 스트레치 조거팬츠,NT,면바지,"99,900"
NB,F2,NBNTF2W422,W 경량 우븐 와이드 카고팬츠,NT,면바지,"99,900"
NB,F3,NBNTF31603,UNI FROZEN 코튼라이크카고 와이드 팬츠,NT,면바지,"129,000"
NB,F3,NBNTF31703,UNI FROZEN 쿨스트레치 V핏 와이드 팬츠,NT,면바지,"129,000"
NB,F3,NBNTF31803,UNI 에센셜 헤리티지 2WAY 우븐 와이드 팬츠,NT,면바지,"99,900"
NB,F3,NBNTF31813,UNI 에센셜 스트레치 카고 조거팬츠,NT,면바지,"99,900"
NB,F3,NBNTF31823,UN 에센셜 카고 와이드 팬츠,NT,면바지,"129,000"
NB,F3,NBNTF31833,UNI 에센셜 스트레치 커브드 팬츠,NT,면바지,"99,900"
NB,F3,NBNTF3M611,MEN AIR 벤틸레이션 이지 팬츠 (RELAXED FIT),NT,면바지,"99,900"
NB,F3,NBNTF3M811,MEN 4WAY 테이퍼드 팬츠 (SLIM FIT),NT,면바지,0
NB,F3,NBNTF3M821,MEN 스트레치 테이퍼드 트윌 팬츠 (SLIM FIT),NT,면바지,0
NB,F3,NBNTF3M831,MEN 스트레치 테이퍼드 옥스포드 팬츠 (SLIM FIT),NT,면바지,0
NB,F3,NBNTF3M841,MEN 옥스포드 와이드 팬츠 (RELAXED FIT),NT,면바지,"129,000"
NB,F3,NBNTF3W012,W HERITAGE 웜업 와이드팬츠,NT,면바지,"99,900"
NB,F3,NBNTF3W612,W 풀밴딩 투턱 와이드팬츠,NT,면바지,"99,900"
NB,F3,NBNTF3W712,W FROZEN 우븐 스트레치 와이드팬츠,NT,면바지,"99,900"
NB,F3,NBNTF3W822,W 트랙 경량 우븐 와이드팬츠,NT,면바지,"109,000"
NB,F4,NBNTF41903,UNI 헤리티지 코듀로이 팬츠,NT,면바지,"139,000"
NB,F4,NBNTF41913,UNI 헤리티지 우븐 카고 와이드 팬츠,NT,면바지,"129,000"
NB,F4,NBNTF45803,UNI RC 러닝팬츠,NT,면바지,"99,900"
NB,F4,NBNTF45813,UNI RC 에센셜 스트레치 조거팬츠,NT,면바지,"99,900"
NB,F4,NBNTF4M911,MEN 윈터 4WAY 테이퍼드 팬츠,NT,면바지,0
NB,F4,NBNTF4M921,MEN 윈터 기모 스트레치 테이퍼드 팬츠,NT,면바지,0
NB,F4,NBNTF4W012,W 우븐 배럴레그 팬츠,NT,면바지,"129,000"
NB,F4,NBNTF4W922,W 윈터 우븐 카고 와이드팬츠,NT,면바지,"129,000"
NB,F4,NBNTF4W932,W 코듀로이 와이드팬츠,NT,면바지,"129,000"
NB,FB,NBNTFB1243,UNI 레거시 카고 2WAY 와이드 팬츠,NT,면바지,"129,000"
NB,FC,NBNTFC1113,(상설) UNI 와이드 카고팬츠,NT,면바지,0
NB,FC,NBNTFCA033,[멤버스] UNI NB 클래식 헤리티지 코듀로이 턱 와이드 팬츠,NT,면바지,"129,000"
NB,FC,NBNTFCO303,(상설) UNI 에센셜 웜업 조거팬츠,NT,면바지,"99,900"
NB,FC,NBNTFCO413,(상설) UNI 러닝에센셜 스피드 조거팬츠,NT,면바지,"99,900"
NB,G1,NBNTG11203,UNI NEW GREY 더블니 와이드 팬츠,NT,면바지,"129,000"
NB,G1,NBNTG11213,UNI NEW GREY 커브드 와이드 치노팬츠,NT,면바지,"109,000"
NB,G2,NBNTG21303,UNI 740 SHIFTED 2WAY 우븐 와이드 팬츠,NT,면바지,"129,000"
NB,G2,NBNTG21313,UNI 2002 아카이브 스트레이트 치노 팬츠,NT,면바지,"109,000"
NB,G2,NBNTG21323,UNI 2002 아카이브 카고 와이드 팬츠,NT,면바지,"129,000"
NB,G2,NBNTG21333,UNI 에센셜 스트레치 우븐 조거 팬츠,NT,면바지,"109,000"
NB,G2,NBNTG21403,UNI 헤리티지 스트레이트 팬츠 (STRAIGHT FIT),NT,면바지,"109,000"
NB,G2,NBNTG21413,UNI NANO LIGHT파라슈트 와이드 팬츠 (WIDE FIT),NT,면바지,"129,000"
NB,G2,NBNTG21513,UNI FROZEN 코튼라이크 카고 와이드 팬츠,NT,면바지,"129,000"
NB,G2,NBNTG2W112,W 시티액티브 우븐 커브드 오버와이드 팬츠,NT,면바지,"129,000"
NB,G2,NBNTG2W312,W 트랙 우븐 와이드 팬츠,NT,면바지,"109,000"
NB,G2,NBNTG2W322,W 에센셜 우븐 카고 와이드팬츠,NT,면바지,"129,000"
NB,G2,NBNTG2W412,W 에센셜 경량 우븐 카고 와이드 팬츠,NT,면바지,"109,000"
NB,G2,NBNTG2W422,W 204 경량 우븐 와이드팬츠,NT,면바지,"129,000"
NB,G2,NBNTG2W512,W 브리즈라이트 파라슈트 팬츠,NT,면바지,"129,000"
NB,G3,NBNTG31513,UNI FROZEN 코튼라이크 카고 와이드 팬츠,NT,면바지,"129,000"
NB,G3,NBNTG31513,UNI FROZEN 코튼라이크 카고 와이드 팬츠,NT,면바지,0
NB,G3,NBNTG31603,UNI FROZEN 테이퍼드 트리코트 팬츠 (SLIM FIT),NT,면바지,"129,000"
NB,G3,NBNTG31613,UNI FROZEN 테이퍼드 팬츠 (SLIM FIT),NT,면바지,"129,000"
NB,G3,NBNTG31623,UNI 써니 레이니 디테쳐블 팬츠 (WIDE FIT),NT,면바지,"139,000"
NB,G3,NBNTG31803,UNI 에센셜 헤리티지 2WAY 우븐 와이드 팬츠,NT,면바지,"109,000"
NB,G3,NBNTG31813,UN 에센셜 카고 와이드 팬츠,NT,면바지,"129,000"
NB,G3,NBNTG31823,UNI 에센셜 스트레치 카고 조거팬츠,NT,면바지,"109,000"
NB,G3,NBNTG31833,UNI ESCAPE 워시드 우븐 와이드 팬츠,NT,면바지,"129,000"
NB,G3,NBNTG31853,UNI 모닝레이브 우븐 와이드 커브드 팬츠 (WIDE FIT),NT,면바지,"129,000"
NB,G3,NBNTG3W612,W FROZEN 우븐 스트레치 풀밴딩 와이드팬츠,NT,면바지,"109,000"
NB,G3,NBNTG3W712,W FROZEN 에어 스트레치 오버 와이드팬츠,NT,면바지,"109,000"
NB,G3,NBNTG3W712,W FROZEN 에어 스트레치 오버 와이드팬츠,NT,면바지,0
NB,G3,NBNTG3W812,W 에센셜 웜업 우븐 와이드팬츠,NT,면바지,"109,000"
NB,G3,NBNTG3W822,W ALLDAY 파라슈트 우븐 오버와이드 팬츠,NT,면바지,"129,000"
NB,G4,NBNTG41053,UNI NEW GREY 커브드 우븐 와이드 팬츠,NT,면바지,0
NB,G4,NBNTG41903,UNI 플라잉 사이드턱 우븐 와이드 팬츠,NT,면바지,0
NB,G4,NBNTG41923,UNI 헤리티지 우븐 카고 와이드 팬츠,NT,면바지,0
NB,G4,NBNTG45903,UNI RC 러닝팬츠,NT,면바지,0
NB,G4,NBNTG45913,UNI RC 러닝 에센셜 팬츠,NT,면바지,0
NB,G4,NBNTG45923,UNI RC 조거팬츠,NT,면바지,0
NB,G4,NBNTG4A013,UNI NB 데님 사이드턱 커브드 팬츠,NT,면바지,0
NB,G4,NBNTG4W912,W 윈터 우븐 커브드 오버와이드팬츠,NT,면바지,0
NB,GB,NBNTGB1213,UNI NEW GREY 커브드 와이드 치노팬츠,NT,면바지,"109,000"
NB,GB,NBNTGB1413,UNI NANO LIGHT파라슈트 와이드 팬츠 (WIDE FIT),NT,면바지,"129,000"
NB,GC,NBNTGCO103,(상설) UNI 와이드 카고팬츠,NT,면바지,"129,000"
NB,GC,NBNTGCO203,(상설) UNI 플라잉 경량 2WAY 와이드 팬츠,NT,면바지,"129,000"
NB,GC,NBNTGCO213,(상설) UNI 스트레치 조거팬츠,NT,면바지,"109,000"
NB,GC,NBNTGCO223,(상설) UNI FROZEN 냉감 아이스 팬츠,NT,면바지,"129,000"
NB,GC,NBNTGCO303,(상설) UNI 에센셜 헤리티지 2WAY 우븐 와이드 팬츠,NT,면바지,"99,900"
NB,GC,NBNTGCO313,(상설) UNI 에센셜 웜업 조거팬츠,NT,면바지,"99,900"
NB,GC,NBNTGCO323,(상설) UN 에센셜 카고 와이드 팬츠,NT,면바지,"129,000"
NB,GC,NBNTGCW202,(상설) W 경량 우븐 와이드 카고팬츠,NT,면바지,"99,900"
NB,GC,NBNTGCW302,(상설) W HERITAGE 웜업 와이드팬츠,NT,면바지,"99,900"
NB,E2,NBNUE22443,UNI 트리코트 7부 숏팬츠 (STANDARD FIT),NU,면바지,"79,900"
NB,E2,NBNVE21013,UNI 에센셜 싱글메쉬 5부 반바지 (STANDARD FIT),NV,면바지,"49,900"
NB,E2,NBNVE21023,UNI ESS 헤리티지 우븐 4.5부 쇼츠 (STANDARD FIT),NV,면바지,"69,900"
NB,E2,NBNVE21033,UNI 에센셜 경량 스트레치 4.5부 포켓 쇼츠 (WIDE FIT),NV,면바지,"79,900"
NB,E2,NBNVE21043,UNI 에센셜 싱글메쉬 원턱 5.5부 반바지 (WIDE FIT),NV,면바지,"59,900"
NB,E2,NBNVE21053,UNI 에센셜 핀턱 5부 반바지 (STANDARD FIT),NV,면바지,"69,900"
NB,E2,NBNVE21413,UNI 썸머 시어서커 4.5부 포켓 쇼츠 (WIDE FIT),NV,면바지,"79,900"
NB,E2,NBNVE21513,UNI 코튼혼방 5부 카고 쇼츠 (WIDE FIT),NV,면바지,"79,900"
NB,E2,NBNVE21523,UNI 경량 스트레치 우븐 5.5부 쇼츠 (WIDE FIT),NV,면바지,"79,900"
NB,E2,NBNVE22413,UNI 러너스 4.5부 우븐 숏팬츠,NV,면바지,"69,900"
NB,E2,NBNVE22413,UNI 러너스 4.5부 우븐 숏팬츠,NV,면바지,0
NB,E2,NBNVE22433,UNI 러너스클럽 5부 숏팬츠 (WIDE FIT),NV,면바지,"69,900"
NB,E2,NBNVE22443,UNI 트리코트 5부 숏팬츠 (STANDARD FIT),NV,면바지,"59,900"
NB,E2,NBNVE22443,UNI 트리코트 5부 숏팬츠 (STANDARD FIT),NV,면바지,0
NB,E2,NBNVE22453,UNI 하이킹 4.5부 경량 스트레치 숏팬츠,NV,면바지,"79,900"
NB,E2,NBNVE22463,UNI 5부 버뮤다 카고팬츠 (WIDE FIT),NV,면바지,"89,900"
NB,E2,NBNVE22513,UNI NBSC 4.5부 우븐 숏팬츠,NV,면바지,"79,900"
NB,E2,NBNVE22523,UNI NBSC 4부 우븐 숏팬츠,NV,면바지,"79,900"
NB,E2,NBNVE22533,UNI NBSC 5부 카고 숏팬츠 (WIDE FIT),NV,면바지,"79,900"
NB,E2,NBNVE22543,UNI NBSC 5부 매쉬 숏팬츠,NV,면바지,"69,900"
NB,E2,NBNVE22613,UNI 4.5부 베이직 보드숏 (STANDARD FIT),NV,면바지,"69,900"
NB,E2,NBNVE22623,-,NV,면바지,0
NB,E2,NBNVE2A413,UNI NBSC 4.5부 그래픽 쇼츠 (WIDE FIT),NV,면바지,"79,900"
NB,E2,NBNVE2W002,W 에센셜 4부 싱글메쉬 숏팬츠(STANDARD FIT),NV,면바지,"49,900"
NB,E2,NBNVE2W012,W 에센셜 헤리티지 트리퍼 3.5부 쇼츠 (STANDARD FIT),NV,면바지,"69,900"
NB,E2,NBNVE2W312,W 썸머 에코 4부 니트 숏팬츠(STANDARD FIT),NV,면바지,"69,900"
NB,E2,NBNVE2W422,W 경량 4부 우븐 숏팬츠(STANDARD FIT),NV,면바지,"69,900"
NB,E2,NBNVE2W502,W 싱글메쉬 4부 플리츠 숏팬츠(WIDE FIT),NV,면바지,"69,900"
NB,E2,NBNVE2W512,W 3.5부 우븐 스트레치 숏팬츠(STANDARD FIT),NV,면바지,"79,900"
NB,E3,NBNVE31613,UNI 썸머 테리 4.5부 쇼츠 (WIDE FIT),NV,면바지,"69,900"
NB,E3,NBNVE32623,UNI FROZEN 4.5부 카고 숏팬츠,NV,면바지,"79,900"
NB,E3,NBNVE32633,UNI FROZEN 4.5부 에센셜 숏팬츠,NV,면바지,"69,900"
NB,E3,NBNVE39713,NB X CAYL Trail 2 IN 1 Shorts,NV,면바지,"129,000"
NB,E3,NBNVE3W602,W FROZEN 우븐 스트레치 4.5부 핀턱 숏팬츠(WIDE FIT),NV,면바지,"89,900"
NB,E3,NBNVE3W612,W FROZEN 우븐 스트레치 4부 숏팬츠(STANDARD FIT),NV,면바지,"79,900"
NB,E3,NBNVE3W702,W 워터 3.5부 우븐 투인원 보드숏(SLIM FIT),NV,면바지,"79,900"
NB,E3,NBNVE3W712,W 워터 돌핀 3.5부 래쉬가드 숏팬츠(SLIM FIT),NV,면바지,"59,900"
NB,EB,NBNVEB1013,(상설) UNI 에센셜 싱글메쉬 5부 숏팬츠 (STANDARD FIT),NV,면바지,0
NB,EB,NBNVEB1023,(상설) UNI 메모리 5부 바지,NV,면바지,0
NB,EB,NBNVEB2013,(상설) UNI 트리퍼 4.5부 우븐쇼츠,NV,면바지,0
NB,EB,NBNVEB2533,(홀세일) UNI NBSC 5부 카고 숏팬츠 (LOOSE FIT),NV,면바지,"79,900"
NB,EC,NBNVECA012,WOMENS 어슬레틱 클럽 경량 4부 쇼츠 (STANDARD FIT),NV,면바지,"59,900"
NB,EC,NBNVECA013,UNI 어슬레틱 클럽 경량 4.5부 쇼츠 (STANDARD FIT),NV,면바지,"59,900"
NB,F2,NBNVF21013,UNI 헤리티지 4.5부 쇼츠 (STANDARD FIT),NV,면바지,"69,900"
NB,F2,NBNVF21403,UNI 에센셜 싱글메쉬 5부 반바지(STANDARD FIT),NV,면바지,"49,900"
NB,F2,NBNVF21433,UNI 플라잉 경량 4.5부 우븐 숏팬츠(STANDARD FIT),NV,면바지,"79,900"
NB,F2,NBNVF21463,UNI 헤리티지 5.5부 카고 쇼츠(WIDE FIT),NV,면바지,"69,900"
NB,F2,NBNVF21473,UNI 헤리티지 코튼 카고 5부 쇼츠(WIDE FIT),NV,면바지,"79,900"
NB,F2,NBNVF21513,UNI NBSC 6부 쇼츠(WIDE FIT),NV,면바지,"69,900"
NB,F2,NBNVF21573,UNI NBSC 바스켓볼 5부 쇼츠 (STANDARD FIT),NV,면바지,"79,900"
NB,F2,NBNVF25213,UNI RC FRESH 트레이닝 쇼츠,NV,면바지,"69,900"
NB,F2,NBNVF2A013,UNI Ndurance 4.5부 우븐 쇼츠 (STANDARD FIT),NV,면바지,"79,900"
NB,F2,NBNVF2M411,MEN 스트레치 버뮤다 쇼츠 (WIDE FIT),NV,면바지,"79,900"
NB,F2,NBNVF2M511,MEN FROZEN 5부 이지 쇼츠 (STANDARD FIT),NV,면바지,"69,900"
NB,F2,NBNVF2W122,W 3.5부 트랙 쇼츠,NV,면바지,"69,900"
NB,F2,NBNVF2W132,W 버뮤다 트랙 쇼츠,NV,면바지,"79,900"
NB,F2,NBNVF2W142,W 3.5부 트랙 우븐 쇼츠,NV,면바지,"69,900"
NB,F2,NBNVF2W152,W 3.5부 우븐 쇼츠,NV,면바지,"89,900"
NB,F2,NBNVF2W162,W 경량 스웻 버뮤다쇼츠,NV,면바지,"79,900"
NB,F2,NBNVF2W172,W 3.5부 와플 쇼츠,NV,면바지,"69,900"
NB,F2,NBNVF2W312,W 소프트 4부 골지 숏팬츠 (STANDARD FIT),NV,면바지,"69,900"
NB,F2,NBNVF2W432,W 경량 4부 우븐 숏팬츠(STANDARD FIT),NV,면바지,"69,900"
NB,F2,NBNVF2W512,W 3.5부 우븐 카고 숏팬츠 (STANDARD FIT),NV,면바지,"79,900"
NB,F3,NBNVF31603,UNI FROZEN 쿨터치 4.5부 쇼츠,NV,면바지,"79,900"
NB,F3,NBNVF31613,UNI FROZEN 코튼라이크 버뮤다 5.5부 쇼츠,NV,면바지,"89,900"
NB,F3,NBNVF31703,UNI FROZEN 4.5부 쇼츠(STANDARD FIT),NV,면바지,"69,900"
NB,F3,NBNVF31713,UNI 썸머 시어서커 4.5부 쇼츠,NV,면바지,"69,900"
NB,F3,NBNVF31723,UNI 에센셜 워터겸용 4부 보드 쇼츠,NV,면바지,"69,900"
NB,F3,NBNVF31743,UNI Ndurance 4.5부 우븐 쇼츠 (STANDARD FIT),NV,면바지,"79,900"
NB,F3,NBNVF31823,UNI ESCAPE 5.5부 우븐 쇼츠 (WIDE FIT),NV,면바지,"79,900"
NB,F3,NBNVF31833,UNI ESCAPE 6부 버뮤다 스웻쇼츠 (WIDE FIT),NV,면바지,"69,900"
NB,F3,NBNVF35903,UNI PF 에센셜 4.5부 쇼츠 (STANDARD FIT),NV,면바지,"79,900"
NB,F3,NBNVF3M611,MEN AIR 벤틸레이션 4.5부 쇼츠 (STANDARD FIT),NV,면바지,"79,900"
NB,F3,NBNVF3M621,MEN AIR 시어서커 버뮤다 쇼츠 (WIDE FIT),NV,면바지,"89,900"
NB,F3,NBNVF3W012,W FROZEN 코튼터치 우븐 4.5부 쇼츠,NV,면바지,"89,900"
NB,F3,NBNVF3W612,W FROZEN 우븐 스트레치 4부 숏팬츠 (STANDARD FIT),NV,면바지,"79,900"
NB,F3,NBNVF3W712,W 워터 3.5부 우븐 투인원 보드 쇼츠,NV,면바지,"79,900"
NB,FB,NBNVFB1013,UNI 헤리티지 4.5부 쇼츠 (STANDARD FIT),NV,면바지,"69,900"
NB,FC,NBNVFC2113,(상설) UNI 트리코트 5부 숏팬츠,NV,면바지,0
NB,FC,NBNVFCA013,UNI 썸머 트래블 6부 트랙 쇼츠 (WIDE FIT),NV,면바지,"69,900"
NB,FC,NBNVFCA023,UNI 썸머 트래블 원턱 5.5부 버뮤다 팬츠 (WIDE FIT),NV,면바지,"69,900"
NB,FC,NBNVFCO202,(상설) W 에센셜 우븐 4부 쇼츠,NV,면바지,"69,900"
NB,FC,NBNVFCO203,(상설) UNI 에센셜 우븐 4.5부 쇼츠,NV,면바지,"69,900"
NB,FC,NBNVFCO223,(상설) UNI 베이직 스트레치 4.5부 쇼츠,NV,면바지,"59,900"
NB,G2,NBNVG21303,UNI 2002 아카이브 5.5부 치노 쇼츠,NV,면바지,"89,900"
NB,G2,NBNVG21403,UNI 에센셜 썸머 경량 5부 쇼츠(STANDARD FIT),NV,면바지,"49,900"
NB,G2,NBNVG21413,UNI NANO LIGHT4.5부 우븐 쇼츠 (STANDARD FIT),NV,면바지,"89,900"
NB,G2,NBNVG21423,UNI 에센셜 7부 카고 쇼츠 (WIDE FIT),NV,면바지,"69,900"
NB,G2,NBNVG21433,UNI 헤리티지 5.5부 카고 쇼츠,NV,면바지,"69,900"
NB,G2,NBNVG21453,UNI 살라고뛴다 4.5부 우븐 쇼츠 (STANDARD FIT),NV,면바지,"79,900"
NB,G2,NBNVG21513,UNI FROZEN 코튼라이크 카고 6부 버뮤다 쇼츠 (WIDE FIT),NV,면바지,"89,900"
NB,G2,NBNVG21523,UNI 트랙 클럽 카펜터 7부 쇼츠 (WIDE FIT),NV,면바지,"79,900"
NB,G2,NBNVG21533,UNI 에센셜 6부 쇼츠 (WIDE FIT),NV,면바지,"69,900"
NB,G2,NBNVG21543,UNI 에센셜 8부 쇼츠 (WIDE FIT),NV,면바지,"89,900"
NB,G2,NBNVG25213,UNI PF 올데이 4.5부 쇼츠,NV,면바지,"69,900"
NB,G2,NBNVG29303,NB X BROWN YARD 2 IN 1 SHORTS,NV,면바지,"99,900"
NB,G2,NBNVG2A013,UNI Archive Pace 4부 우븐 쇼츠,NV,면바지,"79,900"
NB,G2,NBNVG2W412,W 에센셜 경량 우븐 4부 쇼츠 (STANDARD FIT),NV,면바지,"69,900"
NB,G2,NBNVG2W422,W 204 우븐 3부 쇼츠 (STANDARD FIT),NV,면바지,"79,900"
NB,G2,NBNVG2W432,W 경량 이중직 4부 쇼츠 (STANDARD FIT),NV,면바지,"59,900"
NB,G3,NBNVG31543,UNI 에센셜 8부 쇼츠 (WIDE FIT),NV,면바지,"89,900"
NB,G3,NBNVG31543,UNI 에센셜 8부 쇼츠 (WIDE FIT),NV,면바지,0
NB,G3,NBNVG31603,UNI FROZEN ESSENTIAL 4.5부 쇼츠(STANDARD FI,NV,면바지,"79,900"
NB,G3,NBNVG31613,UNI FROZEN ESSENTIAL 5부 니트 쇼츠 (STANDARD,NV,면바지,"69,900"
NB,G3,NBNVG31613,UNI FROZEN ESSENTIAL 5부 니트 쇼츠 (STANDARD,NV,면바지,0
NB,G3,NBNVG31623,UNI 써니 레이니 카고 5부 쇼츠 (WIDE FIT),NV,면바지,"89,900"
NB,G3,NBNVG31633,UNI 써니 레이니 데님 쇼츠 (WIDE FIT),NV,면바지,"99,900"
NB,G3,NBNVG31703,UNI 트랙스터 6부 카고 쇼츠 (WIDE FIT),NV,면바지,"89,900"
NB,G3,NBNVG31713,UNI 에어 라이트 6부 니트 버뮤다 쇼츠 (WIDE FIT),NV,면바지,"79,900"
NB,G3,NBNVG31723,UNI Archive Pace 4.5부 우븐 쇼츠,NV,면바지,"79,900"
NB,G3,NBNVG31833,UNI ESCAPE 6부 우븐 쇼츠 (WIDE FIT),NV,면바지,"89,900"
NB,G3,NBNVG31843,UNI ESCAPE 8부 다잉 버뮤다 스웻쇼츠 (WIDE FIT),NV,면바지,"79,900"
NB,G3,NBNVG31853,UNI 모닝레이브 8부 쇼츠 (WIDE FIT),NV,면바지,"79,900"
NB,G3,NBNVG35603,UNI FROZEN 트리코트 숏츠,NV,면바지,"69,900"
NB,G3,NBNVG35702,W RC AIR PRO 2-IN-1 숏츠,NV,면바지,"109,000"
NB,G3,NBNVG35703,UNI RC AIR PRO 2-IN-1 숏츠,NV,면바지,"109,000"
NB,G3,NBNVG3W612,W FROZEN 우븐 스트레치 에센셜 4부 쇼츠(STANDARD FIT),NV,면바지,"79,900"
NB,G3,NBNVG3W622,W FROZEN 우븐 스트레치 4부 쇼츠 (STANDARD FIT),NV,면바지,"79,900"
NB,G3,NBNVG3W632,W FROZEN 우븐 스트레치 버뮤다 5.5부 쇼츠 (WIDE FIT),NV,면바지,"89,900"
NB,G3,NBNVG3W712,W 시어서커 4.5부 우븐 쇼츠 (STANDARD FIT),NV,면바지,"89,900"
NB,G4,NBNVG4W012,W WOOL 플리스 4부 쇼츠 (STANDARD FIT),NV,면바지,0
NB,GB,NBNVGB1403,UNI 에센셜 썸머 경량 5부 쇼츠(STANDARD FIT),NV,면바지,"49,900"
NB,GB,NBNVGB1413,UNI NANO LIGHT4.5부 우븐 쇼츠 (STANDARD FIT),NV,면바지,"89,900"
NB,GB,NBNVGB1423,UNI 헤리티지 6.5부 카고 쇼츠,NV,면바지,"69,900"
NB,GB,NBNVGB1843,UNI ESCAPE 8부 다잉 버뮤다 스웻쇼츠 (WIDE FIT),NV,면바지,"79,900"
NB,GC,NBNVGCA013,(멤버스) UNI 썬키스드 4.5부 쇼츠,NV,면바지,"79,900"
NB,GC,NBNVGCA023,(멤버스) UNI FROZEN 2PACK 4.5부 반바지,NV,면바지,"99,900"
NB,GC,NBNVGCA033,(멤버스) UNI 3PACK 4부 홈웨어 팬츠,NV,면바지,"129,000"
NB,GC,NBNVGCO203,(상설) UNI FROZEN 5.5부 카고 숏팬츠,NV,면바지,"79,900"
NB,GC,NBNVGCO213,(상설) UNI FROZEN 우븐 4.5부 숏츠,NV,면바지,"79,900"
NB,GC,NBNVGCO223,(상설) UNI 헤리티지 4.5부 쇼츠 (STANDARD FIT),NV,면바지,"69,900"
NB,GC,NBNVGCO233,(상설) UNI 플라잉 경량 4.5부 우븐 숏팬츠(STANDARD FIT,NV,면바지,"79,900"
NB,GC,NBNVGCO303,(상설) UNI FROZEN 4.5부 에센셜 숏팬츠,NV,면바지,"69,900"
NB,GC,NBNVGCO303,(상설) UNI FROZEN 4.5부 에센셜 숏팬츠,NV,면바지,0
NB,GC,NBNVGCO313,(상설) UNI 러너스 5부 카고 숏팬츠 (WIDE FIT),NV,면바지,0
NB,GC,NBNVGCO323,(상설) FROZEN 트리코트 숏츠,NV,면바지,"69,900"
NB,GC,NBNVGCW102,(상설) W FROZEN 우븐 스트레치 4부 숏팬츠,NV,면바지,"79,900"
NB,GC,NBNVGCW202,(상설) W 에센셜 우븐 4부 쇼츠,NV,면바지,"69,900"
NB,E2,NBNWE2W402,W 경량 우븐 카고 스커트,NW,면바지,"109,000"
NB,E2,NBNWE2W512,W 스포티 플리츠 스커트,NW,면바지,"89,900"
NB,E2,NBNWE2W522,W 에센셜 플리츠 스커트,NW,면바지,"89,900"
NB,E3,NBNWE3W612,W FROZEN 우븐 스트레치 카고 롱스커트,NW,면바지,"109,000"
NB,E3,NBNWE3W802,W 소프트 골지 스커트,NW,면바지,"79,900"
NB,E4,NBNWE4W902,W 액티브 플라워 다운 스커트,NW,면바지,"159,000"
NB,F1,NBNWF1W212,W HERITAGE 롱스커트,NW,면바지,"89,900"
NB,F2,NBNWF2W112,W 2in1 스커트,NW,면바지,"79,900"
NB,F2,NBNWF2W312,W 우븐 카고 미니스커트,NW,면바지,"79,900"
NB,F3,NBNWF3W612,W FROZEN 우븐 스트레치 카고 롱스커트,NW,면바지,"99,900"
NB,F3,NBNWF3W822,W 트랙 경량 우븐 스커트,NW,면바지,"109,000"
NB,G1,NBNWG1W212,W 204 루나 우븐 롱 스커트,NW,면바지,"109,000"
NB,G2,NBNWG2W312,W 우븐 랩 롱 스커트,NW,면바지,"129,000"
NB,G3,NBNWG3W612,W FROZEN 우븐 스트레치 롱 스커트,NW,면바지,"109,000"
NB,EA,NBXDEA1104,(쿠팡) MEN 테크 드로즈 4PACK,XD,언더웨어,"39,900"
NB,EA,NBXDEA1109,(쿠팡) MEN 임팩트 드로즈 4PACK,XD,언더웨어,"39,900"
NB,EA,NBXDEA1110,(쿠팡) MEN 포인트 드로즈 4PACK,XD,언더웨어,"39,900"
NB,EA,NBXDEA1111,(쿠팡) MEN 레터 드로즈 4PACK,XD,언더웨어,"39,900"
NB,EA,NBXDEA1113,(쿠팡) MEN 스토리 드로즈 4PACK,XD,언더웨어,"39,900"
NB,EA,NBXDEA111M,MEN 에센셜 드로즈 3PACK,XD,언더웨어,"49,900"
NB,EA,NBXDEA112M,MEN 아이코닉 드로즈 3PACK,XD,언더웨어,"49,900"
NB,EA,NBXDEA122M,MEN 버라이어티 드로즈 5PACK,XD,언더웨어,"69,900"
NB,EA,NBXDEA201M,MEN 코어 드로즈 3PACK,XD,언더웨어,0
NB,EA,NBXDEA301M,MEN 코어 드로즈 4PACK,XD,언더웨어,"49,900"
NB,EA,NBXDEA301M,MEN 코어 드로즈 4PACK,XD,언더웨어,0
NB,EB,NBXDEB1101,(쿠팡) MEN 솔리드 모노 드로즈 4PACK,XD,언더웨어,"39,900"
NB,EB,NBXDEB1101,(쿠팡) MEN 솔리드 모노 드로즈 4PACK,XD,언더웨어,0
NB,EB,NBXDEB1103,(쿠팡) MEN 시그니처 드로즈 4PACK,XD,언더웨어,"39,900"
NB,EB,NBXDEB1104,(쿠팡) MEN 테크 드로즈 4PACK,XD,언더웨어,"39,900"
NB,EB,NBXDEB1107,(쿠팡) MEN 쿨 메쉬 드로즈 4PACK,XD,언더웨어,"39,900"
NB,EB,NBXDEB1112,(쿠팡) MEN 바시티 드로즈 4PACK,XD,언더웨어,"39,900"
NB,EB,NBXDEB1114,(쿠팡) MEN 그레이 에디션 드로즈 4PACK,XD,언더웨어,"39,900"
NB,EB,NBXDEB1115,(쿠팡) MEN 어쎈틱 블랙 드로즈 4PACK,XD,언더웨어,"39,900"
NB,EB,NBXDEB1116,(쿠팡) MEN 리니어 라인 드로즈 4PACK,XD,언더웨어,"39,900"
NB,EB,NBXDEB1117,(쿠팡) MEN 스포츠 라인 드로즈 4PACK,XD,언더웨어,"39,900"
NB,EB,NBXDEB1118,(쿠팡) MEN 액티브 530 드로즈 4PACK,XD,언더웨어,"39,900"
NB,EB,NBXDEB1119,(쿠팡) MEN 테크 코튼 드로즈 4PACK,XD,언더웨어,"39,900"
NB,EB,NBXDEB401C,(코스트코) MEN NB 스포츠 드로즈 3PK (#675628),XD,언더웨어,"23,490"
NB,FA,NBXDFA201M,MEN 코어 드로즈 3PACK,XD,언더웨어,"39,900"
NB,FA,NBXDFA301M,MEN 코어 드로즈 4PACK,XD,언더웨어,"49,900"
NB,FA,NBXDFA411M,MEN  에센셜 드로즈 3PACK,XD,언더웨어,"39,900"
NB,FA,NBXDFA431M,MEN 아이코닉 드로즈 3PACK,XD,언더웨어,"39,900"
NB,FA,NBXDFA451M,MEN 버라이어티 드로즈 5PACK,XD,언더웨어,"59,900"
NB,FA,NBXDFA501M,MEN 블랙 코어 모달 드로즈 5PACK,XD,언더웨어,"49,900"
NB,FA,NBXDFA503M,MEN 코어 아스킨 드로즈 5PACK,XD,언더웨어,0
NB,FA,NBXDFA504M,MEN 코어 아스킨-메쉬 드로즈 5PACK,XD,언더웨어,0
NB,FB,NBXDFB1103,(쿠팡) MEN 시그니처 드로즈 4PACK,XD,언더웨어,"39,900"
NB,FB,NBXDFB1104,(쿠팡) MEN 테크 드로즈 4PACK,XD,언더웨어,"39,900"
NB,FB,NBXDFB1106,(쿠팡) MEN 스파크 라인 드로즈 4PACK,XD,언더웨어,"39,900"
NB,FB,NBXDFB1107,(쿠팡) MEN 쿨 메쉬 드로즈 4PACK,XD,언더웨어,"39,900"
NB,FB,NBXDFB1109,(쿠팡) MEN 임팩트 드로즈 4PACK,XD,언더웨어,"39,900"
NB,FB,NBXDFB1110,(쿠팡) MEN 포인트 드로즈 4PACK,XD,언더웨어,"39,900"
NB,FB,NBXDFB1112,(쿠팡) MEN 바시티 드로즈 4PACK,XD,언더웨어,"39,900"
NB,FB,NBXDFB1113,(쿠팡) MEN 스토리 드로즈 4PACK,XD,언더웨어,"39,900"
NB,FB,NBXDFB1120,(쿠팡) MEN 블랙 에디션 백 메쉬 드로즈 4PACK,XD,언더웨어,"39,900"
NB,FB,NBXDFB1121,(쿠팡) MEN 액티브 990 드로즈 4PACK,XD,언더웨어,"39,900"
NB,FB,NBXDFB1122,(쿠팡) MEN 시그니처 메쉬 패널 드로즈 4PACK,XD,언더웨어,"39,900"
NB,FB,NBXDFB1123,(쿠팡) MEN 필드 스포츠 백 메쉬 드로즈 4PACK,XD,언더웨어,"39,900"
NB,FB,NBXDFB1125,(쿠팡) MEN 트래블 리니어 드로즈 4PACK,XD,언더웨어,"39,900"
NB,FB,NBXDFB1126,(브레이브) MEN 바시티 데일리 드로즈 4PACK,XD,언더웨어,"39,900"
NB,FB,NBXDFB1127,(브레이브) MEN 데일리 리니어라인 드로즈 4PACK,XD,언더웨어,"39,900"
NB,FB,NBXDFB1128,(브레이브) MEN 데일리 스포츠 드로즈 4PACK,XD,언더웨어,"39,900"
NK,E1,NK9AE1201U,Draw Your Court_후드형 우븐 배색 바람막이,9A,점퍼,"109,000"
NK,E1,NK9AE1201U,Draw Your Court_후드형 우븐 배색 바람막이,9A,점퍼,0
NK,E1,NK9AE1301G,Classic Sports_미디 바람막이,9A,점퍼,"129,000"
NK,E1,NK9AE1301U,Classic Sports_셔켓 바람막이,9A,점퍼,"129,000"
NK,E1,NK9AE1401G,Fishing Club_배색 크롭 바람막이,9A,점퍼,"109,000"
NK,E1,NK9AE1401U,Fishing Club_포켓 바람막이,9A,점퍼,"109,000"
NK,E1,NK9AE1801G,NBgC_애슬레저 바람막이,9A,점퍼,"109,000"
NK,E2,NK9AE2101U,Essential_스티치 포인트 홑겹 바람막이,9A,점퍼,"89,900"
NK,E2,NK9AE2101U,Essential_스티치 포인트 홑겹 바람막이,9A,점퍼,0
NK,E2,NK9AE2501U,Baseball_시어서커 바람막이,9A,점퍼,"99,900"
NK,E2,NK9AE2502U,Baseball_홑겹 패턴 바람막이,9A,점퍼,"129,000"
NK,E2,NK9AE2601U,Beach Lounge 전판패턴 레인코트,9A,점퍼,"89,900"
NK,E2,NK9AE2601U,Beach Lounge 전판패턴 레인코트,9A,점퍼,0
NK,E2,NK9AE2801G,NBgC Athleisure 초경량 나일론 메쉬 믹스 점퍼,9A,점퍼,"129,000"
NK,E3,NK9AE3701U,Hybrid Sports_메쉬 안감 바람막이,9A,점퍼,"99,900"
NK,E3,NK9AE3702U,Hybrid Sports_하이넥 배색 바람막이,9A,점퍼,"109,000"
NK,E3,NK9AE3803G,NBgC_세미크롭 배색 바람막이,9A,점퍼,"109,000"
NK,F1,NK9AF1301U,OFFROAD TRIP_컬러블럭 메쉬 바람막이,9A,점퍼,"109,000"
NK,F1,NK9AF1302U,OFFROAD TRIP_일러스트 메쉬 바람막이,9A,점퍼,"109,000"
NK,F1,NK9AF1303U,TRANQUIL DESERT_리플렉티브 바람막이,9A,점퍼,"129,000"
NK,F1,NK9AF1801G,NBGC_플리츠 바람막이,9A,점퍼,"139,000"
NK,F1,NK9AF1802G,NBGC_글로시 바람막이,9A,점퍼,"129,000"
NK,F1,NK9AF1803G,NBGC_포인트 크롭 바람막이,9A,점퍼,"109,000"
NK,F2,NK9AF2101U,ESSENTIAL_에센셜 플러스 홑겹 바람막이,9A,점퍼,"99,900"
NK,F2,NK9AF2102U,ESSENTIAL_NB메쉬로고 바람막이,9A,점퍼,"109,000"
NK,F2,NK9AF2503U,PLAY DENIM_배색 홑겹 바람막이,9A,점퍼,"99,900"
NK,F2,NK9AF2604U,KIDS RIDER_시어서커 블루종,9A,점퍼,"89,900"
NK,F2,NK9AF2606G,KIDS RIDER_시어서커 크롭셔츠,9A,점퍼,"69,900"
NK,F2,NK9AF2711U,NBSC_에센셜 홑겹 바람막이,9A,점퍼,"79,900"
NK,F2,NK9AF2801G,NBGC_여아 소프트터치 바람막이,9A,점퍼,"99,900"
NK,F3,NK9AF3101U,ESSENTIAL_에센셜 홑겹 바람막이,9A,점퍼,"99,900"
NK,F3,NK9AF3102U,ESSENTIAL_메쉬안감 바람막이,9A,점퍼,"109,000"
NK,F3,NK9AF3701U,NBSC_메쉬안감 바람막이,9A,점퍼,"89,900"
NK,F3,NK9AF3803G,NBgC_여아 메쉬안감 바람막이,9A,점퍼,"109,000"
NK,F3,NK9AF3811G,NBgC_여아 홑겹 바람막이,9A,점퍼,"99,900"
NK,FB,NK9AFB111U,OFFROAD TRIP_컬러블럭 메쉬 바람막이,9A,점퍼,0
NK,G1,NK9AG1411U,Ready Set Rugby!_컬러 포인트 메쉬 바람막이,9A,점퍼,"109,000"
NK,G1,NK9AG1712U,NBSC_ESCAPE 바람막이,9A,점퍼,"109,000"
NK,G1,NK9AG1771U,NBSC_에어 글로시 바람막이,9A,점퍼,"109,000"
NK,G1,NK9AG1883G,NBgC_에어 글로시 셔링 바람막이,9A,점퍼,"129,000"
NK,G2,NK9AG2401U,WE GROW TOGETHER_타슬란 컬러블럭 홑겹 바람막이,9A,점퍼,"99,900"
NK,G2,NK9AG2411U,Ready Set Rugby!_시어서커 후드셔켓,9A,점퍼,"99,900"
NK,G2,NK9AG2501U,Run Festival_에센셜 홑겹 바람막이,9A,점퍼,"89,900"
NK,G2,NK9AG2773U,GRID PACK_체크 홑겹 바람막이,9A,점퍼,"109,000"
NK,G2,NK9AG2881G,NBgC_여아 넥 셔링 포인트 홑겹 바람막이,9A,점퍼,"109,000"
NK,G4,NK9AG4901G,NBgC_세미 크롭 바람막이,9A,점퍼,0
NK,G4,NK9AG4901U,메쉬 안감 바람막이,9A,점퍼,"109,000"
NK,G4,NK9AG4902G,NBgC_세미 크롭 바람막이,9A,점퍼,0
NK,GB,NK9AGB111U,EXCLUSIVE_컬러 포인트 홑겹 바람막이,9A,점퍼,"109,000"
NK,GB,NK9AGB112U,EXCLUSIVE_메쉬안감 바람막이,9A,점퍼,"129,000"
NK,GB,NK9AGB201G,EXCLUSIVE_여아 바람막이,9A,점퍼,"109,000"
NK,GB,NK9AGB201U,Exclusive_포인트 판초 바람막이,9A,점퍼,"89,900"
NK,GB,NK9AGB211U,EXCLUSIVE_일러스트 포인트 바람막이,9A,점퍼,"109,000"
NK,GB,NK9AGB212U,EXCLUSIVE_에센셜 솔리드 바람막이,9A,점퍼,"109,000"
NK,GB,NK9AGB224U,EXCLUSIVE_홑겹 배색 바람막이,9A,점퍼,"109,000"
NK,GB,NK9AGB998U,ESSENTIAL_에센셜 바람막이,9A,점퍼,"79,900"
NK,GC,NK9AGC301U,컬러 메쉬 바람막이,9A,점퍼,"109,000"
NK,GC,NK9AGC302U,배색 후드 바람막이,9A,점퍼,"109,000"
NK,E1,NK9BE1102U,Essential_에센셜 긴팔티,9B,니트,"29,900"
NK,E1,NK9BE1301G,Classic Sports_여아 크롭 긴팔티,9B,니트,"49,900"
NK,E1,NK9BE1402U,Fishing Club_일러스트 긴팔티,9B,니트,"39,900"
NK,E1,NK9BE1801G,NBgC_에슬레저 그라데이션 긴팔티,9B,니트,"59,900"
NK,E2,NK9BE2701U,Surfing 일러스트 냉감 티셔츠,9B,니트,"49,900"
NK,F3,NK9BF3106U,ESSENTIAL_7부 라글란 그래픽 티셔츠,9B,니트,"39,900"
NK,F3,NK9BF3107U,ESSENTIAL_7부 라글란 일러스트 티셔츠,9B,니트,"39,900"
NK,F3,NK9BF3601U,Autumn Farm_스냅 포인트 스트라이프 티셔츠,9B,니트,"59,900"
NK,F3,NK9BF3602U,Autumn Farm_일러스트 긴팔 티셔츠,9B,니트,"39,900"
NK,F3,NK9BF3603U,Autumn Farm_패턴 포인트 스웻셔츠,9B,니트,0
NK,F3,NK9BF3701G,NBSC_골지 레이어드 티셔츠,9B,니트,"59,900"
NK,F3,NK9BF3701U,NBSC_피그먼트 세미 오버핏 7부 티셔츠,9B,니트,"49,900"
NK,F4,NK9BF4101U,ESSENTIAL_반목폴라,9B,니트,"39,900"
NK,F4,NK9BF4701G,NBSC_스트라이프 레이어드 골지 티셔츠,9B,니트,"59,900"
NK,F4,NK9BF4701U,NBSC_기능성 반목폴라,9B,니트,"49,900"
NK,F4,NK9BF4702U,NBSC_기능성 기모 반목폴라,9B,니트,"49,900"
NK,F4,NK9BF4703U,NBSC_로고 포인트 긴팔티,9B,니트,"39,900"
NK,F4,NK9BF4801G,NBgC_걸스 키링 일러스트 슬림핏 셔링 긴팔티,9B,니트,"39,900"
NK,F4,NK9BF4802G,NBgC_플라워 일러스트 셔링 긴팔티,9B,니트,"49,900"
NK,F4,NK9BF4901U,Little Puppy_프론트 일러스트 긴팔티,9B,니트,0
NK,F4,NK9BF4902U,Little Puppy_세미 오버핏 라글란 긴팔티,9B,니트,"49,900"
NK,FB,NK9BFB311U,ESSENTIAL_베이직 스몰로고 긴팔티,9B,니트,"39,900"
NK,FB,NK9BFB322U,[2PACK]  베이직 2PACK 긴팔티,9B,니트,"49,900"
NK,FB,NK9BFB332U,ESSENTIAL_베이직 로고 긴팔티,9B,니트,"29,900"
NK,FB,NK9BFB398U,ESSENTIAL_2PACK 긴팔티,9B,니트,"59,900"
NK,G1,NK9BG1101U,CLASSIC REMIX_요꼬 배색 스트라이프 카라티,9B,니트,"69,900"
NK,G1,NK9BG1201U,WE GROW TOGETHER_   긴팔티,9B,니트,"39,900"
NK,G1,NK9BG1202U,WE GROW TOGETHER_일러스트 피그먼트 긴팔티,9B,니트,"49,900"
NK,G1,NK9BG1303U,Ready Set Rugby!_스트라이프 긴팔티,9B,니트,"59,900"
NK,G1,NK9BG1304U,Ready Set Rugby!_럭비 긴팔티,9B,니트,"49,900"
NK,G1,NK9BG1305U,Ready Set Rugby!_래글런 티셔츠,9B,니트,"49,900"
NK,G1,NK9BG1405U,WE GROW TOGETHER  _멀티 스트라이프 카라 긴팔티,9B,니트,"69,900"
NK,G1,NK9BG1701G,NBSC_골지 레이어드 셔링 티셔츠,9B,니트,"59,900"
NK,G1,NK9BG1703U,NBSC_로고 포인트 긴팔티,9B,니트,"49,900"
NK,G1,NK9BG1771G,NBSC_슬림핏 라글란 후드 티셔츠,9B,니트,"49,900"
NK,G1,NK9BG1772G,NBSC_스트라이프 골지 티셔츠,9B,니트,"49,900"
NK,G1,NK9BG1772U,NBSC_폴리 저지 긴팔티,9B,니트,"49,900"
NK,G1,NK9BG1886G,NBgC_스트라이프 긴팔티,9B,니트,"49,900"
NK,G2,NK9BG2303U,Ready Set Rugby!_스트라이프 긴팔티,9B,니트,"59,900"
NK,G2,NK9BG2402U,WE GROW TOGETHER  _일러스트 냉감 긴팔티,9B,니트,"49,900"
NK,G2,NK9BG2411U,Ready Set Rugby!_일러스트 쿨터치 긴팔티,9B,니트,"49,900"
NK,G3,NK9BG3801G,NBgC_[2PCS] 가디건 나시 세트,9B,니트,"99,900"
NK,G4,NK9BG4101G,Crew pack_ 기능성 후드티,9B,니트,0
NK,G4,NK9BG4101U,반목 폴라 티셔츠,9B,니트,0
NK,G4,NK9BG4110G,NBgC_반목 폴라 골지 티셔츠,9B,니트,0
NK,G4,NK9BG4110U,벨로아 멀티 스트라이프 티셔츠,9B,니트,0
NK,G4,NK9BG4901G,NBgC_골지 레이어드 티셔츠,9B,니트,"59,900"
NK,G4,NK9BG4901G,NBgC_골지 레이어드 티셔츠,9B,니트,0
NK,G4,NK9BG4901U,로고 티셔츠,9B,니트,"39,900"
NK,G4,NK9BG4902U,일러스트 티셔츠,9B,니트,"49,900"
NK,G4,NK9BG4903U,10수 선염 스트라이프 카라 티셔츠,9B,니트,"69,900"
NK,G4,NK9BG4904U,피그먼트 일러스트 긴팔티,9B,니트,"59,900"
NK,G4,NK9BG4905U,Playground_라글란 티셔츠,9B,니트,"49,900"
NK,G4,NK9BG4906U,GRID PACK_그라데이션 다잉 긴팔티셔츠,9B,니트,"59,900"
NK,G4,NK9BG4907U,라운드넥 스트라이프 긴팔티 (16수),9B,니트,0
NK,G4,NK9BG4908U,다잉 레이어드 긴팔티,9B,니트,0
NK,GB,NK9BGB101U,EXCLUSIVE_베이직 티셔츠,9B,니트,"39,900"
NK,GB,NK9BGB102U,EXCLUSIVE_일러스트 티셔츠,9B,니트,"39,900"
NK,GB,NK9BGB103U,EXCLUSIVE_포켓 티셔츠,9B,니트,"49,900"
NK,GB,NK9BGB105U,EXCLUSIVE_스트라이프 티셔츠,9B,니트,"59,900"
NK,GB,NK9BGB111U,EXCLUSIVE_2PACK 긴팔 티셔츠,9B,니트,"49,900"
NK,GB,NK9BGB112U,EXCLUSIVE_2PACK 긴팔 티셔츠,9B,니트,"59,900"
NK,GB,NK9BGB998U,ESSENTIAL_2PACK 긴팔 티셔츠,9B,니트,"59,900"
NK,GB,NK9BGB998U,ESSENTIAL_2PACK 긴팔 티셔츠,9B,니트,0
NK,GB,NK9BGB999U,EXCLUSIVE_에센셜 티셔츠,9B,니트,"49,900"
NK,GC,NK9BGC302U,베이직 2PACK 긴팔 티셔츠,9B,니트,"49,900"
NK,GC,NK9BGC303U,베이직 스몰 로고 티셔츠,9B,니트,0
NK,GC,NK9BGC304U,베이직 로고 티셔츠,9B,니트,0
NK,GC,NK9BGC305U,베이직 스트라이프 티셔츠,9B,니트,"59,900"
NK,GC,NK9BGC306U,멀티 스트라이프 티셔츠,9B,니트,"69,900"
NK,GC,NK9BGC307U,솔리드 카라 티셔츠,9B,니트,"69,900"
NK,GC,NK9BGC308U,베이직 2PACK 긴팔 티셔츠,9B,니트,"59,900"
NK,GC,NK9BGC401U,반목 폴라 티셔츠,9B,니트,0
NK,E1,NK9CE1104U,Essential_그라데이션 스웻셔츠,9C,니트,"69,900"
NK,E1,NK9CE1105U,Essential_카라형 우븐 피스테 스웻셔츠,9C,니트,0
NK,E1,NK9CE1302U,Classic Sports_자가드 에리 스웻셔츠,9C,니트,"79,900"
NK,E1,NK9CE1501U,Hybrid Sports_쿠션지 카라 반집업,9C,니트,"79,900"
NK,E1,NK9CE1502U,Hybrid Sports_면터치 반집업,9C,니트,"69,900"
NK,E1,NK9CE1503U,Hybrid Sports_우븐스트레치 스웻티셔츠,9C,니트,"79,900"
NK,E3,NK9CE3110U,ESSENTIAL_라운드넥 배색 우븐 피스테,9C,니트,"79,900"
NK,E4,NK9CE4601U,Colorful Ski_플리스 반집업,9C,니트,"79,900"
NK,E4,NK9CE4602G,Colorful Ski_그라데이션 기모 후디,9C,니트,"79,900"
NK,E4,NK9CE4701U,Hybrid Sports_플리스안감 우븐 피스테,9C,니트,"89,900"
NK,F1,NK9CF1801G,NBGC_반집업 스웻셔츠,9C,니트,"69,900"
NK,F1,NK9CF1811G,NBGC_우븐 메쉬 맨투맨,9C,니트,"69,900"
NK,F3,NK9CF3101U,ESSENTIAL_스트라이프 피케 카라 스웻셔츠,9C,니트,"89,900"
NK,F3,NK9CF3601G,Autumn Farm_여아 반팔 셔링 스웻셔츠,9C,니트,"49,900"
NK,F3,NK9CF3601U,Autumn Farm_일러스트 스웻셔츠,9C,니트,"59,900"
NK,F3,NK9CF3701G,NBSC_피그먼트 크롭 맨투맨,9C,니트,"59,900"
NK,F3,NK9CF3701U,NBSC_NB 포인트 후드티,9C,니트,"69,900"
NK,F3,NK9CF3702U,NBSC_홑겹 우븐 피스테,9C,니트,"69,900"
NK,F3,NK9CF3811G,NBgC_스웻 레이어드 나시 2P 세트,9C,니트,"99,900"
NK,F4,NK9CF4104U,ESSENTIAL_빅 레터 로고 기모 맨투맨,9C,니트,"59,900"
NK,F4,NK9CF4301U,PREP SPORTS_레터링 포인트 하이넥 맨투맨,9C,니트,"69,900"
NK,F4,NK9CF4302U,PREP SPORTS_로고 포인트 후드티,9C,니트,"69,900"
NK,F4,NK9CF4303U,PREP SPORTS_카라 반집업 스트라이프 스웻셔츠,9C,니트,"89,900"
NK,F4,NK9CF4305U,PREP SPORTS_사카리바 골지 카라 스웻셔츠,9C,니트,"79,900"
NK,F4,NK9CF4311U,Outdoor Sports_우븐 플리스안감 피스테,9C,니트,"89,900"
NK,F4,NK9CF4401U,Baseball_스트라이프 스웻셔츠,9C,니트,"69,900"
NK,F4,NK9CF4701G,NBSC_레이어드 셔링 반팔 + 컷팅 맨투맨 세트,9C,니트,"89,900"
NK,F4,NK9CF4801G,NBgC_노르딕 포인트 기모 스웻셔츠,9C,니트,"89,900"
NK,F4,NK9CF4811G,NBgC_오로라 레이어드 기모 맨투맨,9C,니트,0
NK,FB,NK9CFB101U,BASIC ESSENTIAL우븐 스트레치 피스테,9C,니트,"79,900"
NK,FB,NK9CFB313U,ESSENTIAL_베이직 스몰로고 후드티,9C,니트,"69,900"
NK,FB,NK9CFB399U,ESSENTIAL_베이직 로고 스웻셔츠,9C,니트,"69,900"
NK,FB,NK9CFB412U,ESSENTIAL_베이직 로고 기모 스웻셔츠,9C,니트,"59,900"
NK,FB,NK9CFB421U,ESSENTIAL_포인트 로고 기모 스웻셔츠,9C,니트,"59,900"
NK,FB,NK9CFB422U,ESSENTIAL_빅로고 기모 후드,9C,니트,"69,900"
NK,FB,NK9CFB423U,ESSENTIAL_기본 긴팔티,9C,니트,0
NK,FB,NK9CFB431U,ESSENTIAL_컬러 기모 스웻셔츠,9C,니트,"59,900"
NK,G1,NK9CG1102U,CLASSIC REMIX_로고 포인트 스웻셔츠,9C,니트,"59,900"
NK,G1,NK9CG1104U,ESSENTIAL_빅 레터 로고 맨투맨,9C,니트,"69,900"
NK,G1,NK9CG1201U,Little Puppy_세미 오버핏 라글란 맨투맨,9C,니트,"59,900"
NK,G1,NK9CG1202U,WE GROW TOGETHER_멀티스트라이프 스웻셔츠,9C,니트,"69,900"
NK,G1,NK9CG1303U,Ready Set Rugby!_세로 스트라이프 라운드넥 스웻셔츠,9C,니트,"69,900"
NK,G1,NK9CG1321U,PREP SPORTS_로고 포인트 기모 후드티,9C,니트,"69,900"
NK,G1,NK9CG1322U,PREP SPORTS_로고 포인트 후드티,9C,니트,"69,900"
NK,G1,NK9CG1501U,Merry corduroy_배색 라글란 맨투맨,9C,니트,"69,900"
NK,G1,NK9CG1721U,NBSC_그라데이션 로고 기모 스웻셔츠,9C,니트,"59,900"
NK,G1,NK9CG1771G,NBSC_레이어드 반팔 + 컷팅 맨투맨 세트,9C,니트,"89,900"
NK,G1,NK9CG1771U,NBSC_후드티,9C,니트,"69,900"
NK,G1,NK9CG1881G,NBgC_비즈 로고 벌룬 스웻셔츠,9C,니트,"69,900"
NK,G2,NK9CG2102U,CLASSIC REMIX_로고 포인트 스웻셔츠,9C,니트,"59,900"
NK,G2,NK9CG2202U,WE GROW TOGETHER_멀티스트라이프 스웻셔츠,9C,니트,"69,900"
NK,G4,NK9CG4110G,NBgC_셔링 기모 스웻 셔츠,9C,니트,"69,900"
NK,G4,NK9CG4110U,로고 기모 스웻 셔츠,9C,니트,0
NK,G4,NK9CG4111G,NBgC_레이어드 후드티,9C,니트,0
NK,G4,NK9CG4111U,스트라이프 기모 스웻셔츠,9C,니트,0
NK,G4,NK9CG4112U,피그먼트 기모 스웻 셔츠,9C,니트,0
NK,G4,NK9CG4113U,아노락 반집업 스웻 셔츠,9C,니트,"69,900"
NK,G4,NK9CG4114U,피그먼트 후드티 (기모),9C,니트,0
NK,G4,NK9CG4115U,베이직 로고 후드티 (기모),9C,니트,0
NK,G4,NK9CG4901G,NBgC_로고 스웻 셔츠,9C,니트,"69,900"
NK,G4,NK9CG4901U,베이직 스웻 셔츠,9C,니트,"59,900"
NK,G4,NK9CG4902U,체크 포인트 스웻 셔츠,9C,니트,0
NK,G4,NK9CG4903U,스트라이프 스웻 셔츠,9C,니트,"69,900"
NK,G4,NK9CG4905U,레터 포인트 후드티,9C,니트,"69,900"
NK,G4,NK9CG4906U,Playground_스트라이프 포인트 스웻 셔츠,9C,니트,"69,900"
NK,G4,NK9CG4907U,로고 패치 스웻 셔츠,9C,니트,"69,900"
NK,GB,NK9CGB101U,EXCLUSIVE_컬러포인트 로고 스웻셔츠,9C,니트,"59,900"
NK,GB,NK9CGB102U,EXCLUSIVE_캥거루 포켓 스웻셔츠,9C,니트,"59,900"
NK,GB,NK9CGB103U,EXCLUSIVE_아치 로고 스웻셔츠,9C,니트,"59,900"
NK,GB,NK9CGB105U,EXCLUSIVE_후드티,9C,니트,"69,900"
NK,GB,NK9CGB106U,EXCLUSIVE_에센셜 후드집업,9C,니트,"79,900"
NK,GB,NK9CGB107U,EXCLUSIVE_로고 포인트 후드티,9C,니트,"69,900"
NK,GB,NK9CGB108U,EXCLUSIVE_일러스트 스웻셔츠,9C,니트,"69,900"
NK,GB,NK9CGB998U,EXCLUSIVE_에센셜 스웻셔츠,9C,니트,"69,900"
NK,GC,NK9CGC301U,베이직 스몰 로고 후드티,9C,니트,0
NK,GC,NK9CGC302U,베이직 레터링 스웻셔츠,9C,니트,"59,900"
NK,GC,NK9CGC303U,베이직 그래픽 스웻셔츠,9C,니트,0
NK,GC,NK9CGC304U,하이넥 스웻셔츠,9C,니트,0
NK,GC,NK9CGC305U,우븐 스트레치 피스테,9C,니트,"79,900"
NK,GC,NK9CGC401U,플리스 반집업 스웻셔츠,9C,니트,0
NK,GC,NK9CGC402U,그래픽 스웻셔츠,9C,니트,0
NK,GC,NK9CGC403U,스몰 로고 포인트 후드티,9C,니트,0
NK,GC,NK9CGC404U,레터링 스웻셔츠,9C,니트,0
NK,GC,NK9CGC405U,베이직 레터링 스웻셔츠,9C,니트,0
NK,GC,NK9CGC406U,컬러 기모 스웻셔츠,9C,니트,0
NK,GC,NK9CGC407U,베이직 로고 기모 스웻셔츠,9C,니트,0
NK,E1,NK9DE1301U,Classic Sports_바시티 점퍼,9D,점퍼,"159,000"
NK,E1,NK9DE1801G,NBgC_크롭 바시티 점퍼,9D,점퍼,"159,000"
NK,E2,NK9DE2501U,Baseball_야구 셔츠,9D,점퍼,"89,900"
NK,E4,NK9DE4101U,ESSENTIAL_리버시블 패딩 플리스 자켓,9D,점퍼,"109,000"
NK,E4,NK9DE4102U,ESSENTIAL_우븐 배색 단모 플리스 자켓,9D,점퍼,"79,900"
NK,E4,NK9DE4601G,Colorful Ski_그라데이션 덤블 풀집업,9D,점퍼,"129,000"
NK,E4,NK9DE4801G,NBgC Life_자카드 크롭 플리스점퍼,9D,점퍼,"129,000"
NK,EB,NK9DEB102U,ESSENTIAL_퍼플리스 후드집업,9D,점퍼,"59,900"
NK,EB,NK9DEB103U,ESSENTIAL_플리스 라글란 배색 집업,9D,점퍼,"89,900"
NK,F1,NK9DF1101U,ESSENTIAL_패디드 코치 점퍼,9D,점퍼,"159,000"
NK,F1,NK9DF1202U,STREET CREW_바시티 점퍼,9D,점퍼,"159,000"
NK,F1,NK9DF1203U,STREET CREW_로우데님 자켓,9D,점퍼,"129,000"
NK,F3,NK9DF3301U,Outdoor Sports_후드 탈착 블루종 점퍼,9D,점퍼,"159,000"
NK,F3,NK9DF3303U,Outdoor Sports_코듀로이 셔켓,9D,점퍼,0
NK,F3,NK9DF3704U,NBSC_코치 자켓,9D,점퍼,"109,000"
NK,F3,NK9DF3801G,NBgC_여아 블루종 점퍼,9D,점퍼,"159,000"
NK,F3,NK9DF3802G,NBgC_벨로아 후드집업,9D,점퍼,0
NK,F4,NK9DF4303U,Outdoor Sports_코듀로이 셔켓,9D,점퍼,"99,900"
NK,F4,NK9DF4304U,PREP SPORTS_체크 퀼팅 셔켓,9D,점퍼,"159,000"
NK,F4,NK9DF4504U,TODDY BEAR_와펜 포인트 덤블 집업,9D,점퍼,"159,000"
NK,F4,NK9DF4601U,BOGLE CREW_리버서블 덤블 자켓,9D,점퍼,"159,000"
NK,F4,NK9DF4602U,BOGLE CREW_노카라 덤블 자켓,9D,점퍼,"99,900"
NK,F4,NK9DF4702U,NBSC_후드 집업,9D,점퍼,"79,900"
NK,F4,NK9DF4802G,NBgC_벨로아 후드집업,9D,점퍼,"79,900"
NK,F4,NK9DF4803G,NBgC_기모벨로아 후드집업,9D,점퍼,"79,900"
NK,FB,NK9DFB111U,BASIC ESSENTIAL스몰로고 후드집업,9D,점퍼,"69,900"
NK,FB,NK9DFB336G,NBGC_플리츠 바람막이,9D,점퍼,"139,000"
NK,FB,NK9DFB421U,퍼플리스 집업,9D,점퍼,"59,900"
NK,FB,NK9DFB422U,베이직 퍼플리스 점퍼,9D,점퍼,"89,900"
NK,G1,NK9DG1101U,CLASSIC REMIX_ 패디드 항공점퍼,9D,점퍼,"159,000"
NK,G1,NK9DG1301U,CLASSIC REMIX_체크 후드 패딩 셔켓,9D,점퍼,"159,000"
NK,G1,NK9DG1302U,CLASSIC REMIX_체크 셔츠,9D,점퍼,"79,900"
NK,G1,NK9DG1304U,Ready Set Rugby!_스트라이프 후드집업,9D,점퍼,"89,900"
NK,G1,NK9DG1702G,TRACK SPORTS_플리스 트랙 집업,9D,점퍼,"79,900"
NK,G1,NK9DG1702U,TRACK SPORTS_배색 포인트 플리스 집업,9D,점퍼,"99,900"
NK,G1,NK9DG1703U,TRACK SPORTS_기모 폴리 집업,9D,점퍼,0
NK,G1,NK9DG1704U,TRACK SPORTS_기모 사카리바 트랙 집업,9D,점퍼,"79,900"
NK,G1,NK9DG1801G,NBgC_벨로아 벌룬 후드 집업,9D,점퍼,"79,900"
NK,G1,NK9DG1802G,NBgC_여아 벌룬 후드 집업,9D,점퍼,"79,900"
NK,G1,NK9DG1882G,NBgC_여아 새틴 바시티 점퍼,9D,점퍼,"159,000"
NK,G1,NK9DG1883G,NBgC_여아 글로시 바시티점퍼,9D,점퍼,"159,000"
NK,G2,NK9DG2771U,NBSC_우븐스트레치 반팔 셔켓,9D,점퍼,"79,900"
NK,G4,NK9DG4101G,NBgC_벨로아 후드집업,9D,점퍼,0
NK,G4,NK9DG4101U,덤블 자켓,9D,점퍼,0
NK,G4,NK9DG4102G,NBgC_후드 퍼 집업,9D,점퍼,0
NK,G4,NK9DG4102U,하이넥 덤블 점퍼,9D,점퍼,0
NK,G4,NK9DG4110U,베이직 후드집업 (기모),9D,점퍼,0
NK,G4,NK9DG4902U,베이직 후드집업,9D,점퍼,"79,900"
NK,G4,NK9DG4903U,피그먼트 후드집업,9D,점퍼,0
NK,GB,NK9DGB101U,EXCLUSIVE_후드집업,9D,점퍼,"79,900"
NK,GC,NK9DGC301U,베이직 스몰 로고 후드집업,9D,점퍼,0
NK,GC,NK9DGC401U,베이직 스몰 로고 기모 후드집업,9D,점퍼,0
NK,GC,NK9DGC402U,베이직 플리스 집업,9D,점퍼,0
NK,GC,NK9DGC403U,플리스 후드 집업,9D,점퍼,0
NK,GC,NK9DGC404U,하이넥 덤블 자켓,9D,점퍼,0
NK,GC,NK9DGC405U,노카라 덤블 자켓,9D,점퍼,0
NK,GC,NK9DGC406U,퍼플리스 집업,9D,점퍼,0
NK,E2,NK9EE2111U,Essntial_헤리티지 클래식 냉감 반팔티,9E,니트,"49,900"
NK,E2,NK9EE2502U,Baseball_래글런 반팔 티셔츠,9E,니트,"49,900"
NK,E2,NK9EE2503U,BLOCK CORE 우븐 티셔츠,9E,니트,"59,900"
NK,E2,NK9EE2603U,Beach Lounge 타이다잉 티셔츠,9E,니트,"49,900"
NK,E2,NK9EE2701U,Surfing 그라데이션 티셔츠,9E,니트,"49,900"
NK,E2,NK9EE2702U,Surfing 일러스트 스트라이프 티셔츠,9E,니트,"49,900"
NK,E3,NK9EE3101G,Essential 냉감 크롭 반팔 티셔츠,9E,니트,"39,900"
NK,E3,NK9EE3123G,Essential_크롭반팔티,9E,니트,"39,900"
NK,F2,NK9EF2111U,ESSENTIAL_우븐피스테 반팔티,9E,니트,"59,900"
NK,F2,NK9EF2122U,ESSENTIAL_PCM 냉감 반팔 티셔츠,9E,니트,"39,900"
NK,F2,NK9EF2301U,FAMILY HOLIDAY_홀리데이 스트라이프 티셔츠,9E,니트,"49,900"
NK,F2,NK9EF2503U,PLAY DENIM_30수 스트라이프 반팔티,9E,니트,"49,900"
NK,F2,NK9EF2602U,KIDS RIDER_스트라이프 소로나 반팔티,9E,니트,"49,900"
NK,F2,NK9EF2603U,KIDS RIDER_그라데이션 기능성 반팔티,9E,니트,"49,900"
NK,F2,NK9EF2606U,KIDS RIDER_패턴 기능성 반팔티,9E,니트,"49,900"
NK,F2,NK9EF2701G,NBSC_오버핏 메쉬 티셔츠,9E,니트,"59,900"
NK,F2,NK9EF2702G,NBSC_ 레이어드 반팔티,9E,니트,"49,900"
NK,F2,NK9EF2703G,NBSC_여아 오버핏 반팔티,9E,니트,"39,900"
NK,F2,NK9EF2711U,[2PACK]  NBSC_기능성 폴리메쉬 티셔츠,9E,니트,"49,900"
NK,F2,NK9EF2712U,NBSC_냉감 오버핏 반팔티,9E,니트,"39,900"
NK,F2,NK9EF2802G,NBgC_레이어드 반팔 티셔츠,9E,니트,"59,900"
NK,F2,NK9EF2821G,NBgC_여아 시어서커 레이어드 티셔츠,9E,니트,0
NK,F2,NK9EF2832U,Hybrid Sports_요꼬 카라 반팔 축구 저지,9E,니트,"59,900"
NK,F2,NK9EF2901U,Diving into the ocean_그래픽 코튼혼방 반팔 티셔츠,9E,니트,"39,900"
NK,F2,NK9EF2902U,Diving into the ocean_그래픽 기능성 반팔 티셔츠,9E,니트,"39,900"
NK,F3,NK9EF3112U,ESSENTIAL_5부 반팔티,9E,니트,"39,900"
NK,F3,NK9EF3401U,Waterful land_서프 반팔 티셔츠,9E,니트,"39,900"
NK,FB,NK9EFB221U,BASIC ESSENTIAL빅로고 포인트 반팔티,9E,니트,"29,900"
NK,FB,NK9EFB299U,ESSENTIAL_2PACK 반팔티,9E,니트,"49,900"
NK,G2,NK9EG2101U,ESSENTIAL_싱글 반팔티,9E,니트,"39,900"
NK,G2,NK9EG2401U,WE GROW TOGETHER  _ 스트라이프 반팔티셔츠,9E,니트,"59,900"
NK,G2,NK9EG2403U,WE GROW TOGETHER  _피케 반팔 티셔츠,9E,니트,"59,900"
NK,G2,NK9EG2411U,Ready Set Rugby!_크레용 스트라이프 반팔티,9E,니트,"49,900"
NK,G2,NK9EG2412U,Ready Set Rugby!_CP스트라이프 반팔 티셔츠,9E,니트,"59,900"
NK,G2,NK9EG2501U,STELLAR PLAY GROUND_로고  반팔티,9E,니트,"39,900"
NK,G2,NK9EG2502U,STELLAR PLAY GROUND_피그먼트 반팔티셔츠,9E,니트,"59,900"
NK,G2,NK9EG2503U,Run Festival_쿨터치 일러스트 반팔티,9E,니트,"49,900"
NK,G2,NK9EG2551U,Sweet home_기능성 프론트 로고 반팔티,9E,니트,"39,900"
NK,G2,NK9EG2552U,Sweet home_로고 루즈핏 반팔티,9E,니트,"39,900"
NK,G2,NK9EG2761G,METALIC SUMMER_메쉬 레이어드 나시티,9E,니트,"59,900"
NK,G2,NK9EG2761U,METALIC SUMMER_다잉 라글란 오버핏 반팔티,9E,니트,"49,900"
NK,G2,NK9EG2762G,METALIC SUMMER_여아 나시 레이어드 반팔티,9E,니트,"59,900"
NK,G2,NK9EG2762U,METALIC SUMMER_카라 요꼬 저지 티셔츠,9E,니트,"59,900"
NK,G2,NK9EG2763G,METALIC SUMMER_여아 다잉 라글란 슬림핏 티셔츠,9E,니트,"59,900"
NK,G2,NK9EG2764G,METALIC SUMMER_V넥 저지 반팔티,9E,니트,"59,900"
NK,G2,NK9EG2771G,NBgC Cherry Blossom_링거 반팔티,9E,니트,"49,900"
NK,G2,NK9EG2771U,NBSC_포켓 포인트 반팔 티셔츠,9E,니트,"49,900"
NK,G2,NK9EG2772G,NBSC_슬림핏 솔리드 반팔티,9E,니트,"39,900"
NK,G2,NK9EG2772U,NBSC_포켓 포인트 반팔 티셔츠,9E,니트,"49,900"
NK,G2,NK9EG2773G,NBgC Cherry Blossom_보트넥 반팔티,9E,니트,"49,900"
NK,G2,NK9EG2773U,GRID PACK_그리드 체크 반팔 티셔츠,9E,니트,"49,900"
NK,G2,NK9EG2774U,GRID PACK_타이포 그래픽 반팔 티셔츠,9E,니트,"49,900"
NK,G2,NK9EG2775U,GRID PACK_그라데이션 다잉 반팔 티셔츠,9E,니트,"59,900"
NK,G2,NK9EG2776U,GRID PACK_핀스트라이프 반팔 티셔츠,9E,니트,"59,900"
NK,G2,NK9EG2881G,NBgC_여아 타이다잉 레이어드 반팔티,9E,니트,"59,900"
NK,G2,NK9EG2882G,NBgC_슬림핏 라글란 반팔티,9E,니트,"49,900"
NK,G3,NK9EG3701U,피그먼트 반팔 티셔츠,9E,니트,"59,900"
NK,G3,NK9EG3702U,피그먼트 일러스트 반팔 티셔츠,9E,니트,"59,900"
NK,G3,NK9EG3703U,로고 그래픽 반팔 티셔츠,9E,니트,"49,900"
NK,G3,NK9EG3704U,배색 로고 반팔 티셔츠,9E,니트,"49,900"
NK,G3,NK9EG3705U,Run Festival_쿨터치 일러스트 반팔티,9E,니트,"49,900"
NK,G3,NK9EG3752U,Sweet home_로고 루즈핏 반팔티,9E,니트,"39,900"
NK,G3,NK9EG3761G,NBgC_와플 스트라이프 반팔 티셔츠,9E,니트,"49,900"
NK,G3,NK9EG3762G,NBgC-_나시 레이어드 반팔 티셔츠,9E,니트,"59,900"
NK,G3,NK9EG3801U,스트라이프 7부 티셔츠,9E,니트,"59,900"
NK,G3,NK9EG3802U,피그먼트 그래픽 티셔츠,9E,니트,"59,900"
NK,G3,NK9EG3803U,피그먼트 6부 티셔츠,9E,니트,"59,900"
NK,G3,NK9EG3804U,반팔 저지 티셔츠,9E,니트,"59,900"
NK,G3,NK9EG3805U,그래픽 반팔 티셔츠,9E,니트,"49,900"
NK,G4,NK9EG4901U,베이직 로고 반팔 티셔츠,9E,니트,"29,900"
NK,GB,NK9EGB201U,EXCLUSIVE_로고형 싱글반팔티,9E,니트,"39,900"
NK,GB,NK9EGB202G,EXCLUSIVE_오버핏 여아 나시티,9E,니트,"49,900"
NK,GB,NK9EGB202U,EXCLUSIVE_러닝 일러스트 싱글 반팔티,9E,니트,"39,900"
NK,GB,NK9EGB203U,EXCLUSIVE_쿨기능성 포켓 반팔티,9E,니트,"49,900"
NK,GB,NK9EGB204U,EXCLUSIVE_쿨기능성 일러스트 반팔티,9E,니트,"49,900"
NK,GB,NK9EGB205U,EXCLUSIVE_서프 반팔티,9E,니트,"39,900"
NK,GB,NK9EGB207U,EXCLUSIVE_패밀리 일러스트 반팔티,9E,니트,"49,900"
NK,GB,NK9EGB208U,EXCLUSIVE_일러스트 포인트 반팔티,9E,니트,"49,900"
NK,GB,NK9EGB209U,EXCLUSIVE_배색 로고 반팔티,9E,니트,"49,900"
NK,GB,NK9EGB210U,EXCLUSIVE_로고 포인트 반팔티,9E,니트,"49,900"
NK,GB,NK9EGB211U,EXCLUSIVE_2PACK 반팔티,9E,니트,"49,900"
NK,GB,NK9EGB212U,EXCLUSIVE_2PACK 반팔티,9E,니트,"59,900"
NK,GB,NK9EGB213U,EXCLUSIVE_포켓 포인트 반팔티,9E,니트,"49,900"
NK,GB,NK9EGB215U,EXCLUSIVE_스포티 로고 반팔티,9E,니트,"49,900"
NK,GB,NK9EGB221U,EXCLUSIVE_스트라이프 일러스트 반팔티,9E,니트,"59,900"
NK,GB,NK9EGB222U,2026 패밀리 페스티벌 반팔티(키즈)1,9E,니트,"50,000"
NK,GB,NK9EGB299U,ESSENTIAL_2PACK 반팔티,9E,니트,"49,900"
NK,GB,NK9EGB900U,EXCLUSIVE_커스텀 무지티셔츠,9E,니트,"29,900"
NK,GC,NK9EGC291U,EXCLUSIVE_일러스트 반팔티,9E,니트,"49,900"
NK,E2,NK9GE2701G,Surfing 여아 나염 나시티,9G,니트,"49,900"
NK,E3,NK9GE3101U,Essential 냉감 나시 티셔츠,9G,니트,"29,900"
NK,E3,NK9GE3102U,Essential 오버핏 냉감 나시 티셔츠,9G,니트,"29,900"
NK,G3,NK9GG3971U,SUMMER WAVE_스트라이프 나시티,9G,니트,"49,900"
NK,E1,NK9HE1301U,Classic Sports_패딩 베스트,9H,점퍼,"59,900"
NK,E4,NK9HE4101U,ESSENTIAL_초경량 다운 베스트(덕),9H,점퍼,"79,900"
NK,E4,NK9HE4102U,ESSENTIAL_다운 베스트(덕),9H,점퍼,"99,900"
NK,E4,NK9HE4103U,ESSENTIAL_포인트 크롭 베스트(덕),9H,점퍼,"109,000"
NK,E4,NK9HE4204U,Sports club_부클카라형 배색 베스트 (덕),9H,점퍼,"109,000"
NK,EB,NK9HEB101U,ESSENTIAL_플리스 베스트,9H,점퍼,"49,900"
NK,EB,NK9HEB401U,ESSENTIAL_경량 패딩 베스트 (웜라이트),9H,점퍼,"89,900"
NK,F1,NK9HF1101U,ESSENTIAL_패딩 베스트,9H,점퍼,"69,900"
NK,F4,NK9HF4101U,ESSENTIAL_초경량 다운 베스트 (덕),9H,점퍼,"79,900"
NK,F4,NK9HF4301U,PREP SPORTS_다운 베스트 (덕),9H,점퍼,"109,000"
NK,F4,NK9HF4602U,BOGLE CREW_리버시블 덤블 베스트,9H,점퍼,"109,000"
NK,F4,NK9HF4803G,NBgC_크롭 패딩 베스트 (프리마로프트),9H,점퍼,"109,000"
NK,FB,NK9HFB411U,패딩베스트(웜라이트),9H,점퍼,"109,000"
NK,G1,NK9HG1101U,CLASSIC REMIX_세미 하이넥 퀼팅 베스트,9H,점퍼,"69,900"
NK,G4,NK9HG4101G,NBgC_세미 크롭 베스트,9H,점퍼,0
NK,G4,NK9HG4101U,경량다운 베스트 (덕),9H,점퍼,0
NK,G4,NK9HG4102U,글로시 다운 베스트 (덕),9H,점퍼,0
NK,G4,NK9HG4103U,Playground_플리스 배색 베스트,9H,점퍼,0
NK,G4,NK9HG4104U,Playground_덤블 베스트,9H,점퍼,0
NK,G4,NK9HG4105U,덤블 베스트,9H,점퍼,0
NK,GC,NK9HGC401U,패딩 베스트(웜라이트),9H,점퍼,0
NK,GC,NK9HGC402U,초경량 패딩 베스트(웜라이트),9H,점퍼,0
NK,E2,NK9KE2601G,Beach Lounge 전판 원피스,9K,점퍼,"79,900"
NK,E2,NK9KE2901G,Premium Marine 여아 반팔셔츠형 마린 원피스,9K,점퍼,"129,000"
NK,E3,NK9KE3603G,Sneakers_여아 반집업 플리츠 원피스,9K,점퍼,0
NK,E4,NK9KE4408G,Cozy Winter_패딩조끼 2in1 플리스 원피스,9K,점퍼,"179,000"
NK,F2,NK9KF2402G,Waterful land_타이다잉 시어서커 원피스,9K,점퍼,"79,900"
NK,F3,NK9KF3301G,Outdoor Sports_여아 오버롤 원피스,9K,점퍼,"89,900"
NK,F3,NK9KF3811G,NBgC_벌룬 미니 드레스,9K,면바지,"89,900"
NK,F3,NK9KF3901G,NEW SUMMER CAMP_전판 체크 원피스,9K,점퍼,"79,900"
NK,G2,NK9KG2401G,WE GROW TOGETHER  _레이어드 나시 블라우스,9K,점퍼,"79,900"
NK,G2,NK9KG2505G,CITY LAYERING_반팔 원피스,9K,점퍼,0
NK,G2,NK9KG2771G,NBgC Cherry Blossom_샤이니 벌룬 원피스,9K,점퍼,"89,900"
NK,G3,NK9KG3971G,SUMMER WAVE_패턴 나시 원피스,9K,점퍼,"79,900"
NK,E1,NK9LE1503U,Hybrid Sports_우븐스트레치 아웃포켓 팬츠,9L,면바지,"69,900"
NK,E2,NK9LE2101U,Essential_우븐 스트레치 카고 팬츠,9L,면바지,"69,900"
NK,E2,NK9LE2102U,Essential_우븐 스트레치 지퍼 포인트 팬츠,9L,면바지,0
NK,E2,NK9LE2103U,Essential_우븐 스트레치 배기 팬츠,9L,면바지,"69,900"
NK,E2,NK9LE2104U,Essential_트리코트 조거 팬츠,9L,면바지,"69,900"
NK,E3,NK9LE3701U,Hybrid Sports_컬러배색 우븐 팬츠,9L,면바지,"69,900"
NK,E3,NK9LE3702U,Hybrid Sports_배색 포인트 우븐 팬츠,9L,면바지,"69,900"
NK,E3,NK9LE3703U,Hybrid Sports_퍼포먼스 트레이닝팬츠,9L,면바지,"49,900"
NK,E4,NK9LE4705U,Hybrid Sports_퍼포먼스 기모 트레이닝 팬츠,9L,면바지,"49,900"
NK,F2,NK9LF2101U,ESSENTIAL_우븐스트레치 카고 팬츠,9L,면바지,"79,900"
NK,F2,NK9LF2102U,ESSENTIAL_라이트 패브릭 파라수트 팬츠,9L,면바지,"79,900"
NK,F2,NK9LF2103U,ESSENTIAL_트리코트 조거 팬츠,9L,면바지,"69,900"
NK,F3,NK9LF3202U,Street Essential_파이핑 포인트 우븐팬츠,9L,면바지,"69,900"
NK,F3,NK9LF3701G,NBSC_여아 카고 스트레이트 우븐 팬츠,9L,면바지,"79,900"
NK,F3,NK9LF3702G,NBSC_여아 프릴 레이어드 우븐 팬츠,9L,면바지,"79,900"
NK,F3,NK9LF3702U,NBSC_홑겹 우븐 스트레치 조거 팬츠,9L,면바지,"69,900"
NK,F4,NK9LF4112U,ESSENTIAL_알로바 안감  우븐 일자팬츠,9L,면바지,"79,900"
NK,F4,NK9LF4701G,NBSC_알로바 안감 여아 스트레이트 우븐 팬츠,9L,면바지,"89,900"
NK,F4,NK9LF4701U,NBSC_알로바 안감 오버핏 커브드 팬츠,9L,면바지,"79,900"
NK,G1,NK9LG1771G,NBSC_여아 우븐 팬츠,9L,면바지,"79,900"
NK,G2,NK9LG2111U,ESSENTIAL_우븐 스트레치 커브드 팬츠,9L,면바지,"79,900"
NK,G2,NK9LG2112U,ESSENTIAL_트리코트 조거팬츠,9L,면바지,"69,900"
NK,G2,NK9LG2761G,METALIC SUMMER_스커트 레이어드 우븐 파라슈트 팬츠,9L,면바지,"89,900"
NK,G2,NK9LG2771G,NBgC Cherry Blossom_셔링 포인트 우븐 파라슈트 팬츠,9L,면바지,"79,900"
NK,G2,NK9LG2771U,NBSC_우븐스트레치 파라슈트 팬츠,9L,면바지,"79,900"
NK,G2,NK9LG2772G,NBSC_여아 우븐 팬츠,9L,면바지,"79,900"
NK,G3,NK9LG3802U,2WAY 우븐 스트레치 파라수트 팬츠,9L,면바지,"79,900"
NK,G3,NK9LG3871G,NBgC_우븐 파라수트 팬츠,9L,면바지,"79,900"
NK,G4,NK9LG4901U,우븐 조거 팬츠,9L,면바지,"69,900"
NK,G4,NK9LG4902U,우븐스트레치 조거 카고 팬츠,9L,면바지,"79,900"
NK,G4,NK9LG4903U,2WAY 우븐 스트레치 파라수트 팬츠,9L,면바지,"79,900"
NK,G4,NK9LG4907U,피그먼트 우븐 스트레치 팬츠,9L,면바지,"89,900"
NK,GB,NK9LGB201U,EXCLUSIVE_우븐 스트레치일자팬츠,9L,면바지,0
NK,GB,NK9LGB202U,EXCLUSIVE_우븐 스트레치 팬츠,9L,면바지,"89,900"
NK,GB,NK9LGB203U,EXCLUSIVE_우븐 스트레치 일자 팬츠,9L,면바지,"89,900"
NK,GB,NK9LGB204U,EXCLUSIVE_트리코트 조거팬츠,9L,면바지,"69,900"
NK,GC,NK9LGC301U,우븐 스트레치 팬츠,9L,면바지,"79,900"
NK,GC,NK9LGC401U,우븐 일자 팬츠,9L,면바지,0
NK,GC,NK9LGC402U,카고 우븐 팬츠,9L,면바지,0
NK,E4,NK9PE4102U,ESSENTIAL_베이직 숏다운 (구스),9P,점퍼,"199,000"
NK,E4,NK9PE4103U,ESSENTIAL_노사시 숏다운 (덕),9P,점퍼,"219,000"
NK,E4,NK9PE4104U,ESSENTIAL_에센셜 롱다운 (덕),9P,점퍼,"239,000"
NK,E4,NK9PE4106G,NEWKIMO FUREST 크롭 숏다운(구스),9P,점퍼,"239,000"
NK,E4,NK9PE4107G,ESSENTIAL_소재변형 크롭다운 (덕),9P,점퍼,"239,000"
NK,E4,NK9PE4108U,ESSENTIAL_Pertex 숏다운 (덕),9P,점퍼,"239,000"
NK,E4,NK9PE4109U,NEWKIMO FUREST 믹스 퀼팅 숏다운(구스),9P,점퍼,"239,000"
NK,E4,NK9PE4110U, NEWKIMO BRIGHT 남아 미디 다운 (구스),9P,점퍼,"279,000"
NK,E4,NK9PE4111U,ESSENTIAL_립스탑 배색 미디다운(구스),9P,점퍼,"259,000"
NK,E4,NK9PE4111U,ESSENTIAL_립스탑 배색 미디다운(구스),9P,점퍼,0
NK,E4,NK9PE4112U,NEWKIMO BRIGHT 벌키 롱다운 (구스),9P,점퍼,"299,000"
NK,E4,NK9PE4501G,NBgC_샤이니 미니 하트백 롱다운 (덕),9P,점퍼,"299,000"
NK,E4,NK9PE4601U,Colorful Ski_스키점퍼,9P,점퍼,"199,000"
NK,E4,NK9PE4602G,Colorful Ski_컬러풀 미디 스키점퍼,9P,점퍼,"199,000"
NK,E4,NK9PE4801G,ESSENTIAL_여아 글로시 숏다운 (덕),9P,점퍼,0
NK,E4,NK9PE4802G,NEWKIMO FUREST 샤이니 미디다운(덕),9P,점퍼,"279,000"
NK,E4,NK9PE4803G,NBgC_여아 솔리드 미디 다운 (덕),9P,점퍼,"279,000"
NK,E4,NK9PE4804G, NEWKIMO BRIGHT 여아 롱다운(구스),9P,점퍼,"299,000"
NK,E4,NK9PE4805G,Premiun_사시변형 샤이니 벨트백 롱다운 (구스),9P,점퍼,"399,000"
NK,E4,NK9PE4901U,Layer.1_나일론 쉘 미디다운 (구스),9P,점퍼,"259,000"
NK,E4,NK9PE4902G,Layer.1_스웨터 콤비 카라형 경량다운,9P,점퍼,0
NK,EB,NK9PEB101U,ESSENTIAL_숏 패딩점퍼(웜라이트),9P,점퍼,"159,000"
NK,EB,NK9PEB102U,ESSENTIAL_숏 후드패딩점퍼(덕),9P,점퍼,"199,000"
NK,EB,NK9PEB103U,ESSENTIAL_유니 미디 패딩점퍼 (웜라이트),9P,점퍼,"239,000"
NK,EB,NK9PEB104G,ESSENTIAL_여아 미디 패딩점퍼(웜라이트),9P,점퍼,"239,000"
NK,EB,NK9PEB105U,ESSENTIAL_남아 미디 패딩 점퍼 (웜라이트),9P,점퍼,"239,000"
NK,EB,NK9PEB106U,ESSENTIAL_롱패딩 (덕),9P,점퍼,"259,000"
NK,F4,NK9PF4101U,ESSENTIAL_에센셜 숏다운 (덕),9P,점퍼,"199,000"
NK,F4,NK9PF4102U,ESSENTIAL_에센셜 롱다운 (덕),9P,점퍼,0
NK,F4,NK9PF4104U,ESSENTIAL_벌키 롱다운(GOOSE),9P,점퍼,"299,000"
NK,F4,NK9PF4105U,ESSENTIAL_리버서블 숏다운 (덕),9P,점퍼,"239,000"
NK,F4,NK9PF4106U,ESSENTIAL_디테쳐블 숏다운 (덕),9P,점퍼,"259,000"
NK,F4,NK9PF4107U,ESSENTIAL_하이 글로시 숏다운 (덕),9P,점퍼,"239,000"
NK,F4,NK9PF4108U,ESSENTIAL_남아 미디다운 (GOOSE),9P,점퍼,"299,000"
NK,F4,NK9PF4109U,ESSENTIAL_남아 샤이니 배색 미디다운 (덕),9P,점퍼,"279,000"
NK,F4,NK9PF4110U,ESSENTIAL_립조직 후드 미디다운 (덕),9P,점퍼,"259,000"
NK,F4,NK9PF4112U,ESSENTIAL_코트형 롱다운 (덕),9P,점퍼,"279,000"
NK,F4,NK9PF4121U,ESSENTIAL_스키점퍼,9P,점퍼,"179,000"
NK,F4,NK9PF4501U,TODDY BEAR_리버서블 패턴 숏패딩 (프리마로프트),9P,점퍼,"219,000"
NK,F4,NK9PF4701U,NBSC_웨이브 퀼팅 숏패딩 (프리마로프트),9P,점퍼,"179,000"
NK,F4,NK9PF4801G,NBgC_여아 샤이니 숏다운 (덕),9P,점퍼,"239,000"
NK,F4,NK9PF4802G,NBgC_여아 디테쳐블 크롭다운 (덕),9P,점퍼,"259,000"
NK,F4,NK9PF4812G,NBgC_여아 세미 글로시 미디다운 (DUCK),9P,점퍼,"279,000"
NK,F4,NK9PF4813G,NBgC_여아 벨라인 벨트 롱다운 (GOOSE 8020),9P,점퍼,"299,000"
NK,F4,NK9PF4814G,NBgC_여아 프리미엄 퍼 베스트 롱다운 (GOOSE 9010),9P,점퍼,"399,000"
NK,FB,NK9PFB411U,ESSENTIAL_베이직 숏패딩점퍼(DUCK),9P,점퍼,"219,000"
NK,FB,NK9PFB412U,ESSENTIAL_베이직 롱패딩점퍼(DUCK),9P,점퍼,"259,000"
NK,FB,NK9PFB413U,ESSENTIAL_에센셜 숏다운 점퍼,9P,점퍼,0
NK,FB,NK9PFB414G,ESSENTIAL_크롭 숏다운 점퍼,9P,점퍼,0
NK,FB,NK9PFB415U,ESSENTIAL_에센셜 미디다운 점퍼,9P,점퍼,0
NK,FB,NK9PFB416U,ESSENTIAL_벌키 롱다운 점퍼,9P,점퍼,0
NK,FB,NK9PFB421G,NBgC_여아 솔리드 미디 다운(덕),9P,점퍼,"279,000"
NK,G4,NK9PG4101G,NBgC_글로시 셔링 숏다운 (덕),9P,점퍼,0
NK,G4,NK9PG4101U,경량 다운 점퍼 (덕),9P,점퍼,0
NK,G4,NK9PG4102U,에센셜 숏다운 (덕),9P,점퍼,0
NK,G4,NK9PG4103U,라이트 에어 숏다운 (덕),9P,점퍼,0
NK,G4,NK9PG4104U,글로시 숏다운 (덕),9P,점퍼,0
NK,G4,NK9PG4107U,ESSENTIAL_하이 글로시 숏다운 (DUCK),9P,점퍼,0
NK,G4,NK9PG4110U,포켓 포인트 미디다운 (구스),9P,점퍼,0
NK,G4,NK9PG4111G,NBgC_글로시 셔링 미디다운 (덕),9P,점퍼,0
NK,G4,NK9PG4112G,NBgC_글로시 롱다운 (구스),9P,점퍼,0
NK,G4,NK9PG4112U,라이트 에어 롱다운 (덕),9P,점퍼,0
NK,G4,NK9PG4113G,NBgC_프리미엄 롱다운 (구스),9P,점퍼,0
NK,G4,NK9PG4113U,벌키퍼 롱다운 (구스),9P,점퍼,0
NK,GB,NK9PGB401U,ESSENTIAL_에센셜 숏패딩 점퍼(DUCK),9P,점퍼,"219,000"
NK,GB,NK9PGB402G,ESSENTIAL_크롭 숏패딩 점퍼(DUCK),9P,점퍼,"219,000"
NK,GB,NK9PGB403U,ESSENTIAL_벌키 롱패딩 점퍼(DUCK),9P,점퍼,"299,000"
NK,GB,NK9PGB404U,ESSENTIAL_에센셜 미디패딩 점퍼(DUCK),9P,점퍼,"279,000"
NK,GB,NK9PGB411G,ESSENTIAL_여아 슬림 롱패딩점퍼(DUCK),9P,점퍼,"299,000"
NK,GB,NK9PGB414U,ESSENTIAL_코트형 롱다운 (덕),9P,점퍼,"279,000"
NK,GC,NK9PGC401U,에센셜 숏 다운점퍼,9P,점퍼,0
NK,GC,NK9PGC402U,하이넥 배색 숏 다운점퍼,9P,점퍼,0
NK,GC,NK9PGC403G,ESSENTIAL_글로시 숏 패딩(웜라이트),9P,점퍼,0
NK,GC,NK9PGC404U,ESSENTIAL_글로시 배색 숏 패딩(웜라이트),9P,점퍼,0
NK,GC,NK9PGC405U,노사시형 미디 다운점퍼,9P,점퍼,0
NK,GC,NK9PGC406U,에센셜 미디 다운점퍼,9P,점퍼,0
NK,GC,NK9PGC407U,에센셜 롱 다운점퍼,9P,점퍼,0
NK,GC,NK9PGC408U,에센셜 사시 변형 롱 다운점퍼,9P,점퍼,0
NK,GC,NK9PGC409U,에센셜 미디다운점퍼,9P,점퍼,0
NK,E1,NK9QE1301G,Classic Sports_퀼팅 크롭 점퍼,9Q,점퍼,"139,000"
NK,E1,NK9QE1301U,Classic Sports_카라 퀼팅 점퍼,9Q,점퍼,"139,000"
NK,E1,NK9QE1302U,Classic Sports_후드 패딩 점퍼,9Q,점퍼,"129,000"
NK,E1,NK9QE1801G,NBgC_후드 탈착형 크롭 봄버,9Q,점퍼,"159,000"
NK,E1,NK9QE1802G,NBgC_여아 퀼팅 자켓,9Q,점퍼,"139,000"
NK,E3,NK9QE3106U,ESSENTIAL_퀼팅 바시티 점퍼,9Q,점퍼,"159,000"
NK,E3,NK9QE3107U,ESSENTIAL_바람막이+신슐베스트 2in1 세트,9Q,점퍼,"199,000"
NK,E3,NK9QE3805G,NBgC_하트 퀼팅 점퍼,9Q,점퍼,"139,000"
NK,E4,NK9QE4101U,ZERO DOWN 에리형 초경량 다운 (덕),9Q,점퍼,"99,900"
NK,E4,NK9QE4102U,ZERO DOWN 플리스 후드 경량 다운 (덕),9Q,점퍼,"109,000"
NK,E4,NK9QE4103U,ZERO DOWN 배색 후드 중경량 다운(구스),9Q,점퍼,"129,000"
NK,E4,NK9QE4104U,ESSENTIAL_2in1 플리스 베스트 세트(신슐),9Q,점퍼,"129,000"
NK,E4,NK9QE4105U,ESSENTIAL_셔켓형 퀼팅 자켓,9Q,점퍼,"99,900"
NK,E4,NK9QE4106U,ESSENTIAL_퀼팅 바시티,9Q,점퍼,0
NK,E4,NK9QE4107U,ESSENTIAL_2in1 디태처블 바람막이+신슐베스트 세트,9Q,점퍼,0
NK,E4,NK9QE4801G,ZERO DOWN 여아 퍼카라 경량 다운 (덕),9Q,점퍼,"159,000"
NK,EB,NK9QEB401U,ESSENTIAL_후드 부착경량패딩 (웜라이트),9Q,점퍼,"129,000"
NK,F1,NK9QF1102U,ESSENTIAL_후드 퀼팅 자켓,9Q,점퍼,"159,000"
NK,F1,NK9QF1201U,STREET CREW_리버서블 퀼팅 자켓,9Q,점퍼,"159,000"
NK,F1,NK9QF1803G,NBGC_크롭 퀼팅자켓,9Q,점퍼,"159,000"
NK,F1,NK9QF1911U,COLOR_칼라블럭 숏다운(프리마로프트),9Q,점퍼,"159,000"
NK,F1,NK9QF1912U,COLOR_체크 전판 숏패딩(프리마로프트),9Q,점퍼,"159,000"
NK,F4,NK9QF4101U,ESSENTIAL_2in1 플리스 베스트 세트 (신슐),9Q,점퍼,"139,000"
NK,F4,NK9QF4102U,ALLDAY DOWN _테잎 포인트 경량다운 (덕),9Q,점퍼,"129,000"
NK,F4,NK9QF4103U,ESSENTIAL_경량 점퍼 (프리마로프트),9Q,점퍼,"109,000"
NK,F4,NK9QF4104U,ALLDAY DOWN_카라비너 중경량 다운 (덕),9Q,점퍼,"159,000"
NK,F4,NK9QF4815G,ALLDAY DOWN_여아 니트카라 경량다운 (덕),9Q,점퍼,"179,000"
NK,FB,NK9QFB411U,ESSENTIAL_경량 후드패딩점퍼(웜라이트),9Q,점퍼,"129,000"
NK,FB,NK9QFB412U,ESSENTIAL_경량 하이넥 패딩점퍼(웜라이트),9Q,점퍼,"99,900"
NK,FB,NK9QFB426U,ESSENTIAL_퀼팅 바시티 점퍼,9Q,점퍼,"159,000"
NK,G1,NK9QG1101U,CLASSIC REMIX_노사시 패딩자켓,9Q,점퍼,"129,000"
NK,G1,NK9QG1103U,CLASSIC REMIX_남아 신학기 퀼팅 자켓,9Q,점퍼,"159,000"
NK,G1,NK9QG1104U,ESSENTIAL_라이트 경량 덕다운점퍼,9Q,점퍼,"129,000"
NK,G1,NK9QG1881G,NBgC_여아 신학기 퀼팅 자켓,9Q,점퍼,"159,000"
NK,G4,NK9QG4101U,2in1 덤블 점퍼,9Q,점퍼,0
NK,G4,NK9QG4102U,체크 후드 패디드 셔켓,9Q,점퍼,0
NK,G4,NK9QG4103U,Playground_컬러 블록 패딩 자켓,9Q,점퍼,0
NK,GC,NK9QGC403G,글로시 숏 패딩(웜라이트),9Q,점퍼,0
NK,GC,NK9QGC404U,글로시 배색 숏 패딩(웜라이트),9Q,점퍼,0
NK,E1,NK9RE1801G,NBgC_애슬레저 2pcs 티셔츠 레깅스 세트(래쉬가드 겸용),9R,기타,"99,900"
NK,E2,NK9RE2101B,ESSENTIAL_남아 래시가드 셋업,9R,기타,"129,000"
NK,E2,NK9RE2101G,ESSENTIAL_여아 래시가드 셋업,9R,기타,"129,000"
NK,E2,NK9RE2101G,ESSENTIAL_여아 래시가드 셋업,9R,기타,0
NK,E2,NK9RE2102B,ESSENTIAL_래시가드 스포티 유니 2 IN 1,9R,기타,"119,000"
NK,E2,NK9RE2102G,ESSENTIAL_여아 래시가드 2 IN 1,9R,기타,"129,000"
NK,E2,NK9RE2102U,ESSENTIAL_긴팔 티셔츠형 래쉬가드,9R,기타,"49,900"
NK,E2,NK9RE2103B,ESSENTIAL_9부 레깅스 보드숏,9R,기타,"59,900"
NK,E2,NK9RE2103G,ESSENTIAL_3부 레깅스 보드숏,9R,기타,"59,900"
NK,E2,NK9RE2103U,ESSENTIAL_긴팔 래시가드 반집업,9R,기타,"59,900"
NK,E2,NK9RE2104G,ESSENTIAL_9부 레깅스 돌핀쇼츠,9R,기타,"59,900"
NK,E2,NK9RE2104U,ESSENTIAL_9부 워터레깅스,9R,기타,"49,900"
NK,E2,NK9RE2105G,ESSENTIAL_여아 크롭 래시가드 상의,9R,기타,"49,900"
NK,E2,NK9RE2105U,ESSENTIAL_5부 워터레깅스,9R,기타,"39,900"
NK,E2,NK9RE2106G,Beach Lounge 여아 래쉬가드 치렝스 2in1,9R,기타,"119,000"
NK,E2,NK9RE2106U,ESSENTIAL_스윔 보드숏팬츠,9R,기타,"49,900"
NK,E2,NK9RE2107G,Beach Lounge 래쉬가드 3pcs,9R,기타,"129,000"
NK,E2,NK9RE2107U,ESSENTIAL_생존수영 래시가드 셋업,9R,기타,"89,900"
NK,E2,NK9RE2108G,Beach Lounge 여아 비키니 셋업,9R,기타,"99,900"
NK,E2,NK9RE2108U,ESSENTIAL_반팔 래시가드 상의,9R,기타,"49,900"
NK,E2,NK9RE2109U,ESSENTIAL 래쉬가드 스포티 유니 2in1,9R,기타,"99,900"
NK,E2,NK9RE2110U,Beach Lounge 래쉬가드 유니 2in1,9R,기타,"119,000"
NK,E2,NK9RE2111U,Beach Lounge 5부 래쉬가드 세트(집업),9R,기타,"109,000"
NK,F2,NK9RF2101G,ESSENTIAL_여아 래쉬가드 레깅스 세트,9R,기타,"99,900"
NK,F2,NK9RF2101U,ESSENTIAL_생존수영세트,9R,기타,"89,900"
NK,F2,NK9RF2102G,ESSENTIAL_여아 브라탑 래쉬가드 세트,9R,기타,0
NK,F2,NK9RF2102U,ESSENTIAL_래쉬가드 반집업 레깅스 세트,9R,기타,"99,900"
NK,F2,NK9RF2103G,ESSENTIAL_여아 반팔 티셔츠형 래쉬가드 상의,9R,기타,"49,900"
NK,F2,NK9RF2103U,ESSENTIAL_올인원 반신 수영복,9R,기타,0
NK,F2,NK9RF2104G,ESSENTIAL_여아 3부 보드숏 팬츠,9R,기타,"49,900"
NK,F2,NK9RF2104U,ESSENTIAL_티셔츠형 래쉬가드 상의,9R,기타,"49,900"
NK,F2,NK9RF2105U,ESSENTIAL_유니 2in1 보드숏 레깅스,9R,기타,"59,900"
NK,F2,NK9RF2106U,ESSENTIAL_9부 워터레깅스,9R,기타,"49,900"
NK,F2,NK9RF2107U,ESSENTIAL_5부 워터레깅스,9R,기타,"39,900"
NK,F2,NK9RF2201U,SUMMER PLAYTIME_재머 래쉬가드 SET,9R,기타,"99,900"
NK,F2,NK9RF2911U,NEW SUMMER _테리 후드 집업,9R,기타,"79,900"
NK,F2,NK9RF2912U,NEW SUMMER _올인원 래쉬가드,9R,기타,"99,900"
NK,F2,NK9RF2913G,NEW SUMMER _원피스 래쉬가드 팬츠 세트,9R,기타,"119,000"
NK,F2,NK9RF2914G,NEW SUMMER _플레어 티셔츠 래쉬가드 레깅스 세트,9R,기타,"109,000"
NK,F3,NK9RF3701U,[3PCS] Splash_AOP 티셔츠형 래쉬가드,9R,기타,"139,000"
NK,F3,NK9RF3702U,Splash_티셔츠형 레이어드 래쉬가드,9R,기타,"59,900"
NK,F3,NK9RF3703U,Splash_풀집업 래쉬가드,9R,기타,"69,900"
NK,F3,NK9RF3704U,Splash_네온 포인트 보드숏,9R,기타,"49,900"
NK,F3,NK9RF3705G,Splash_여아 2pcs 래쉬가드,9R,기타,"79,900"
NK,F3,NK9RF3706G,Splash_플리츠 보드숏,9R,기타,"59,900"
NK,F3,NK9RF3707U,Splash_테리 후드 집업,9R,기타,"79,900"
NK,FB,NK9RFB212U,ESSENTIAL_올인원 반신 래쉬가드(생존수영복),9R,기타,"69,900"
NK,FB,NK9RFB213G,ESSENTIAL_여아 브라탑 래쉬가드(생존수영복),9R,기타,"79,900"
NK,G2,NK9RG2101U,ESSENTIAL_생존수영 세트,9R,기타,"99,900"
NK,G2,NK9RG2102U,ESSENTIAL_풀집업 래쉬가드,9R,기타,0
NK,G2,NK9RG2103U,ESSENTIAL_4.5부 반바지+9부 레깅스 세트(유니),9R,기타,"69,900"
NK,G2,NK9RG2104U,ESSENTIAL_9부 워터레깅스,9R,기타,"49,900"
NK,G2,NK9RG2105U,ESSENTIAL_5부 레깅스,9R,기타,"49,900"
NK,G3,NK9RG3551U,Sweet home_긴팔 래쉬가드 레깅스 셋업,9R,기타,"99,900"
NK,G3,NK9RG3552U,Sweet home_올인원 패턴 래쉬가드,9R,기타,"99,900"
NK,G3,NK9RG3553U,Sweet home_퀵드라이 테리판초,9R,기타,"79,900"
NK,G3,NK9RG3771G,NBgC Cherry Blossom_2IN1 패턴 풀집업 래쉬가드 셋업,9R,기타,"129,000"
NK,G3,NK9RG3772G,NBgC Cherry Blossom_플레어 래쉬가드 레깅스 셋업,9R,기타,"109,000"
NK,G3,NK9RG3773G,NBgC Cherry Blossom_패턴 원피스 래쉬가드,9R,기타,"99,900"
NK,G3,NK9RG3774G,NBgC Cherry Blossom_여아 긴팔티 래쉬가드,9R,기타,"59,900"
NK,G3,NK9RG3775G,NBgC Cherry Blossom_여아 돌핀 반바지 래쉬가드,9R,기타,"49,900"
NK,G3,NK9RG3972U,Spotlight Hot Summer_퀵드라이 긴팔티 셋업,9R,기타,"99,900"
NK,G3,NK9RG3973U,Spotlight Hot Summer_로고 포인트 긴팔 래쉬가드 티셔츠,9R,기타,"49,900"
NK,G3,NK9RG3974U,Spotlight Hot Summer_퀵드라이 스트라이프 티셔츠,9R,기타,"59,900"
NK,G3,NK9RG3975U,Spotlight Hot Summer_퀵드라이 보드숏,9R,기타,"49,900"
NK,GB,NK9RGB201U,EXCLUSIVE_풀집업 래쉬가드 세트,9R,기타,"129,000"
NK,GB,NK9RGB202U,EXCLUSIVE_컬러 포인트 래쉬가드 세트,9R,기타,"129,000"
NK,GC,NK9RGC301U,ESSENTIAL_생존수영세트,9R,기타,"109,000"
NK,GC,NK9RGC302U,ESSENTIAL_티셔츠형 래쉬가드 상의,9R,기타,"59,900"
NK,GC,NK9RGC303U,ESSENTIAL_유니 2in1 보드숏 레깅스,9R,기타,"69,900"
NK,GC,NK9RGC304U,ESSENTIAL_9부 워터레깅스,9R,기타,"59,900"
NK,E1,NK9SE1101U,Essential_에센셜 다이마루 팬츠,9S,면바지,"59,900"
NK,E1,NK9SE1103U,Essential_피그먼트 스웻팬츠,9S,면바지,"59,900"
NK,E1,NK9SE1111U,Essential_에센셜 다이마루 팬츠,9S,면바지,"59,900"
NK,E1,NK9SE1112U,Essential_다이마루 스트레이트 팬츠,9S,면바지,"59,900"
NK,E1,NK9SE1501U,Hybrid Sports_쿠션지 트레이닝팬츠,9S,면바지,"49,900"
NK,E1,NK9SE1502U,Hybrid Sports_면터치 트레이닝팬츠,9S,니트,"49,900"
NK,E1,NK9SE1802G,NBgC_애슬레저 이지 조거팬츠,9S,면바지,"59,900"
NK,E3,NK9SE3801G,NBgC_골지코듀로이 세미 부츠컷 팬츠,9S,면바지,"59,900"
NK,E3,NK9SE3802G,NBgC_데님 세미부츠컷팬츠,9S,면바지,"59,900"
NK,E4,NK9SE4801G,NBgC_코듀로이 2WAY 부츠컷 팬츠,9S,면바지,0
NK,F2,NK9SF2701G,NBSC_스커트 레이어드 부츠컷 레깅스,9S,면바지,"69,900"
NK,F3,NK9SF3701U,NBSC_카고 포켓 조거팬츠,9S,면바지,"69,900"
NK,F3,NK9SF3702U,[2PACK]  NBSC_스탠다드 핏 미니쭈리 조거팬츠,9S,면바지,"99,900"
NK,F3,NK9SF3703U,NBSC_오버핏 커브드 팬츠,9S,면바지,"69,900"
NK,F3,NK9SF3802G,NBgC_벨로아 트랙 팬츠,9S,면바지,0
NK,F4,NK9SF4101U,ESSENTIAL_컴포트 라이트 기모 조거팬츠,9S,면바지,"59,900"
NK,F4,NK9SF4302U,PREP SPORTS_카고 라이트 기모 조거팬츠,9S,면바지,"69,900"
NK,F4,NK9SF4305U,PREP SPORTS_사카리바 골지 카고 조거팬츠,9S,면바지,"69,900"
NK,F4,NK9SF4701U,NBSC_기모 오버핏 커브드 팬츠,9S,면바지,"69,900"
NK,F4,NK9SF4703U,NBSC_라이트 기모 스트레이트 팬츠,9S,면바지,"59,900"
NK,F4,NK9SF4802G,NBgC_벨로아 트랙 팬츠,9S,면바지,"69,900"
NK,F4,NK9SF4803G,NBgC_기모벨로아 트랙 팬츠,9S,면바지,"69,900"
NK,FB,NK9SFB312U,ESSENTIAL_스포티브 트랙 팬츠,9S,면바지,"59,900"
NK,FB,NK9SFB313U,ESSENTIAL_베이직 조거 팬츠,9S,면바지,"59,900"
NK,FB,NK9SFB324U,ESSENTIAL_2PACK 조거팬츠,9S,면바지,"99,900"
NK,FB,NK9SFB411U,ESSENTIAL_베이직 조거 기모 스웻팬츠,9S,면바지,"59,900"
NK,FB,NK9SFB422U,ESSENTIAL_일자 기모 스웻팬츠,9S,면바지,"59,900"
NK,FB,NK9SFB431U,ESSENTIAL_컬러 조거 기모 스웻팬츠,9S,면바지,"59,900"
NK,G1,NK9SG1101U,CLASSIC REMIX_컴포트 조거팬츠,9S,면바지,"59,900"
NK,G1,NK9SG1102U,ESSENTIAL_컴포트 다이마루 팬츠,9S,면바지,"59,900"
NK,G1,NK9SG1701G,NBSC_20수 오버핏 커브드 팬츠,9S,면바지,"49,900"
NK,G1,NK9SG1702G,TRACK SPORTS_플리스 일자 팬츠,9S,면바지,"59,900"
NK,G1,NK9SG1702U,NBSC_ 2WAY 스트레이트 팬츠,9S,면바지,"69,900"
NK,G1,NK9SG1703U,TRACK SPORTS_기모 폴리 트랙 팬츠,9S,면바지,0
NK,G1,NK9SG1704U,TRACK SPORTS_기모 사카리바 트랙 팬츠,9S,면바지,"69,900"
NK,G1,NK9SG1705U,NBSC_커브드 2WAY 팬츠,9S,면바지,"69,900"
NK,G1,NK9SG1801G,NBgC_벨로아 일자 팬츠,9S,면바지,"69,900"
NK,G2,NK9SG2881U,NBgC_라이트 알라딘 조거 팬츠,9S,면바지,"49,900"
NK,G4,NK9SG4101G,NBgC_벨로아 와이드 팬츠,9S,면바지,0
NK,G4,NK9SG4101U,Crew pack_우븐 스트레치 플리스 팬츠,9S,면바지,0
NK,G4,NK9SG4110G,NBgC_슬림 부츠컷 팬츠,9S,면바지,0
NK,G4,NK9SG4112U,조거 스웻 팬츠 (기모),9S,면바지,0
NK,G4,NK9SG4113U,카고 조거 팬츠 (기모),9S,면바지,0
NK,G4,NK9SG4114U,스트레이트 스웻 팬츠 (기모),9S,면바지,0
NK,G4,NK9SG4901U,스트레이트 팬츠,9S,면바지,"59,900"
NK,G4,NK9SG4902U,베이직 조거 팬츠,9S,면바지,"59,900"
NK,G4,NK9SG4903U,2WAY 커브드 팬츠,9S,면바지,"69,900"
NK,GB,NK9SGB105U,EXCLUSIVE_일자 팬츠,9S,면바지,"59,900"
NK,GB,NK9SGB106U,EXCLUSIVE_에센셜 컬러 조거팬츠,9S,면바지,"59,900"
NK,GB,NK9SGB115U,ESSENTIAL_2PACK 조거팬츠,9S,면바지,"99,900"
NK,GC,NK9SGC301U,베이직 조거 팬츠,9S,면바지,"59,900"
NK,GC,NK9SGC302U,와이드 스트링 팬츠,9S,면바지,"69,900"
NK,GC,NK9SGC401U,베이직 조거 기모 스웻팬츠,9S,면바지,0
NK,GC,NK9SGC402U,일자 기모 스웻팬츠,9S,면바지,0
NK,GC,NK9SGC403U,와이드 2WAY 기모 팬츠,9S,면바지,0
NK,GC,NK9SGC404U,플리스 와이드 팬츠,9S,면바지,0
NK,E1,NK9TE1101U,Essential_우븐 카고 조거 팬츠,9T,면바지,"69,900"
NK,E1,NK9TE1102U,Essential_면스판 배기핏 팬츠,9T,면바지,"69,900"
NK,E1,NK9TE1103U,Essential_데님 배기핏 팬츠,9T,면바지,"69,900"
NK,E1,NK9TE1104U,Essential_우븐 스트레치 카고 팬츠,9T,면바지,"79,900"
NK,E1,NK9TE1401U,Fishing Club_2way 디테쳐블 우븐팬츠,9T,면바지,"79,900"
NK,E2,NK9TE2501U,Baseball_알라딘 데님 조거팬츠,9T,면바지,"69,900"
NK,E2,NK9TE2502U,Baseball_여름 배기 팬츠,9T,면바지,"69,900"
NK,E2,NK9TE2801G,NBgC Life 여아 파라슈트 팬츠,9T,면바지,"79,900"
NK,E3,NK9TE3104U,ESSENTIAL_데님라이크 조거 팬츠,9T,면바지,"79,900"
NK,E3,NK9TE3105U,ESSENTIAL_면터치 우븐 조거 팬츠,9T,면바지,"79,900"
NK,E3,NK9TE3106U,ESSENTIAL_에센셜 배기핏 코튼 팬츠,9T,면바지,"69,900"
NK,E3,NK9TE3107U,ESSENTIAL_에센셜 배기핏 데님 팬츠,9T,면바지,"69,900"
NK,E3,NK9TE3121U,ESSENTIAL_파라슈트 팬츠,9T,면바지,"79,900"
NK,E3,NK9TE3701U,Hybrid Sports_컬러배색 우븐 팬츠,9T,면바지,0
NK,E4,NK9TE4102U,ESSENTIAL_우븐 코듀로이 기모 배기 팬츠,9T,면바지,"69,900"
NK,E4,NK9TE4103U,ESSENTIAL_스트레이트핏 기모 데님팬츠,9T,면바지,"79,900"
NK,E4,NK9TE4704U,Hybrid Sports_플리스안감 우븐 팬츠,9T,면바지,"79,900"
NK,F1,NK9TF1101U,ESSENTIAL_면스판 세미 배기핏 팬츠,9T,면바지,"69,900"
NK,F1,NK9TF1112U,ESSENTIAL_ 우븐스트레치 팬츠,9T,면바지,"79,900"
NK,F1,NK9TF1113U,ESSENTIAL_우븐 스트레치 조거 팬츠,9T,면바지,"79,900"
NK,F1,NK9TF1202U,STREET CREW_데님 세미 배기핏 팬츠,9T,면바지,"79,900"
NK,F1,NK9TF1211U,STREET CREW_파라수트 팬츠,9T,면바지,"79,900"
NK,F1,NK9TF1303U,TRANQUIL DESERT_리플렉티브 우븐 조거 팬츠,9T,면바지,"79,900"
NK,F1,NK9TF1811G,NBGC_우븐 스트레치 팬츠,9T,면바지,"79,900"
NK,F2,NK9TF2101U,ESSENTIAL_라이트 면스판 일자팬츠 9부,9T,면바지,"69,900"
NK,F2,NK9TF2501U,PLAY DENIM_라이트 9부 배기핏 데님팬츠,9T,면바지,"69,900"
NK,F2,NK9TF2502U,PLAY DENIM_알라딘 데님 조거 팬츠,9T,면바지,"69,900"
NK,F2,NK9TF2605U,KIDS RIDER_시어서커 긴바지,9T,면바지,"69,900"
NK,F2,NK9TF2801G,NBGC_여아 데님 일자핏팬츠,9T,면바지,"69,900"
NK,F3,NK9TF3201U,Street Essential_면트윌 카고 조거 팬츠,9T,면바지,"79,900"
NK,F3,NK9TF3202U,Street Essential_카고 데님팬츠,9T,면바지,"79,900"
NK,F3,NK9TF3302U,Outdoor Sports_인디고 데님 팬츠,9T,면바지,"79,900"
NK,F3,NK9TF3303U,Outdoor Sports_코듀로이 팬츠,9T,면바지,0
NK,F3,NK9TF3304U,Outdoor Sports_카고 우븐 스트레이트 팬츠,9T,면바지,"89,900"
NK,F4,NK9TF4101U,ESSENTIAL_코듀로이 일자팬츠,9T,면바지,"79,900"
NK,F4,NK9TF4311U,Outdoor Sports_우븐 플리스안감 팬츠,9T,면바지,"79,900"
NK,FB,NK9TFB101U,BASIC ESSENTIAL우븐 스트레치 팬츠,9T,면바지,"79,900"
NK,FB,NK9TFB321U,STREET CREW_데님 세미 배기핏 팬츠,9T,면바지,"89,900"
NK,G1,NK9TG1101U,CLASSIC REMIX_면트윌 포켓 파라수트 팬츠,9T,면바지,"79,900"
NK,G1,NK9TG1202U,WE GROW TOGETHER_ 면스판 우븐 카고 조거 팬츠,9T,면바지,"79,900"
NK,G2,NK9TG2501U,STELLAR PLAY GROUND_9부 일자팬츠,9T,면바지,"69,900"
NK,G2,NK9TG2551U,Sweet home_체크 조거 팬츠,9T,면바지,"69,900"
NK,G3,NK9TG3801U,사선 절개 스트레이트 팬츠,9T,면바지,"69,900"
NK,G4,NK9TG4110G,NBgC_2WAY 알로바 안감 카고 팬츠,9T,면바지,0
NK,G4,NK9TG4112U,안감 우븐 카고 팬츠,9T,면바지,0
NK,G4,NK9TG4113U,코듀로이 우븐 팬츠 (기모),9T,면바지,0
NK,GB,NK9TGB101U,EXCLUSIVE_와이드핏 면팬츠,9T,면바지,"79,900"
NK,GB,NK9TGB103U,EXCLUSIVE_일자 우븐팬츠,9T,면바지,"79,900"
NK,GB,NK9TGB104U,EXCLUSIVE_조거 우븐팬츠,9T,면바지,"79,900"
NK,GB,NK9TGB301U,EXCLUSIVE_ 면스판 조거 팬츠,9T,면바지,0
NK,GC,NK9TGC301U,우븐 스트레치 조거 팬츠,9T,면바지,"79,900"
NK,E2,NK9UE2101U,Essential_우븐 스트레치 7부 팬츠,9U,면바지,"59,900"
NK,E2,NK9UE2102U,Essential_트리코트 7부 팬츠,9U,면바지,"59,900"
NK,F2,NK9UF2101U,ESSENTIAL_우븐 스트레치 7부 팬츠,9U,면바지,"59,900"
NK,F2,NK9UF2102U,ESSENTIAL_트리코트 7부 팬츠,9U,면바지,"59,900"
NK,GB,NK9UGB201U,EXCLUSIVE_우븐 스트레치 7부바지,9U,면바지,"59,900"
NK,GB,NK9UGB202U,EXCLUSIVE_트리코트 7부바지,9U,면바지,"59,900"
NK,E2,NK9VE2101U,Essential_에센셜 우븐 반바지,9V,면바지,"39,900"
NK,E2,NK9VE2102U,Essential_스티치 우븐 포켓 반바지,9V,면바지,"49,900"
NK,E2,NK9VE2102U,Essential_스티치 우븐 포켓 반바지,9V,면바지,0
NK,E2,NK9VE2103U,ESSENTIAL 우븐 스트레치 반바지,9V,면바지,"49,900"
NK,E2,NK9VE2104U,ESSENTIAL 4.5부 스티치 우븐스트레치 반바지,9V,면바지,"59,900"
NK,E2,NK9VE2107U,ESSENTIAL 파스텔 타슬란 반바지,9V,면바지,"49,900"
NK,E2,NK9VE2108U,ESSENTIAL 시어서커 숏팬츠,9V,면바지,"49,900"
NK,E2,NK9VE2108U,ESSENTIAL 시어서커 숏팬츠,9V,면바지,0
NK,E2,NK9VE2501U,Baseball_데님 반바지,9V,면바지,"59,900"
NK,E2,NK9VE2801G,NBgC Life 여아 우븐 하이웨스트 쇼츠,9V,면바지,"49,900"
NK,E2,NK9VE2802G,NBgC Life 여아 데님 3.5부 쇼츠,9V,면바지,"59,900"
NK,E2,NK9VE2901U,Premium Marine 마린 반바지,9V,면바지,"59,900"
NK,F2,NK9VF2103U,ESSENTIAL_이밴드 버뮤다 5.5부 카고 반바지,9V,면바지,"59,900"
NK,F2,NK9VF2121U,ESSENTIAL_립스탑 콤비 4부 팬츠,9V,면바지,0
NK,F2,NK9VF2501U,PLAY DENIM_4부 에센셜 반바지,9V,면바지,"39,900"
NK,F2,NK9VF2503U,PLAY DENIM_이밴드 버뮤다 데님 5부 반바지,9V,면바지,"59,900"
NK,F2,NK9VF2602U,KIDS RIDER_4.5부 스트레치 반바지,9V,면바지,"49,900"
NK,F2,NK9VF2701G,NBSC_링거 숏팬츠,9V,면바지,"39,900"
NK,F2,NK9VF2701U,[2PACK] NBSC_싱글 반바지,9V,면바지,"69,900"
NK,F2,NK9VF2801G,NBGC_여아 데님팬츠,9V,면바지,"59,900"
NK,F2,NK9VF2821G,NBgC_여아 레이스 포인트 쇼츠,9V,면바지,"49,900"
NK,F2,NK9VF2822G,NBgC_여아 3부 에센셜 숏팬츠,9V,면바지,"39,900"
NK,F2,NK9VF2831U,Hybrid Sports_트레이닝 반바지,9V,면바지,"39,900"
NK,F3,NK9VF3112U,ESSENTIAL_우븐버뮤다팬츠,9V,면바지,"59,900"
NK,F3,NK9VF3601U,Autumn Farm_턱 포인트 버뮤다 팬츠,9V,면바지,"49,900"
NK,F3,NK9VF3701U,NBSC_오버핏 하프 버뮤다 팬츠,9V,면바지,"49,900"
NK,FB,NK9VFB201U,BASIC ESSENTIAL우븐 스트레치 반바지,9V,면바지,"49,900"
NK,FB,NK9VFB202U,BASIC ESSENTIAL우븐 스트레치 반바지,9V,면바지,"49,900"
NK,FB,NK9VFB203U,BASIC ESSENTIAL우븐 스트레치 반바지,9V,면바지,"49,900"
NK,FB,NK9VFB204U,BASIC ESSENTIAL타슬란 반바지,9V,면바지,0
NK,FB,NK9VFB211U,BASIC ESSENTIAL3.5부 타슬란 반바지,9V,면바지,"39,900"
NK,G2,NK9VG2402U,WE GROW TOGETHER_에센셜 반바지,9V,면바지,"49,900"
NK,G2,NK9VG2751G,NBgC_글로시 폴리 트랙 반바지,9V,면바지,"49,900"
NK,G2,NK9VG2761G,METALIC SUMMER_여아 3.5부 데님 팬츠,9V,면바지,0
NK,G2,NK9VG2761U,METALIC SUMMER_우븐 반바지,9V,면바지,"49,900"
NK,G2,NK9VG2762U,METALIC SUMMER_패턴 포인트 우븐 스트레치 버뮤다 팬츠,9V,면바지,"59,900"
NK,G2,NK9VG2772G,METALIC SUMMER_글로시 우븐 카고 반바지,9V,면바지,"59,900"
NK,G2,NK9VG2772U,NBSC_타슬란 카고 버뮤다 반바지,9V,면바지,"59,900"
NK,G2,NK9VG2773U,GRID PACK_그리드 체크 반바지,9V,면바지,"59,900"
NK,G2,NK9VG2881U,NBgC_돌핀 숏팬츠,9V,면바지,"49,900"
NK,G3,NK9VG3701U,피그먼트 버뮤다 팬츠,9V,면바지,"59,900"
NK,G3,NK9VG3702U,ESSENTIAL_버뮤다 데님팬츠,9V,면바지,"59,900"
NK,G3,NK9VG3801U,버뮤다 팬츠,9V,면바지,"49,900"
NK,G3,NK9VG3804U,우븐스트레치 반바지,9V,면바지,"59,900"
NK,G4,NK9VG4901U,우븐 카고 버뮤다팬츠,9V,면바지,"59,900"
NK,GB,NK9VGB201G,EXCLUSIVE_여아 숏 반바지,9V,면바지,"49,900"
NK,GB,NK9VGB201U,EXCLUSIVE_4부 타슬란 반바지,9V,면바지,"49,900"
NK,GB,NK9VGB202U,EXCLUSIVE_베이직 타슬란 반바지,9V,면바지,"49,900"
NK,GB,NK9VGB203U,EXCLUSIVE_우븐스트레치 반바지,9V,면바지,"49,900"
NK,GB,NK9VGB204U,EXCLUSIVE_쿨링 메쉬 반바지,9V,면바지,"49,900"
NK,GB,NK9VGB205U,EXCLUSIVE_우븐스트레치 반바지,9V,면바지,"59,900"
NK,GB,NK9VGB206U,EXCLUSIVE_시어서커 패턴 쇼츠,9V,면바지,"49,900"
NK,GB,NK9VGB207U,EXCLUSIVE_플레인 데님 버뮤다쇼츠,9V,면바지,"69,900"
NK,GB,NK9VGB222U,EXCLUSIVE_우븐 카고 반바지,9V,면바지,"69,900"
NK,E1,NK9WE1302G,Classic Sports_플리츠 스커트,9W,면바지,0
NK,E1,NK9WE1402G,Fishing Club_랩 치마 바지,9W,면바지,"69,900"
NK,E4,NK9WE4801G,NBgC_패딩 스커트,9W,면바지,"69,900"
NK,E4,NK9WE4902G,Layer.1_A라인 퀼팅 스커트,9W,면바지,0
NK,F1,NK9WF1801G,NBGC_데님 플리츠 스커트,9W,면바지,"59,900"
NK,F1,NK9WF1804G,NBgC_A라인 퀼팅 스커트,9W,면바지,"99,900"
NK,F1,NK9WF1811G,NBGC_우븐 카고 스커트,9W,면바지,"59,900"
NK,F2,NK9WF2601G,KIDS RIDER_플리츠 스커트,9W,면바지,"69,900"
NK,F2,NK9WF2605G,KIDS RIDER_시어서커 여아 스코츠,9W,면바지,"59,900"
NK,F2,NK9WF2811G,NBgC_데님스코츠,9W,면바지,"59,900"
NK,F3,NK9WF3811G,NBgC_셔링 스커트,9W,면바지,"69,900"
NK,G1,NK9WG1881U,NBgC_플리츠 스커트,9W,면바지,"69,900"
NK,G2,NK9WG2881G,NBgC_플리츠 스커트,9W,면바지,"69,900"
NK,G3,NK9WG3731G,NBgC_벌룬 스커트,9W,면바지,"69,900"
NK,G3,NK9WG3801G,NBgC_벌룬 스커트,9W,면바지,"69,900"
NK,E4,NK9XE4101U,Colorful Ski_다운 카고 팬츠(덕),9X,면바지,"129,000"
NK,E4,NK9XE4102U,ESSENTIAL_눈놀이용 패딩바지 (패딩),9X,면바지,"79,900"
NK,E4,NK9XE4102U,ESSENTIAL_눈놀이용 패딩바지 (패딩),9X,면바지,0
NK,E4,NK9XE4502U,ESSENTIAL_눈놀이용 패딩바지 (패딩),9X,면바지,0
NK,E4,NK9XE4603U,Colorful Ski_스키바지(패딩),9X,면바지,"129,000"
NK,E4,NK9XE4801G,NBgC Life_패딩 스커트,9X,면바지,0
NK,F4,NK9XF4101U,ESSENTIAL_눈놀이용 퀼팅 팬츠,9X,면바지,"89,900"
NK,F4,NK9XF4101U,ESSENTIAL_눈놀이용 퀼팅 팬츠,9X,면바지,0
NK,F4,NK9XF4121U,ESSENTIAL_스키팬츠,9X,면바지,"129,000"
NK,GC,NK9XGC401U,패딩 바지,9X,면바지,0
NK,E1,NK9YE1101U,Essential_에센셜 포켓 반팔 셋업,9Y,면바지,"69,900"
NK,E1,NK9YE1103U,Essential_카라넥 반집업 셋업,9Y,면바지,"129,000"
NK,E1,NK9YE1108U,Essential_ 스케이트보드 V넥 우븐 피스테 셋업,9Y,면바지,"159,000"
NK,E1,NK9YE1202U,Draw Your Court_컬러배색 우븐 셋업,9Y,면바지,"159,000"
NK,E1,NK9YE1203U,Draw Your Court_우븐 스트레치 셋업,9Y,면바지,"159,000"
NK,E1,NK9YE1804G,NBgC_애슬레저 3pcs 후드집업 세트,9Y,면바지,"159,000"
NK,E1,NK9YE1821G,NBgC_골지 반집업 베스트 세트,9Y,니트,"139,000"
NK,E2,NK9YE2101G,ESSENTIAL 여아 우븐 아노락 셋업,9Y,면바지,"129,000"
NK,E2,NK9YE2102U,ESSENTIAL 경량 우븐 스트레치 풀집업 셋업,9Y,면바지,"129,000"
NK,E2,NK9YE2106U,ESSENTIAL 우븐 스트레치 컬러배색 반집업 셋업,9Y,면바지,"129,000"
NK,E2,NK9YE2204U,Draw Your Court_우븐 스트레치 반바지 셋업,9Y,면바지,0
NK,E2,NK9YE2401U,Fishing Club 2_컬러블럭 아노락 반바지 세트,9Y,면바지,"159,000"
NK,E2,NK9YE2501G,BLOCK CORE 여아 크롭 우븐 스트레치 셋업,9Y,면바지,"99,900"
NK,E2,NK9YE2501G,BLOCK CORE 여아 크롭 우븐 스트레치 셋업,9Y,면바지,0
NK,E2,NK9YE2502G,Baseball_여아 스포티 스커트 세트,9Y,면바지,"89,900"
NK,E2,NK9YE2505U,BLOCK CORE 홀 우븐 스트레치 셋업,9Y,면바지,"109,000"
NK,E2,NK9YE2506U,BLOCK CORE 메쉬 레이어드 반팔 셋업,9Y,면바지,"99,900"
NK,E2,NK9YE2510U,Hybrid Sports_카라 라이트 긴팔셋업,9Y,니트,"99,900"
NK,E2,NK9YE2511U,Hybrid Sports_블록코어 컬러포인트 반팔셋업,9Y,니트,"89,900"
NK,E2,NK9YE2601G,Beach Lounge 전판 포인트 여아 셋업,9Y,면바지,"89,900"
NK,E2,NK9YE2601G,Beach Lounge 전판 포인트 여아 셋업,9Y,면바지,0
NK,E2,NK9YE2601U,Beach Lounge 남아 시어서커 셔츠 셋업,9Y,면바지,"129,000"
NK,E2,NK9YE2602G,Beach Lounge 여아 뷔스티에 3pcs 세트,9Y,면바지,"129,000"
NK,E2,NK9YE2602U,Beach Lounge 전판 포인트 유니 셋업,9Y,면바지,"89,900"
NK,E2,NK9YE2603U,Beach Lounge 나시 반바지 셋업,9Y,면바지,"79,900"
NK,E2,NK9YE2605U,Fruit Pack 포켓 나시 셋업,9Y,면바지,"79,900"
NK,E2,NK9YE2702G,Surfing 여아 링거티 스커트 셋업,9Y,면바지,"99,900"
NK,E2,NK9YE2702U,Surfing 타이다잉 셋업,9Y,면바지,"99,900"
NK,E2,NK9YE2702U,Surfing 타이다잉 셋업,9Y,면바지,0
NK,E2,NK9YE2705G,Surfing_여아 그라데이션 크롭 반팔셋업,9Y,면바지,"99,900"
NK,E2,NK9YE2801G,NBgC Athleisure 여아 카라티 스커트 세트,9Y,면바지,"109,000"
NK,E2,NK9YE2802G,NBgC Athleisure 기능성티 플레어스커트 세트,9Y,면바지,"99,900"
NK,E2,NK9YE2902G,Premium Marine 여아 카라티 세트,9Y,면바지,"129,000"
NK,E3,NK9YE3102G,ESSENTIAL_3PCS 여아 우븐 셋업,9Y,면바지,"159,000"
NK,E3,NK9YE3104U,ESSENTIAL_3PCS 우븐 라운드 스웻셋업,9Y,면바지,"159,000"
NK,E3,NK9YE3105U,ESSENTIAL_3PCS 조끼 우븐 셋업,9Y,면바지,0
NK,E3,NK9YE3110U,Essential_우븐 3pcs 셋업,9Y,면바지,"159,000"
NK,E3,NK9YE3201U,Essential_라운드넥 우븐 피스테 셋업,9Y,면바지,0
NK,E3,NK9YE3601B,Fruit Pack 전판 남아 시어서커 셔츠 셋업,9Y,면바지,"129,000"
NK,E3,NK9YE3603G,Fruit Pack 여아 시어서커 셔츠 셋업,9Y,면바지,"129,000"
NK,E3,NK9YE3701U,Hybrid Sports_홑겹 우븐 아노락 셋업,9Y,면바지,"139,000"
NK,E3,NK9YE3803G,NBgC_코듀로이 반집업 스웻 셋업,9Y,면바지,"129,000"
NK,E4,NK9YE4103U,ESSENTIAL_라운드카라 반집업 셋업,9Y,면바지,"139,000"
NK,E4,NK9YE4201U,Sports club_골지벨로아 카라집업 셋업,9Y,면바지,"139,000"
NK,E4,NK9YE4203G,Sports club_3in1 플리스 스커트 세트,9Y,면바지,"179,000"
NK,E4,NK9YE4407U,Cozy Winter_단모플리스 아노락 셋업,9Y,면바지,"139,000"
NK,E4,NK9YE4801G,NBgC_카라변형집업 코듀 셋업,9Y,면바지,"139,000"
NK,E4,NK9YE4802G,NBgC_벨로아 후디스웻 셋업,9Y,면바지,"139,000"
NK,E4,NK9YE4804G,NBgC_벨로아 배색크롭 반집업 셋업,9Y,면바지,"159,000"
NK,E4,NK9YE4804G,NBgC_벨로아 배색크롭 반집업 셋업,9Y,면바지,0
NK,E4,NK9YE4812G,NBgC_코듀로이 후디스웻 셋업,9Y,니트,"139,000"
NK,E4,NK9YE4813G,NBgC_벨로아 후드 변형 셋업,9Y,면바지,"129,000"
NK,E4,NK9YE4901U,Layer.1_스트라이프 반집업 셋업,9Y,면바지,"159,000"
NK,E4,NK9YE4902G,Layer.1_벨로아 스웨터 믹스 셋업,9Y,면바지,0
NK,E4,NK9YE4903G,Layer.1_레이어드 덤블 카라 셋업,9Y,면바지,"159,000"
NK,EB,NK9YEB115U,BASIC ESSENTIAL_우븐 반집업 셋업,9Y,면바지,"109,000"
NK,EB,NK9YEB308U,ESSENTIAL_홑겹 우븐 트레이닝 세트,9Y,면바지,"139,000"
NK,EB,NK9YEB408U,ESSENTIAL_플리스 라운드 스웻셋업,9Y,면바지,"129,000"
NK,EB,NK9YEB409U,ESSENTIAL_플리스 아노락 셋업,9Y,면바지,"139,000"
NK,F1,NK9YF1106U,ESSENTIAL_코트 폴리 긴팔티 셋업,9Y,면바지,"89,900"
NK,F1,NK9YF1211U,[3PCS] STREET CREW_우븐 풀집업 베스트 셋업,9Y,면바지,"129,000"
NK,F1,NK9YF1212U,[3PCS] STREET CREW_일러스트 우븐 셋업,9Y,면바지,"159,000"
NK,F1,NK9YF1313U,TRANQUIL DESERT_스몰 배색 우븐셋업,9Y,면바지,"159,000"
NK,F1,NK9YF1701U,NBSC_후드베스트 레이어드셋업,9Y,면바지,"99,900"
NK,F1,NK9YF1806G,NBGC_여아 스커트셋업,9Y,면바지,"109,000"
NK,F1,NK9YF1811G,[3PCS] NBGC_조끼 레이어드 부츠컷 셋업,9Y,면바지,"129,000"
NK,F2,NK9YF2111U,ESSENTIAL_우븐 반팔 풀집업 셋업,9Y,면바지,"129,000"
NK,F2,NK9YF2112U,ESSENTIAL_우븐 반팔 아노락 셋업,9Y,면바지,"139,000"
NK,F2,NK9YF2121U,ESSENTIAL_유니 반팔 쿨메쉬 티셔츠 셋업,9Y,면바지,"99,900"
NK,F2,NK9YF2122G,ESSENTIAL_여아 반팔 쿨메쉬 스커트셋업,9Y,면바지,"99,900"
NK,F2,NK9YF2123G,ESSENTIAL_여아 반팔 쿨메쉬 반바지 셋업,9Y,면바지,"99,900"
NK,F2,NK9YF2203G,SUMMER PLAYTIME_핏변형 시어서커 스코츠 세트,9Y,면바지,"89,900"
NK,F2,NK9YF2302G,FAMILY HOLIDAY_여아 홀리데이 스트라이프 반팔 셋업,9Y,면바지,"99,900"
NK,F2,NK9YF2302G,FAMILY HOLIDAY_여아 홀리데이 스트라이프 반팔 셋업,9Y,면바지,0
NK,F2,NK9YF2401U,Waterful land_패턴 시어서커 셔츠 셋업,9Y,면바지,"129,000"
NK,F2,NK9YF2403G,Waterful land_패턴 나시 플리츠 스커트 셋업,9Y,면바지,"99,900"
NK,F2,NK9YF2512U,PLAY DENIM_우븐 피스테 셋업,9Y,면바지,"109,000"
NK,F2,NK9YF2611U,[3PCS] KIDS RIDER_시어서커 셔켓 셋업,9Y,면바지,"139,000"
NK,F2,NK9YF2701U,Splash_패턴 반팔티 4부 팬츠 셋업,9Y,면바지,"99,900"
NK,F2,NK9YF2801G,NBGC_글로시 테잎 포인트 셋업,9Y,면바지,"129,000"
NK,F2,NK9YF2811G,NBGC_여아 우븐 반팔셋업,9Y,면바지,"139,000"
NK,F2,NK9YF2823G,NBgC_여아 세일러 카라 셔켓 셋업,9Y,면바지,"139,000"
NK,F2,NK9YF2824G,NBgC_벌룬스커트 반팔 세트,9Y,면바지,"109,000"
NK,F2,NK9YF2825G,NBgC_프릴 플리츠 스커트 셋업,9Y,면바지,"109,000"
NK,F2,NK9YF2832U,Hybrid Sports_쿨메쉬 레이어드 반팔 세트,9Y,면바지,"99,900"
NK,F2,NK9YF2833G,Hybrid Sports_쿨메쉬 레이어드 스커트 셋업,9Y,면바지,"109,000"
NK,F2,NK9YF2901G,NEW SUMMER _전판패턴 프릴 반팔 반바지 셋업,9Y,면바지,"139,000"
NK,F2,NK9YF2901U,Diving into the ocean_와플 베스트 3psc 반팔 셋업,9Y,면바지,"129,000"
NK,F2,NK9YF2902G,Diving into the ocean_여아 스모킹 팬츠 셋업,9Y,면바지,"89,900"
NK,F2,NK9YF2903U,Diving into the ocean_바시티 티셔츠 반팔셋업,9Y,면바지,"89,900"
NK,F3,NK9YF3101U,[3PCS] ESSENTIAL_우븐 피스테 셋업,9Y,면바지,"159,000"
NK,F3,NK9YF3201G,[3PCS] Street Essential_ 여아 우븐 스트레치 셋업,9Y,면바지,"159,000"
NK,F3,NK9YF3201U,[3PCS] Street Essential_일러스트 우븐 스트레치 셋업,9Y,면바지,"159,000"
NK,F3,NK9YF3201U,[3PCS] Street Essential_일러스트 우븐 스트레치 셋업,9Y,면바지,0
NK,F3,NK9YF3202U,Street Essential_우븐 스트레치 베스트 셋업,9Y,면바지,"139,000"
NK,F3,NK9YF3203U,Street Essential_우븐 배색 아노락 셋업,9Y,면바지,"159,000"
NK,F3,NK9YF3305U,Outdoor Sports_하이넥 우븐 매칭 스웻 셋업,9Y,면바지,"139,000"
NK,F3,NK9YF3306U,Outdoor Sports_라운드 스웻셋업,9Y,면바지,"99,900"
NK,F3,NK9YF3601U,Autumn Farm_밴딩 베스트 버뮤다 팬츠 셋업,9Y,면바지,"89,900"
NK,F3,NK9YF3803G,NBgC_가디건 스커트 셋업,9Y,면바지,"159,000"
NK,F3,NK9YF3803G,NBgC_가디건 스커트 셋업,9Y,면바지,0
NK,F3,NK9YF3804G,NBgC_라운드 + 스트라이프 스커트 셋업,9Y,면바지,"129,000"
NK,F3,NK9YF3810G,NBgC_프릴포인트 스웻셋업,9Y,면바지,"129,000"
NK,F3,NK9YF3901G,NEW SUMMER CAMP_체크 프릴 3PCS 셋업,9Y,면바지,"139,000"
NK,F4,NK9YF4104U,ESSENTIAL_폴라 베어 패치 기모 셋업,9Y,면바지,"129,000"
NK,F4,NK9YF4302U,PREP SPORTS_체크 포인트 하이넥 셋업,9Y,면바지,"139,000"
NK,F4,NK9YF4402U,Baseball_코듀로이 포켓 포인트 셋업,9Y,면바지,"109,000"
NK,F4,NK9YF4403U,Baseball_엘보 패치 포인트 코듀로이 스웻 셋업,9Y,면바지,"129,000"
NK,F4,NK9YF4404U,Baseball_코듀로이 패치 기모 스웻 셋업,9Y,면바지,"109,000"
NK,F4,NK9YF4505U,TODDY BEAR_패턴 포인트 기모 셋업,9Y,면바지,"129,000"
NK,F4,NK9YF4506U,TODDY BEAR_코듀로이 풀집업 셋업,9Y,면바지,"139,000"
NK,F4,NK9YF4507U,TODDY BEAR_베이비 수트,9Y,면바지,"69,900"
NK,F4,NK9YF4508U,Merry cordu_플리스 컬러블럭 셋업,9Y,점퍼,"129,000"
NK,F4,NK9YF4601U,BOGLE CREW_포켓 맨투맨 우븐바지 셋업,9Y,면바지,"139,000"
NK,F4,NK9YF4602U,BOGLE CREW_플리스 아노락 우븐 팬츠 셋업,9Y,면바지,"139,000"
NK,F4,NK9YF4702U,NBSC_플리스 안감 피스테 셋업,9Y,면바지,"179,000"
NK,F4,NK9YF4705G,NBSC_여아 벨로아 트랙 집업 셋업,9Y,면바지,"139,000"
NK,F4,NK9YF4801G,NBgC_여아 프릴반목 3PCS 기모 스웻셋업,9Y,면바지,"129,000"
NK,F4,NK9YF4802G,NBgC_여아 벨로아 카라셋업,9Y,면바지,"139,000"
NK,F4,NK9YF4803G,NBgC_여아 기모 벨로아 카라셋업,9Y,면바지,"139,000"
NK,F4,NK9YF4804G,NBgC_여아 부클포인트 기모 맨투맨 세트,9Y,면바지,"119,000"
NK,F4,NK9YF4805G,NBgC_여아 기모 벨로아 후디 셋업,9Y,면바지,"139,000"
NK,FB,NK9YFB103U,BASIC ESSENTIAL스몰로고 2PCS 우븐 셋업,9Y,면바지,0
NK,FB,NK9YFB112U,BASIC ESSENTIAL스포티 로고 스웻셋업,9Y,면바지,"99,900"
NK,FB,NK9YFB114U,BASIC ESSENTIAL스포티 로고 스웻셋업,9Y,면바지,"99,900"
NK,FB,NK9YFB322U,[3PCS] 베이직 에센셜 스웻셋업,9Y,면바지,0
NK,FB,NK9YFB331U,ESSENTIAL_로고 포인트 스웻셋업,9Y,면바지,"99,900"
NK,FB,NK9YFB411U,ESSENTIAL_로고 포인트 기모 스웻셋업,9Y,면바지,"109,000"
NK,FB,NK9YFB412U,ESSENTIAL_스몰로고 포인트 기모 스웻셋업,9Y,면바지,"109,000"
NK,FB,NK9YFB413U,ESSENTIAL_스포츠 후드 기모 스웻셋업,9Y,면바지,"129,000"
NK,FB,NK9YFB414U,ESSENTIAL_베이직 라운드 플리스 셋업,9Y,면바지,"129,000"
NK,FB,NK9YFB415U,ESSENTIAL_기모 배색 라운드 스웻셋업,9Y,면바지,"129,000"
NK,FB,NK9YFB421U,ESSENTIAL_포켓 기모 스웻셋업,9Y,면바지,"109,000"
NK,FB,NK9YFB422U,ESSENTIAL_로고 포인트 기모 스웻셋업,9Y,면바지,"109,000"
NK,FB,NK9YFB423U,ESSENTIAL_베이직 플리스 반집업 셋업,9Y,면바지,"129,000"
NK,FB,NK9YFB424U,ESSENTIAL_클래식 로고 기모 스웻 셋업,9Y,면바지,"99,900"
NK,FB,NK9YFB425U,ESSENTIAL_컬러 로고 기모 스웻셋업,9Y,면바지,"109,000"
NK,G1,NK9YG1101U,CLASSIC REMIX_[3PCS] 일러스트 맨투맨 스웻셋업,9Y,면바지,"109,000"
NK,G1,NK9YG1104U,BOGLE CREW_플리스 아노락 우븐 팬츠 셋업,9Y,면바지,"139,000"
NK,G1,NK9YG1112U,ESSENTIAL_변형피케쭈리 셋업,9Y,면바지,"129,000"
NK,G1,NK9YG1113U,ESSENTIAL_포켓 맨투맨 우븐바지 셋업,9Y,면바지,"139,000"
NK,G1,NK9YG1124U,BOGLE CREW_우븐 매칭 플리스 셋업,9Y,면바지,"139,000"
NK,G1,NK9YG1303U,Ready Set Rugby!_피그먼트 후드 셋업,9Y,면바지,"129,000"
NK,G1,NK9YG1305U,Ready Set Rugby!_컬러 배색 일러스트 스웻 셋업,9Y,면바지,"129,000"
NK,G1,NK9YG1312U,Ready Set Rugby!_10수 긴팔티 + 우븐 팬츠 셋업,9Y,면바지,"109,000"
NK,G1,NK9YG1501U,Merry corduroy_스트라이프 맨투맨 셋업,9Y,면바지,"129,000"
NK,G1,NK9YG1601U,Sunnyday_컬러 배색 맨투맨 세트,9Y,점퍼,"129,000"
NK,G1,NK9YG1602U,Sunnyday_패턴 포인트 폴리 트랙 셋업,9Y,점퍼,"129,000"
NK,G1,NK9YG1701G,●미진행 회수불가_레이어드 티셔츠 +와이드 팬츠 셋업,9Y,면바지,0
NK,G1,NK9YG1701U,TRACK SPORTS_라이트 기모 후드 일자팬츠 셋업,9Y,면바지,"129,000"
NK,G1,NK9YG1711U,NBSC_[3PCS] 740 우븐 셋업,9Y,면바지,"159,000"
NK,G1,NK9YG1712U,NBSC_플리스 안감 피스테 셋업,9Y,면바지,"179,000"
NK,G1,NK9YG1771U,NBSC_740 일러스트 맨투맨셋업,9Y,면바지,"109,000"
NK,G1,NK9YG1772U,NBSC_우븐 매칭 맨투맨 & 우븐 팬츠 셋업,9Y,면바지,"139,000"
NK,G1,NK9YG1805G,NBgC_여아 스웻 알로바 기모팬츠 셋업,9Y,면바지,"139,000"
NK,G1,NK9YG1806G,NBgC_여아 후드티 와이드팬츠셋업,9Y,면바지,"129,000"
NK,G1,NK9YG1881G,NBgC_볼륨 조거 스웻셋업,9Y,면바지,"109,000"
NK,G1,NK9YG1882G,NBgC_소재변형 스트레이트 팬츠 셋업,9Y,면바지,"109,000"
NK,G1,NK9YG1883G,[2PCS] 넥 셔링 바람막이 우븐 팬츠 셋업,9Y,면바지,"159,000"
NK,G1,NK9YG1884G,NBgC_ 메탈사 볼륨 조거 스웻셋업,9Y,면바지,"109,000"
NK,G1,NK9YG1885G,NBgC_카라 스트라이프 티셔츠 + 벌룬 스커트 셋업,9Y,면바지,"129,000"
NK,G2,NK9YG2204U,WE GROW TOGETHER_  라글란 긴팔티 + 미니쭈리,9Y,면바지,"99,900"
NK,G2,NK9YG2401U,WE GROW TOGETHER  _반팔 + 우븐 바지 셋업,9Y,면바지,"109,000"
NK,G2,NK9YG2402U,WE GROW TOGETHER  _데님 반팔 셔켓 셋업,9Y,면바지,"129,000"
NK,G2,NK9YG2411U,Ready Set Rugby!_레터 포인트 미니쭈리 반팔 셋업,9Y,면바지,"99,900"
NK,G2,NK9YG2412U,ESSENTIAL_상하의 포켓 반팔 싱글 셋업,9Y,면바지,"79,900"
NK,G2,NK9YG2413U,Ready Set Rugby!_5부 라글란 티셔츠 + 버뮤다 팬츠 셋업,9Y,면바지,"99,900"
NK,G2,NK9YG2414G,Ready Set Rugby!_ 라글란 반팔티 + 데님 캉캉 스커트 셋업,9Y,면바지,"99,900"
NK,G2,NK9YG2414U,Ready Set Rugby!_반팔티 + 하렘팬츠 셋업,9Y,면바지,"89,900"
NK,G2,NK9YG2501G,Run Festival_여아 라운드 셔링 우븐 피스테 셋업,9Y,면바지,"129,000"
NK,G2,NK9YG2501U,STELLAR PLAY GROUND_CP싱글+타슬란 반팔셋업,9Y,면바지,"89,900"
NK,G2,NK9YG2501U,STELLAR PLAY GROUND_CP싱글+타슬란 반팔셋업,9Y,면바지,0
NK,G2,NK9YG2502G,Run Festival_여아 쿨터치 반팔티+ 반바지 셋업,9Y,면바지,"99,900"
NK,G2,NK9YG2502U,Run Festival_일러스트 우븐 피스테 셋업,9Y,면바지,"109,000"
NK,G2,NK9YG2503U,Run Festival_시어서커  V셔켓 셋업,9Y,면바지,"129,000"
NK,G2,NK9YG2504U,Run Festival_쿨터치 반팔티 + 우븐 스트레치 팬츠 셋업,9Y,면바지,"89,900"
NK,G2,NK9YG2505U,CITY LAYERING_[3PCS] 민소매 우븐 셋업,9Y,면바지,"159,000"
NK,G2,NK9YG2506U,CITY LAYERING_민소매 나시 셋업,9Y,면바지,"79,900"
NK,G2,NK9YG2507U,CITY LAYERING_포켓 반팔 셋업,9Y,면바지,"89,900"
NK,G2,NK9YG2551U,Sweet home_패밀리 일러스트 반팔 셋업,9Y,면바지,"89,900"
NK,G2,NK9YG2552U,Sweet home_스트라이프 나시 반바지 셋업,9Y,면바지,"79,900"
NK,G2,NK9YG2751G,NBgC_[3PCS] 가디건 + 벌룬 스커트 셋업,9Y,면바지,"129,000"
NK,G2,NK9YG2761U,METALIC SUMMER_피그먼트 & 우븐 반바지 셋업,9Y,면바지,"109,000"
NK,G2,NK9YG2762U,METALIC SUMMER_일러스트 반팔티 & 우븐 스트레치 셋업,9Y,면바지,"99,900"
NK,G2,NK9YG2771G,NBgC Cherry Blossom_골지 스트라이프 티셔츠 + 샤이니 우,9Y,면바지,"99,900"
NK,G2,NK9YG2771U,NBSC_[2PCS] 우븐 베스트 셋업,9Y,면바지,"129,000"
NK,G2,NK9YG2772G,NBgC Cherry Blossom_[3PCS] 패턴 레이어드 시어서커,9Y,면바지,"139,000"
NK,G2,NK9YG2772U,NBSC_메쉬 콤보 우븐 반팔 셋업,9Y,면바지,"109,000"
NK,G2,NK9YG2773G,NBgC Cherry Blossom_카라 반팔티 & 캉캉스커트 셋업,9Y,면바지,"109,000"
NK,G2,NK9YG2773U,NBSC_  우븐 베스트 셋업,9Y,면바지,"129,000"
NK,G2,NK9YG2881G,NBgC_여아 카라 티셔츠 스커트 셋업,9Y,면바지,"109,000"
NK,G3,NK9YG3701G,피그먼트 크롭 반팔 셋업,9Y,면바지,"109,000"
NK,G3,NK9YG3701U,나시+우븐 스트레치 팬츠 셋업,9Y,면바지,"109,000"
NK,G3,NK9YG3704U,Run Festival_쿨터치 반팔티 + 우븐 스트레치 팬츠 셋업,9Y,면바지,"89,900"
NK,G3,NK9YG3752U,Sweet home_스트라이프 나시 반바지 셋업,9Y,면바지,"79,900"
NK,G3,NK9YG3761U,METALIC SUMMER_피그먼트 & 우븐 반바지 셋업,9Y,면바지,"109,000"
NK,G3,NK9YG3801G,NBgC_[3PCS] 가디건 스커트 세트,9Y,면바지,"159,000"
NK,G3,NK9YG3971G,SUMMER WAVE_[3PCS] 여아 패턴 시어서커 셔켓 셋업,9Y,면바지,"159,000"
NK,G3,NK9YG3971U,SUMMER WAVE_[3PCS] 시어서커 셔켓 셋업,9Y,면바지,"159,000"
NK,G3,NK9YG3972G,SUMMER WAVE_여아 반팔티 & 패턴 긴바지 셋업,9Y,면바지,"109,000"
NK,G3,NK9YG3972U,SUMMER WAVE_타이다잉 반팔셋업,9Y,면바지,"99,900"
NK,G3,NK9YG3973U,SUMMER WAVE_컬러블럭 라글란 반팔 셋업,9Y,면바지,"89,900"
NK,G3,NK9YG3974U,SUMMER WAVE_나시 셋업,9Y,면바지,"99,900"
NK,G4,NK9YG4101U,우븐 아노락 세트,9Y,면바지,"159,000"
NK,G4,NK9YG4102G,NBgC_벨로아 반집업 세트,9Y,면바지,0
NK,G4,NK9YG4102U,Playground_코듀로이 패치 스웻 세트,9Y,면바지,0
NK,G4,NK9YG4103U,플리스 점퍼 세트,9Y,면바지,0
NK,G4,NK9YG4110G,NBgC_스웻 셔츠 세트 (기모),9Y,면바지,0
NK,G4,NK9YG4110U,레터 포인트 스웻 세트 (기모),9Y,면바지,"109,000"
NK,G4,NK9YG4111G,NBgC_모크넥 스웻 셔츠 세트 (기모),9Y,면바지,0
NK,G4,NK9YG4111U,Playground_아노락 배색 플리스 세트,9Y,면바지,0
NK,G4,NK9YG4112U,Playground_벨로아 카라 집업 세트 (기모),9Y,면바지,0
NK,G4,NK9YG4113G,NBgC_벨로아 후드 세트 (기모),9Y,면바지,0
NK,G4,NK9YG4113U,하이넥 스웻 세트 (기모),9Y,면바지,"139,000"
NK,G4,NK9YG4114G,NBgC_카라 트랙집업 스트레이트 팬츠 세트,9Y,면바지,0
NK,G4,NK9YG4114U,우븐 카고팬츠 세트 (기모),9Y,면바지,"159,000"
NK,G4,NK9YG4115U,플리스 안감 우븐 피스테 세트,9Y,면바지,0
NK,G4,NK9YG4901G,NBgC_후드집업 세트,9Y,면바지,"139,000"
NK,G4,NK9YG4901U,[3PCS] 우븐 세트,9Y,면바지,"159,000"
NK,G4,NK9YG4902G,NBgC_[3PCS] 우븐 피스테 세트,9Y,면바지,"159,000"
NK,G4,NK9YG4902U,[3PCS] 일러스트 스웻 세트,9Y,면바지,"109,000"
NK,G4,NK9YG4903G,NBgC_벌룬 스웻 셔츠 세트,9Y,면바지,"109,000"
NK,G4,NK9YG4903U,피그먼트 후드 세트,9Y,면바지,"129,000"
NK,G4,NK9YG4904G,NBgC_체크 스커트 세트,9Y,면바지,"129,000"
NK,G4,NK9YG4904U,변형 절개 라운드 세트,9Y,면바지,"129,000"
NK,G4,NK9YG4905G,NBgC_샤스커트 세트,9Y,면바지,0
NK,G4,NK9YG4905U,Playground_라글란 배색 스웻 세트,9Y,면바지,"129,000"
NK,G4,NK9YG4907U,Playground_컬러 블록 스웻 세트,9Y,면바지,"129,000"
NK,GB,NK9YGB102U,EXCLUSIVE_로고 포인트 스웻 세트,9Y,면바지,"109,000"
NK,GB,NK9YGB103U,EXCLUSIVE_스웻 세트,9Y,면바지,"109,000"
NK,GB,NK9YGB104U,EXCLUSIVE_일러스트 포인트 스웻 세트,9Y,면바지,"109,000"
NK,GB,NK9YGB105G,EXCLUSIVE_레이어드 스커트 세트,9Y,면바지,"109,000"
NK,GB,NK9YGB105U,EXCLUSIVE_컬러 포인트 스웻 세트,9Y,면바지,"109,000"
NK,GB,NK9YGB106U,EXCLUSIVE_포켓 포인트 일러스트 스웻 세트,9Y,면바지,"109,000"
NK,GB,NK9YGB107U,EXCLUSIVE_라운드 스웻 세트,9Y,면바지,"109,000"
NK,GB,NK9YGB201G,EXCLUSIVE_여아 크롭 티셔츠 세트,9Y,면바지,"99,900"
NK,GB,NK9YGB201U,EXCLUSIVE_싱글 반팔 세트,9Y,면바지,"79,900"
NK,GB,NK9YGB202U,EXCLUSIVE_쿨 기능성 반팔 세트,9Y,면바지,"89,900"
NK,GB,NK9YGB203U,EXCLUSIVE_싱글 타슬란 반팔 세트,9Y,면바지,"99,900"
NK,GB,NK9YGB204U,EXCLUSIVE_싱글 우븐 스트레치 반팔 세트,9Y,면바지,"99,900"
NK,GB,NK9YGB206U,EXCLUSIVE_아노락 반바지 세트,9Y,면바지,"129,000"
NK,GB,NK9YGB208G,EXCLUSIVE_반소매 스커트 세트,9Y,면바지,"99,900"
NK,GB,NK9YGB208U,EXCLUSIVE_우븐 스트레치 세트,9Y,면바지,"109,000"
NK,GB,NK9YGB209U,EXCLUSIVE_에센셜 로고 반팔 세트,9Y,면바지,"99,900"
NK,GB,NK9YGB210U,EXCLUSIVE_일러스트 포인트 반팔 세트,9Y,면바지,"99,900"
NK,GB,NK9YGB212U,EXCLUSIVE_일러스트 포인트 반팔 세트,9Y,면바지,"99,900"
NK,GB,NK9YGB213U,EXCLUSIVE_핫써머 나시 세트,9Y,면바지,"79,900"
NK,GB,NK9YGB214U,EXCLUSIVE_로고 싱글 반팔 세트,9Y,면바지,"79,900"
NK,GB,NK9YGB215U,EXCLUSIVE_일러스트 반팔 세트,9Y,면바지,"99,900"
NK,GB,NK9YGB216U,EXCLUSIVE_반팔 우븐 팬츠 세트,9Y,면바지,"109,000"
NK,GB,NK9YGB217U,EXCLUSIVE_라이딩 일러스트 반팔 세트,9Y,면바지,"99,900"
NK,GB,NK9YGB218U,EXCLUSIVE_베스트 우븐 팬츠 세트,9Y,면바지,"129,000"
NK,GB,NK9YGB219U,EXCLUSIVE_카라 세트,9Y,면바지,"109,000"
NK,GB,NK9YGB220U,EXCLUSIVE_폴리 세트,9Y,면바지,"79,900"
NK,GB,NK9YGB221U,EXCLUSIVE_나시 세트,9Y,면바지,"89,900"
NK,GC,NK9YGC301U,2PCS 스몰 로고 세트,9Y,면바지,0
NK,GC,NK9YGC302U,2PCS 후드 세트,9Y,면바지,0
NK,GC,NK9YGC303U,라운드 그래픽 스웻 세트,9Y,면바지,0
NK,GC,NK9YGC304U,우븐 스트레치 세트,9Y,면바지,"159,000"
NK,GC,NK9YGC305U,우븐 피스테 세트,9Y,면바지,"159,000"
NK,GC,NK9YGC402U,스포츠 후드 기모 스웻 세트,9Y,면바지,0
NK,GC,NK9YGC403U,코듀로이 패치 세트,9Y,면바지,0
NK,GC,NK9YGC405U,반집업 기모 세트,9Y,면바지,0
NK,GC,NK9YGC406U,2PCS 로고 포인트 세트,9Y,면바지,0
NK,GC,NK9YGC407U,기모 배색 라운드 스웻 세트,9Y,면바지,0
NK,GC,NK9YGC408U,베이직 라운드 플리스 세트,9Y,면바지,0
NK,GC,NK9YGC409U,베이직 플리스 반집업 세트,9Y,면바지,0
NK,GC,NK9YGC410U,클래식 로고 기모 스웻 세트,9Y,면바지,0
NK,GC,NK9YGC411U,포켓 기모 스웻 세트,9Y,면바지,0
NK,GC,NK9YGC412U,로고 포인트 기모 스웻 세트,9Y,면바지,0
NK,GC,NK9YGC413U,스몰 로고 포인트 기모 스웻 세트,9Y,면바지,0
NK,GC,NK9YGC414U,로고 포인트 기모 스웻 셋업,9Y,면바지,0
NK,GC,NK9YGC415U,컬러 로고 기모 스웻 셋업,9Y,면바지,0
NK,F1,NK9ZF1203G,STREET CREW_레깅스,9Z,면바지,"39,900"
NK,F4,NK9ZF4701U,NBSC_기능성 레깅스,9Z,면바지,"39,900"
NK,F4,NK9ZF4702U,NBSC_기능성 기모 레깅스,9Z,면바지,"39,900"
NK,F4,NK9ZF4801G,NBgC_여아 기모레깅스,9Z,면바지,"39,900"
NK,G2,NKNEG2553U,Sweet home_성인 기능성 티셔츠,NE,니트,"59,900"
NK,GB,NKNEGB222U,2026 패밀리 페스티벌 반팔티(성인)1,NE,니트,"50,000"
NK,GB,NKNEGB901U,EXCLUSIVE_커스텀 무지티셔츠(성인),NE,니트,"29,900"
RM,E1,RMBLE11R11,둥근카라 블라우스,BL,남방,"59,900"
RM,E1,RMBLE11R12,하이넥 리본 블라우스,BL,남방,"59,900"
RM,E1,RMBLE12R01,베이직 라운드넥 블라우스,BL,남방,"49,900"
RM,E1,RMBLE12R02,베이직 셔츠형 블라우스,BL,남방,"49,900"
RM,E1,RMBLE12R03,베이직 타이형 블라우스,BL,남방,"59,900"
RM,E1,RMBLE12R04,베이직 고정타이 블라우스,BL,남방,"59,900"
RM,E1,RMBLE12R13,트위드 매칭 블라우스,BL,남방,"69,900"
RM,E1,RMBLE12R14,러플카라 타이 블라우스,BL,남방,"59,900"
RM,E1,RMBLE12R16,레이스 블라우스,BL,남방,"59,900"
RM,E1,RMBLE12RT1,빅카라 블라우스,BL,남방,"59,900"
RM,E1,RMBLE12S71,[시그니처] 플라워 자수 블라우스,BL,남방,"159,000"
RM,E2,RMBLE23R01,베이직 오픈카라 블라우스,BL,남방,"49,900"
RM,E2,RMBLE23R11,러플카라 리본끈 블라우스,BL,남방,"59,900"
RM,E2,RMBLE23R12,스퀘어넥 셔링 블라우스,BL,남방,"59,900"
RM,E2,RMBLE23R13,리본타이 조직감 블라우스,BL,남방,"59,900"
RM,E2,RMBLE23R15,셔링넥 블라우스,BL,남방,"59,900"
RM,E2,RMBLE23R16,리본 블라우스,BL,남방,"59,900"
RM,E2,RMBLE24R02,베이직 라운드넥 반팔 블라우스,BL,남방,"49,900"
RM,E2,RMBLE24R03,베이직 셔츠형 7부 블라우스,BL,남방,"49,900"
RM,E2,RMBLE24R04,베이직 오픈카라 반팔 블라우스,BL,남방,"49,900"
RM,E2,RMBLE24R05,[RE] 베이직 반팔 고정타이블라우스(RMBLE12R04),BL,남방,"59,900"
RM,E2,RMBLE24R11,셔츠형 반팔 블라우스,BL,남방,"59,900"
RM,E2,RMBLE24R12,스모킹 블라우스,BL,남방,"59,900"
RM,E2,RMBLE24R13,스퀘어넥 아일렛 블라우스,BL,남방,"59,900"
RM,E2,RMBLE24RT1,오픈카라 랩 블라우스,BL,남방,"59,900"
RM,E2,RMBLE24RT2,페플럼 블라우스,BL,남방,"69,900"
RM,E2,RMBLE24RT3,변형넥 타이 블라우스,BL,남방,"59,900"
RM,E2,RMBLE24RT4,레이스 뷔스티에 매칭 블라우스,BL,남방,"69,900"
RM,E2,RMBLE24RT5,스퀘어넥 리본 블라우스,BL,남방,"59,900"
RM,E2,RMBLE24RT6,프릴 쉬폰 블라우스,BL,남방,"59,900"
RM,E2,RMBLE24RT7,도비레이스 블라우스,BL,남방,"59,900"
RM,E2,RMBLE24RT8,뷔스티에 셔링 블라우스,BL,남방,"59,900"
RM,E2,RMBLE24RT9,V넥 리본 블라우스,BL,남방,"59,900"
RM,E2,RMBLE25R14,빅카라 블라우스,BL,남방,"59,900"
RM,E2,RMBLE25R15,스퀘어넥 변형 블라우스,BL,남방,"59,900"
RM,E2,RMBLE25R16,조직감 풀오버 블라우스,BL,남방,"59,900"
RM,E2,RMBLE25R17,볼륨소매 트임 블라우스,BL,남방,"59,900"
RM,E2,RMBLE25R18,카라 스트링 블라우스,BL,남방,"59,900"
RM,E2,RMBLE25R19,라운드넥 셔링 블라우스,BL,남방,"59,900"
RM,E2,RMBLE25R20,리본타이 반팔 블라우스,BL,남방,"59,900"
RM,E2,RMBLE25R21,[RE] 트위드 매칭 반팔블라우스 (RMBLE12R13),BL,남방,"69,900"
RM,E2,RMBLE25R22,[RE] 러플카라 반팔 타이블라우스(RMBLE12R14),BL,남방,"59,900"
RM,E2,RMBLE25R27,V넥 조직감 블라우스,BL,남방,"59,900"
RM,E2,RMBLE25RT1,프릴넥 블라우스,BL,남방,"59,900"
RM,E2,RMBLE25RT2,레이스 핀턱 블라우스,BL,남방,"69,900"
RM,E2,RMBLE25RT3,자카드 블라우스,BL,남방,"59,900"
RM,E2,RMBLE25RT4,[RE] 레이스 뷔스티에 매칭 블라우스(RMBLE24RT4),BL,남방,"69,900"
RM,E2,RMBLE25RT7,스모킹 블라우스,BL,남방,"59,900"
RM,E2,RMBLE25RT8,[RE] 오픈카라 랩 블라우스(RMBLE24RT1),BL,남방,"59,900"
RM,E2,RMBLE25S72,[시그니처] 트위드 블라우스,BL,남방,0
RM,E2,RMBLE26R21,시어서커 풀오버 블라우스,BL,남방,"59,900"
RM,E2,RMBLE26R22,시어서커 오픈형 블라우스,BL,남방,"59,900"
RM,E2,RMBLE26R23,스퀘어넥 셔링 블라우스,BL,남방,"59,900"
RM,E2,RMBLE26R24,셔링넥 볼륨소매 블라우스,BL,남방,"59,900"
RM,E2,RMBLE26R25,꼬임 블라우스,BL,남방,"59,900"
RM,E2,RMBLE26R26,스퀘어넥 스모킹 블라우스,BL,남방,"59,900"
RM,E2,RMBLE26R28,변형카라 더블 블라우스,BL,남방,"59,900"
RM,E2,RMBLE26R57,빅카라 조직감 블라우스(세트),BL,남방,"59,900"
RM,E2,RMBLE26R99,카라 스트링 블라우스,BL,남방,"59,900"
RM,E2,RMBLE26RT1,배색 리본 블라우스,BL,남방,"59,900"
RM,E2,RMBLE26RT1,배색 리본 블라우스,BL,남방,0
RM,E2,RMBLE26RT2,[RE] 페플럼 블라우스(RMBLE24RT2),BL,남방,"69,900"
RM,E2,RMBLE26RT4,오프숄더 블라우스,BL,남방,"59,900"
RM,E3,RMBLE37R18,[RE]카라 스트링 블라우스(RMBLE25R18),BL,남방,"59,900"
RM,E3,RMBLE37R99,더블 블라우스,BL,남방,"59,900"
RM,E3,RMBLE37RT1,자수 레이스 블라우스,BL,남방,"59,900"
RM,E3,RMBLE37RT2,자수 리본 묶음 블라우스,BL,남방,"59,900"
RM,E3,RMBLE37RT3,볼륨 소매 스모킹 블라우스,BL,남방,"59,900"
RM,E3,RMBLE37RT7,꽃자수 뷔스티에 매칭 블라우스,BL,남방,"69,900"
RM,E3,RMBLE38R11,카라 페플럼 블라우스,BL,남방,"59,900"
RM,E3,RMBLE38R12,오픈카라 스트링 블라우스(세트),BL,남방,"59,900"
RM,E3,RMBLE38R13,스퀘어넥 리본 블라우스,BL,남방,"59,900"
RM,E3,RMBLE38R26,[RE]스퀘어넥 스모킹 블라우스(RMBLE26R26),BL,남방,"59,900"
RM,E3,RMBLE38R32,[RE]빅카라 체크 블라우스(RMBLE25R31),BL,남방,"59,900"
RM,E3,RMBLE38RT1,오픈카라 5부 블라우스,BL,남방,"49,900"
RM,E3,RMBLE38RT3,오프숄더 셔링 블라우스,BL,남방,"59,900"
RM,E3,RMBLE38RT4,퍼프 소매 셔링 블라우스,BL,남방,"59,900"
RM,E4,RMBLE49R01,베이직 셋업 블라우스,BL,남방,"49,900"
RM,E4,RMBLE49R02,베이직 셔츠형 블라우스,BL,남방,"49,900"
RM,E4,RMBLE49R03,베이직 오픈 카라 블라우스,BL,남방,0
RM,E4,RMBLE49R04,베이직 타이형 블라우스,BL,남방,"59,900"
RM,E4,RMBLE49R05,베이직 고정타이 블라우스,BL,남방,"59,900"
RM,E4,RMBLE49R11,브이넥 리본타이블라우스,BL,남방,"59,900"
RM,E4,RMBLE49R12,리본 라운드넥 블라우스,BL,남방,"59,900"
RM,E4,RMBLE49R13,라운드넥 셔링 블라우스,BL,남방,"59,900"
RM,E4,RMBLE49R14,스모킹 셔링블라우스,BL,남방,"59,900"
RM,E4,RMBLE49R15,플리츠 러플카라 블라우스,BL,남방,"59,900"
RM,E4,RMBLE49R16,브이넥 러플카라 블라우스,BL,남방,"59,900"
RM,E4,RMBLE49R17,[RE]꼬임 블라우스 (RMBLE26R25),BL,남방,"59,900"
RM,E4,RMBLE49RT1,오픈카라 랩 블라우스,BL,남방,"59,900"
RM,E4,RMBLE49RT2,페플럼 블라우스,BL,남방,"69,900"
RM,E4,RMBLE49RT3,날개사 퍼프 블라우스,BL,남방,"59,900"
RM,E4,RMBLE49RT7,자수 뷔스티에 매칭 블라우스,BL,남방,"69,900"
RM,E4,RMBLE49S11,배색 타이 블라우스,BL,남방,"59,900"
RM,E4,RMBLE49S13,하이넥 타이 블라우스,BL,남방,"59,900"
RM,E4,RMBLE49S71,[시그니처] 주얼카라 블라우스,BL,남방,0
RM,E4,RMBLE49S73,[시그니처] 레이스 볼륨소매 블라우스,BL,남방,"159,000"
RM,E4,RMBLE4CR11,장식소재 블라우스,BL,남방,"59,900"
RM,E4,RMBLE4CRT1,랩 니트 베스트 세트 블라우스,BL,남방,0
RM,E4,RMBLE4TR11,카라 핀턱 블라우스,BL,남방,"59,900"
RM,E4,RMBLE4TR12,하이넥 프릴 블라우스,BL,남방,"59,900"
RM,E4,RMBLE4TR13,러플카라 블라우스,BL,남방,"59,900"
RM,E4,RMBLE4TR14,뷔스티에 레이어드 블라우스,BL,남방,"59,900"
RM,E4,RMBLE4TR15,[RE] 스모킹 셔링블라우스(RMBLE49R14),BL,남방,"59,900"
RM,E4,RMBLE4TS11,러플카라 타이 블라우스,BL,남방,"59,900"
RM,E4,RMBLE4TS13,배색 타이 블라우스,BL,남방,"59,900"
RM,E4,RMBLE4TS14,하이넥 블라우스,BL,남방,"59,900"
RM,E4,RMBLE4VR11,새틴 블라우스,BL,남방,"59,900"
RM,E4,RMBLE4VR14,[RE] 스모킹 셔링블라우스(RMBLE49R14),BL,남방,"59,900"
RM,E4,RMBLE4VR15,[RE] 뷔스티에 레이어드 블라우스(RMBLE4TR14),BL,남방,"59,900"
RM,E4,RMBLE4VS11,프릴 레이스 블라우스,BL,남방,"69,900"
RM,E4,RMBLE4VS13,[RE] 하이넥 타이 블라우스(RMBLE49S13),BL,남방,"59,900"
RM,F1,RMBLF11RT1,랩 니트 베스트 세트 블라우스,BL,남방,"79,900"
RM,F1,RMBLF11S11,하이넥 블라우스,BL,남방,"59,900"
RM,F1,RMBLF12R01,베이직 라운드넥 블라우스,BL,남방,"49,900"
RM,F1,RMBLF12R02,베이직 셔츠형 블라우스,BL,남방,"49,900"
RM,F1,RMBLF12R03,베이직 고정타이 블라우스,BL,남방,"59,900"
RM,F1,RMBLF12R04,라운드넥 블라우스,BL,남방,"49,900"
RM,F1,RMBLF12R11,프릴 리본 블라우스,BL,남방,"59,900"
RM,F1,RMBLF12R12,소재 변형 블라우스,BL,남방,"59,900"
RM,F1,RMBLF12S11,와이드 러플 블라우스,BL,남방,"59,900"
RM,F1,RMBLF12S12,뷔스티에 매칭 블라우스,BL,남방,"69,900"
RM,F1,RMBLF12ST1,하이넥 타이 블라우스,BL,남방,0
RM,F2,RMBLF23R11,러플 블라우스,BL,남방,"59,900"
RM,F2,RMBLF23R12,타이 블라우스,BL,남방,"59,900"
RM,F2,RMBLF23R13,조직감 리본 블라우스,BL,남방,"59,900"
RM,F2,RMBLF23R14,넥 프릴 블라우스,BL,남방,"59,900"
RM,F2,RMBLF23RT1,자켓형 블라우스,BL,남방,"69,900"
RM,F2,RMBLF23S11,레이스 블라우스,BL,남방,"69,900"
RM,F2,RMBLF23S12,리본 블라우스,BL,남방,"59,900"
RM,F2,RMBLF23ST2,하이넥 타이 블라우스,BL,남방,"59,900"
RM,F2,RMBLF23ST2,하이넥 타이 블라우스,BL,남방,0
RM,F2,RMBLF24R03,베이직 라운드넥 반팔 블라우스,BL,남방,"49,900"
RM,F2,RMBLF24R04,베이직 반팔 고정타이 블라우스,BL,남방,"59,900"
RM,F2,RMBLF24R11,오픈카라 반팔 블라우스,BL,남방,"59,900"
RM,F2,RMBLF24R12,라운드넥 꼬임 블라우스,BL,남방,"59,900"
RM,F2,RMBLF24R13,퍼프소매 블라우스,BL,남방,"59,900"
RM,F2,RMBLF24R14,뷔스티에 세트 블라우스,BL,남방,"69,900"
RM,F2,RMBLF24R15,타이 랩 블라우스,BL,남방,"59,900"
RM,F2,RMBLF24RT1,프릴 넥 블라우스,BL,남방,"59,900"
RM,F2,RMBLF24RT2,타이 브이넥 블라우스,BL,남방,"59,900"
RM,F2,RMBLF24RT7,쉬폰 러플 블라우스,BL,남방,"59,900"
RM,F2,RMBLF24RT8,쉬폰 하이넥 블라우스 세트,BL,남방,"69,900"
RM,F2,RMBLF24S11,조직감 타이 블라우스,BL,남방,"59,900"
RM,F2,RMBLF25R11,페플럼 블라우스,BL,남방,"59,900"
RM,F2,RMBLF25R12,스모킹 블라우스,BL,남방,"59,900"
RM,F2,RMBLF25R13,레터링 티블라우스,BL,남방,"49,900"
RM,F2,RMBLF25R14,리본 블라우스,BL,남방,"59,900"
RM,F2,RMBLF25R15,시스루 배색 블라우스,BL,남방,"49,900"
RM,F2,RMBLF25R16,라운드넥 셔링 블라우스,BL,남방,"59,900"
RM,F2,RMBLF25R17,[RE] 타이 반팔 블라우스(RMBLF23R12),BL,남방,"59,900"
RM,F2,RMBLF25R98,브이넥 스트랩 블라우스,BL,남방,"59,900"
RM,F2,RMBLF25R99,오픈카라 랩 블라우스,BL,남방,"59,900"
RM,F2,RMBLF25RT1,프릴 넥 반팔 블라우스,BL,남방,"59,900"
RM,F2,RMBLF25RT2,스퀘어넥 코튼 자수 블라우스,BL,남방,"59,900"
RM,F2,RMBLF25RT3,[RE]뷔스티에 세트 반팔 블라우스,BL,남방,"69,900"
RM,F2,RMBLF25S11,트위드 매칭 블라우스,BL,남방,"69,900"
RM,F2,RMBLF25S12,조직감 배색 블라우스,BL,남방,"59,900"
RM,F2,RMBLF26R11,뒷리본 꼬임 블라우스,BL,남방,0
RM,F2,RMBLF26R13,조직감 크롭 블라우스,BL,남방,0
RM,F2,RMBLF26RT1,카울넥 블라우스,BL,남방,"59,900"
RM,F2,RMBLF26RT3,캡소매 블라우스,BL,남방,"59,900"
RM,F2,RMBLF26RT4,코튼 프릴 블라우스,BL,남방,"59,900"
RM,F3,RMBLF37R11,스모킹 블라우스,BL,남방,"59,900"
RM,F3,RMBLF37RT1,린넨 배색 반팔 블라우스,BL,남방,"49,900"
RM,F3,RMBLF37RT2,[RE] 카울넥 블라우스 RMBLF26RT1,BL,남방,"59,900"
RM,F3,RMBLF37RT4,[RE] 코튼 프릴 블라우스(RMBLF26RT4),BL,남방,"59,900"
RM,F3,RMBLF37RT5,리본 블라우스,BL,남방,"59,900"
RM,F3,RMBLF37RT6,[RE]뷔스티에 세트 반팔 블라우스 (RMBLF25RT3),BL,남방,"69,900"
RM,F3,RMBLF37S11,자켓형 타이 블라우스,BL,남방,"59,900"
RM,F3,RMBLF38R11,뷔스티에 매칭 블라우스,BL,남방,"59,900"
RM,F3,RMBLF38R12,[RE] 스퀘어넥 코튼 자수 블라우스 (RMBLF25RT2),BL,남방,"59,900"
RM,F3,RMBLF38R96,레이어드 랩 블라우스,BL,남방,"59,900"
RM,F3,RMBLF38R97,브이넥 프릴 블라우스,BL,남방,"59,900"
RM,F3,RMBLF38R99,퍼프소매 셔링 블라우스,BL,남방,"59,900"
RM,F3,RMBLF38RT1,홀터 스트랩 블라우스,BL,남방,"59,900"
RM,F3,RMBLF38RT2,프릴 블라우스,BL,남방,"59,900"
RM,F3,RMBLF38RT3,타이 볼륨소매 블라우스,BL,남방,"59,900"
RM,F3,RMBLF38RT4,꼬임 블라우스,BL,남방,"59,900"
RM,F3,RMBLF38RT5,퍼프 소매 블라우스,BL,남방,"59,900"
RM,F3,RMBLF38RT6,볼륨 소매 레이스 자수 블라우스,BL,남방,"59,900"
RM,F3,RMBLF38RT7,프릴 랩 디테일 블라우스,BL,남방,"59,900"
RM,F3,RMBLF38RT8,시어서커 리본 블라우스,BL,남방,"59,900"
RM,F3,RMBLF38RT9,조직감 셔링 블라우스,BL,남방,"59,900"
RM,F3,RMBLF38S11,[RE] 자켓형 타이 블라우스 (RMBLF37S11),BL,남방,"59,900"
RM,F4,RMBLF49R01,베이직 라운드넥 블라우스,BL,남방,"49,900"
RM,F4,RMBLF49R02,베이직 셔츠형 블라우스,BL,남방,0
RM,F4,RMBLF49R03,베이직 고정타이 블라우스,BL,남방,0
RM,F4,RMBLF49R07,베이직 브이넥 블라우스,BL,남방,"49,900"
RM,F4,RMBLF49R08,베이직 고정타이 블라우스,BL,남방,"59,900"
RM,F4,RMBLF49R11,브이넥 타이 블라우스,BL,남방,"59,900"
RM,F4,RMBLF49R12,스모킹 블라우스,BL,남방,"59,900"
RM,F4,RMBLF49R14,시스루 뷔스티에 세트 블라우스,BL,남방,"69,900"
RM,F4,RMBLF49R15,[RE] 뷔스티에 매칭 블라우스(RMBLF38R11),BL,남방,"59,900"
RM,F4,RMBLF49RT1,[RE] 홀터 스트랩 블라우스(RMBLF38RT1),BL,남방,"59,900"
RM,F4,RMBLF49RT2,[RE] 카울넥 블라우스 (RMBLF37RT2),BL,남방,"59,900"
RM,F4,RMBLF49RT3,스트랩 디테일 롱 블라우스,BL,남방,"59,900"
RM,F4,RMBLF49RT4,랩 디테일 블라우스,BL,남방,"59,900"
RM,F4,RMBLF49RT5,[RE] 퍼프 소매 블라우스(RMBLF38RT5),BL,남방,"59,900"
RM,F4,RMBLF49S11,타이 블라우스,BL,남방,"59,900"
RM,F4,RMBLF4TR11,하이넥 핀턱 블라우스,BL,남방,"59,900"
RM,F4,RMBLF4TR12,카울 블라우스,BL,남방,"59,900"
RM,F4,RMBLF4TR12,카울 블라우스,BL,남방,0
RM,F4,RMBLF4TR13,하이넥 백리본 블라우스,BL,남방,"59,900"
RM,F4,RMBLF4TR14,슬림 롱 블라우스,BL,남방,"59,900"
RM,F4,RMBLF4TRT1,스모킹 블라우스,BL,남방,"59,900"
RM,F4,RMBLF4TRT3,체크 러플 블라우스,BL,남방,"59,900"
RM,F4,RMBLF4TS11,하이넥 블라우스,BL,남방,"59,900"
RM,F4,RMBLF4TS12,카라 프릴 블라우스,BL,남방,"59,900"
RM,F4,RMBLF4TST1,시스루 타이 블라우스,BL,남방,"69,900"
RM,F4,RMBLF4TST2,자켓형 타이 긴팔 블라우스,BL,남방,"59,900"
RM,F4,RMBLF4TST3,시스루 리본타이 긴팔블라우스,BL,남방,"59,900"
RM,F4,RMBLF4VRT1,코듀로이 핀턱 셔츠,BL,남방,"59,900"
RM,F4,RMBLF4VS11,타이 블라우스,BL,남방,"59,900"
RM,F4,RMBLF4VST1,[RE] 시스루 타이 블라우스 (RMBLF4TST1),BL,남방,"69,900"
RM,F4,RMBLF4VST2,레이스 카라 블라우스,BL,남방,"79,900"
RM,F4,RMBLF4VST3,하이넥 레이스 프릴 블라우스,BL,남방,"79,900"
RM,G1,RMBLG11S11,하이넥 블라우스,BL,남방,"59,900"
RM,G1,RMBLG12R02,베이직 셔츠형 블라우스,BL,남방,"49,900"
RM,G1,RMBLG12R03,베이직 고정타이 블라우스,BL,남방,"59,900"
RM,G1,RMBLG12R04,베이직 라운드넥 블라우스,BL,남방,"49,900"
RM,G1,RMBLG12R11,뷔스티에 매칭 블라우스,BL,남방,"59,900"
RM,G1,RMBLG12R12,라운드넥 타이 블라우스,BL,남방,"59,900"
RM,G1,RMBLG12S11,하이넥 타이 블라우스,BL,남방,"59,900"
RM,G1,RMBLG12ST1,하이넥 레이스 프릴 블라우스,BL,남방,"79,900"
RM,G2,RMBLG23R11,타이 블라우스,BL,남방,"59,900"
RM,G2,RMBLG23R12,코튼 프릴 블라우스,BL,남방,"59,900"
RM,G2,RMBLG23R13,카울넥 타이 블라우스,BL,남방,"59,900"
RM,G2,RMBLG23R14,러플 블라우스,BL,남방,"59,900"
RM,G2,RMBLG23ST1,타이 블라우스,BL,남방,"69,900"
RM,G2,RMBLG24NT1,브이넥 스트랩 블라우스,BL,남방,"59,900"
RM,G2,RMBLG24NT2,타이 블라우스,BL,남방,"69,900"
RM,G2,RMBLG24NT3,하이넥 리본 타이 블라우스,BL,남방,"69,900"
RM,G2,RMBLG24NT4,뷔스티에 매칭 블라우스,BL,남방,"69,900"
RM,G2,RMBLG24R03,베이직 라운드넥 반팔 블라우스,BL,남방,"49,900"
RM,G2,RMBLG24R04,베이직 반팔 고정타이 블라우스,BL,남방,"59,900"
RM,G2,RMBLG24R11,랩 타이 블라우스,BL,남방,"59,900"
RM,G2,RMBLG24R12,시스루 리본 타이 블라우스,BL,남방,"59,900"
RM,G2,RMBLG24R13,뷔스티에 레이어드 블라우스,BL,남방,"69,900"
RM,G2,RMBLG24R14,배색 뷔스티에 세트블라우스,BL,남방,"69,900"
RM,G2,RMBLG24R15,스퀘어넥 7부 소매 블라우스,BL,남방,"59,900"
RM,G2,RMBLG24R16,프릴넥 코튼 블라우스,BL,남방,"59,900"
RM,G2,RMBLG24RT1,나시 체크 뷔스띠에,BL,남방,"59,900"
RM,G2,RMBLG25NT1,[RE] 브이넥 스트랩 블라우스(RMBLF25R98),BL,남방,"59,900"
RM,G2,RMBLG25NT2,오픈카라 랩 블라우스,BL,남방,"69,900"
RM,G2,RMBLG25NT3,카울넥 블라우스,BL,남방,"59,900"
RM,G2,RMBLG25NT4,브이넥 타이 블라우스,BL,남방,"59,900"
RM,G2,RMBLG25NT5,[RE] 뷔스티에 매칭 블라우스(RMBLG24NT4),BL,남방,"69,900"
RM,G2,RMBLG25NT6,[RE] 하이넥 리본 타이 블라우스(RMBLG24NT3),BL,남방,"69,900"
RM,G2,RMBLG25R11,모크넥 블라우스,BL,남방,0
RM,G2,RMBLG25R12,캡소매 블라우스,BL,남방,"59,900"
RM,G2,RMBLG25R13,볼륨소매 블라우스,BL,남방,"59,900"
RM,G2,RMBLG25R14,반팔 코튼 블라우스,BL,남방,"59,900"
RM,G2,RMBLG25RT1,[RE] 타이블라우스 (RMBLG23R11),BL,남방,"59,900"
RM,G2,RMBLG25RT2,7부소매 러플 블라우스,BL,남방,"69,900"
RM,G2,RMBLG25RT3,7부 소매 코튼 프릴 블라우스,BL,남방,"59,900"
RM,G2,RMBLG25RT4,프릴 디테일 버튼 반팔 블라우스,BL,남방,"59,900"
RM,G2,RMBLG25RT5,카울넥 반팔 블라우스,BL,남방,"59,900"
RM,G2,RMBLG25RT6,라운드넥 벨티드 반팔 블라우스,BL,남방,"59,900"
RM,G2,RMBLG25RT7,코튼 프릴 반팔 블라우스,BL,남방,"59,900"
RM,G2,RMBLG25S11,자켓형 페플럼 블라우스,BL,남방,"59,900"
RM,G2,RMBLG25S12,백타이 반팔 블라우스,BL,남방,"59,900"
RM,G2,RMBLG25ST1,[RE] 타이 블라우스 (RMBLG23ST1),BL,남방,"69,900"
RM,G2,RMBLG26R11,반팔 뷔스티에 레이어드 블라우스,BL,남방,"69,900"
RM,G2,RMBLG26R12,캡소매 스모킹 블라우스,BL,남방,"69,900"
RM,G2,RMBLG26RT1,브이넥 타이 블라우스,BL,남방,"59,900"
RM,G2,RMBLG26RT2,스퀘어넥 프릴 블라우스,BL,남방,"59,900"
RM,G2,RMBLG26RT3,하이넥 캡소매 블라우스,BL,남방,"59,900"
RM,G2,RMBLG26RT4,[RE] 프릴넥 코튼 블라우스(RMBLG24R16),BL,남방,"59,900"
RM,G2,RMBLG26RT5,[RE] 시스루 리본 타이 블라우스(RMBLG24R12),BL,남방,"59,900"
RM,G2,RMBLG26RT6,리본 프릴 블라우스,BL,남방,"59,900"
RM,G2,RMBLG26RT7,리본넥 디테일 블라우스,BL,남방,"59,900"
RM,G2,RMBLG26RT8,[RE] 배색 뷔스티에 세트블라우스(RMBLG24R14),BL,남방,"69,900"
RM,G2,RMBLG26RT9,프릴넥 7부 블라우스,BL,남방,"59,900"
RM,G2,RMBLG26S11,드레이프 반팔 블라우스,BL,남방,0
RM,G2,RMBLG26ST1,스퀘어넥 리본 블라우스,BL,남방,"69,900"
RM,G2,RMBLG26ST2,꼬임 블라우스,BL,남방,"59,900"
RM,G2,RMBLG26ST3,[RE] 타이 블라우스(RMBLG23ST1 ),BL,남방,"69,900"
RM,G3,RMBLG37R11,린넨 반팔 블라우스,BL,남방,"59,900"
RM,G3,RMBLG37R12,7부 소매 브이넥 블라우스,BL,남방,"59,900"
RM,G3,RMBLG37R13,밑단 프릴 블라우스,BL,남방,"59,900"
RM,G3,RMBLG37R14,핀턱 레이스 나시 블라우스,BL,남방,"59,900"
RM,G3,RMBLG37R16,[RE] 반팔 뷔스티에 레이어드 블라우스(RMBLG26R11 ),BL,남방,"69,900"
RM,G3,RMBLG37R17,[RE] 캡소매 스모킹 블라우스(RMBLG26R12),BL,남방,"69,900"
RM,G3,RMBLG37R18,[RE] 프릴넥 코튼 블라우스(RMBLG24R16),BL,남방,"59,900"
RM,G3,RMBLG37R19,[RE] 프릴 디테일 버튼 반팔 블라우스 (RMBLG25RT4),BL,남방,0
RM,G3,RMBLG37R20,[RE] 프릴 디테일 버튼 반팔 블라우스 (RMBLG25RT4),BL,남방,"59,900"
RM,G3,RMBLG37R21,캡소매 셔링 블라우스,BL,남방,"59,900"
RM,G3,RMBLG37RT1,넥 셔링 반팔 블라우스,BL,남방,"59,900"
RM,G3,RMBLG37RT2,7부소매 크롭 블라우스,BL,남방,"59,900"
RM,G3,RMBLG37RT3,[RE] 플라워 프린팅 블라우스(RMBLG25R14),BL,남방,"69,900"
RM,G3,RMBLG37RT4,[RE] 브이넥 타이 블라우스(RMBLG26RT1),BL,남방,"59,900"
RM,G3,RMBLG37RT5,RE 카울넥 반팔 블라우스,BL,남방,"59,900"
RM,G3,RMBLG37RT6,RE 라운드넥 벨티드 반팔 블라우스,BL,남방,"59,900"
RM,G3,RMBLG37RT7,RE 코튼 프릴 반팔 블라우스,BL,남방,"59,900"
RM,G3,RMBLG37RT8,[RE] 스퀘어넥 프릴 블라우스(RMBLG26RT2),BL,남방,"59,900"
RM,G3,RMBLG37RT9,자수 레이스 블라우스,BL,남방,"59,900"
RM,G3,RMBLG38R11,스퀘어넥 반팔 블라우스,BL,남방,"59,900"
RM,G3,RMBLG38R12,플리츠 모크넥 블라우스 (세트),BL,남방,"59,900"
RM,G3,RMBLG38R13,뷔스티에 매칭 블라우스,BL,남방,"69,900"
RM,G3,RMBLG38RT1,홀터넥 레이어드 블라우스,BL,남방,"69,900"
RM,G3,RMBLG38RT2,[RE] 7부소매 러플 블라우스 (RMBLG25RT2),BL,남방,"69,900"
RM,G3,RMBLG38RT3,7부 루즈핏 블라우스,BL,남방,"59,900"
RM,G3,RMBLG38RT4,[RE] 브이넥 타이 블라우스 (RMBLG25NT4),BL,남방,"59,900"
RM,G3,RMBLG38RT5,[RE] 시스루 리본 타이 블라우스(RMBLG26RT5),BL,남방,"59,900"
RM,G3,RMBLG38RT6,[RE] 브이넥 타이 블라우스 (RMBLG26RT1),BL,남방,"59,900"
RM,G3,RMBLG38RT9,허리 스트랩 블라우스,BL,남방,"59,900"
RM,G3,RMBLG38S11,레이스 뷔스티에 블라우스,BL,남방,"69,900"
RM,G3,RMBLG38S12,타이 블라우스,BL,남방,"59,900"
RM,G3,RMBLG38S13,[RE] 자켓형 페플럼 블라우스 (RMBLG25S11),BL,남방,"59,900"
RM,G3,RMBLG38ST3,[RE] 꼬임 블라우스 (RMBLG26ST2),BL,남방,"59,900"
RM,G4,RMBLG49NT4,[RE] 뷔스티에 매칭 블라우스(RMBLG24NT4),BL,남방,0
RM,G4,RMBLG49NT5,[RE] 카울 블라우스(RMBLF4TR12),BL,남방,0
RM,G4,RMBLG49R03,[RE] 베이직 고정타이 블라우스 (RMBLG12R03),BL,남방,"59,900"
RM,G4,RMBLG49R04,[RE] 베이직 라운드넥 블라우스 (RMBLG12R04),BL,남방,"49,900"
RM,G4,RMBLG49R05,베이직 하이넥 타이 블라우스,BL,남방,"59,900"
RM,G4,RMBLG49R11,브이넥 타이 블라우스,BL,남방,"69,900"
RM,G4,RMBLG49R12,뷔스티에 세트 블라우스,BL,남방,"69,900"
RM,G4,RMBLG49RT1,넥 스트랩 블라우스,BL,남방,0
RM,G4,RMBLG49RT2,넥 스트랩 블라우스,BL,남방,0
RM,G4,RMBLG49RT3,하이넥 꼬임 블라우스,BL,남방,0
RM,G4,RMBLG49S11,하이넥 블라우스,BL,남방,"59,900"
RM,G4,RMBLG49S12,타이 블라우스,BL,남방,"59,900"
RM,G4,RMBLG49S13,우븐매칭 블라우스,BL,남방,"69,900"
RM,G4,RMBLG4TR11,브이넥 러플 블라우스,BL,남방,0
RM,G4,RMBLG4TR12,라운드넥 타이 블라우스,BL,남방,"59,900"
RM,G4,RMBLG4TR13,도비 코튼 프릴 블라우스,BL,남방,"69,900"
RM,G4,RMBLG4TS11,러플 넥 디테일 블라우스,BL,남방,0
RM,G4,RMBLG4TS12,리본 타이 블라우스,BL,남방,"59,900"
RM,E2,RMBNE24R01,베이직 나시 블라우스,BN,남방,"29,900"
RM,E2,RMBNE24R51,트위드 뷔스티에(세트),BN,남방,"49,900"
RM,E2,RMBNE24RT1,뷔스티에(세트),BN,남방,"49,900"
RM,E2,RMBNE24RT2,스퀘어넥 나시 블라우스,BN,남방,"29,900"
RM,E2,RMBNE25RT2,핀턱 뷔스티에,BN,남방,"49,900"
RM,E3,RMBNE37RT1,핀턱 프릴 나시 블라우스,BN,남방,"49,900"
RM,E3,RMBNE37RT2,레이스 뷔스티에,BN,남방,"49,900"
RM,E4,RMBNE49R11,나시 뷔스티에,BN,남방,"49,900"
RM,E4,RMBNE49S72,[시그니처] 레이스 탑 블라우스,BN,남방,"79,900"
RM,E4,RMBNE4VR14,[RE]울 나시 뷔스티에(RMBNE49R11),BN,남방,"59,900"
RM,F1,RMBNF12R16,자카드 나시 뷔스티에,BN,남방,"59,900"
RM,F2,RMBNF24R01,베이직 나시 블라우스,BN,남방,"29,900"
RM,F2,RMBNF24R02,베이직 스퀘어넥 나시 블라우스,BN,남방,"29,900"
RM,F2,RMBNF25RT1,어깨 프릴 나시 블라우스,BN,남방,0
RM,F2,RMBNF25RT2,리본 뷔스티에,BN,남방,"49,900"
RM,F2,RMBNF26RT1,타이 나시 블라우스,BN,남방,"59,900"
RM,F3,RMBNF37R12,해지데님 나시 블라우스(세트),BN,남방,"59,900"
RM,F3,RMBNF37RT1,린넨 나시 블라우스,BN,남방,"49,900"
RM,F3,RMBNF37RT4,프릴 나시 블라우스,BN,남방,"59,900"
RM,F3,RMBNF37RT5,셔링 뷔스띠에,BN,남방,"49,900"
RM,F3,RMBNF38RT4,[RE] 프릴 나시 블라우스(RMBNF37RT4),BN,남방,"59,900"
RM,F4,RMBNF49R15,꼬임 끈나시 뷔스티에,BN,남방,"49,900"
RM,F4,RMBNF49RT6,도트 뷔스티에,BN,남방,0
RM,F4,RMBNF4VR23,울 뷔스티에,BN,남방,"59,900"
RM,G2,RMBNG23R11,리본 뷔스티에,BN,남방,"49,900"
RM,G2,RMBNG23R12,프릴 나시 뷔스티에,BN,남방,"49,900"
RM,G2,RMBNG23R13,나시 뷔스티에 (세트),BN,남방,"49,900"
RM,G2,RMBNG24R01,베이직 나시 블라우스,BN,남방,"29,900"
RM,G2,RMBNG24R02,베이직 2WAY 나시 블라우스,BN,남방,"29,900"
RM,G2,RMBNG24R11,코튼 뷔스티에,BN,남방,"49,900"
RM,G2,RMBNG24RT1,하이넥 블라우스,BN,남방,0
RM,G2,RMBNG25R11,코튼 뷔스티에,BN,남방,0
RM,G2,RMBNG25R12,잔꽃 패턴 뷔스티에,BN,남방,"49,900"
RM,F2,RMHWF24R15,크롭 레터 티셔츠,HW,니트,"29,900"
RM,F2,RMHWF24R16,레귤러핏 레터 티셔츠,HW,니트,"29,900"
RM,F3,RMHWF38R12,스트라이프 티셔츠,HW,니트,"39,900"
RM,E1,RMJDE11R99,배색 카라 숏다운,JD,점퍼,"159,000"
RM,E4,RMJDE4TR01,하이넥 숏다운,JD,점퍼,"129,000"
RM,E4,RMJDE4TR11,니트후드 라이트 다운,JD,점퍼,"179,000"
RM,E4,RMJDE4TR12,벨티드 라이트 다운(세트),JD,점퍼,"159,000"
RM,E4,RMJDE4TR13,롱 라이트 다운,JD,점퍼,"199,000"
RM,E4,RMJDE4TR14,라운드 블루종 라이트다운,JD,점퍼,"159,000"
RM,E4,RMJDE4VR01,벨티드 숏 다운,JD,점퍼,"199,000"
RM,E4,RMJDE4VR02,벨티드 롱 다운,JD,점퍼,"299,000"
RM,E4,RMJDE4VR11,니트카라 숏다운,JD,점퍼,"159,000"
RM,E4,RMJDE4VR12,글로시 후드 숏다운,JD,점퍼,"159,000"
RM,E4,RMJDE4VR71,구스 숏 다운,JD,점퍼,"299,000"
RM,E4,RMJDE4VR72,구스 롱 다운,JD,점퍼,"399,000"
RM,E4,RMJDE4VR73,구스 미디 다운,JD,점퍼,"259,000"
RM,E4,RMJDE4VR74,퍼카라 구스 롱 다운,JD,점퍼,"399,000"
RM,F1,RMJDF11R11,배색카라 라이트 다운,JD,점퍼,"159,000"
RM,F4,RMJDF4CR01,벨티드 숏 다운,JD,점퍼,"259,000"
RM,F4,RMJDF4CR02,벨티드 롱다운,JD,점퍼,"359,000"
RM,F4,RMJDF4CR11,니트 후드 숏다운,JD,점퍼,"179,000"
RM,F4,RMJDF4CR12,하이넥 덤블카라 숏다운,JD,점퍼,"179,000"
RM,F4,RMJDF4CR13,벨벳 숏다운,JD,점퍼,"199,000"
RM,F4,RMJDF4CR14,니트카라 트렌치 롱다운,JD,점퍼,"259,000"
RM,F4,RMJDF4CR71,구스 숏 다운,JD,점퍼,"359,000"
RM,F4,RMJDF4CR72,구스 롱 다운,JD,점퍼,"459,000"
RM,F4,RMJDF4CR99,벨티드 숏 다운,JD,점퍼,"259,000"
RM,F4,RMJDF4TR11,경량 다운 베스트,JD,점퍼,0
RM,F4,RMJDF4TR12,니트카라 라이트다운,JD,점퍼,"159,000"
RM,F4,RMJDF4TR13,칼라리스 라이트다운,JD,점퍼,"159,000"
RM,F4,RMJDF4VR01,벨티드 숏 다운,JD,점퍼,0
RM,F4,RMJDF4VR02,벨티드 롱다운,JD,점퍼,0
RM,F4,RMJDF4VR11,니트카라 숏다운,JD,점퍼,0
RM,F4,RMJDF4VR12,더플 숏 다운,JD,점퍼,0
RM,F4,RMJDF4VR14,하이넥 덤블카라 숏다운,JD,점퍼,0
RM,F4,RMJDF4VR15,니트카라 트렌치 롱다운,JD,점퍼,0
RM,F4,RMJDF4VR16,벨벳 숏다운,JD,점퍼,0
RM,F4,RMJDF4VR17,스트링 숏다운,JD,점퍼,0
RM,F4,RMJDF4VR71,구스 숏 다운,JD,점퍼,0
RM,F4,RMJDF4VR72,구스 롱 다운,JD,점퍼,0
RM,F4,RMJDF4VR99,벨티드 숏 다운,JD,점퍼,0
RM,G1,RMJDG11R11,더플 숏 다운,JD,점퍼,"179,000"
RM,G1,RMJDG11R12,스트링 숏다운,JD,점퍼,"199,000"
RM,G1,RMJDG11RT1,경량 후드 다운,JD,점퍼,"159,000"
RM,G4,RMJDG4CR01,벨티드 숏 다운,JD,점퍼,0
RM,G4,RMJDG4CR11,니트 후드 숏다운,JD,점퍼,0
RM,G4,RMJDG4CR12,하이넥 숏다운,JD,점퍼,0
RM,G4,RMJDG4CR13,하이넥 후드 숏다운,JD,점퍼,0
RM,G4,RMJDG4CR14,하이넥 후드 미디ㄷㅇ,JD,점퍼,0
RM,G4,RMJDG4CR15,더플 미디 다운,JD,점퍼,0
RM,G4,RMJDG4CR16,트렌치 롱다운,JD,점퍼,0
RM,G4,RMJDG4CR71,ㄱㅅ 숏 다운,JD,점퍼,0
RM,G4,RMJDG4CR72,ㄱㅅ 롱 다운,JD,점퍼,0
RM,E1,RMJHE11R98,셔츠형 숏코트,JH,점퍼,"159,000"
RM,E1,RMJHE11R99,빅카라 하프코트,JH,점퍼,"179,000"
RM,E1,RMJHE11RT1,숏 싱글 코트,JH,점퍼,"159,000"
RM,E1,RMJHE11RT2,니트카라 하프코트,JH,점퍼,"229,000"
RM,E4,RMJHE4TR11,빅카라 숏 코트,JH,점퍼,"159,000"
RM,E4,RMJHE4TR12,니트카라 집업 숏코트,JH,점퍼,"179,000"
RM,E4,RMJHE4TR13,더플 숏 코트,JH,점퍼,"159,000"
RM,E4,RMJHE4TR14,덤블카라 더블 숏코트,JH,점퍼,"179,000"
RM,E4,RMJHE4TR15,피코트,JH,점퍼,"159,000"
RM,E4,RMJHE4TR16,라운드 숏 코트,JH,점퍼,"159,000"
RM,E4,RMJHE4TR17,자켓형 미디 코트,JH,점퍼,"179,000"
RM,E4,RMJHE4TR99,니트카라 숏코트,JH,점퍼,"179,000"
RM,E4,RMJHE4VR01,맥코트,JH,점퍼,"199,000"
RM,E4,RMJHE4VR02,벨티드 롱 코트,JH,점퍼,"299,000"
RM,E4,RMJHE4VR11,니트카라 롱코트,JH,점퍼,"259,000"
RM,E4,RMJHE4VR12,니트 레이어드 롱 코트,JH,점퍼,"259,000"
RM,E4,RMJHE4VR13,슬림 싱글 코트,JH,점퍼,"299,000"
RM,E4,RMJHE4VR14,앙고라 블렌드 A라인 코트,JH,점퍼,"299,000"
RM,E4,RMJHE4VR15,싱글 롱 코트,JH,점퍼,"299,000"
RM,E4,RMJHE4VR16,후드 롱 코트,JH,점퍼,"299,000"
RM,E4,RMJHE4VR99,맥코트,JH,점퍼,"199,000"
RM,F1,RMJHF11R12,부클 숏 코트,JH,점퍼,0
RM,F1,RMJHF11R13,금속장식 미디 코트,JH,점퍼,"159,000"
RM,F1,RMJHF11R99,[RE] 맥코트 (RMJHE4VR99),JH,점퍼,"199,000"
RM,F1,RMJHF11R99,[RE] 맥코트 (RMJHE4VR99),JH,점퍼,0
RM,F1,RMJHF11RT1,핸드메이드 테일러드 코트,JH,점퍼,"179,000"
RM,F1,RMJHF11RT2,테일러드 코트,JH,점퍼,0
RM,F4,RMJHF4TR11,카라 숏 코트,JH,점퍼,0
RM,F4,RMJHF4TR12,니트 카라 숏코트,JH,점퍼,0
RM,F4,RMJHF4TR13,더블 A라인 미디코트,JH,점퍼,0
RM,F4,RMJHF4TR14,카라 벨티드 미디코트,JH,점퍼,0
RM,F4,RMJHF4TR15,토글 미디 코트,JH,점퍼,0
RM,F4,RMJHF4VR01,[올데이코트] 벨티드 맥코트,JH,점퍼,"199,000"
RM,F4,RMJHF4VR02,벨티드 롱코트,JH,점퍼,"299,000"
RM,F4,RMJHF4VR03,싱글 롱코트,JH,점퍼,"199,000"
RM,F4,RMJHF4VR11,싱글 숄 코트,JH,점퍼,0
RM,F4,RMJHF4VR12,머플러 세트 롱 코트,JH,점퍼,"299,000"
RM,F4,RMJHF4VR13,테일러드 더블 롱코트,JH,점퍼,0
RM,F4,RMJHF4VR14,니트카라 롱코트,JH,점퍼,"259,000"
RM,F4,RMJHF4VR15,더블 자켓형 롱코트,JH,점퍼,0
RM,F4,RMJHF4VR16,카라 숏 코트,JH,점퍼,"159,000"
RM,F4,RMJHF4VR17,니트 카라 숏코트,JH,점퍼,"159,000"
RM,F4,RMJHF4VR18,더블 A라인 미디코트,JH,점퍼,"179,000"
RM,F4,RMJHF4VR19,[올데이코트] 카라 미디코트,JH,점퍼,"179,000"
RM,F4,RMJHF4VR20,토글 미디 코트,JH,점퍼,"199,000"
RM,F4,RMJHF4VR22,[올데이코트] 카라 벨티드 미디코트,JH,점퍼,"179,000"
RM,F4,RMJHF4VR99,[올데이코트] 벨티드 맥코트,JH,점퍼,"199,000"
RM,G1,RMJHG11R01,[올데이코트] 벨티드 맥코트,JH,점퍼,"199,000"
RM,G1,RMJHG11R11,미디 맥코트,JH,점퍼,"179,000"
RM,G1,RMJHG11R12,테일러드 더블 롱코트,JH,점퍼,"259,000"
RM,G1,RMJHG11R13,싱글 케이프 코트,JH,점퍼,"259,000"
RM,G1,RMJHG11R14,더블 자켓형 롱코트,JH,점퍼,"259,000"
RM,G1,RMJHG11R15,싱글 롱코트,JH,점퍼,0
RM,G1,RMJHG11R19,[올데이코트] 카라 미디코트,JH,점퍼,"179,000"
RM,G1,RMJHG11R89,금속장식 미디 코트,JH,점퍼,"199,000"
RM,G1,RMJHG11R99,[RE] 올데이코트] 벨티드 맥코트 (RMJHF4VR99),JH,점퍼,"199,000"
RM,G1,RMJHG12RT1,하이넥 부클 미디 코트,JH,점퍼,"259,000"
RM,G4,RMJHG49R91,카라 숏 코트,JH,점퍼,"159,000"
RM,G4,RMJHG49R92,벨티드 맥코트,JH,점퍼,"259,000"
RM,G4,RMJHG4VA01,[올데이코트] 벨티드 맥코트,JH,점퍼,0
RM,G4,RMJHG4VA11,[올데이코트] 카라 미디코트,JH,점퍼,0
RM,G4,RMJHG4VN11,테일러드 카라 더블 롱 코트,JH,점퍼,0
RM,G4,RMJHG4VN12,부클 하프 코트,JH,점퍼,0
RM,G4,RMJHG4VR02,벨티드 롱코트,JH,점퍼,0
RM,G4,RMJHG4VR12,스탠카라 미디코트,JH,점퍼,0
RM,G4,RMJHG4VR13,금속장식 미디코트,JH,점퍼,0
RM,G4,RMJHG4VR14,숄카라 미디코트,JH,점퍼,0
RM,G4,RMJHG4VR15,부클 더플 미디코트,JH,점퍼,0
RM,G4,RMJHG4VR16,부클 하이넥 미디코트,JH,점퍼,0
RM,G4,RMJHG4VR17,테일러드 벨티드 롱코트,JH,점퍼,0
RM,G4,RMJHG4VR18,숄 세트 롱코트,JH,점퍼,0
RM,G4,RMJHG4VR21,하이넥 카라 숏코트,JH,점퍼,0
RM,G4,RMJHG4VR22,부클 더플 숏코트,JH,점퍼,0
RM,E1,RMJKE11R01,베이직 셋업 자켓(스커트),JK,점퍼,"99,900"
RM,E1,RMJKE11R02,베이직 셋업 자켓(슬랙스),JK,점퍼,"99,900"
RM,E1,RMJKE11R11,칼라리스 울자켓,JK,점퍼,"129,000"
RM,E1,RMJKE11R12,미디 트위드자켓,JK,점퍼,0
RM,E1,RMJKE11R51,칼라리스 트위드자켓(세트),JK,점퍼,"129,000"
RM,E1,RMJKE11R52,배색 트위드자켓(세트),JK,점퍼,"159,000"
RM,E1,RMJKE11R53,칼라리스 포켓 울터치자켓(세트),JK,점퍼,"129,000"
RM,E1,RMJKE11RT1,더블버튼 울자켓,JK,점퍼,"129,000"
RM,E1,RMJKE11RT2,컬러믹스 가디건형 자켓(세트),JK,점퍼,"129,000"
RM,E1,RMJKE12R13,테일러드 자켓(세트),JK,점퍼,"109,000"
RM,E1,RMJKE12R14,크롭 자켓(세트),JK,점퍼,"99,900"
RM,E1,RMJKE12R15,카라 슬림핏 자켓,JK,점퍼,"109,000"
RM,E1,RMJKE12R15,카라 슬림핏 자켓,JK,점퍼,0
RM,E1,RMJKE12R54,V넥 트위드자켓(세트),JK,점퍼,"129,000"
RM,E1,RMJKE12R55,칼라리스 트위드자켓(세트),JK,점퍼,"159,000"
RM,E1,RMJKE12R56,카라 트위드자켓(세트),JK,점퍼,"129,000"
RM,E1,RMJKE12RT1,싱글 카라 자켓(세트),JK,점퍼,"129,000"
RM,E1,RMJKE12RT2,칼라리스 크롭 자켓(세트),JK,점퍼,"129,000"
RM,E1,RMJKE12S71,[시그니처] 트위드 자켓,JK,점퍼,"259,000"
RM,E2,RMJKE23R11,싱글 트위드 자켓,JK,점퍼,"129,000"
RM,E2,RMJKE23R13,하트넥 트위드자켓,JK,점퍼,"129,000"
RM,E2,RMJKE23R51,미디 트위드자켓(세트),JK,점퍼,"159,000"
RM,E2,RMJKE23R52,집업 자켓(세트),JK,점퍼,"129,000"
RM,E2,RMJKE23R53,칼라리스 트위드자켓(세트),JK,점퍼,"129,000"
RM,E2,RMJKE23R99,라운드 트위드 자켓(세트),JK,점퍼,"129,000"
RM,E2,RMJKE23RT1,블루종 집업 자켓(세트),JK,점퍼,"129,000"
RM,E2,RMJKE23RT2,카라 크롭 자켓(세트),JK,점퍼,"129,000"
RM,E2,RMJKE24R01,베이직 셋업 자켓(스커트),JK,점퍼,"99,900"
RM,E2,RMJKE24R02,베이직 셋업 자켓(슬랙스),JK,점퍼,"99,900"
RM,E2,RMJKE24R11,칼라리스 조직감 자켓,JK,점퍼,"129,000"
RM,E2,RMJKE24R12,린넨라이크 자켓,JK,점퍼,"109,000"
RM,E2,RMJKE24R13,린넨라이크 크롭 자켓,JK,점퍼,"99,900"
RM,E2,RMJKE24R51,칼라리스 트위드 자켓(세트),JK,점퍼,"129,000"
RM,E2,RMJKE24RT1,세미오버핏 테일러드 자켓,JK,점퍼,"109,000"
RM,E2,RMJKE25R14,린넨라이크 반팔자켓(세트),JK,점퍼,"99,900"
RM,E2,RMJKE25R15,린넨라이크 반팔 크롭자켓(세트),JK,점퍼,"99,900"
RM,E2,RMJKE25R16,린넨라이크 셔츠형 반팔자켓,JK,점퍼,"99,900"
RM,E2,RMJKE25R53,칼라리스 트위드 반팔자켓 (세트),JK,점퍼,"99,900"
RM,E2,RMJKE25R54,조직감 트위드 반팔자켓 (세트),JK,점퍼,"129,000"
RM,E2,RMJKE25R99,라운드 트위드 반팔 자켓(세트),JK,점퍼,"99,900"
RM,E2,RMJKE25RT1,[RE] 세미오버핏 테일러드 자켓(RMJKE24RT1),JK,점퍼,"109,000"
RM,E2,RMJKE25RT2,리본 조직감 반팔 자켓,JK,점퍼,"99,900"
RM,E2,RMJKE25RT3,하트넥 트위드 반팔 자켓(세트),JK,점퍼,"99,900"
RM,E2,RMJKE25S72,[시그니처] 트위드 자켓,JK,점퍼,"259,000"
RM,E2,RMJKE26R17,린넨라이크 V넥 반팔자켓,JK,점퍼,"99,900"
RM,E2,RMJKE26R56,[RE] 칼라리스 트위드 반팔자켓(RMJKE25R53),JK,점퍼,"99,900"
RM,E2,RMJKE26R99,칼라리스 조직감 반팔자켓,JK,점퍼,"99,900"
RM,E2,RMJKE26RT1,스트라이프 트위드 반팔 자켓,JK,점퍼,"99,900"
RM,E3,RMJKE37R51,[RE] 린넨라이크 반팔 크롭자켓 (RMJKE25R15),JK,점퍼,"99,900"
RM,E3,RMJKE37R52,[RE] 린넨라이크 반팔자켓(RMJKE25R14),JK,점퍼,"99,900"
RM,E3,RMJKE37RT1,브이넥 트위드 반팔 자켓,JK,점퍼,"99,900"
RM,E3,RMJKE37S11,프릴 반팔 트위드 자켓,JK,점퍼,0
RM,E3,RMJKE37S51,프릴 반팔 트위드 자켓,JK,점퍼,"99,900"
RM,E3,RMJKE37S52,레이스 크롭 반팔 자켓(세트),JK,점퍼,"99,900"
RM,E3,RMJKE37S99,스퀘어넥 반팔 트위드 자켓(세트),JK,점퍼,"99,900"
RM,E3,RMJKE38R52,칼라리스 반팔 자켓(세트),JK,점퍼,"99,900"
RM,E3,RMJKE38RT1,라운드 트위드 반팔 자켓,JK,점퍼,0
RM,E3,RMJKE38S51,트위드 반팔 자켓(세트),JK,점퍼,"99,900"
RM,E4,RMJKE49R01,베이직 셋업 자켓(스커트),JK,점퍼,"99,900"
RM,E4,RMJKE49R02,베이직 셋업 자켓(슬랙스),JK,점퍼,"99,900"
RM,E4,RMJKE49R11,테일러드 자켓,JK,점퍼,"129,000"
RM,E4,RMJKE49R13,칼라리스 자켓,JK,점퍼,"129,000"
RM,E4,RMJKE49R14,집업 자켓,JK,점퍼,"129,000"
RM,E4,RMJKE49R15,테일러드 숏자켓,JK,점퍼,"129,000"
RM,E4,RMJKE49S11,칼라리스 트위드 자켓,JK,점퍼,"129,000"
RM,E4,RMJKE49S51,바인딩 트위드 자켓(세트),JK,점퍼,"129,000"
RM,E4,RMJKE49S52,카라 트위드 자켓(세트),JK,점퍼,"129,000"
RM,E4,RMJKE49S53,칼라리스 트위드 자켓(세트),JK,점퍼,"129,000"
RM,E4,RMJKE49S71,[시그니처] 체크 트위드 자켓,JK,점퍼,"259,000"
RM,E4,RMJKE49S72,[시그니처] 트리밍 자켓,JK,점퍼,"259,000"
RM,E4,RMJKE49S97,멀티 트위드 자켓,JK,점퍼,"129,000"
RM,E4,RMJKE49S99,트위드 자켓(세트),JK,점퍼,"129,000"
RM,E4,RMJKE4CR51,칼라리스 울자켓(세트),JK,점퍼,"129,000"
RM,E4,RMJKE4CS51,트위드 크롭 자켓(세트),JK,점퍼,"129,000"
RM,E4,RMJKE4TR11,부클 울자켓,JK,점퍼,"159,000"
RM,E4,RMJKE4TR12,테일러드 세미오버핏 자켓,JK,점퍼,"129,000"
RM,E4,RMJKE4TR51,테일러드 울자켓(세트),JK,점퍼,"159,000"
RM,E4,RMJKE4TR52,크롭 울자켓(세트),JK,점퍼,"129,000"
RM,E4,RMJKE4TR53,점퍼형 울자켓(세트),JK,점퍼,"129,000"
RM,E4,RMJKE4TR54,칼라리스 더블 울자켓(세트),JK,점퍼,"129,000"
RM,E4,RMJKE4TR55,배색카라 울자켓(세트),JK,점퍼,"159,000"
RM,E4,RMJKE4TS11,칼라리스 트위드 자켓,JK,점퍼,"129,000"
RM,E4,RMJKE4TS51,브이넥 트위드 자켓(세트),JK,점퍼,"129,000"
RM,E4,RMJKE4VR11,브이넥 자켓,JK,점퍼,"129,000"
RM,E4,RMJKE4VRT1,칼라리스 울자켓,JK,점퍼,"129,000"
RM,E4,RMJKE4VS11,헤어리 조직감 자켓,JK,점퍼,"129,000"
RM,E4,RMJKE4VS51,칼라리스 트위드 자켓(세트),JK,점퍼,"129,000"
RM,E4,RMJKE4VS53,[RE] 변형 트위드 자켓(세트)(RMJKE49S53),JK,점퍼,"129,000"
RM,E4,RMJKE4VS71,[시그니처] 미디 트위드 자켓,JK,점퍼,"259,000"
RM,F1,RMJKF11R01,베이직 셋업 자켓(스커트),JK,점퍼,"99,900"
RM,F1,RMJKF11R02,베이직 셋업 자켓(슬랙스),JK,점퍼,"99,900"
RM,F1,RMJKF11R11,칼라리스 울 자켓,JK,점퍼,"129,000"
RM,F1,RMJKF11R54,[RE] 칼라리스 더블 울자켓(세트)(RMJKE4TR54),JK,점퍼,"129,000"
RM,F1,RMJKF11RT1,[RE] 칼라리스 울자켓(RMJKE4VRT1),JK,점퍼,"129,000"
RM,F1,RMJKF11S13,칼라리스 트위드 자켓,JK,점퍼,"159,000"
RM,F1,RMJKF11S51,칼라리스 트위드 자켓(세트),JK,점퍼,"129,000"
RM,F1,RMJKF11S52,배색 칼라리스 트위드 자켓(세트),JK,점퍼,"129,000"
RM,F1,RMJKF12R11,세미오버핏 자켓,JK,점퍼,"129,000"
RM,F1,RMJKF12R12,브이넥 부클 자켓,JK,점퍼,"129,000"
RM,F1,RMJKF12R13,조직감 카라 숏 자켓,JK,점퍼,"129,000"
RM,F1,RMJKF12R51,라운드넥 울라이크 자켓(세트),JK,점퍼,"129,000"
RM,F1,RMJKF12S54,트위드 자켓 (세트),JK,점퍼,"129,000"
RM,F1,RMJKF12S55,트위드 크롭 자켓 (세트),JK,점퍼,"129,000"
RM,F1,RMJKF12S56,자카드 자켓 (세트),JK,점퍼,"129,000"
RM,F2,RMJKF23R11,테일러드 자켓(세트),JK,점퍼,"129,000"
RM,F2,RMJKF23R12,테일러드 숏자켓(세트),JK,점퍼,"129,000"
RM,F2,RMJKF23R13,조직감 자켓,JK,점퍼,"129,000"
RM,F2,RMJKF23R14,세미오버핏 자켓,JK,점퍼,"129,000"
RM,F2,RMJKF23S13,브이넥 트위드 자켓,JK,점퍼,"159,000"
RM,F2,RMJKF23S51,카라 트위드 자켓(세트),JK,점퍼,"129,000"
RM,F2,RMJKF23S52,체크 트위드 자켓(세트),JK,점퍼,"129,000"
RM,F2,RMJKF23S71,[시그니처] 리본포인트 크롭자켓,JK,점퍼,"199,000"
RM,F2,RMJKF23S99,[올데이 자켓] 칼라리스 트위드 자켓,JK,점퍼,"129,000"
RM,F2,RMJKF24R01,베이직 셋업 자켓(스커트),JK,점퍼,"99,900"
RM,F2,RMJKF24R02,베이직 셋업 자켓(슬랙스),JK,점퍼,"99,900"
RM,F2,RMJKF24R11,칼라리스 조직감 자켓,JK,점퍼,"129,000"
RM,F2,RMJKF24R12,린넨라이크 긴팔 자켓 (세트),JK,점퍼,"129,000"
RM,F2,RMJKF24R13,린넨라이크 크롭 자켓 (세트),JK,점퍼,"99,900"
RM,F2,RMJKF24R14,조직감 셔츠형 자켓,JK,점퍼,"99,900"
RM,F2,RMJKF24S51,칼라리스 트위드 자켓 (세트),JK,점퍼,"129,000"
RM,F2,RMJKF24S52,배색 트위드 자켓 (세트),JK,점퍼,"129,000"
RM,F2,RMJKF25R11,린넨라이크 반팔자켓 (세트),JK,점퍼,"99,900"
RM,F2,RMJKF25R12,린넨라이크 반팔 크롭자켓 (세트),JK,점퍼,"99,900"
RM,F2,RMJKF25R13,셔츠형 반팔자켓,JK,점퍼,"99,900"
RM,F2,RMJKF25R14,세미오버핏 테일러드 자켓,JK,점퍼,"99,900"
RM,F2,RMJKF25R16,화섬 반팔자켓 (세트),JK,점퍼,"99,900"
RM,F2,RMJKF25S11,멀티 트위드 반팔 자켓,JK,점퍼,"99,900"
RM,F2,RMJKF25S51,체크 트위드 반팔 자켓 (세트),JK,점퍼,"99,900"
RM,F2,RMJKF25S52,조직감 페플럼 자켓 (세트),JK,점퍼,"129,000"
RM,F2,RMJKF25S99,[올데이자켓] 칼라리스 트위드 반팔자켓,JK,점퍼,"99,900"
RM,F2,RMJKF26R11,칼라리스 조직감 반팔자켓,JK,점퍼,"99,900"
RM,F2,RMJKF26R12,[RE] 린넨라이크 반팔자켓 (RMJKF24R12),JK,점퍼,"99,900"
RM,F2,RMJKF26RT1,R넥 반팔 자켓,JK,점퍼,"99,900"
RM,F2,RMJKF26S51,트위드 하트넥 반팔 자켓 (세트),JK,점퍼,0
RM,F3,RMJKF37R14,[RE] 세미오버핏 테일러드 자켓 (RMJKF25R14),JK,점퍼,"99,900"
RM,F3,RMJKF37R15,[RE] 조직감 셔츠형 자켓 (RMJKF24R14),JK,점퍼,0
RM,F3,RMJKF37RT1,린넨 반팔 자켓,JK,점퍼,"99,900"
RM,F3,RMJKF37S51,배색카라 트위드 자켓(세트),JK,점퍼,"99,900"
RM,F3,RMJKF37S99,[RE] 칼라리스 트위드 반팔자켓 (RMJKF25S99),JK,점퍼,"99,900"
RM,F3,RMJKF38R11,린넨라이크 7부 자켓,JK,점퍼,"99,900"
RM,F3,RMJKF38S99,[올데이자켓] 타이 칼라리스 트위드 반팔자켓,JK,점퍼,"99,900"
RM,F4,RMJKF49R02,베이직 셋업 자켓(슬랙스),JK,점퍼,"99,900"
RM,F4,RMJKF49R16,루즈핏 더블 긴팔자켓,JK,점퍼,"129,000"
RM,F4,RMJKF49RT2,칼라리스 자켓,JK,점퍼,"129,000"
RM,F4,RMJKF49RT3,뒷트임 오버핏 테일러드 자켓 (세트),JK,점퍼,"129,000"
RM,F4,RMJKF49S51,칼라리스 트위드 자켓(세트),JK,점퍼,"129,000"
RM,F4,RMJKF49ST1,[올데이자켓] 타이 칼라리스 트위드 반팔자켓,JK,점퍼,"99,900"
RM,F4,RMJKF4CS11,배색 리본 트위드자켓,JK,점퍼,"129,000"
RM,F4,RMJKF4TR11,테일러드 자켓,JK,점퍼,0
RM,F4,RMJKF4TR12,테일러드 숏 자켓,JK,점퍼,0
RM,F4,RMJKF4TR13,(유럽수입원단) 헤링본 테일러드자켓,JK,점퍼,"199,000"
RM,F4,RMJKF4TR15,테일러드 자켓,JK,점퍼,"129,000"
RM,F4,RMJKF4TR16,테일러드 숏 자켓,JK,점퍼,"129,000"
RM,F4,RMJKF4TR51,칼라리스 울 자켓(세트),JK,점퍼,0
RM,F4,RMJKF4TR52,칼라리스 배색 자켓 (세트),JK,점퍼,"129,000"
RM,F4,RMJKF4TR53,크롭 울자켓(세트),JK,점퍼,0
RM,F4,RMJKF4TR54,라운드 미디 울자켓,JK,점퍼,0
RM,F4,RMJKF4TS51,미디 트위드 자켓,JK,점퍼,"159,000"
RM,F4,RMJKF4TS52,트위드 자켓 (세트),JK,점퍼,"129,000"
RM,F4,RMJKF4TS99,[올데이자켓] 칼라리스 트위드 자켓,JK,점퍼,"129,000"
RM,F4,RMJKF4TST2,둥근카라 페플럼 자켓 (세트),JK,점퍼,"129,000"
RM,F4,RMJKF4VR11,(유럽수입원단) 테일러드 울헤어리자켓,JK,점퍼,"199,000"
RM,F4,RMJKF4VR12,(유럽수입원단)칼라리스 울헤어리자켓,JK,점퍼,"199,000"
RM,F4,RMJKF4VR13,부클 자켓,JK,점퍼,"159,000"
RM,F4,RMJKF4VR51,[올데이자켓] 칼라리스 울 자켓(세트),JK,점퍼,"129,000"
RM,F4,RMJKF4VR52,테일러드 울 자켓,JK,점퍼,"159,000"
RM,F4,RMJKF4VR53,크롭 울자켓(세트),JK,점퍼,"129,000"
RM,F4,RMJKF4VR54,라운드 미디 울자켓,JK,점퍼,"129,000"
RM,F4,RMJKF4VS11,헤어리 트위드 자켓,JK,점퍼,"129,000"
RM,F4,RMJKF4VS51,트위드 자켓 (세트),JK,점퍼,"129,000"
RM,G1,RMJKG11R01,베이직 셋업 자켓(스커트),JK,점퍼,"99,900"
RM,G1,RMJKG11R02,베이직 셋업 자켓(슬랙스),JK,점퍼,"99,900"
RM,G1,RMJKG11R11,테일러드 울 자켓,JK,점퍼,"179,000"
RM,G1,RMJKG11R12,칼라리스 부클자켓,JK,점퍼,"129,000"
RM,G1,RMJKG11R13,바인딩 부클자켓,JK,점퍼,"159,000"
RM,G1,RMJKG11R51,[RE] [올데이자켓] 칼라리스 울 자켓 (RMJKF4VR51),JK,점퍼,"129,000"
RM,G1,RMJKG11R99,테일러드 울 자켓,JK,점퍼,"159,000"
RM,G1,RMJKG11S51,타이 트위드 자켓 (세트),JK,점퍼,"129,000"
RM,G1,RMJKG12S11,미디 트위드 자켓,JK,점퍼,"159,000"
RM,G1,RMJKG12S51,카라 트위드자켓 (셋업),JK,점퍼,"129,000"
RM,G1,RMJKG12ST1,칼라리스 트위드자켓,JK,점퍼,"129,000"
RM,G2,RMJKG23R11,테일러드 자켓 (셋업),JK,점퍼,"129,000"
RM,G2,RMJKG23R12,테일러드 숏 자켓 (셋업),JK,점퍼,"129,000"
RM,G2,RMJKG23R14,금속장식 칼라리스 자켓,JK,점퍼,"129,000"
RM,G2,RMJKG23R15,벨티드 오버핏 자켓,JK,점퍼,"129,000"
RM,G2,RMJKG23S11,라운드넥 트위드 수술자켓,JK,점퍼,"129,000"
RM,G2,RMJKG23S12,플리츠 트위드 자켓,JK,점퍼,"129,000"
RM,G2,RMJKG23S99,[올데이자켓] 칼라리스 트위드 자켓,JK,점퍼,"129,000"
RM,G2,RMJKG23ST1,셔츠카라 금속 장식 자켓,JK,점퍼,0
RM,G2,RMJKG24NT1,칼라리스 트위드 자켓,JK,점퍼,"129,000"
RM,G2,RMJKG24R01,베이직 셋업 자켓(스커트),JK,점퍼,"99,900"
RM,G2,RMJKG24R02,베이직 셋업 자켓(슬랙스),JK,점퍼,"99,900"
RM,G2,RMJKG24R11,린넨라이크 긴팔 자켓 (세트),JK,점퍼,"129,000"
RM,G2,RMJKG24R12,칼라리스 자켓,JK,점퍼,"129,000"
RM,G2,RMJKG24R13,조직감 셔츠형 자켓,JK,점퍼,"99,900"
RM,G2,RMJKG24S51,진주 트위드 자켓 (셋업),JK,점퍼,"129,000"
RM,G2,RMJKG25R11,[올데이자켓] 린넨라이크 반팔 자켓 (세트),JK,점퍼,"99,900"
RM,G2,RMJKG25R12,린넨라이크 크롭 반팔자켓,JK,점퍼,"99,900"
RM,G2,RMJKG25R13,[올데이자켓] 세미오버핏 테일러드 긴팔자켓,JK,점퍼,"129,000"
RM,G2,RMJKG25R14,금속장식 칼라리스 반팔자켓,JK,점퍼,"99,900"
RM,G2,RMJKG25R99,[올데이자켓] 칼라리스 트위드 반팔자켓,JK,점퍼,"99,900"
RM,G2,RMJKG25S51,캡소매 트위드 반팔자켓(셋업),JK,점퍼,"99,900"
RM,G2,RMJKG26S11,둥근카라 반팔 자켓,JK,점퍼,0
RM,G2,RMJKG26ST1,스퀘어넥 트위드 자켓,JK,점퍼,"99,900"
RM,G3,RMJKG37R11,린넨 반팔 자켓,JK,점퍼,"99,900"
RM,G3,RMJKG37R12,브이넥 조직감 반팔자켓,JK,점퍼,"99,900"
RM,G3,RMJKG37R13,[RE] [올데이자켓] 린넨라이크 반팔 자켓 (RMJKG25R11),JK,점퍼,"99,900"
RM,G3,RMJKG37R14,[RE] 린넨라이크 크롭 반팔 자켓 (RMJKG25R12),JK,점퍼,"99,900"
RM,G3,RMJKG38S11,레이스 반팔 자켓,JK,점퍼,"99,900"
RM,G4,RMJKG49A11,[올데이] 칼라리스 트위드 자켓,JK,점퍼,"129,000"
RM,G4,RMJKG49A55,[올데이] 테일러드 자켓 (세트),JK,점퍼,"129,000"
RM,G4,RMJKG49NT1,[RE] 미디 트위드 자켓(RMJKG12S11),JK,점퍼,0
RM,G4,RMJKG49NT2,스쿱넥 칼라리스 자켓,JK,점퍼,0
RM,G4,RMJKG49R01,베이직 셋업 자켓(스커트),JK,점퍼,"99,900"
RM,G4,RMJKG49R02,베이직 셋업 자켓(슬랙스),JK,점퍼,"99,900"
RM,G4,RMJKG49R51,세미오버핏 타이 자켓 (세트),JK,점퍼,"129,000"
RM,G4,RMJKG49R91,린넨라이크 반팔자켓 (세트),JK,점퍼,"99,900"
RM,G4,RMJKG49R92,린넨라이크 반팔 크롭자켓 (세트),JK,점퍼,"99,900"
RM,G4,RMJKG49R93,테일러드 자켓,JK,점퍼,"129,000"
RM,G4,RMJKG49S51,트위드 자켓 (세트),JK,점퍼,"159,000"
RM,G4,RMJKG4CR12,브이넥 울 헤어리 자켓,JK,점퍼,0
RM,G4,RMJKG4CR13,테일러드 울 헤어리 자켓,JK,점퍼,0
RM,G4,RMJKG4TR11,(유럽수입원단) 헤링본 테일러드자켓,JK,점퍼,0
RM,G4,RMJKG4TS51,트위드 자켓 (세트),JK,점퍼,0
RM,G4,RMJKG4VA11,[올데이자켓] 칼라리스 울자켓,JK,점퍼,0
RM,G4,RMJKG4VA51,[올데이자켓] 테일러드 울 자켓 (세트),JK,점퍼,0
RM,G4,RMJKG4VN11,미디 카라 울 자켓 (세트),JK,점퍼,0
RM,G4,RMJKG4VN13,헤어리 세미오버핏 울 자켓,JK,점퍼,0
RM,G4,RMJKG4VR11,라운드넥 부클 자켓,JK,점퍼,0
RM,G4,RMJKG4VR12,(유럽수입원단) 칼라리스 울자켓,JK,점퍼,0
RM,G4,RMJKG4VR52,칼라리스 핸드메이드 자켓,JK,점퍼,0
RM,G4,RMJKG4VS11,날개사 헤어리 자켓,JK,점퍼,0
RM,E1,RMJPE11R99,배색 카라 숏다운,JP,점퍼,0
RM,E2,RMJPE24R52,카라 버튼 점퍼(세트),JP,점퍼,"99,900"
RM,E2,RMJPE25R12,후드 점퍼,JP,점퍼,"99,900"
RM,E2,RMJPE25RT4,화섬 점퍼(세트),JP,점퍼,"99,900"
RM,E3,RMJPE37R12,[RE] 후드 점퍼 (RMJPE25R12),JP,점퍼,"99,900"
RM,E3,RMJPE37RT1,리본 후드 점퍼,JP,점퍼,"99,900"
RM,E4,RMJPE49R11,후드 점퍼,JP,점퍼,"99,900"
RM,E4,RMJPE49R12,빅카라 점퍼,JP,점퍼,"99,900"
RM,F2,RMJPF23R11,셔링 점퍼,JP,점퍼,"99,900"
RM,F2,RMJPF23R12,후드 집업 점퍼,JP,점퍼,"129,000"
RM,F2,RMJPF23R13,후드 미디 점퍼,JP,점퍼,"129,000"
RM,F2,RMJPF24R11,하이넥 점퍼,JP,점퍼,"99,900"
RM,F2,RMJPF24RT1,카라 집업 점퍼 (세트),JP,점퍼,"99,900"
RM,F2,RMJPF25R11,후드 점퍼,JP,점퍼,"99,900"
RM,F2,RMJPF25RT1,스트링 워크자켓,JP,점퍼,"129,000"
RM,F4,RMJPF4TR12,미디 카라배색 워크자켓,JP,점퍼,"129,000"
RM,F4,RMJPF4TR13,숏 카라배색 워크자켓,JP,점퍼,"129,000"
RM,F4,RMJPF4TRT1,코듀로이 카라 퀼팅 워크 자켓,JP,점퍼,"129,000"
RM,G2,RMJPG23R11,미디 카라배색 워크자켓,JP,점퍼,0
RM,G2,RMJPG23R12,숏 워크자켓,JP,점퍼,"129,000"
RM,G2,RMJPG24NT1,트위드 블루종 점퍼,JP,점퍼,"129,000"
RM,G2,RMJPG24R11,하이넥 블루종 점퍼,JP,점퍼,"99,900"
RM,G2,RMJPG26RT1,하이넥 시스루 바람막이,JP,점퍼,"99,900"
RM,G2,RMJPG26RT2,카라 시스루 바람막이,JP,점퍼,"99,900"
RM,G3,RMJPG37RT1,자수 레이스 점퍼,JP,점퍼,"99,900"
RM,G4,RMJPG49NT1,[RE] 트위드 블루종 점퍼(RMJPG24NT1),JP,점퍼,0
RM,G4,RMJPG49RT1,자수 미디 워크자켓,JP,점퍼,0
RM,G4,RMJPG4TR15,블루종 점퍼,JP,점퍼,0
RM,E2,RMJTE23R11,숏 트렌치코트,JT,점퍼,"109,000"
RM,E2,RMJTE23R12,맥 트렌치코트,JT,점퍼,"159,000"
RM,E2,RMJTE23R13,플리츠 롱 트렌치코트,JT,점퍼,"199,000"
RM,E2,RMJTE23R14,하프 트렌치코트,JT,점퍼,"129,000"
RM,E4,RMJTE49R11,숏 트렌치 코트,JT,점퍼,"129,000"
RM,E4,RMJTE49R12,맥 트렌치코트,JT,점퍼,"159,000"
RM,F2,RMJTF23R11,숏 트렌치 코트,JT,점퍼,"129,000"
RM,F2,RMJTF23R12,맥 트렌치 코트,JT,점퍼,"159,000"
RM,F2,RMJTF23S11,플레어 원피스형 롱 트렌치코트,JT,점퍼,"159,000"
RM,G2,RMJTG23R11,미디 트렌치코트,JT,점퍼,"129,000"
RM,G4,RMJTG49RT1,미디 트렌치 코트,JT,점퍼,0
RM,G4,RMJTG49RT2,하이넥 숏 트렌치 코트,JT,점퍼,0
RM,F2,RMKAF25R12,우븐매칭 반팔 스웨터,KA,스웨터,"69,900"
RM,E4,RMLWE4VR15,[RE] 랩 티셔츠(RMLWE49R15),LW,니트,0
RM,F4,RMLWF4TRT1,[RE] 배색 레이어드 티셔츠(RMLWF25RTA),LW,니트,"39,900"
RM,F4,RMLWF4VR13,하이넥 레이스 티셔츠,LW,니트,"39,900"
RM,E1,RMOWE11R11,배색 트위드 2in1 원피스,OW,점퍼,0
RM,E1,RMOWE11R12,리본 트위드 2in1 원피스,OW,점퍼,"159,000"
RM,E1,RMOWE11R13,배색카라 트위드 2in1 원피스,OW,점퍼,"159,000"
RM,E1,RMOWE11RT1,카라 트위드 미니원피스,OW,점퍼,"129,000"
RM,E1,RMOWE11RT3,리본타이 매칭원피스,OW,점퍼,"129,000"
RM,E1,RMOWE11RT5,레이어드 롱 원피스,OW,점퍼,"99,900"
RM,E1,RMOWE12R15,자켓형 트위드 2in1 원피스,OW,점퍼,"159,000"
RM,E1,RMOWE12R16,배색 트위드 미니원피스,OW,점퍼,"129,000"
RM,E1,RMOWE12R17,셔츠 2in1 원피스,OW,점퍼,0
RM,E1,RMOWE12R18,셔츠카라 매칭 원피스,OW,점퍼,"129,000"
RM,E1,RMOWE12R19,자켓형 미디 원피스,OW,점퍼,"159,000"
RM,E1,RMOWE12RT1,단추포인트 롱원피스,OW,점퍼,"129,000"
RM,E1,RMOWE12RT2,뷔스티에 미니 원피스,OW,점퍼,"99,900"
RM,E1,RMOWE12RT3,하트넥 롱 원피스,OW,점퍼,"129,000"
RM,E1,RMOWE12S71,[시그니처] 플라워 자수 롱 원피스,OW,점퍼,"299,000"
RM,E1,RMOWE12S72,[시그니처] 머메이드 롱 원피스,OW,점퍼,"299,000"
RM,E1,RMOWE12S73,[시그니처] 자카드 미니 원피스,OW,점퍼,"299,000"
RM,E1,RMOWE12S74,[시그니처] 자수 롱 원피스,OW,점퍼,"299,000"
RM,E2,RMOWE23R11,배색카라 트위드원피스,OW,점퍼,"129,000"
RM,E2,RMOWE23R12,볼레로 트위드 원피스,OW,점퍼,"159,000"
RM,E2,RMOWE23R13,더블 셔츠형 미니원피스,OW,점퍼,0
RM,E2,RMOWE23R14,플리츠 셔츠형 원피스,OW,점퍼,"129,000"
RM,E2,RMOWE23R15,플라워 롱원피스,OW,점퍼,"129,000"
RM,E2,RMOWE23R16,자수 플라워 롱원피스,OW,점퍼,"129,000"
RM,E2,RMOWE23R17,셔츠카라 플리츠 미니원피스,OW,점퍼,"129,000"
RM,E2,RMOWE23R98,카라 트위드 원피스,OW,점퍼,"159,000"
RM,E2,RMOWE23R99,리본 트위드 2in1 원피스,OW,점퍼,"159,000"
RM,E2,RMOWE23RT1,뷔스티에 롱 원피스,OW,점퍼,"99,900"
RM,E2,RMOWE23RT2,셔츠매칭 자켓형 원피스,OW,점퍼,"159,000"
RM,E2,RMOWE23RT3,[RE] 리본타이 매칭원피스(RMOWE11RT3),OW,점퍼,"129,000"
RM,E2,RMOWE24R11,트위드 배색 반팔 원피스,OW,점퍼,"129,000"
RM,E2,RMOWE24R12,배색 카라 트위드 2in1 원피스,OW,점퍼,"159,000"
RM,E2,RMOWE24R13,셔츠카라 플리츠 원피스,OW,점퍼,"129,000"
RM,E2,RMOWE24R14,플라워 롱원피스,OW,점퍼,"129,000"
RM,E2,RMOWE24R15,셔링 롱원피스,OW,점퍼,"99,900"
RM,E2,RMOWE24RT1,뷔스티에 셔링 원피스,OW,점퍼,"99,900"
RM,E2,RMOWE24RT2,[RE] 하트넥 뷔스티에 원피스(RMOWE23RT1),OW,점퍼,"99,900"
RM,E2,RMOWE24RT3,레이스 셔링 롱 원피스,OW,점퍼,"99,900"
RM,E2,RMOWE24RT4,리본 레이어드 원피스,OW,점퍼,"99,900"
RM,E2,RMOWE25R16,반팔 트위드 미니원피스,OW,점퍼,"129,000"
RM,E2,RMOWE25R17,카라 트위드 2in1 원피스,OW,점퍼,"159,000"
RM,E2,RMOWE25R18,자켓형 미니원피스,OW,점퍼,"129,000"
RM,E2,RMOWE25R19,고방체크 롱원피스,OW,점퍼,"99,900"
RM,E2,RMOWE25R20,컷아웃 롱원피스,OW,점퍼,"99,900"
RM,E2,RMOWE25R21,셔츠 2in1원피스,OW,점퍼,"129,000"
RM,E2,RMOWE25R22,셔츠형 원피스,OW,점퍼,"129,000"
RM,E2,RMOWE25R23,캉캉 미니 원피스,OW,점퍼,"99,900"
RM,E2,RMOWE25R24,티어드 롱원피스,OW,점퍼,"99,900"
RM,E2,RMOWE25R25,스트링 뷔스티에 원피스,OW,점퍼,"99,900"
RM,E2,RMOWE25R99,배색카라 트위드 원피스,OW,점퍼,"129,000"
RM,E2,RMOWE25RT1,V넥 셔링 롱 원피스,OW,점퍼,"99,900"
RM,E2,RMOWE25RT2,트위드 볼레로 롱 원피스,OW,점퍼,"159,000"
RM,E2,RMOWE25RT3,트위드 뷔스티에 원피스(세트),OW,점퍼,"99,900"
RM,E2,RMOWE25RT4,화섬 나시 원피스(세트),OW,점퍼,"99,900"
RM,E2,RMOWE25RT5,쉬폰 나염 스모킹 원피스,OW,점퍼,0
RM,E2,RMOWE25RT6,쉬폰 나염 셔링 원피스,OW,점퍼,0
RM,E2,RMOWE25RT7,레이스업 원피스,OW,점퍼,"99,900"
RM,E2,RMOWE25S71,[시그니처] 펀칭 롱 원피스,OW,점퍼,"299,000"
RM,E2,RMOWE25S72,[시그니처] 아일렛 롱 원피스,OW,점퍼,"299,000"
RM,E2,RMOWE26R26,퍼프소매 롱원피스,OW,점퍼,"99,900"
RM,E2,RMOWE26R27,뷔스티에 매칭 미니원피스,OW,점퍼,"129,000"
RM,E2,RMOWE26R28,루즈핏 롱원피스,OW,점퍼,"99,900"
RM,E2,RMOWE26R29,뷔스티에 맥시 롱원피스,OW,점퍼,"99,900"
RM,E2,RMOWE26R32,더블 트위드 원피스,OW,점퍼,"129,000"
RM,E2,RMOWE26R33,하트넥 트위드 원피스,OW,점퍼,"129,000"
RM,E2,RMOWE26RT1,2in1 트위드 원피스,OW,점퍼,"159,000"
RM,E2,RMOWE26RT5,쉬폰 나염 스모킹 원피스,OW,점퍼,"129,000"
RM,E2,RMOWE26RT6,쉬폰 나염 셔링 원피스,OW,점퍼,"129,000"
RM,E2,RMOWE26S99,배색 퍼프 롱원피스,OW,점퍼,0
RM,E3,RMOWE37R99,라운드넥 캉캉 원피스,OW,점퍼,"99,900"
RM,E3,RMOWE37RT1,데님라이크 뷔스티에 미니 원피스,OW,점퍼,0
RM,E3,RMOWE37RT2,볼륨 소매 미니 원피스,OW,점퍼,"99,900"
RM,E3,RMOWE37RT3,민소매 롱 원피스,OW,점퍼,"99,900"
RM,E3,RMOWE37RT5,셔링 뷔스티에 롱 원피스,OW,점퍼,"99,900"
RM,E3,RMOWE37RT6,셔츠카라 플레어 원피스,OW,점퍼,"129,000"
RM,E3,RMOWE37RT7,쉬폰 플레어 롱 원피스,OW,점퍼,"129,000"
RM,E3,RMOWE37RT8,오픈카라 셔츠형 원피스,OW,점퍼,"129,000"
RM,E3,RMOWE37RT9,점퍼 세트 플레어 원피스,OW,점퍼,"129,000"
RM,E3,RMOWE37RT9,점퍼 세트 플레어 원피스,OW,점퍼,0
RM,E3,RMOWE37S12,[RE] 카라 트위드 2in1 원피스(RMOWE25R17),OW,점퍼,"159,000"
RM,E3,RMOWE37ST1,레이스카라 조직감 원피스,OW,점퍼,"129,000"
RM,E3,RMOWE37ST2,린넨라이크 2in1 원피스,OW,점퍼,"129,000"
RM,E3,RMOWE38R11,빅카라 롱 원피스,OW,점퍼,"99,900"
RM,E3,RMOWE38R12,퍼프소매 롱원피스 (RMOWE26R26 RE),OW,점퍼,"99,900"
RM,E3,RMOWE38RT3,오프숄더 캉캉 롱원피스,OW,점퍼,"99,900"
RM,E3,RMOWE38S11,배색 트위드 반팔 원피스,OW,점퍼,"129,000"
RM,E3,RMOWE38S99,벨티드 롱 원피스,OW,점퍼,0
RM,E4,RMOWE49R11,변형소재 롱 원피스,OW,점퍼,"129,000"
RM,E4,RMOWE49R12,뷔스티에 롱 원피스,OW,점퍼,"99,900"
RM,E4,RMOWE49RT1,셔츠형 랩 원피스,OW,점퍼,"129,000"
RM,E4,RMOWE49S11,카라 트위드 2in1 원피스,OW,점퍼,"159,000"
RM,E4,RMOWE49S12,배색카라 트위드 2in1 원피스,OW,점퍼,"159,000"
RM,E4,RMOWE49S13,배색 트위드 원피스,OW,점퍼,0
RM,E4,RMOWE49S15,조직감 2in1 원피스,OW,점퍼,"159,000"
RM,E4,RMOWE49S16,벨티드 자켓형 원피스,OW,점퍼,"129,000"
RM,E4,RMOWE49S17,트위드 뷔스티에 원피스,OW,점퍼,"129,000"
RM,E4,RMOWE49S18,배색 트위드 미니 원피스,OW,점퍼,"129,000"
RM,E4,RMOWE49S71,[시그니처] 자카드 롱 원피스,OW,점퍼,"299,000"
RM,E4,RMOWE49S72,[시그니처] 트위드 롱 원피스,OW,점퍼,"299,000"
RM,E4,RMOWE49S98,자켓형 미니 원피스,OW,점퍼,"129,000"
RM,E4,RMOWE49S99,카라트위드 2in1 원피스,OW,점퍼,"159,000"
RM,E4,RMOWE49ST1,오픈카라 우븐매칭 원피스,OW,점퍼,"129,000"
RM,E4,RMOWE4CR11,벨벳 리본 미니 원피스,OW,점퍼,"129,000"
RM,E4,RMOWE4CS51,트위드 미니 원피스(세트),OW,점퍼,"129,000"
RM,E4,RMOWE4CST1,카라 트위드 2in1 원피스,OW,점퍼,0
RM,E4,RMOWE4TR11,뷔스티에 미니원피스,OW,점퍼,"99,900"
RM,E4,RMOWE4TR12,플라워 롱 원피스,OW,점퍼,"129,000"
RM,E4,RMOWE4TR13,볼레로 세트 롱 원피스,OW,점퍼,"159,000"
RM,E4,RMOWE4TS11,트위드 미니 원피스,OW,점퍼,"129,000"
RM,E4,RMOWE4TS12,트위드 자켓형 미니 원피스,OW,점퍼,"159,000"
RM,E4,RMOWE4VR12,스웨터 세트 롱 원피스,OW,점퍼,"179,000"
RM,E4,RMOWE4VR13,[RE]뷔스티에 롱 원피스 (RMOWE49R12),OW,점퍼,"129,000"
RM,E4,RMOWE4VRT1,뷔스티에 미니 원피스,OW,점퍼,"99,900"
RM,E4,RMOWE4VS11,자켓형 플리츠 트위드 원피스,OW,점퍼,"199,000"
RM,E4,RMOWE4VS12,우븐 매칭 롱 원피스,OW,점퍼,"159,000"
RM,E4,RMOWE4VS15,[RE] 조직감 2in1 원피스(RMOWE49S15),OW,점퍼,"159,000"
RM,E4,RMOWE4VS16,[RE] 자켓형 원피스(RMOWE49S16),OW,점퍼,"159,000"
RM,E4,RMOWE4VS71,[시그니처] 주얼넥 미니 원피스,OW,점퍼,"299,000"
RM,F1,RMOWF11RT1,타이 매칭 롱 원피스,OW,점퍼,"129,000"
RM,F1,RMOWF11S11,카라 트위드 2in1 미니원피스,OW,점퍼,"159,000"
RM,F1,RMOWF11S12,배색카라 트위드 미니원피스,OW,점퍼,"129,000"
RM,F1,RMOWF11S13,[RE] 트위드 자켓형 미니 원피스(RMOWE4TS12),OW,점퍼,"159,000"
RM,F1,RMOWF11ST2,울 라이크 자켓형 롱 원피스,OW,점퍼,"159,000"
RM,F1,RMOWF11ST3,카라 2in1 롱 원피스,OW,점퍼,"159,000"
RM,F1,RMOWF11ST4,카라 트위드 2in1 원피스,OW,점퍼,"159,000"
RM,F1,RMOWF12RT3,라운드넥 조직감 2in1 원피스,OW,점퍼,"159,000"
RM,F1,RMOWF12S11,볼레로 트위드 미니원피스,OW,점퍼,"159,000"
RM,F1,RMOWF12S12,프릴 리본타이 미니원피스,OW,점퍼,"129,000"
RM,F1,RMOWF12S13,카라 2in1 롱 원피스,OW,점퍼,"159,000"
RM,F1,RMOWF12S55,트위드 뷔스티에 롱 원피스 (세트),OW,점퍼,"129,000"
RM,F2,RMOWF23R11,플라워 롱 원피스,OW,점퍼,"129,000"
RM,F2,RMOWF23R12,뷔스티에 롱 원피스(세트),OW,점퍼,"99,900"
RM,F2,RMOWF23R13,리본 셔링 롱 원피스,OW,점퍼,"129,000"
RM,F2,RMOWF23S11,오프숄더 트위드 미니원피스,OW,점퍼,"129,000"
RM,F2,RMOWF23S12,카라 트위드 2in1 미니원피스,OW,점퍼,"159,000"
RM,F2,RMOWF23S13,뷔스티에 매칭 롱 원피스,OW,점퍼,"159,000"
RM,F2,RMOWF23S71,[시그니처] 배색카라 롱원피스,OW,점퍼,"299,000"
RM,F2,RMOWF23S72,[시그니처] 타이 롱원피스,OW,점퍼,"299,000"
RM,F2,RMOWF23S73,[시그니처] 스퀘어넥 플레어 원피스,OW,점퍼,"299,000"
RM,F2,RMOWF23S97,자켓형 롱 원피스,OW,점퍼,"159,000"
RM,F2,RMOWF23S99,조직감 2in1 원피스,OW,점퍼,"159,000"
RM,F2,RMOWF24R11,오픈카라 롱 원피스,OW,점퍼,"129,000"
RM,F2,RMOWF24R12,뷔스티에 매칭 롱 원피스,OW,점퍼,"159,000"
RM,F2,RMOWF24R13,티셔츠 세트 롱 원피스,OW,점퍼,"129,000"
RM,F2,RMOWF24R14,셔츠카라 벨티드 롱 원피스,OW,점퍼,"129,000"
RM,F2,RMOWF24R15,조직감 롱 원피스,OW,점퍼,"129,000"
RM,F2,RMOWF24R16,반팔 조직감 2in1 원피스,OW,점퍼,"159,000"
RM,F2,RMOWF24RT1,브이넥 배색 미니원피스,OW,점퍼,"129,000"
RM,F2,RMOWF24RT2,카라 밴딩 롱 원피스,OW,점퍼,"129,000"
RM,F2,RMOWF24RT7,쉬폰 미니 원피스,OW,점퍼,"99,900"
RM,F2,RMOWF24S11,트위드 반팔 미니 원피스,OW,점퍼,"129,000"
RM,F2,RMOWF24S12,트위드 2in1 반팔 미니 원피스,OW,점퍼,"159,000"
RM,F2,RMOWF24S13,린넨라이크 2in1 롱 원피스,OW,점퍼,"159,000"
RM,F2,RMOWF24S52,트위드 뷔스티에 원피스 (세트),OW,점퍼,"129,000"
RM,F2,RMOWF24ST1,볼레로 트위드 롱 원피스,OW,점퍼,"159,000"
RM,F2,RMOWF24ST2,자켓형 싱글 롱 원피스,OW,점퍼,"159,000"
RM,F2,RMOWF24ST3,스퀘어넥 롱 원피스,OW,점퍼,"159,000"
RM,F2,RMOWF25R11,자켓형 롱 원피스,OW,점퍼,"159,000"
RM,F2,RMOWF25R12,뷔스티에 매칭 미니 원피스,OW,점퍼,"129,000"
RM,F2,RMOWF25R13,라운드넥 롱 원피스,OW,점퍼,"129,000"
RM,F2,RMOWF25R14,랩 점퍼 세트 롱 원피스,OW,점퍼,"159,000"
RM,F2,RMOWF25R14,랩 점퍼 세트 롱 원피스,OW,점퍼,0
RM,F2,RMOWF25R15,스모킹 롱 원피스,OW,점퍼,"129,000"
RM,F2,RMOWF25R17,니트매칭 롱 원피스,OW,점퍼,"159,000"
RM,F2,RMOWF25R18,데님 뷔스티에 롱 원피스,OW,점퍼,"99,900"
RM,F2,RMOWF25R99,나시 롱 원피스,OW,점퍼,"99,900"
RM,F2,RMOWF25S11,타이형 트위드 미니 원피스,OW,점퍼,"129,000"
RM,F2,RMOWF25S12,트위드 프릴 2in1 미니원피스,OW,점퍼,"159,000"
RM,F2,RMOWF25S13,린넨라이크 2in1 미니 원피스,OW,점퍼,"129,000"
RM,F2,RMOWF25S99,트위드 카라 원피스,OW,점퍼,"129,000"
RM,F2,RMOWF26R11,자켓형 미니 원피스,OW,점퍼,"129,000"
RM,F2,RMOWF26R12,나시 롱 원피스,OW,점퍼,0
RM,F2,RMOWF26R13,점퍼형 2IN1 롱 원피스,OW,점퍼,0
RM,F2,RMOWF26RT1,레이어드 원피스,OW,점퍼,"59,900"
RM,F2,RMOWF26RT4,코튼 프릴 미니 원피스,OW,점퍼,"99,900"
RM,F2,RMOWF26S11,트위드 자켓형 미니 원피스,OW,점퍼,"129,000"
RM,F2,RMOWF26S12,트위드 스퀘어넥 미니 원피스,OW,점퍼,0
RM,F2,RMOWF26ST1,[RE] 볼레로 트위드 반팔 롱 원피스 (RMOWF24ST1),OW,점퍼,"159,000"
RM,F3,RMOWF37R11,리본끈 미니 원피스,OW,점퍼,"99,900"
RM,F3,RMOWF37R16,[RE]반팔 조직감 2in1 원피스 (RMOWF24R16),OW,점퍼,"159,000"
RM,F3,RMOWF37RT1,린넨라이크 반팔 원피스,OW,점퍼,"99,900"
RM,F3,RMOWF37RT2,린넨 나시 원피스,OW,점퍼,"99,900"
RM,F3,RMOWF37RT5,끈나시 원피스,OW,점퍼,"99,900"
RM,F3,RMOWF37S11,트위드 2in1 미니 플리츠 원피스,OW,점퍼,"199,000"
RM,F3,RMOWF37ST1,[RE] 볼레로 트위드 반팔 롱 원피스 (RMOWF26ST1),OW,점퍼,"159,000"
RM,F3,RMOWF37ST2,카라 미니 원피스,OW,점퍼,"129,000"
RM,F3,RMOWF37ST3,스퀘어넥 머메이드 롱 원피스,OW,점퍼,"159,000"
RM,F3,RMOWF37ST4,퍼프소매 H라인 롱 원피스,OW,점퍼,"159,000"
RM,F3,RMOWF38R11,오픈카라 랩 원피스,OW,점퍼,"129,000"
RM,F3,RMOWF38R12,타이 롱 원피스,OW,점퍼,"129,000"
RM,F3,RMOWF38R13,스트링 뷔스티에 원피스,OW,점퍼,"99,900"
RM,F3,RMOWF38RT1,프릴 랩 롱 원피스,OW,점퍼,"99,900"
RM,F3,RMOWF38RT2,조직감 셔링 원피스,OW,점퍼,"99,900"
RM,F3,RMOWF38RT5,하트넥 롱 원피스,OW,점퍼,"129,000"
RM,F3,RMOWF38RT6,랩 디테일 롱 원피스,OW,점퍼,"99,900"
RM,F3,RMOWF38RT7,보트넥 롱 원피스,OW,점퍼,"99,900"
RM,F3,RMOWF38S11,스칼럽 2in1 롱 원피스,OW,점퍼,"159,000"
RM,F4,RMOWF49R11,뷔스티에 매칭 미니원피스,OW,점퍼,"129,000"
RM,F4,RMOWF49R12,뷔스티에 롱 원피스,OW,점퍼,"99,900"
RM,F4,RMOWF49RT1,카울넥 롱 원피스,OW,점퍼,"99,900"
RM,F4,RMOWF49S11,보트넥 타이원피스,OW,점퍼,"129,000"
RM,F4,RMOWF49S12,우븐매칭 트위드 미니원피스,OW,점퍼,"129,000"
RM,F4,RMOWF49S13,카라 자켓형 롱원피스,OW,점퍼,"159,000"
RM,F4,RMOWF4CS11,뷔스띠에 트위드 미니원피스,OW,점퍼,"129,000"
RM,F4,RMOWF4CST1,트위드 미니 원피스,OW,점퍼,"199,000"
RM,F4,RMOWF4TR11,뷔스티에 미니 원피스,OW,점퍼,"99,900"
RM,F4,RMOWF4TS11,카라 트위드 2in1 미니원피스,OW,점퍼,"159,000"
RM,F4,RMOWF4TS12,자켓형 트위드 미니원피스,OW,점퍼,"159,000"
RM,F4,RMOWF4TS13,조직감 자켓형 롱 원피스,OW,점퍼,"159,000"
RM,F4,RMOWF4TST1,보트넥 2in1 롱 원피스,OW,점퍼,"159,000"
RM,F4,RMOWF4TST2,시스루 뷔스띠에 매칭 롱 원피스,OW,점퍼,"159,000"
RM,F4,RMOWF4TST3,스퀘어넥 머메이드 7부 롱 원피스,OW,점퍼,"159,000"
RM,F4,RMOWF4VS11,자켓형 싱글 롱트위드 원피스,OW,점퍼,"199,000"
RM,G1,RMOWG11S11,자켓형 2in1 트위드 원피스,OW,점퍼,"159,000"
RM,G1,RMOWG12S11,자켓형 롱 원피스,OW,점퍼,"199,000"
RM,G1,RMOWG12ST1,카라형 미니 트위드 원피스,OW,점퍼,"159,000"
RM,G1,RMOWG12ST2,자켓형 싱글 롱원피스,OW,점퍼,"159,000"
RM,G1,RMOWG12ST3,자켓형 2in1 롱 원피스,OW,점퍼,"159,000"
RM,G1,RMOWG12ST4,우븐매칭 타이형 롱원피스,OW,점퍼,"159,000"
RM,G1,RMOWG12ST5,트위드 미니 원피스,OW,점퍼,"199,000"
RM,G2,RMOWG23R11,벨티드 뷔스티에 롱 원피스,OW,점퍼,"129,000"
RM,G2,RMOWG23R11,벨티드 뷔스티에 롱 원피스,OW,점퍼,0
RM,G2,RMOWG23R13,레이어드 롱 원피스,OW,점퍼,"99,900"
RM,G2,RMOWG23R14,하이넥 코튼 미디 원피스,OW,점퍼,"129,000"
RM,G2,RMOWG23S11,우븐매칭 롱 원피스,OW,점퍼,"159,000"
RM,G2,RMOWG23S12,타이 시스루 롱원피스,OW,점퍼,"159,000"
RM,G2,RMOWG23S14,뷔스띠에 롱 원피스,OW,점퍼,"129,000"
RM,G2,RMOWG23ST1,프릴 뷔스띠에 미니원피스,OW,점퍼,0
RM,G2,RMOWG24R11,뷔스티에 레이어드 원피스,OW,점퍼,"129,000"
RM,G2,RMOWG24R12,오픈카라 우븐매칭 롱원피스,OW,점퍼,"159,000"
RM,G2,RMOWG24RT1,쉬폰 체크 원피스,OW,점퍼,"129,000"
RM,G2,RMOWG24S11,카라 미니 트위드원피스,OW,점퍼,"129,000"
RM,G2,RMOWG24S12,반팔 플레어 롱 원피스,OW,점퍼,"159,000"
RM,G2,RMOWG25NT1,카라 2in1 트위드 미니 원피스,OW,점퍼,"129,000"
RM,G2,RMOWG25NT3,배색 타이 미니 원피스,OW,점퍼,"129,000"
RM,G2,RMOWG25NT3,배색 타이 미니 원피스,OW,점퍼,0
RM,G2,RMOWG25R11,스모킹 원피스,OW,점퍼,"99,900"
RM,G2,RMOWG25R12,셔츠카라 원피스,OW,점퍼,"129,000"
RM,G2,RMOWG25R13,시스루 레이어드 롱원피스,OW,점퍼,"129,000"
RM,G2,RMOWG25R14,코튼 아일렛 롱 원피스,OW,점퍼,"129,000"
RM,G2,RMOWG25RT1,[RE] 우븐매칭 롱 원피스(RMOWG23S11),OW,점퍼,"159,000"
RM,G2,RMOWG25RT2,뷔스티에 셋업형 미디 원피스,OW,점퍼,"129,000"
RM,G2,RMOWG25S11,스퀘어넥 미니 원피스,OW,점퍼,0
RM,G2,RMOWG25S12,튤립소매 2in1 롱원피스,OW,점퍼,"129,000"
RM,G2,RMOWG25S13,더블 자켓형 2in1 롱원피스,OW,점퍼,0
RM,G2,RMOWG25S51,타이 나시 트위드 원피스(셋업),OW,점퍼,"129,000"
RM,G2,RMOWG26R11,2IN1 캡소매 원피스,OW,점퍼,0
RM,G2,RMOWG26R12,나시 드레이프 롱 원피스,OW,점퍼,0
RM,G2,RMOWG26R13,뷔스티에 롱 원피스,OW,점퍼,"99,900"
RM,G2,RMOWG26RT1,스퀘어넥 반팔 원피스,OW,점퍼,"99,900"
RM,G2,RMOWG26RT2,브이넥 롱 원피스,OW,점퍼,"99,900"
RM,G2,RMOWG26RT3,[RE] 하이넥 코튼 미디 원피스 (RMOWG23R14),OW,점퍼,"129,000"
RM,G2,RMOWG26RT4,넥 셔링 롱 원피스,OW,점퍼,"99,900"
RM,G2,RMOWG26RT5,턱디테일 슬리브리스 코튼 미니 원피스,OW,점퍼,"99,900"
RM,G2,RMOWG26S11,드레이프 시스루 롱원피스,OW,점퍼,"129,000"
RM,G2,RMOWG26ST1,우븐매칭 미니 원피스,OW,점퍼,"129,000"
RM,G2,RMOWG26ST2,볼레로 2IN1 롱 원피스,OW,점퍼,"159,000"
RM,G2,RMOWG26ST3,자켓형 2IN1 트위드 롱 원피스,OW,점퍼,"159,000"
RM,G3,RMOWG37R11,린넨 롱 원피스,OW,점퍼,"99,900"
RM,G3,RMOWG37R12,리본끈 디테일 반팔 롱 원피스,OW,점퍼,"99,900"
RM,G3,RMOWG37R13,셔링넥 반팔 롱 원피스,OW,점퍼,"129,000"
RM,G3,RMOWG37RT1,브이넥 미니 원피스,OW,점퍼,"99,900"
RM,G3,RMOWG37RT2,자수 레이스 뷔스티에 원피스,OW,점퍼,"99,900"
RM,G3,RMOWG37RT3,반팔 랩 원피스,OW,점퍼,"99,900"
RM,G3,RMOWG37S11,[RE] 우븐매칭 타이 미니 원피스 (RMOWG26ST1),OW,점퍼,"129,000"
RM,G3,RMOWG38R11,넥 리본끈 디테일 롱 원피스,OW,점퍼,"129,000"
RM,G3,RMOWG38S11,반팔 2in1 미니 원피스,OW,점퍼,"159,000"
RM,G3,RMOWG38S12,우븐매칭 2in1 롱 원피스,OW,점퍼,"159,000"
RM,G3,RMOWG38ST1,시스루 레이어드 A라인 원피스,OW,점퍼,0
RM,G4,RMOWG49R91,티어드 롱원피스,OW,점퍼,"99,900"
RM,G4,RMOWG49S11,자켓형 2IN1 롱 원피스,OW,점퍼,"199,000"
RM,G4,RMOWG49S12,하이넥 우븐매칭 롱 원피스,OW,점퍼,"159,000"
RM,G4,RMOWG49S13,우븐매칭 2IN1 미니 원피스,OW,점퍼,"129,000"
RM,G4,RMOWG49ST1,밑단 시스루 레이어드 원피스,OW,점퍼,0
RM,G4,RMOWG4TS11,오픈카라 우븐매칭 롱 원피스,OW,점퍼,0
RM,G4,RMOWG4TS12,트위드 2IN1 미니 원피스,OW,점퍼,0
RM,G4,RMOWG4TS13,자켓형 트위드 2IN1 롱 원피스,OW,점퍼,0
RM,G4,RMOWG4TST1,오픈카라 우븐매칭 롱 원피스,OW,점퍼,0
RM,G4,RMOWG4VR11,벨벳 뷔스티에 미니 원피스,OW,점퍼,0
RM,G4,RMOWG4VS11,쉬폰 배색 타이 디테일 롱 원피스,OW,점퍼,0
RM,E1,RMTWE11R01,베이직 셋업 슬랙스,TW,면바지,"49,900"
RM,E1,RMTWE11R02,베이직 셋업 슬랙스(+5cm),TW,면바지,"49,900"
RM,E1,RMTWE11R12,[RE]부츠컷 슬랙스(기모)(RMTWD4VR12),TW,면바지,"59,900"
RM,E1,RMTWE11R14,[RE]세미와이드 슬랙스(기모)(RMTWD4VR14),TW,면바지,"59,900"
RM,E1,RMTWE11R15,[RE]와이드 슬랙스(기모)(RMTWD4VR15),TW,면바지,"59,900"
RM,E1,RMTWE11RT1,스트레이트 밴딩 슬랙스,TW,면바지,"59,900"
RM,E1,RMTWE12R11,스트레이트 슬랙스,TW,면바지,"59,900"
RM,E1,RMTWE12R12,부츠컷 슬랙스,TW,면바지,"59,900"
RM,E1,RMTWE12R13,롱 부츠컷 슬랙스,TW,면바지,"59,900"
RM,E1,RMTWE12R14,턱 와이드 슬랙스,TW,면바지,"59,900"
RM,E1,RMTWE12R15,세미 와이드 슬랙스,TW,면바지,"59,900"
RM,E1,RMTWE12R16,벨티드 와이드 슬랙스,TW,면바지,"69,900"
RM,E2,RMTWE23R11,코튼 와이드 팬츠,TW,면바지,"69,900"
RM,E2,RMTWE23R12,벨트 와이드 슬랙스,TW,면바지,"59,900"
RM,E2,RMTWE23R51,트위드 쇼츠(세트),TW,면바지,0
RM,E2,RMTWE23RT1,투턱 쇼츠(세트),TW,면바지,"59,900"
RM,E2,RMTWE23RT2,[RE]스트레이트 밴딩 슬랙스 (RMTWE11RT1),TW,면바지,"59,900"
RM,E2,RMTWE24R01,베이직 셋업 슬랙스,TW,면바지,"49,900"
RM,E2,RMTWE24R02,베이직 셋업 슬랙스(+5cm),TW,면바지,"49,900"
RM,E2,RMTWE24R11,스트레이트 슬랙스,TW,면바지,"59,900"
RM,E2,RMTWE24R12,린넨라이크 부츠컷 슬랙스,TW,면바지,0
RM,E2,RMTWE24R13,린넨라이크 세미와이드 슬랙스,TW,면바지,"59,900"
RM,E2,RMTWE24R14,린넨라이크 롱부츠컷 슬랙스,TW,면바지,"59,900"
RM,E2,RMTWE24R15,린넨라이크 밴딩 와이드 슬랙스(세트),TW,면바지,"69,900"
RM,E2,RMTWE24R16,린넨라이크 부츠컷 슬랙스,TW,면바지,"59,900"
RM,E2,RMTWE25R14,린넨라이크 원턱 와이드슬랙스 (셋업),TW,면바지,"59,900"
RM,E2,RMTWE25R15,린넨라이크 투턱 와이드 슬랙스 (셋업),TW,면바지,"59,900"
RM,E2,RMTWE25R15,린넨라이크 투턱 와이드 슬랙스 (셋업),TW,면바지,0
RM,E2,RMTWE25R17,코튼 5부 쇼츠,TW,면바지,"59,900"
RM,E2,RMTWE25R20,린넨라이크 하이웨이스트 와이드 슬랙스,TW,면바지,"69,900"
RM,E2,RMTWE25R21,캐주얼 와이드 팬츠,TW,면바지,"69,900"
RM,E2,RMTWE25R22,[RE]린넨라이크 밴딩 와이드 슬랙스(세트)(RMTWE24R15),TW,면바지,"69,900"
RM,E2,RMTWE26R16,랩 스커트팬츠,TW,면바지,"69,900"
RM,E2,RMTWE26R22,밴딩 와이드 슬랙스,TW,면바지,"59,900"
RM,E2,RMTWE26R24,[RE]린넨라이크 부츠컷 슬랙스(RMTWE24R16),TW,면바지,"59,900"
RM,E2,RMTWE26R57,린넨라이크 쇼츠(세트),TW,면바지,"59,900"
RM,E2,RMTWE26RT1,스트레이트 코튼 팬츠,TW,면바지,0
RM,E3,RMTWE37R15,[RE]린넨라이크 투턱 와이드 슬랙스(셋업)(RMTWE25R15),TW,면바지,"59,900"
RM,E3,RMTWE37R51,[RE]린넨라이크 세미와이드 슬랙스(RMTWE24R13),TW,면바지,"59,900"
RM,E3,RMTWE37R52,[RE]린넨라이크 원턱 와이드슬랙스(RMTWE25R14),TW,면바지,"59,900"
RM,E3,RMTWE37RT1,코튼 4부 숏츠,TW,면바지,"59,900"
RM,E3,RMTWE37RT2,스트레이트 코튼 팬츠,TW,면바지,"69,900"
RM,E3,RMTWE37RT5,밴딩 와이드 팬츠,TW,면바지,"59,900"
RM,E3,RMTWE38R11,벨티드 카고 반바지,TW,면바지,"59,900"
RM,E3,RMTWE38R22,[RE]밴딩 와이드 슬랙스(RMTWE26R22),TW,면바지,0
RM,E4,RMTWE49R01,베이직 셋업 슬랙스,TW,면바지,"49,900"
RM,E4,RMTWE49R02,베이직 셋업 슬랙스(+5cm),TW,면바지,"49,900"
RM,E4,RMTWE49R11,롱 부츠컷 슬랙스,TW,면바지,"59,900"
RM,E4,RMTWE49R13,밴딩 스트레이트 슬랙스,TW,면바지,"59,900"
RM,E4,RMTWE49R15,벨티드 와이드 슬랙스,TW,면바지,"69,900"
RM,E4,RMTWE49R16,부츠컷 슬랙스,TW,면바지,"59,900"
RM,E4,RMTWE49R17,투턱 쇼츠,TW,면바지,"59,900"
RM,E4,RMTWE49R19,코튼 세미와이드 팬츠,TW,면바지,0
RM,E4,RMTWE49R20,플리츠 치마반바지,TW,면바지,"69,900"
RM,E4,RMTWE49R22,[RE]밴딩 와이드 슬랙스(RMTWE26R22),TW,면바지,"59,900"
RM,E4,RMTWE4TR11,세미와이드 슬랙스,TW,면바지,"59,900"
RM,E4,RMTWE4TR12,패딩 숏츠(세트),TW,면바지,"69,900"
RM,E4,RMTWE4TR13,와이드 슬랙스,TW,면바지,"59,900"
RM,E4,RMTWE4TR14,코듀로이 와이드 팬츠,TW,면바지,"69,900"
RM,E4,RMTWE4TR51,울 쇼츠(세트),TW,면바지,"59,900"
RM,E4,RMTWE4VR11,부츠컷 슬랙스(기모),TW,면바지,"59,900"
RM,E4,RMTWE4VR12,롱 부츠컷 슬랙스(기모),TW,면바지,"59,900"
RM,E4,RMTWE4VR13,세미와이드 슬랙스(기모),TW,면바지,"59,900"
RM,E4,RMTWE4VR14,턱 와이드 슬랙스(기모),TW,면바지,"69,900"
RM,E4,RMTWE4VR15,울라이크 쇼츠(기모),TW,면바지,"59,900"
RM,E4,RMTWE4VR16,앵클 스트레이트 슬랙스(기모),TW,면바지,"59,900"
RM,E4,RMTWE4VR20,[RE] 플리츠 치마반바지(RMTWE49R20),TW,면바지,"69,900"
RM,F1,RMTWF11R01,베이직 셋업 슬랙스,TW,면바지,"49,900"
RM,F1,RMTWF11R02,베이직 셋업 슬랙스(+5cm),TW,면바지,"49,900"
RM,F1,RMTWF11R14,[RE]턱 와이드 슬랙스(기모) (RMTWE4VR14),TW,면바지,"69,900"
RM,F1,RMTWF12R11,턱 세미와이드 슬랙스,TW,면바지,"59,900"
RM,F1,RMTWF12R12,스트레이트 슬랙스,TW,면바지,"59,900"
RM,F2,RMTWF23R11,롱 부츠컷 슬랙스(세트),TW,면바지,"59,900"
RM,F2,RMTWF23R12,벨티드 와이드 슬랙스(세트),TW,면바지,"69,900"
RM,F2,RMTWF23R13,세미와이드 밴딩 슬랙스,TW,면바지,"59,900"
RM,F2,RMTWF23R14,부츠컷 슬랙스,TW,면바지,"59,900"
RM,F2,RMTWF23R17,코튼 팬츠,TW,면바지,"59,900"
RM,F2,RMTWF23R18,코튼 쇼츠,TW,면바지,"59,900"
RM,F2,RMTWF23RT1,[올데이슬랙스] 원턱 와이드 밴딩슬랙스 (숏ver.),TW,면바지,"59,900"
RM,F2,RMTWF23RT2,[올데이슬랙스] 원턱 와이드 밴딩슬랙스 (기본ver.),TW,면바지,"59,900"
RM,F2,RMTWF23RT3,[올데이슬랙스] 스트레이트 밴딩슬랙스 (숏ver.),TW,면바지,"59,900"
RM,F2,RMTWF23RT4,[올데이슬랙스] 스트레이트 밴딩슬랙스 (기본ver.),TW,면바지,"59,900"
RM,F2,RMTWF24R01,베이직 셋업 슬랙스,TW,면바지,"49,900"
RM,F2,RMTWF24R02,베이직 셋업 슬랙스 (+5cm),TW,면바지,"49,900"
RM,F2,RMTWF24R12,린넨라이크 롱부츠컷 슬랙스 (세트),TW,면바지,"59,900"
RM,F2,RMTWF24R13,린넨라이크 세미와이드 밴딩슬랙스,TW,면바지,"59,900"
RM,F2,RMTWF24R14,버뮤다 쇼츠,TW,면바지,"59,900"
RM,F2,RMTWF24RT1,레이어드 치마 바지,TW,면바지,0
RM,F2,RMTWF25R11,린넨라이크 세미와이드 슬랙스 (세트),TW,면바지,"59,900"
RM,F2,RMTWF25R12,린넨라이크 원턱 와이드 슬랙스 (세트) (기본ver.),TW,면바지,"59,900"
RM,F2,RMTWF25R13,린넨라이크 벨티드 와이드 슬랙스 (세트),TW,면바지,"69,900"
RM,F2,RMTWF25R14,린넨라이크 부츠컷 밴딩슬랙스,TW,면바지,"59,900"
RM,F2,RMTWF25R15,린넨라이크 쇼츠,TW,면바지,"59,900"
RM,F2,RMTWF25R17,코튼 원턱 쇼츠,TW,면바지,"59,900"
RM,F2,RMTWF25R19,린넨라이크 원턱 와이드 슬랙스 (세트) (숏ver.),TW,면바지,"59,900"
RM,F2,RMTWF25RT1,[올데이슬랙스] 원턱 와이드 밴딩슬랙스 (숏ver.),TW,면바지,"59,900"
RM,F2,RMTWF25RT2,[올데이슬랙스] 원턱 와이드 밴딩슬랙스 (기본ver.),TW,면바지,"59,900"
RM,F2,RMTWF25RT3,[올데이슬랙스] 스트레이트 밴딩슬랙스 (숏ver.),TW,면바지,"59,900"
RM,F2,RMTWF25RT4,[올데이슬랙스] 스트레이트 밴딩슬랙스 (기본ver.),TW,면바지,"59,900"
RM,F2,RMTWF26R11,풀 밴딩 와이드 팬츠,TW,면바지,"59,900"
RM,F2,RMTWF26R12,밴딩 와이드 슬랙스,TW,면바지,"59,900"
RM,F2,RMTWF26RT1,스커트 팬츠,TW,면바지,"69,900"
RM,F2,RMTWF26RT3,밴딩 쇼츠,TW,면바지,"59,900"
RM,F3,RMTWF37R12,해지데님 밴딩 와이드 팬츠(세트),TW,면바지,"59,900"
RM,F3,RMTWF37R14,밴딩 와이드 팬츠,TW,면바지,"59,900"
RM,F3,RMTWF37R15,[RE] 린넨라이크 세미와이드 슬랙스 (RMTWF25R11),TW,면바지,"59,900"
RM,F3,RMTWF37RT2,린넨 바지,TW,면바지,0
RM,F3,RMTWF37RT3,린넨 쇼츠,TW,면바지,"49,900"
RM,F3,RMTWF37RT4,린넨 바지,TW,면바지,"59,900"
RM,F3,RMTWF38R11,원턱 코튼 쇼츠,TW,면바지,"49,900"
RM,F3,RMTWF38R12,코튼 팬츠,TW,면바지,"59,900"
RM,F3,RMTWF38R14,[RE] 밴딩 와이드 팬츠(RMTWF37R14),TW,면바지,"59,900"
RM,F3,RMTWF38RT1,스트링 디테일 밴딩 팬츠,TW,면바지,"59,900"
RM,F3,RMTWF38RT2,카프리 팬츠,TW,면바지,"59,900"
RM,F4,RMTWF49R11,부츠컷 슬랙스,TW,면바지,0
RM,F4,RMTWF49R12,롱 부츠컷 슬랙스,TW,면바지,"59,900"
RM,F4,RMTWF49R13,[올데이슬랙스] 원턱 와이드 밴딩슬랙스(숏ver.),TW,면바지,"59,900"
RM,F4,RMTWF49R13,[올데이슬랙스] 원턱 와이드 밴딩슬랙스(숏ver.),TW,면바지,0
RM,F4,RMTWF49R14,[올데이슬랙스] 원턱 와이드 밴딩슬랙스(기본ver.),TW,면바지,"59,900"
RM,F4,RMTWF49R15,세미와이드 슬랙스 (세트),TW,면바지,"59,900"
RM,F4,RMTWF49R16,버뮤다 팬츠(세트),TW,면바지,"59,900"
RM,F4,RMTWF49R17,[RE] 스커트팬츠 (RMTWF26RT1),TW,면바지,"69,900"
RM,F4,RMTWF49R18,[올데이슬랙스] 사방스판 스트레이트 밴딩 슬랙스(숏ver.),TW,면바지,"59,900"
RM,F4,RMTWF49R19,[올데이슬랙스] 사방스판 스트레이트 밴딩 슬랙스(기본ver.),TW,면바지,"59,900"
RM,F4,RMTWF49RT1,벨티드 투턱 와이드 슬랙스 (세트),TW,면바지,"69,900"
RM,F4,RMTWF49RT2,코튼 와이드 팬츠,TW,면바지,"59,900"
RM,F4,RMTWF49RT3,[RE] 스트링 디테일 밴딩 팬츠(RMTWF38RT1),TW,면바지,"59,900"
RM,F4,RMTWF4TR11,스트레이트 밴딩 슬랙스,TW,면바지,"59,900"
RM,F4,RMTWF4TR15,버뮤다 팬츠,TW,면바지,"59,900"
RM,F4,RMTWF4TR19,랩 치마 바지,TW,면바지,"59,900"
RM,F4,RMTWF4TRT1,쇼츠 (세트),TW,면바지,"59,900"
RM,F4,RMTWF4VR11,기모 부츠컷 슬랙스,TW,면바지,"59,900"
RM,F4,RMTWF4VR12,기모 롱부츠컷 슬랙스,TW,면바지,"59,900"
RM,F4,RMTWF4VR14,[올데이슬랙스] 기모 원턱 와이드 밴딩슬랙스,TW,면바지,"59,900"
RM,F4,RMTWF4VR15,[올데이슬랙스] 사방스판 스트레이트 밴딩슬랙스 (숏ver.),TW,면바지,"59,900"
RM,F4,RMTWF4VR16,[올데이슬랙스] 사방스판 스트레이트 밴딩슬랙스 (기본ver.),TW,면바지,"59,900"
RM,F4,RMTWF4VR18,기모 앵클스트레이트 슬랙스,TW,면바지,"59,900"
RM,F4,RMTWF4VR22,기모 코듀로이 밴딩팬츠,TW,면바지,"59,900"
RM,F4,RMTWF4VR23,울 쇼츠,TW,면바지,"59,900"
RM,G1,RMTWG11R01,베이직 셋업 슬랙스,TW,면바지,"49,900"
RM,G1,RMTWG11R02,베이직 셋업 슬랙스 (+5cm),TW,면바지,"49,900"
RM,G1,RMTWG11R11,헤비기모 원턱 와이드 슬랙스,TW,면바지,"69,900"
RM,G1,RMTWG11R12,[올데이슬랙스] 헤비기모 사방스판 스트레이트 밴딩슬랙스,TW,면바지,"69,900"
RM,G1,RMTWG11R14,RE [올데이슬랙스] 기모 원턱 와이드 밴딩슬랙스 (RMTWF4VR14),TW,면바지,"59,900"
RM,G1,RMTWG12R13,비조 디테일 와이드 슬랙스,TW,면바지,"69,900"
RM,G1,RMTWG12RT1,스트레이트 슬랙스,TW,면바지,"59,900"
RM,G2,RMTWG23R11,[올데이슬랙스] (숏ver.) 원턱 와이드 밴딩슬랙스,TW,면바지,"59,900"
RM,G2,RMTWG23R12,[올데이슬랙스] (기본ver.) 원턱 와이드 밴딩슬랙스,TW,면바지,"59,900"
RM,G2,RMTWG23R13,[올데이슬랙스] (숏ver.) 사방스판 스트레이트 밴딩 슬랙스,TW,면바지,"59,900"
RM,G2,RMTWG23R14,[올데이슬랙스] (기본ver.) 사방스판 스트레이트 밴딩 슬랙스,TW,면바지,"59,900"
RM,G2,RMTWG23R15,부츠컷 슬랙스,TW,면바지,"59,900"
RM,G2,RMTWG23R16,롱 부츠컷 슬랙스,TW,면바지,"59,900"
RM,G2,RMTWG24R01,베이직 셋업 슬랙스,TW,면바지,"49,900"
RM,G2,RMTWG24R02,베이직 셋업 슬랙스 (+5cm),TW,면바지,"49,900"
RM,G2,RMTWG24R11,린넨라이크 세미와이드 슬랙스 (셋업),TW,면바지,"59,900"
RM,G2,RMTWG24R12,린넨라이크 부츠컷 슬랙스 (셋업),TW,면바지,"59,900"
RM,G2,RMTWG24R13,벨티드 투턱 와이드 슬랙스,TW,면바지,"69,900"
RM,G2,RMTWG24R14,벨티드 코튼 와이드팬츠,TW,면바지,"69,900"
RM,G2,RMTWG25NT1,벨티드 쇼츠,TW,면바지,"59,900"
RM,G2,RMTWG25R11,[올데이슬랙스] 원턱 와이드 밴딩슬랙스(숏ver.),TW,면바지,"59,900"
RM,G2,RMTWG25R12,[올데이슬랙스] 원턱 와이드 밴딩슬랙스(기본ver.),TW,면바지,0
RM,G2,RMTWG25R13,롱부츠 슬랙스,TW,면바지,"59,900"
RM,G2,RMTWG25R14,[올데이슬랙스] 사방스판 스트레이트 밴딩 슬랙스(숏ver.),TW,면바지,"59,900"
RM,G2,RMTWG25R15,[올데이슬랙스] 사방스판 스트레이트 밴딩 슬랙스(기본ver.),TW,면바지,0
RM,G2,RMTWG25R16,벨티드 코튼 쇼츠,TW,면바지,"59,900"
RM,G2,RMTWG25RT1,벨티드 랩 치마바지,TW,면바지,"59,900"
RM,G2,RMTWG25RT2,벨티드 미니 스커트형 팬츠,TW,면바지,"59,900"
RM,G2,RMTWG26R11,풀밴딩 와이드 팬츠,TW,면바지,"59,900"
RM,G2,RMTWG26R12,A라인 투턱 쇼츠,TW,면바지,"59,900"
RM,G2,RMTWG26RT2,컬러 코튼 팬츠,TW,면바지,"69,900"
RM,G3,RMTWG37R11,린넨 벨티드 원턱 슬랙스,TW,면바지,"59,900"
RM,G3,RMTWG37R12,린넨 쇼츠,TW,면바지,"59,900"
RM,G3,RMTWG37R13,벨티드 스트레이트 밴딩 슬랙스,TW,면바지,"69,900"
RM,G3,RMTWG37R14,[RE] [올데이슬랙스] 사방스판 스트레이트(RMTWG25R14),TW,면바지,"59,900"
RM,G3,RMTWG37R15,[RE] [올데이슬랙스] 원턱 와이드 밴딩 슬랙스 (RMTWG25R11),TW,면바지,"59,900"
RM,G3,RMTWG37R16,[RE] 풀밴딩 와이드 팬츠 (RMTWG26R11),TW,면바지,"59,900"
RM,G3,RMTWG37RT1,풀밴딩 컬러 와이드 팬츠,TW,면바지,"59,900"
RM,G3,RMTWG38R11,밴딩 플리츠 와이드 팬츠,TW,면바지,"59,900"
RM,G3,RMTWG38R12,레이어드 랩 스커트 팬츠,TW,면바지,"69,900"
RM,G3,RMTWG38R13,[RE] 벨티드 미니 스커트형 팬츠 (RMTWG25RT2),TW,면바지,"59,900"
RM,G3,RMTWG38RT1,풀밴딩 와이드 팬츠,TW,면바지,"59,900"
RM,G4,RMTWG49A11,[올데이] 사방스판 스트레이트 밴딩 슬랙스,TW,면바지,"59,900"
RM,G4,RMTWG49A51,[올데이] 벨티드 원턱 와이드 밴딩 슬랙스 (세트),TW,면바지,"69,900"
RM,G4,RMTWG49R01,베이직 셋업 슬랙스,TW,면바지,"49,900"
RM,G4,RMTWG49R02,베이직 셋업 슬랙스 (+5cm),TW,면바지,"49,900"
RM,G4,RMTWG49R17,턱 와이드 코튼 팬츠,TW,면바지,"69,900"
RM,G4,RMTWG49R52,부츠컷 슬랙스 (세트),TW,면바지,"59,900"
RM,G4,RMTWG49R55,플레어핏 슬랙스 (세트),TW,면바지,"59,900"
RM,G4,RMTWG49R91,린넨라이크 세미와이드 슬랙스 (세트),TW,면바지,"59,900"
RM,G4,RMTWG49R92,린넨라이크 원턱 와이드 슬랙스 (세트),TW,면바지,"59,900"
RM,G4,RMTWG49R93,기모 원턱 와이드 밴딩슬랙스,TW,면바지,"59,900"
RM,G4,RMTWG49RT1,새틴 밴딩 팬츠,TW,면바지,0
RM,G4,RMTWG4TR11,컬러 코듀로이 팬츠,TW,면바지,"69,900"
RM,G4,RMTWG4TR12,언발 디테일 투턱 슬랙스,TW,면바지,0
RM,G4,RMTWG4VA11,[올데이] 기모 원턱 와이드 밴딩 슬랙스,TW,면바지,0
RM,G4,RMTWG4VA12,[올데이] 기모 사방스판 스트레이트 슬랙스,TW,면바지,"59,900"
RM,G4,RMTWG4VR13,기모 부츠컷 슬랙스,TW,면바지,0
RM,G4,RMTWG4VR14,스트라이프 벨티드 세미와이드 슬랙스,TW,면바지,"69,900"
RM,G4,RMTWG4VR15,기모 울 쇼츠,TW,면바지,0
RM,G4,RMTWG4VR51,울 치마바지 (세트),TW,면바지,0
RM,E4,RMVWE4TR11,다운 베스트,VW,점퍼,"99,900"
RM,E4,RMVWE4TR12,후드 다운 베스트,VW,점퍼,"129,000"
RM,F4,RMVWF4TR11,경량 다운 베스트,VW,점퍼,0
RM,E1,RMWHE11R01,베이직 셋업 스커트,WH,면바지,"49,900"
RM,E1,RMWHE11R02,베이직 셋업 스커트(+5cm),WH,면바지,"49,900"
RM,E1,RMWHE11R51,트위드 미니스커트(세트),WH,면바지,"59,900"
RM,E1,RMWHE11R52,트위드 스커트(세트),WH,면바지,"59,900"
RM,E1,RMWHE11R53,울 미니스커트 (세트),WH,면바지,"59,900"
RM,E1,RMWHE11R99,퀼팅 미니스커트,WH,면바지,"69,900"
RM,E1,RMWHE11RT1,잔체크 플리츠 미니스커트,WH,면바지,"69,900"
RM,E1,RMWHE11RT2,컬러믹스 미니스커트(세트),WH,면바지,"59,900"
RM,E1,RMWHE11RT4,미디기장 스커트,WH,면바지,"59,900"
RM,E1,RMWHE11RT5,울 플리츠 롱스커트,WH,면바지,"79,900"
RM,E1,RMWHE12R11,플레어 롱스커트,WH,면바지,"69,900"
RM,E1,RMWHE12R11,플레어 롱스커트,WH,면바지,0
RM,E1,RMWHE12R16,[RE]슬릿 롱 스커트(RMWHD4TR52),WH,면바지,"79,900"
RM,E1,RMWHE12R54,트위드 미니스커트(세트),WH,면바지,"59,900"
RM,E1,RMWHE12R55,트위드 롱스커트(세트),WH,면바지,"69,900"
RM,E1,RMWHE12R56,트위드 롱스커트(세트),WH,면바지,"69,900"
RM,E1,RMWHE12R57,트위드 미니스커트(세트),WH,면바지,"59,900"
RM,E1,RMWHE12RT1,플리츠 미니스커트(세트),WH,면바지,"69,900"
RM,E1,RMWHE12RT2,플레어 롱 스커트(세트),WH,면바지,"69,900"
RM,E1,RMWHE12S71,[시그니처] 트위드 플레어 롱 스커트,WH,면바지,"179,000"
RM,E1,RMWHE12S72,[시그니처] 플라워 자수 롱 스커트,WH,면바지,"179,000"
RM,E2,RMWHE23R11,벨티드 롱스커트,WH,면바지,"69,900"
RM,E2,RMWHE23R51,트위드 스커트(세트),WH,면바지,"59,900"
RM,E2,RMWHE23R52,미니스커트(세트),WH,면바지,"59,900"
RM,E2,RMWHE23R53,트위드 미니스커트(세트),WH,면바지,"59,900"
RM,E2,RMWHE23R99,트위드 미니 스커트(세트),WH,면바지,"59,900"
RM,E2,RMWHE23RT1,슬릿 롱 스커트(세트),WH,면바지,0
RM,E2,RMWHE23RT2,슬릿 롱 스커트(세트),WH,면바지,"69,900"
RM,E2,RMWHE24R01,베이직 셋업 스커트,WH,면바지,"49,900"
RM,E2,RMWHE24R02,베이직 셋업 스커트(+5cm),WH,면바지,"49,900"
RM,E2,RMWHE24R11,리본 플레어 롱스커트,WH,면바지,"69,900"
RM,E2,RMWHE24R13,린넨라이크 롱스커트,WH,면바지,"69,900"
RM,E2,RMWHE24R51,트위드 미니스커트(세트),WH,면바지,"59,900"
RM,E2,RMWHE24R52,카고 롱스커트(세트),WH,면바지,"59,900"
RM,E2,RMWHE24RT1,롱 플리츠 스커트(세트),WH,면바지,"69,900"
RM,E2,RMWHE24RT3,레이스 롱 스커트,WH,면바지,"59,900"
RM,E2,RMWHE25R11,[RE]리본 플레어 롱스커트(RMWHE24R11),WH,면바지,"69,900"
RM,E2,RMWHE25R12,핀턱 플레어 롱스커트,WH,면바지,"69,900"
RM,E2,RMWHE25R14,플리츠 미니스커트,WH,면바지,"59,900"
RM,E2,RMWHE25R15,[RE]린넨라이크 롱스커트(RMWHE24R13),WH,면바지,0
RM,E2,RMWHE25R53,트위드 미니스커트(세트),WH,면바지,"59,900"
RM,E2,RMWHE25R54,트위드 롱스커트(세트),WH,면바지,"79,900"
RM,E2,RMWHE25R55,레이스 스커트(세트),WH,면바지,"69,900"
RM,E2,RMWHE25R99,트위드 미니 스커트(세트),WH,면바지,"59,900"
RM,E2,RMWHE25S71,[시그니처] 아일렛 풀스커트,WH,면바지,"179,000"
RM,E2,RMWHE25S72,[시그니처] 트위드 플레어 롱 스커트,WH,면바지,"179,000"
RM,E2,RMWHE26R15,풀 스커트,WH,면바지,"69,900"
RM,E3,RMWHE37R51,[RE]린넨라이크 롱스커트(RMWHE24R13),WH,면바지,"69,900"
RM,E3,RMWHE37RT5,텍스처블록 롱 스커트,WH,면바지,"69,900"
RM,E3,RMWHE37RT7,꽃자수 텍스처블록 롱 스커트,WH,면바지,"69,900"
RM,E3,RMWHE37S51,프릴 트위드 미니스커트(세트),WH,면바지,"59,900"
RM,E3,RMWHE37S52,레이스 플레어 스커트(세트),WH,면바지,"69,900"
RM,E3,RMWHE37S99,트위드 미니스커트(세트),WH,면바지,"59,900"
RM,E3,RMWHE38R12,플레어 롱 스커트(세트),WH,면바지,"69,900"
RM,E3,RMWHE38R52,플리츠 플레어 롱 스커트(세트),WH,면바지,"69,900"
RM,E3,RMWHE38S51,트위드 미니스커트(세트),WH,면바지,"59,900"
RM,E4,RMWHE49R01,베이직 셋업 스커트,WH,면바지,"49,900"
RM,E4,RMWHE49R02,베이직 셋업 스커트(+5cm),WH,면바지,"49,900"
RM,E4,RMWHE49R11,H라인 롱 스커트,WH,면바지,"69,900"
RM,E4,RMWHE49R12,벨티드 플리츠 미니스커트,WH,면바지,"69,900"
RM,E4,RMWHE49R17,변형소재 티어드 롱 스커트,WH,면바지,"69,900"
RM,E4,RMWHE49R18,코튼 플리츠 롱 스커트,WH,면바지,"69,900"
RM,E4,RMWHE49RT3,날개사 롱 스커트,WH,면바지,"69,900"
RM,E4,RMWHE49S51,트위드 롱 스커트(세트),WH,면바지,"69,900"
RM,E4,RMWHE49S52,트위드 플리츠 미니스커트(세트),WH,면바지,"69,900"
RM,E4,RMWHE49S53,트위드 미니스커트(세트),WH,면바지,"59,900"
RM,E4,RMWHE49S71,[시그니처] 체크 트위드 롱 스커트,WH,면바지,"179,000"
RM,E4,RMWHE49S72,[시그니처] 밑단 배색 풀 스커트,WH,면바지,"179,000"
RM,E4,RMWHE49S99,트위드 미니 스커트(세트),WH,면바지,"59,900"
RM,E4,RMWHE4CR11,스팽글 스커트,WH,면바지,"69,900"
RM,E4,RMWHE4CR51,미니스커트(세트),WH,면바지,"59,900"
RM,E4,RMWHE4TR11,코듀로이 롱 스커트,WH,면바지,"59,900"
RM,E4,RMWHE4TR12,패딩 미니스커트(세트),WH,면바지,"69,900"
RM,E4,RMWHE4TR13,플리츠 롱 스커트,WH,면바지,"69,900"
RM,E4,RMWHE4TR14,새틴 롱 스커트,WH,면바지,"59,900"
RM,E4,RMWHE4TR16,벨티드 플레어 롱스커트,WH,면바지,"69,900"
RM,E4,RMWHE4TR17,[RE]H라인 롱 스커트(RMWHE49R11),WH,면바지,"69,900"
RM,E4,RMWHE4TR51,울 미니스커트(세트),WH,면바지,"59,900"
RM,E4,RMWHE4TR52,울 플레어 롱스커트(세트),WH,면바지,"79,900"
RM,E4,RMWHE4TR53,울 H라인 롱스커트 (세트),WH,면바지,"69,900"
RM,E4,RMWHE4TR54,울 플리츠 미니스커트(세트),WH,면바지,"69,900"
RM,E4,RMWHE4TR55,울 미니스커트(세트),WH,면바지,"69,900"
RM,E4,RMWHE4TS51,트위드 미니스커트(세트),WH,면바지,"59,900"
RM,E4,RMWHE4VR11,밑단 절개 롱 스커트,WH,면바지,"69,900"
RM,E4,RMWHE4VR12,울 플리츠 롱 스커트,WH,면바지,"79,900"
RM,E4,RMWHE4VR13,풀 스커트,WH,면바지,"69,900"
RM,E4,RMWHE4VR14,[RE]울 H라인 롱 스커트(RMWHE49R11),WH,면바지,"79,900"
RM,E4,RMWHE4VS51,트위드 미니스커트(세트),WH,면바지,"59,900"
RM,E4,RMWHE4VS53,[RE] 트위드 미니스커트(세트)(RMWHE49S53),WH,면바지,"59,900"
RM,E4,RMWHE4VS71,[시그니처] 트위드 미니 스커트,WH,면바지,"129,000"
RM,E4,RMWHE4VS72,[시그니처] 크링클 롱 스커트,WH,면바지,"179,000"
RM,F1,RMWHF11R01,베이직 셋업 스커트,WH,면바지,"49,900"
RM,F1,RMWHF11R02,베이직 셋업 스커트(+5cm),WH,면바지,"49,900"
RM,F1,RMWHF11R11,플리츠 롱 스커트,WH,면바지,"69,900"
RM,F1,RMWHF11R12,플리츠 미니 스커트,WH,면바지,"59,900"
RM,F1,RMWHF11R54,[RE] 울 플리츠 미니스커트(세트)(RMWHE4TR54),WH,면바지,"69,900"
RM,F1,RMWHF11S51,트위드 미니 스커트(세트),WH,면바지,"59,900"
RM,F1,RMWHF11S52,배색 트위드 미니스커트(세트),WH,면바지,"59,900"
RM,F1,RMWHF12R11,H라인 롱 스커트,WH,면바지,"69,900"
RM,F1,RMWHF12R12,플레어 롱 스커트,WH,면바지,"69,900"
RM,F1,RMWHF12R13,레이스 H라인 스커트,WH,면바지,"69,900"
RM,F1,RMWHF12R51,울 미니 스커트(세트),WH,면바지,"59,900"
RM,F1,RMWHF12RT1,플리츠 미니스커트,WH,면바지,"69,900"
RM,F1,RMWHF12S54,트위드 플레어 미니스커트 (세트),WH,면바지,"59,900"
RM,F1,RMWHF12S55,트위드 롱 스커트 (세트),WH,면바지,"69,900"
RM,F1,RMWHF12S56,자카드 스커트 (세트),WH,면바지,"99,900"
RM,F2,RMWHF23R11,플리츠 롱 스커트(세트),WH,면바지,"69,900"
RM,F2,RMWHF23R12,소재변형 미니 스커트,WH,면바지,"59,900"
RM,F2,RMWHF23R13,플리츠 코튼 롱 스커트,WH,면바지,"69,900"
RM,F2,RMWHF23RT2,벌룬 미니 스커트,WH,면바지,"69,900"
RM,F2,RMWHF23S51,트위드 미니스커트(세트),WH,면바지,"59,900"
RM,F2,RMWHF23S52,체크 트위드 미니스커트(세트),WH,면바지,"59,900"
RM,F2,RMWHF23S71,[시그니처] 플레어 롱 스커트,WH,면바지,"99,900"
RM,F2,RMWHF23S72,[시그니처] 페플럼 스커트,WH,면바지,"99,900"
RM,F2,RMWHF24R01,베이직 셋업 스커트,WH,면바지,"49,900"
RM,F2,RMWHF24R02,베이직 셋업 스커트(+5cm),WH,면바지,"49,900"
RM,F2,RMWHF24R12,플레어 롱 스커트,WH,면바지,"69,900"
RM,F2,RMWHF24R13,린넨라이크 플리츠 롱 스커트 (세트),WH,면바지,"69,900"
RM,F2,RMWHF24R14,린넨라이크 플리츠 스커트,WH,면바지,"59,900"
RM,F2,RMWHF24RT1,밴딩 플레어 롱 스커트 (세트),WH,면바지,"59,900"
RM,F2,RMWHF24S51,트위드 미니 스커트 (세트),WH,면바지,"59,900"
RM,F2,RMWHF25R11,린넨라이크 H라인 롱 스커트 (세트),WH,면바지,"69,900"
RM,F2,RMWHF25R12,리본 롱 스커트,WH,면바지,"69,900"
RM,F2,RMWHF25R16,화섬 플레어 롱스커트 (세트),WH,면바지,"69,900"
RM,F2,RMWHF25S51,체크 트위드 미니 스커트 (세트),WH,면바지,"59,900"
RM,F2,RMWHF25S52,조직감 롱 스커트 (세트),WH,면바지,"79,900"
RM,F2,RMWHF25S53,레이스 스커트 (세트),WH,면바지,"79,900"
RM,F2,RMWHF26R11,코튼 플레어 롱 스커트,WH,면바지,0
RM,F2,RMWHF26RT1,오간자 롱 스커트,WH,면바지,"59,900"
RM,F2,RMWHF26RT2,쉬폰체크 롱 스커트,WH,면바지,"59,900"
RM,F2,RMWHF26S51,트위드 미니 스커트 (세트),WH,면바지,0
RM,F3,RMWHF37R15,코튼 플레어 롱 스커트,WH,면바지,"69,900"
RM,F3,RMWHF37RT1,린넨 롱 스커트,WH,면바지,"69,900"
RM,F3,RMWHF37RT2,[RE] 쉬폰체크 롱 스커트 RMWHF26RT2,WH,면바지,"59,900"
RM,F3,RMWHF37S51,트위드 미니 스커트 (세트),WH,면바지,"59,900"
RM,F3,RMWHF38RT1,레이어드 롱 스커트,WH,면바지,"59,900"
RM,F3,RMWHF38RT2,슬릿 롱 스커트,WH,면바지,"59,900"
RM,F3,RMWHF38RT3,[RE] 오간자 롱 스커트 (RMWHF26RT1),WH,면바지,0
RM,F3,RMWHF38RT4,조직감 밴딩 롱 스커트,WH,면바지,"59,900"
RM,F4,RMWHF49R13,새틴 롱 스커트,WH,면바지,"59,900"
RM,F4,RMWHF49R14,시스루 랩 스커트,WH,면바지,"29,900"
RM,F4,RMWHF49R15,롱 플레어 스커트,WH,면바지,"69,900"
RM,F4,RMWHF49R16,언발 머메이드 롱 스커트,WH,면바지,"59,900"
RM,F4,RMWHF49RT1,머메이드 롱 스커트,WH,면바지,"59,900"
RM,F4,RMWHF49RT3,셔링디테일 H라인 롱 스커트,WH,면바지,"59,900"
RM,F4,RMWHF49RT4,도트 레이어드 롱 스커트,WH,면바지,"59,900"
RM,F4,RMWHF49S51,트위드 미니 스커트 (세트),WH,면바지,"59,900"
RM,F4,RMWHF4TR11,울 H라인 롱스커트,WH,면바지,0
RM,F4,RMWHF4TR15,H라인 롱 스커트,WH,면바지,"69,900"
RM,F4,RMWHF4TR51,울 미니스커트(세트),WH,면바지,0
RM,F4,RMWHF4TR52,미니 플리츠 스커트 (세트),WH,면바지,"59,900"
RM,F4,RMWHF4TR53,울 플레어 롱스커트(세트),WH,면바지,0
RM,F4,RMWHF4TR54,울 미니 스커트 (세트),WH,면바지,0
RM,F4,RMWHF4TRT1,레이어드 롱스커트 (세트),WH,면바지,"69,900"
RM,F4,RMWHF4TRT2,레이어드 미니 스커트,WH,면바지,"59,900"
RM,F4,RMWHF4TRT3,체크 롱 스커트,WH,면바지,"59,900"
RM,F4,RMWHF4TRT4,[RE] 레이어드 롱 스커트(RMWHF38RT1),WH,면바지,"59,900"
RM,F4,RMWHF4TRT5,체인 장식 랩 미니 스커트,WH,면바지,"69,900"
RM,F4,RMWHF4TS52,트위드 미니 스커트 (세트),WH,면바지,"59,900"
RM,F4,RMWHF4TST1,드레이프 랩 스커트,WH,면바지,"69,900"
RM,F4,RMWHF4TST2,A라인 롱스커트 (세트),WH,면바지,"69,900"
RM,F4,RMWHF4VR11,울라이크 플레어 롱 스커트,WH,면바지,"69,900"
RM,F4,RMWHF4VR12,풀 스커트,WH,면바지,"69,900"
RM,F4,RMWHF4VR13,기모 H라인 롱스커트,WH,면바지,"69,900"
RM,F4,RMWHF4VR51,울 미니스커트(세트),WH,면바지,"59,900"
RM,F4,RMWHF4VR52,울 플리츠 미니스커트,WH,면바지,"69,900"
RM,F4,RMWHF4VR53,울 플레어 롱스커트(세트),WH,면바지,"79,900"
RM,F4,RMWHF4VR54,울 미니 스커트 (세트),WH,면바지,"59,900"
RM,F4,RMWHF4VR54,울 미니 스커트 (세트),WH,면바지,0
RM,F4,RMWHF4VRT1,코듀로이 미니 스커트,WH,면바지,"59,900"
RM,F4,RMWHF4VS51,트위드 미니 스커트 (세트),WH,면바지,"59,900"
RM,F4,RMWHF4VST1,[RE] 드레이프 랩 스커트 (RMWHF4TST1),WH,면바지,0
RM,G1,RMWHG11R01,베이직 셋업 스커트,WH,면바지,"49,900"
RM,G1,RMWHG11R11,울 플레어 롱 스커트,WH,면바지,"79,900"
RM,G1,RMWHG11S11,도트 풀 스커트,WH,면바지,"99,900"
RM,G1,RMWHG11S51,트위드 미니 스커트 (세트),WH,면바지,"59,900"
RM,G1,RMWHG12S51,트위드 미니 스커트 (세트),WH,면바지,"59,900"
RM,G2,RMWHG23R11,플리츠 미니 스커트 (셋업),WH,면바지,"69,900"
RM,G2,RMWHG23R12,레이어드 리본 롱스커트,WH,면바지,"69,900"
RM,G2,RMWHG23R13,H라인 롱 스커트 (세트),WH,면바지,"59,900"
RM,G2,RMWHG23R14,코튼 플레어 미니 스커트,WH,면바지,"59,900"
RM,G2,RMWHG23S12,롱 플레어 스커트,WH,면바지,"79,900"
RM,G2,RMWHG23ST1,프릴 플리츠 스커트,WH,면바지,0
RM,G2,RMWHG23ST2,언발 롱 스커트,WH,면바지,"59,900"
RM,G2,RMWHG24R01,베이직 셋업 스커트,WH,면바지,"49,900"
RM,G2,RMWHG24R11,벨티드 H라인 롱 스커트 (세트),WH,면바지,"69,900"
RM,G2,RMWHG24R12,레이스디테일 새틴 스커트,WH,면바지,"69,900"
RM,G2,RMWHG24R13,리본 디테일 코튼 롱 스커트,WH,면바지,0
RM,G2,RMWHG24RT1,체크 롱 스커트,WH,면바지,"69,900"
RM,G2,RMWHG24S51,트위드 미니 스커트 (세트),WH,면바지,"59,900"
RM,G2,RMWHG25R11,시스루 레이어드 미니 스커트,WH,면바지,"59,900"
RM,G2,RMWHG25R12,A라인 롱 스커트,WH,면바지,"69,900"
RM,G2,RMWHG25R13,코튼 아일렛 밴딩 롱 스커트,WH,면바지,"69,900"
RM,G2,RMWHG25R14,턱 디테일 A라인 롱스커트,WH,면바지,"69,900"
RM,G2,RMWHG25RT1,[RE] H라인 롱 스커트(RMWHG23R13),WH,면바지,"59,900"
RM,G2,RMWHG25RT2,밑단 자수 A라인 밴딩 스커트,WH,면바지,"59,900"
RM,G2,RMWHG25S11,A라인 롱 스커트,WH,면바지,"59,900"
RM,G2,RMWHG26R11,롱 플레어 스커트,WH,면바지,"69,900"
RM,G2,RMWHG26R12,시스루 레이어드 스커트,WH,면바지,"59,900"
RM,G2,RMWHG26RT1,턱 디테일 스트라이프 스커트,WH,면바지,"69,900"
RM,G2,RMWHG26S11,시스루 롱 스커트,WH,면바지,"69,900"
RM,G2,RMWHG26YT1,플레어 미니 스커트,WH,면바지,"69,900"
RM,G2,RMWHG26YT2,레이어드 미디 스커트,WH,면바지,"79,900"
RM,G3,RMWHG37R11,린넨 롱 A라인 스커트,WH,면바지,"69,900"
RM,G3,RMWHG37RT1,새틴 미니 스커트,WH,면바지,"59,900"
RM,G3,RMWHG37RT2,플리워 프린팅 미디 스커트,WH,면바지,"69,900"
RM,G3,RMWHG37RT3,체크 미니 스커트,WH,면바지,"59,900"
RM,G3,RMWHG37RT4,자수 레이스 스커트,WH,면바지,"59,900"
RM,G3,RMWHG37S11,[RE] 시스루 롱 스커트 (RMWHG26S11),WH,면바지,"69,900"
RM,G3,RMWHG38R12,플리츠 롱 스커트 (세트),WH,면바지,"59,900"
RM,G3,RMWHG38R13,[RE] 시스루 레이어드 스커트(RMWHG26R12),WH,면바지,"59,900"
RM,G3,RMWHG38S11,A라인 미니스커트,WH,면바지,"59,900"
RM,G4,RMWHG49R02,베이직 셋업 스커트,WH,면바지,"49,900"
RM,G4,RMWHG49R17,롱 플레어 스커트,WH,면바지,"69,900"
RM,G4,RMWHG49R55,A라인 미니스커트 (세트),WH,면바지,"59,900"
RM,G4,RMWHG49R56,벨티드 H라인 롱스커트 (세트),WH,면바지,"69,900"
RM,G4,RMWHG49R91,리본 플레어 롱스커트,WH,면바지,"69,900"
RM,G4,RMWHG49R92,울 플레어 롱스커트,WH,면바지,"79,900"
RM,G4,RMWHG49RT1,도트 패턴 미디 스커트,WH,면바지,0
RM,G4,RMWHG49RT2,[RE] H라인 롱 스커트 (RMWHG23R13),WH,면바지,0
RM,G4,RMWHG49RT3,새틴 롱 스커트,WH,면바지,0
RM,G4,RMWHG49RT4,[RE] 크링를 맥시 롱 스커트 (RMWHG38RTA),WH,면바지,0
RM,G4,RMWHG49S51,트위드 미니 스커트 (세트),WH,면바지,"59,900"
RM,G4,RMWHG4TR13,랩 디테일 롱 스커트,WH,면바지,0
RM,G4,RMWHG4TR14,스웨이드 언발 랩 스커트,WH,면바지,0
RM,G4,RMWHG4TS51,트위드 미니 스커트 (셋업),WH,면바지,0
RM,G4,RMWHG4VN11,슬릿 디테일 울 미니 스커트 (세트),WH,면바지,0
RM,G4,RMWHG4VR11,울 블렌디드 플레어 롱 스커트,WH,면바지,0
RM,G4,RMWHG4VR12,비죠 플리츠 미디 스커트,WH,면바지,0
RM,G4,RMWHG4VR52,핸드메이드 미니스커트,WH,면바지,0
RM,E1,RMYWE12R11,루즈핏 셔츠,YW,남방,"59,900"
RM,E1,RMYWE12R12,레이스 카라 셔츠,YW,남방,"59,900"
RM,E1,RMYWE12R13,슬림핏 볼륨 셔츠,YW,남방,"59,900"
RM,E2,RMYWE23R11,크롭 셔츠,YW,남방,"59,900"
RM,E2,RMYWE23R12,밴딩 셔츠,YW,남방,0
RM,E2,RMYWE23RT1,타이형 루즈핏 랩 셔츠,YW,남방,"69,900"
RM,E2,RMYWE24R01,베이직 7부 셔츠,YW,남방,"49,900"
RM,E2,RMYWE24R12,루즈핏 셔츠,YW,남방,"59,900"
RM,E2,RMYWE24R13,뷔스티에 매칭셔츠,YW,남방,"69,900"
RM,E2,RMYWE24R15,린넨 셔츠,YW,남방,"59,900"
RM,E2,RMYWE24RT1,언발 오프숄더 셔츠,YW,남방,"59,900"
RM,E2,RMYWE25R14,린넨라이크 반팔 셔켓,YW,남방,"59,900"
RM,E2,RMYWE25R55,레이스 셔츠(세트),YW,남방,"69,900"
RM,E2,RMYWE26R13,[RE]뷔스티에 매칭 셔츠(RMYWE24R13),YW,남방,"69,900"
RM,E2,RMYWE26R17,매듭 크롭 셔츠,YW,남방,"59,900"
RM,E3,RMYWE37R01,[RE]베이직 7부 셔츠(RMYWE24R01),YW,남방,"49,900"
RM,E3,RMYWE37RT5,리본 크롭 셔츠,YW,남방,"59,900"
RM,E3,RMYWE37RT6,백리본 루즈핏 셔츠,YW,남방,"59,900"
RM,E4,RMYWE49R11,크롭 셔츠,YW,남방,"59,900"
RM,E4,RMYWE49R12,TR 베이직 셔츠,YW,남방,"49,900"
RM,E4,RMYWE49RT1,스트링 셔츠,YW,남방,"69,900"
RM,E4,RMYWE49RT2,루즈핏 셔츠,YW,남방,"59,900"
RM,E4,RMYWE49S12,레이스 셔츠,YW,남방,"69,900"
RM,E4,RMYWE49S14,뷔스티에 매칭 셔츠,YW,남방,"69,900"
RM,E4,RMYWE4CRT1,니트 뷔스티에 매칭 셔츠,YW,남방,0
RM,E4,RMYWE4TR15,타이 셔츠,YW,남방,"59,900"
RM,E4,RMYWE4VS14,[RE] 뷔스티에 매칭 셔츠(RMYWE49S14),YW,남방,"69,900"
RM,F1,RMYWF11RT1,니트 뷔스티에 매칭 셔츠,YW,남방,"69,900"
RM,F1,RMYWF12R13,니트 뷔스티에 매칭 셔츠,YW,남방,"69,900"
RM,F1,RMYWF12R14,루즈핏 셔츠,YW,남방,"59,900"
RM,F1,RMYWF12R15,소프트 셔링 셔츠,YW,남방,"59,900"
RM,F2,RMYWF23R15,크롭 셔츠,YW,남방,"59,900"
RM,F2,RMYWF23R16,밴딩 셔츠,YW,남방,"69,900"
RM,F2,RMYWF24R05,7부 셔츠,YW,남방,"59,900"
RM,F2,RMYWF24R11,뷔스티에 매칭 셔츠,YW,남방,"69,900"
RM,F2,RMYWF24R12,오프숄더 셔츠,YW,남방,"59,900"
RM,F2,RMYWF24R13,오픈카라 밴딩 셔츠,YW,남방,"69,900"
RM,F2,RMYWF24RT1,[올데이셔츠] 링클프리 셔츠,YW,남방,"49,900"
RM,F2,RMYWF24RT2,[올데이셔츠] 스트라이프 셔츠,YW,남방,"59,900"
RM,F2,RMYWF25R11,오픈카라 스트랩 셔츠,YW,남방,"59,900"
RM,F2,RMYWF25R13,크롭 시스루 셔츠,YW,남방,"59,900"
RM,F2,RMYWF25S53,레이스 셔츠 (세트),YW,남방,"79,900"
RM,F2,RMYWF26R11,백리본 긴팔 셔츠,YW,남방,0
RM,F2,RMYWF26R12,스트라이프 긴팔 롱 셔츠,YW,남방,0
RM,F2,RMYWF26RT1,[올데이셔츠] 링클프리 반팔 셔츠,YW,남방,"49,900"
RM,F3,RMYWF37R11,백리본 긴팔 셔츠,YW,남방,"59,900"
RM,F3,RMYWF37R12,시스루 긴팔 셔츠,YW,남방,"49,900"
RM,F3,RMYWF37R14,스트링 시스루 셔츠,YW,남방,"59,900"
RM,F3,RMYWF37R19,스트라이프 긴팔 셔츠,YW,남방,"59,900"
RM,F3,RMYWF37RT1,[RE] 뷔스티에 매칭 셔츠(RMYWF24R11),YW,남방,"69,900"
RM,F3,RMYWF37RT5,블루종 셔츠,YW,남방,"59,900"
RM,F3,RMYWF38R11,[RE] 백리본 긴팔 셔츠(RMYWF37R11),YW,남방,"59,900"
RM,F3,RMYWF38R13,[RE] 크롭 시스루 셔츠 (RMYWF25R13),YW,남방,"59,900"
RM,F3,RMYWF38R99,시스루 긴팔 셔츠,YW,남방,"49,900"
RM,F3,RMYWF38RT1,[올데이셔츠] 링클프리 반팔 롤업 셔츠,YW,남방,"49,900"
RM,F3,RMYWF38RT2,시스루 셔츠 나시 세트,YW,남방,"79,900"
RM,F3,RMYWF38RT5,[RE] 블루종 셔츠(RMYWF37RT5),YW,남방,"59,900"
RM,F4,RMYWF49R11,[올데이셔츠] 링클프리 셔츠,YW,남방,"49,900"
RM,F4,RMYWF49R12,뷔스티에 매칭 셔츠 (세트),YW,남방,"69,900"
RM,F4,RMYWF49R13,랩 셔츠,YW,남방,"59,900"
RM,F4,RMYWF49R14,뷔스티에 니트 매칭 셔츠,YW,남방,"79,900"
RM,F4,RMYWF49R15,[올데이셔츠] 링클프리 루즈핏 스트라이프 셔츠,YW,남방,"59,900"
RM,F4,RMYWF49R99,루즈핏 스트라이프 긴팔 셔츠,YW,남방,"59,900"
RM,F4,RMYWF49RT1,백트임 긴팔 셔츠,YW,남방,"59,900"
RM,F4,RMYWF49RT2,시스루 백슬릿 셔츠,YW,남방,"59,900"
RM,F4,RMYWF49S11,트위드 매칭 셔츠,YW,남방,"79,900"
RM,F4,RMYWF4CST1,트위드 매칭 셔츠,YW,남방,"79,900"
RM,F4,RMYWF4VS11,[RE] 트위드 매칭 셔츠 (RMYWF49S11),YW,남방,"79,900"
RM,G1,RMYWG12ST1,트위드 매칭 셔츠,YW,남방,"79,900"
RM,G2,RMYWG23R11,[올데이셔츠] 링클프리 셔츠,YW,남방,"49,900"
RM,G2,RMYWG23R12,[올데이셔츠] 링클프리 오버핏 셔츠,YW,남방,"59,900"
RM,G2,RMYWG23ST1,리본타이 셔츠,YW,남방,"59,900"
RM,G2,RMYWG24NT2,배색 카라 스트라이프 셔츠,YW,남방,"69,900"
RM,G2,RMYWG24R11,[올데이셔츠] 코튼 혼방 셔츠,YW,남방,"59,900"
RM,G2,RMYWG24RT1,오버핏 스트라이프 셔츠,YW,남방,"59,900"
RM,G2,RMYWG25NT1,스트랩 디테일 셔츠,YW,남방,"69,900"
RM,G2,RMYWG25R11,[올데이 셔츠] 반팔 셔츠,YW,남방,"49,900"
RM,G2,RMYWG25R12,긴팔 크롭 셔츠,YW,남방,"59,900"
RM,G2,RMYWG25R13,아일렛 반팔 셔츠,YW,남방,"59,900"
RM,G2,RMYWG25R14,긴팔 루즈핏 스트라이프 셔츠,YW,남방,"59,900"
RM,G2,RMYWG25R15,백 꼬임 셔츠,YW,남방,"59,900"
RM,G2,RMYWG25RT1,[RE] 오버핏 스트라이프 셔츠(RMYWG24RT1),YW,남방,"69,900"
RM,G2,RMYWG25RT2,도비 코튼 루즈핏 셔츠,YW,남방,"59,900"
RM,G2,RMYWG25RT3,도비 코튼 혼방 루즈핏 셔츠,YW,남방,"59,900"
RM,G2,RMYWG26R11,[올데이셔츠] 시스루 백리본 셔츠,YW,남방,"59,900"
RM,G2,RMYWG26R12,[올데이셔츠] 시스루 스트라이프 셔츠,YW,남방,"59,900"
RM,G2,RMYWG26RT1,뷔스티에 세트 셔츠,YW,남방,"79,900"
RM,G2,RMYWG26RT2,[RE] 턱 디테일 시스루 셔츠(RMYWG24RTA),YW,남방,"69,900"
RM,G3,RMYWG37R11,린넨100 레귤러핏 셔츠,YW,남방,"69,900"
RM,G3,RMYWG37R12,[RE] 긴팔 크롭 셔츠(RMYWG25R12),YW,남방,"59,900"
RM,G3,RMYWG37R15,오픈카라 7부 블루종 셔츠,YW,남방,"59,900"
RM,G3,RMYWG37R16,[RE] 백 꼬임 셔츠 (RMYWG25R15),YW,남방,"59,900"
RM,G3,RMYWG37R17,[RE] [올데이셔츠] 시스루 스트라이프 셔츠(RMYWG26R12),YW,남방,"59,900"
RM,G3,RMYWG37RT1,루즈핏 스트라이프 리본넥 셔츠,YW,남방,"59,900"
RM,G3,RMYWG38R11,허리끈 디테일 롱 셔츠,YW,남방,"69,900"
RM,G3,RMYWG38R12,[RE] [올데이셔츠] 시스루 백리본 셔츠(RMYWG26R11),YW,남방,"59,900"
RM,G3,RMYWG38R13,[RE] 긴팔 크롭 셔츠(RMYWG25R12),YW,남방,"59,900"
RM,G3,RMYWG38S11,뷔스티에 매칭 셔츠,YW,남방,"69,900"
RM,G4,RMYWG49A11,[올데이] 링클프리 셔츠,YW,남방,"59,900"
RM,G4,RMYWG49A11,[올데이] 링클프리 셔츠,YW,남방,0
RM,G4,RMYWG49R12,[올데이] 루즈핏 코튼 혼방 셔츠,YW,남방,"59,900"
RM,G4,RMYWG49R13,오픈카라 셔츠,YW,남방,"59,900"
RM,G4,RMYWG49R14,뷔스티에 니트 매칭 셔츠,YW,남방,"79,900"
RM,G4,RMYWG49RT2,허리 스트랩 셔츠,YW,남방,0
RM,G4,RMYWG4TR11,핀 스트라이프 세미 루즈핏 셔츠,YW,남방,"59,900"
RM,G4,RMYWG4TR12,코듀로이 랩 스트링 셔츠,YW,남방,"69,900"
SP,E3,SPARE38A01,[ACTIVE] 남성 워터 나시티,AR,소품,"29,900"
SP,F3,SPARF38A01,[ACTIVE] 래쉬가드 나시티,AR,소품,"29,900"
SP,F3,SPARF38A01,[ACTIVE] 래쉬가드 나시티,AR,소품,0
SP,F3,SPARF38A02,[ACTIVE] 래쉬가드 긴팔티,AR,소품,"35,900"
SP,F3,SPARF38A02,[ACTIVE] 래쉬가드 긴팔티,AR,소품,0
SP,E2,SPBNE25W01,베이직 민소매 블라우스,BN,남방,"25,900"
SP,E3,SPBNE37W01,화섬 민소매 블라우스,BN,남방,"29,900"
SP,E3,SPBNE37W02,화섬 어깨셔링 민소매 블라우스,BN,남방,"39,900"
SP,E3,SPBNE37W91,베이직 민소매 블라우스 (SPBNE25W01 RE),BN,남방,"25,900"
SP,F3,SPBNF37W01,레이스 뷔스티에 끈 나시 블라우스,BN,남방,"29,900"
SP,F3,SPBNF37W10,민소매 블라우스(레이온),BN,남방,"25,900"
SP,F3,SPBNF37W13,뷔스티에 끈나시 블라우스,BN,남방,"29,900"
SP,FA,SPBNFA9W01,끈 나시 블라우스 (리버서블),BN,남방,"19,900"
SP,G3,SPBNG37W01,민소매 백버튼 블라우스 (나일론),BN,남방,"29,900"
SP,G3,SPBNG37W03,레이어드 스트링 뷔스티에,BN,남방,"39,900"
SP,G3,SPBNG37W04,체크 프릴 끈 나시 블라우스,BN,남방,"39,900"
SP,GA,SPBNGA9W51,끈 나시 블라우스 (리버시블),BN,남방,"25,900"
SP,E1,SPBWE11KG2,[키즈] 프릴 빅카라 블라우스,BW,남방,"35,900"
SP,E2,SPBWE25W02,크롭 허리 밴딩 블라우스,BW,남방,"39,900"
SP,E2,SPBWE25W05,빅카라 블라우스,BW,남방,"39,900"
SP,E2,SPBWE25W06,리본 스트링 블라우스,BW,남방,"39,900"
SP,E2,SPBWE25W06,리본 스트링 블라우스,BW,남방,0
SP,E3,SPBWE37W03,화섬 넥셔링 블라우스,BW,남방,"39,900"
SP,E4,SPBWE4TW06,울피치 블라우스,BW,남방,"39,900"
SP,EA,SPBWEA9W01,[링클프리] 레귤러핏 실키 셔츠,BW,남방,"35,900"
SP,F2,SPBWF25W04,빅칼라 블라우스,BW,남방,"39,900"
SP,F2,SPBWF25W05,시어서커 셔링 블라우스,BW,남방,"39,900"
SP,F2,SPBWF25W07,베이비돌 블라우스,BW,남방,"49,900"
SP,F2,SPBWF25W08,[스트레치+] 티 블라우스,BW,남방,"29,900"
SP,F2,SPBWF25W11,스퀘어넥 블라우스,BW,남방,"29,900"
SP,F3,SPBWF37W03,리본 타이 블라우스,BW,남방,"39,900"
SP,F3,SPBWF37W04,레이스 브이넥 블라우스,BW,남방,"39,900"
SP,F4,SPBWF49KG1,[키즈] 체크 뷔스티에 레이어드 티셔츠,BW,남방,"35,900"
SP,F4,SPBWF49W09,프릴넥 리본끈 블라우스,BW,남방,"39,900"
SP,F4,SPBWF49W10,라운드넥 핀턱 블라우스,BW,남방,"39,900"
SP,F4,SPBWF49W92,(QR) V넥 슬림핏 블라우스,BW,남방,"39,900"
SP,FA,SPBWFA9W01,[링클프리] 레귤러핏 블라우스,BW,남방,"29,900"
SP,FA,SPBWFA9W02,[링클프리] 스키퍼 블라우스,BW,남방,"35,900"
SP,G1,SPBWG12W91,(QR) 코듀로이 프릴 블라우스,BW,남방,"39,900"
SP,G2,SPBWG23W01,뷔스티에 블라우스 세트,BW,남방,"49,900"
SP,G2,SPBWG23W01,뷔스티에 블라우스 세트,BW,남방,0
SP,G2,SPBWG23W02,랩 블라우스,BW,남방,"49,900"
SP,G2,SPBWG23W03,벨티드 블라우스,BW,남방,"49,900"
SP,G2,SPBWG23W03,벨티드 블라우스,BW,남방,0
SP,G2,SPBWG23W04,프릴 블라우스,BW,남방,"39,900"
SP,G2,SPBWG25KG1,[키즈] 썸머 블라우스,BW,남방,"29,900"
SP,G2,SPBWG25KG2,[키즈] 여아 썸머 뷔스티에,BW,남방,"29,900"
SP,G2,SPBWG25W01,셔링 레이스 반팔 블라우스,BW,남방,"39,900"
SP,G3,SPBWG37W11,셔링 레이스 반팔 블라우스 (SPBWG25W01 RE),BW,남방,"39,900"
SP,G4,SPBWG49KG1,[키즈] 여아 긴팔 블라우스,BW,남방,"39,900"
SP,G4,SPBWG49W01,오픈칼라 블라우스,BW,남방,"39,900"
SP,G4,SPBWG49W01,오픈칼라 블라우스,BW,남방,0
SP,G4,SPBWG49W02,페전트 블라우스,BW,남방,"39,900"
SP,G4,SPBWG49W03,타이 블라우스,BW,남방,"39,900"
SP,E3,SPDRE37M06,[COOL] 드레스셔츠,DR,남방,"35,900"
SP,EA,SPDREA9M01,[링클프리] 레귤러핏 드레스셔츠,DR,남방,"39,900"
SP,EA,SPDREA9M02,[링클프리] 레귤러핏 드레스셔츠,DR,남방,"29,900"
SP,EA,SPDREA9M50,패럴림픽 단복 셔츠 (남성),DR,남방,"120,000"
SP,EA,SPDREA9W50,패럴림픽 단복 셔츠 (여성),DR,남방,"120,000"
SP,F2,SPDRF24M09,저지 반팔 드레스 셔츠 (버튼다운),DR,남방,"29,900"
SP,F2,SPDRF24M10,[링클프리] 반팔 드레스 셔츠,DR,남방,"29,900"
SP,FA,SPDRFA9M01,[링클프리] 레귤러핏 드레스 셔츠,DR,남방,"29,900"
SP,FA,SPDRFA9M01,[링클프리] 레귤러핏 드레스 셔츠,DR,남방,0
SP,FA,SPDRFA9M02,[링클프리] 와이드칼라 드레스 셔츠,DR,남방,"29,900"
SP,FA,SPDRFA9M03,[링클프리] 버튼다운 드레스 셔츠,DR,남방,"29,900"
SP,G2,SPDRG24M01,[링클프리] 반팔 드레스 셔츠,DR,남방,"29,900"
SP,GA,SPDRGA9M00,HOTEL 유니폼 남성 드레스셔츠,DR,남방,"29,900"
SP,GA,SPDRGA9M01,[링클프리] 레귤러핏 드레스 셔츠,DR,남방,"29,900"
SP,GA,SPDRGA9M02,[링클프리] 와이드칼라 드레스 셔츠,DR,남방,"29,900"
SP,E4,SPFTE4TC02,[고객감사] 와이드 플리스 팬츠,FT,기타,"19,900"
SP,E4,SPFTE4TG01,플리스 2-WAY 와이드 팬츠,FT,기타,"29,900"
SP,F4,SPFTF4TC01,플리스 2-WAY 와이드 팬츠,FT,기타,"29,900"
SP,F4,SPFTF4TG01,여성 플리스 2-WAY 와이드 팬츠,FT,기타,"29,900"
SP,G4,SPFTG4VC01,플리스 2-WAY 와이드 팬츠,FT,기타,"29,900"
SP,E4,SPFWE4VC01,플리스 모크넥 긴팔티,FW,라운지,"15,900"
SP,E4,SPFWE4VG01,여성 플리스 터틀넥 긴팔티,FW,라운지,"15,900"
SP,E4,SPFWE4VKU1,[키즈] 모크넥 긴팔 티셔츠,FW,란제리,"12,900"
SP,F4,SPFWF4VC01,플리스 모크넥 긴팔티,FW,란제리,"19,900"
SP,F4,SPFWF4VC01,플리스 모크넥 긴팔티,FW,란제리,0
SP,F4,SPFWF4VG01,여성 플리스 터틀넥 긴팔티,FW,란제리,"19,900"
SP,F4,SPFWF4VKU1,[키즈] 모크넥 긴팔 티셔츠,FW,란제리,"12,900"
SP,G4,SPFWG4TC03,배색 플리스 반오픈 풀오버,FW,니트,"39,900"
SP,G4,SPFWG4VC01,플리스 하프 집업,FW,란제리,"35,900"
SP,G4,SPFWG4VC02,플리스 모크넥 긴팔티,FW,란제리,0
SP,G4,SPFWG4VG01,여성 플리스 터틀넥 긴팔티,FW,란제리,0
SP,E4,SPFZE4TC02,[고객감사] 베이직 플리스 집업,FZ,란제리,"19,900"
SP,E4,SPFZE4TG01,플리스 크롭 집업,FZ,란제리,"29,900"
SP,E4,SPFZE4TG11,덤블 숏 더플 코트,FZ,란제리,"69,900"
SP,E4,SPFZE4VG51,(우디) 플리스 집업,FZ,니트,"29,900"
SP,F4,SPFZF4TC01,[리사이클] 베이직 퍼플리스 집업,FZ,란제리,"29,900"
SP,F4,SPFZF4TC10,덤블 플리스 집업,FZ,란제리,"39,900"
SP,F4,SPFZF4TC20,베이직 플리스 집업,FZ,란제리,"29,900"
SP,F4,SPFZF4TC21,플리스 하프 집업,FZ,란제리,"35,900"
SP,F4,SPFZF4TC24,플리스 베스트,FZ,란제리,"29,900"
SP,F4,SPFZF4TG01,덤블 플리스 카디건,FZ,란제리,0
SP,F4,SPFZF4TG10,덤블 플리스 카디건,FZ,란제리,"39,900"
SP,F4,SPFZF4TG11,덤블 후드 더플 코트,FZ,란제리,"69,900"
SP,F4,SPFZF4TG20,여성 플리스 하프 집업,FZ,란제리,"35,900"
SP,F4,SPFZF4VC51,BROOKLYN 바시티 재킷,FZ,점퍼,"69,900"
SP,G4,SPFZG4TC01,[리사이클] 베이직 퍼플리스 집업,FZ,란제리,"29,900"
SP,G4,SPFZG4TC02,베이직 플리스 집업,FZ,점퍼,0
SP,G4,SPFZG4TC04,덤블 우븐 배색집업,FZ,란제리,0
SP,G4,SPFZG4TC05,덤블 우븐 배색 베스트,FZ,란제리,0
SP,G4,SPFZG4TG01,덤블 플리스 카디건,FZ,란제리,0
SP,E1,SPGME11A90,(QR) [웜테크] 스트레치 플리스 여성 액티브 집업,GM,니트,"39,900"
SP,E1,SPGME11A91,(QR) [웜테크] 스트레치 플리스 여성 조거팬츠,GM,니트,"39,900"
SP,E1,SPGME11A92,(QR) [웜테크] 스트레치 플리스 남성 액티브 반집업,GM,니트,"39,900"
SP,E1,SPGME11A93,(QR) [웜테크] 스트레치 플리스 남성 조거팬츠,GM,니트,"39,900"
SP,E1,SPGME12A90,(QR) [스트레치] 남성 웜 트리코트 후드집업,GM,니트,"59,900"
SP,E1,SPGME12A91,(QR) [스트레치] 남성 웜 트리코트 카고 조거팬츠,GM,니트,"49,900"
SP,E1,SPGME12A92,(QR) [스트레치] 남성 웜 트리코트 스트레이트 팬츠,GM,니트,"49,900"
SP,E1,SPGME12A93,(QR) [스트레치] 여성 웜 트리코트 후드집업,GM,니트,"59,900"
SP,E1,SPGME12A94,(QR) [스트레치] 여성 웜 트리코트 카고 조거팬츠,GM,니트,"49,900"
SP,E1,SPGME12A95,(QR) [스트레치] 여성 웜 트리코트 스트레이트 팬츠,GM,니트,"49,900"
SP,E2,SPGME25A94,(QR) [소로나] 나시티,GM,니트,"19,900"
SP,E2,SPGME25A96,(QR) [소로나] 레귤러핏 쇼츠,GM,면바지,"29,900"
SP,E2,SPGME26A01,[스트레치] 남성 쿨 트리코트 후드집업,GM,니트,"49,900"
SP,E2,SPGME26A01,[스트레치] 남성 쿨 트리코트 후드집업,GM,니트,0
SP,E2,SPGME26A02,[스트레치] 남성 쿨 트리코트 조거팬츠,GM,니트,"39,900"
SP,E2,SPGME26A02,[스트레치] 남성 쿨 트리코트 조거팬츠,GM,니트,0
SP,E2,SPGME26A03,[스트레치] 남성 쿨 트리코트 쇼츠,GM,니트,"29,900"
SP,E2,SPGME26A03,[스트레치] 남성 쿨 트리코트 쇼츠,GM,니트,0
SP,E2,SPGME26A04,[스트레치] 남성 쿨 트리코트 티셔츠,GM,니트,"25,900"
SP,E2,SPGME26A04,[스트레치] 남성 쿨 트리코트 티셔츠,GM,니트,0
SP,E2,SPGME26A11,[스트레치] 여성 쿨 트리코트 후드집업,GM,니트,"49,900"
SP,E2,SPGME26A11,[스트레치] 여성 쿨 트리코트 후드집업,GM,니트,0
SP,E2,SPGME26A12,[스트레치] 여성 쿨 트리코트 조거팬츠,GM,니트,"39,900"
SP,E2,SPGME26A12,[스트레치] 여성 쿨 트리코트 조거팬츠,GM,니트,0
SP,E2,SPGME26A13,[스트레치] 여성 쿨 트리코트 쇼츠,GM,니트,"29,900"
SP,E2,SPGME26A13,[스트레치] 여성 쿨 트리코트 쇼츠,GM,니트,0
SP,E2,SPGME26A14,[스트레치] 여성 쿨 트리코트 티셔츠,GM,니트,"25,900"
SP,E2,SPGME26A14,[스트레치] 여성 쿨 트리코트 티셔츠,GM,니트,0
SP,E3,SPGME38G91,(QR) 스트레치 롱 와이드 팬츠,GM,니트,"39,900"
SP,E3,SPGME38G92,(QR) 스트레치 앵클 와이드 팬츠,GM,니트,"39,900"
SP,E3,SPGME38G93,(QR) 저지 메쉬 집업 자켓,GM,점퍼,"39,900"
SP,E4,SPGME4TA01,[스트레치] 여성 플리스 액티브 후드집업,GM,니트,"39,900"
SP,E4,SPGME4TA02,[스트레치] 여성 플리스 액티브 집업,GM,니트,"39,900"
SP,E4,SPGME4TA03,[스트레치] 여성 웜 트리코트 후드집업(기모),GM,니트,"59,900"
SP,E4,SPGME4TA11,[스트레치] 여성 플리스 액티브 조거팬츠,GM,니트,"29,900"
SP,E4,SPGME4TA12,[스트레치] 여성 플리스 액티브 부츠컷팬츠,GM,니트,"29,900"
SP,E4,SPGME4TA13,[스트레치] 여성 웜 트리코트 슬림팬츠(기모),GM,니트,"49,900"
SP,E4,SPGME4TA14,[스트레치] 여성 웜 트리코트 조거팬츠(기모),GM,니트,"49,900"
SP,E4,SPGME4TA21,[스트레치] 플리스 액티브 후드집업,GM,니트,"39,900"
SP,E4,SPGME4TA22,[스트레치] 웜 트리코트 후드집업(기모),GM,니트,"59,900"
SP,E4,SPGME4TA31,[스트레치] 플리스 액티브 조거팬츠,GM,니트,"29,900"
SP,E4,SPGME4TA32,[스트레치] 웜 트리코트 슬림팬츠(기모),GM,니트,"49,900"
SP,E4,SPGME4TA33,[스트레치] 웜 트리코트 조거팬츠(기모),GM,니트,"49,900"
SP,F2,SPGMF23C01,[UV차단] 하이넥 집업 재킷,GM,니트,"39,900"
SP,F2,SPGMF23C11,[UV차단] 액티브 테이퍼드 팬츠,GM,니트,"39,900"
SP,F2,SPGMF23G01,[UV차단] 후드 집업 재킷,GM,니트,"39,900"
SP,F2,SPGMF23G02,[ACTIVE] 저지 메쉬 집업 재킷,GM,니트,"39,900"
SP,F2,SPGMF23G12,[UV차단] 액티브 조거 팬츠,GM,니트,"39,900"
SP,F2,SPGMF25C10,[쿨 드라이] 메쉬 반팔티,GM,니트,"19,900"
SP,F2,SPGMF25C11,[쿨 드라이] 폴로 칼라 반팔티,GM,니트,"29,900"
SP,F2,SPGMF25C12,[쿨 드라이] 밴딩 쇼츠,GM,니트,"29,900"
SP,F2,SPGMF25C13,[쿨 드라이] 테이퍼드 밴딩 팬츠,GM,니트,"39,900"
SP,F3,SPGMF37C01,[스트레치] 쿨 트리코트 티셔츠,GM,니트,"19,900"
SP,F3,SPGMF37C02,[스트레치] 쿨 트리코트 쇼츠,GM,니트,"25,900"
SP,F3,SPGMF37C03,[스트레치] 쿨 트리코트 조거팬츠,GM,니트,"39,900"
SP,F3,SPGMF37C21,러닝 4.5부 쇼츠,GM,니트,"29,900"
SP,F3,SPGMF37G01,[스트레치] 여성 쿨 트리코트 티셔츠,GM,니트,"19,900"
SP,F3,SPGMF37G02,[스트레치] 여성 쿨 트리코트 쇼츠,GM,니트,"25,900"
SP,F3,SPGMF37G03,[스트레치] 여성 쿨 트리코트 조거팬츠,GM,니트,"39,900"
SP,G3,SPGMG37S01,[ACTIVE] 쿨 트리코트 티셔츠,GM,니트,0
SP,G3,SPGMG37S02,[ACTIVE] 쿨 트리코트 쇼츠,GM,니트,0
SP,G3,SPGMG37S03,[ACTIVE] 트리코트 7부 팬츠,GM,니트,0
SP,E2,SPHWE24C41,(우디) 소프트코튼 카라티,HW,니트,"25,900"
SP,E2,SPHWE24C43,(ATHLETIC) 유니폼 카라 반팔티,HW,니트,"29,900"
SP,E2,SPHWE24C44,(우디) 스트라이프 럭비 반팔티,HW,니트,"29,900"
SP,E2,SPHWE24M01,[UV차단] 폴로카라 반팔티셔츠,HW,니트,"19,900"
SP,E2,SPHWE25M01,[COOL] 오픈카라 반팔티셔츠,HW,니트,"29,900"
SP,E2,SPHWE26C08,[소로나] 폴로카라 티셔츠,HW,니트,"29,900"
SP,E2,SPHWE26C08,[소로나] 폴로카라 티셔츠,HW,니트,0
SP,E3,SPHWE37C01,실켓 카라 티셔츠,HW,니트,"35,900"
SP,E3,SPHWE37C01,실켓 카라 티셔츠,HW,니트,0
SP,F2,SPHWF24C50,(우디) 소프트코튼 칼라티,HW,니트,"29,900"
SP,F2,SPHWF24C51,(우디) 럭비 반팔티,HW,니트,"29,900"
SP,F2,SPHWF24M02,폴로 칼라 반팔티,HW,니트,"29,900"
SP,G2,SPHWG25C53,(우디) 럭비 반팔티,HW,니트,"29,900"
SP,G2,SPHWG26C61,멀티 스트라이프 럭비티,HW,니트,"29,900"
SP,G3,SPHWG37C02,[UV차단] 폴로 칼라 반팔티,HW,니트,"29,900"
SP,E1,SPJAE11C02,오버핏 MA-1 항공점퍼 (SPJAD4TC02 RE),JA,점퍼,"89,900"
SP,E1,SPJAE11C02,오버핏 MA-1 항공점퍼 (SPJAD4TC02 RE),JA,점퍼,0
SP,E1,SPJAE11G91,카라 탈착 경량 퀼팅 점퍼(SPJAD4TG01 RE),JA,점퍼,"79,900"
SP,E1,SPJAE12C01,레더배색 바시티 자켓 (SPJJD4TC01 RE),JA,점퍼,"89,900"
SP,E1,SPJAE12C21,베이직 퀼팅 자켓,JA,점퍼,"59,900"
SP,E1,SPJAE12G01,카라 경량 퀼팅 자켓,JA,점퍼,"59,900"
SP,E1,SPJAE12G91,경량 퀼팅 자켓,JA,점퍼,"59,900"
SP,E1,SPJAE12G91,경량 퀼팅 자켓,JA,점퍼,0
SP,E1,SPJAE12KG2,[키즈] 크롭 바시티 야구점퍼,JA,점퍼,"59,900"
SP,E1,SPJAE12KU2,[키즈] 퀼팅 자켓,JA,점퍼,0
SP,E1,SPJAE12W01,퀼팅 경량 패딩(SPJAD4TW08 RE),JA,점퍼,0
SP,E2,SPJAE23G91,크롭 파이핑 바시티 자켓,JA,점퍼,"69,900"
SP,E4,SPJAE49G01,바시티 재킷,JA,점퍼,"89,900"
SP,E4,SPJAE4TC01,베이직 바시티 재킷,JA,점퍼,"89,900"
SP,E4,SPJAE4TC02,(후드탈착) 오버핏 MA-1 항공점퍼,JA,점퍼,"89,900"
SP,E4,SPJAE4TC03,오버핏 MA-1 항공점퍼,JA,점퍼,"89,900"
SP,E4,SPJAE4TC03,오버핏 MA-1 항공점퍼,JA,점퍼,0
SP,E4,SPJAE4TC21,베이직 퀼팅 재킷,JA,점퍼,"59,900"
SP,E4,SPJAE4TC22,배색 웜업 재킷,JA,점퍼,"69,900"
SP,E4,SPJAE4TC22,배색 웜업 재킷,JA,점퍼,0
SP,E4,SPJAE4TG01,탈착 칼라 경량 퀼팅 재킷,JA,점퍼,"79,900"
SP,E4,SPJAE4TG01,탈착 칼라 경량 퀼팅 재킷,JA,점퍼,0
SP,E4,SPJAE4TG11,경량 퀼팅 재킷,JA,점퍼,"59,900"
SP,E4,SPJAE4TG91,후드 크롭 항공 점퍼,JA,점퍼,"89,900"
SP,E4,SPJAE4TKG3,[키즈] 칼라 탈착 퀼팅 재킷 (플리스),JA,점퍼,"59,900"
SP,E4,SPJAE4TKU1,[키즈] 후드 탈착 항공 점퍼,JA,점퍼,"79,900"
SP,E4,SPJAE4TKU2,[키즈] 베이직 퀼팅 재킷 (플리스),JA,점퍼,"49,900"
SP,E4,SPJAE4TM09,패딩 맥코트 (다운),JA,점퍼,0
SP,F1,SPJAF11G01,후드 탈착 크롭 항공 점퍼 (SPJAE4TG91 RE),JA,점퍼,"89,900"
SP,F1,SPJAF12C01,베이직 바시티 재킷 (SPJAE4TC01 RE),JA,점퍼,"89,900"
SP,F1,SPJAF12C01,베이직 바시티 재킷 (SPJAE4TC01 RE),JA,점퍼,0
SP,F1,SPJAF12C02,후드탈착 오버핏 MA-1 항공 점퍼,JA,점퍼,"89,900"
SP,F1,SPJAF12C03,2-WAY 라이트 점퍼,JA,점퍼,"69,900"
SP,F1,SPJAF12C21,베이직 퀼팅 재킷,JA,점퍼,"59,900"
SP,F1,SPJAF12G02,여성 베이직 바시티 재킷,JA,점퍼,"89,900"
SP,F1,SPJAF12G11,경량 칼라 퀼팅 재킷,JA,점퍼,"59,900"
SP,F1,SPJAF12KU1,[키즈] 패디드 바시티 점퍼,JA,점퍼,"69,900"
SP,F1,SPJAF12KU2,[키즈] 후드 탈착 항공 점퍼,JA,점퍼,"79,900"
SP,F2,SPJAF23G01,파이핑 바시티 재킷,JA,점퍼,"69,900"
SP,F2,SPJAF23KU2,[키즈] 후드 야상 점퍼,JA,점퍼,"49,900"
SP,F4,SPJAF4TC05,(후드탈착) 오버핏 MA-1 항공 점퍼,JA,점퍼,"89,900"
SP,F4,SPJAF4TC31,베이직 퀼팅 재킷,JA,점퍼,"59,900"
SP,F4,SPJAF4TG01,탈착 칼라 경량 퀼팅 재킷,JA,점퍼,"79,900"
SP,F4,SPJAF4TG11,[씬라이트] 여성 퀼팅 재킷,JA,점퍼,"59,900"
SP,F4,SPJAF4TG12,여성 코듀로이 칼라 퀼팅 재킷,JA,점퍼,"79,900"
SP,F4,SPJAF4TG40,(우디) 탈착 칼라 경량 퀼팅 재킷,JA,점퍼,"89,900"
SP,F4,SPJAF4TKU1,[키즈] 패디드 바시티 점퍼,JA,점퍼,"59,900"
SP,F4,SPJAF4TKU2,[키즈] 베이직 퀼팅 재킷,JA,점퍼,"49,900"
SP,F4,SPJAF4TKU2,[키즈] 베이직 퀼팅 재킷,JA,점퍼,0
SP,F4,SPJAF4TM15,코듀로이 블루종,JA,점퍼,"99,900"
SP,F4,SPJAF4VU01,[은혼] 바시티 재킷,JA,점퍼,0
SP,G1,SPJAG11C05,(후드탈착) 오버핏 MA-1 항공 점퍼 (SPJAF4TC05 RE),JA,점퍼,"89,900"
SP,G1,SPJAG12KU1,[키즈] 패디드 바시티 점퍼,JA,점퍼,"69,900"
SP,G4,SPJAG49KU1,[키즈] 코듀로이 바시티 재킷,JA,점퍼,0
SP,G4,SPJAG49KU2,[키즈] 체크 후드 셔켓,JA,점퍼,"49,900"
SP,G4,SPJAG4TC01,(후드탈착) 오버핏 MA-1 항공 점퍼,JA,점퍼,"89,900"
SP,G4,SPJAG4TC31,베이직 퀼팅 재킷,JA,점퍼,"59,900"
SP,G4,SPJAG4TG31,[씬라이트] 여성 퀼팅 재킷,JA,점퍼,"59,900"
SP,G4,SPJAG4TG31,[씬라이트] 여성 퀼팅 재킷,JA,점퍼,0
SP,E1,SPJDE11C91,(QR) 라이트 패커블 자켓,JD,점퍼,"79,900"
SP,E1,SPJDE11G91,(QR) 여성 라이트 푸퍼,JD,점퍼,"79,900"
SP,E1,SPJDE11KG3,[키즈] 파스텔/글로시 다운 (80:20),JD,점퍼,"69,900"
SP,E4,SPJDE4TC01,소프트 후드 푸퍼 (다운),JD,점퍼,"89,900"
SP,E4,SPJDE4TC02,소프트 라이트 재킷 (다운),JD,점퍼,"69,900"
SP,E4,SPJDE4TG11,여성 소프트 푸퍼 (다운),JD,점퍼,"89,900"
SP,E4,SPJDE4TKG1,[키즈] 파스텔 푸퍼 (다운),JD,점퍼,"69,900"
SP,E4,SPJDE4TKG1,[키즈] 파스텔 푸퍼 (다운),JD,점퍼,0
SP,E4,SPJDE4TKU1,[키즈] 베이직 푸퍼 (다운),JD,점퍼,"69,900"
SP,E4,SPJDE4TKU1,[키즈] 베이직 푸퍼 (다운),JD,점퍼,0
SP,E4,SPJDE4TKU2,[키즈] 라이트 재킷 (다운),JD,점퍼,"59,900"
SP,E4,SPJDE4TM09,맥코트 (다운),JD,점퍼,"129,000"
SP,E4,SPJDE4VKU3,[키즈] 베이직 롱 다운,JD,점퍼,"99,900"
SP,E4,SPJDE4VM91,(QR) 하이브리드 후드 파카 (다운),JD,점퍼,"99,900"
SP,F1,SPJDF11KG1,[키즈] 파스텔 푸퍼 (다운) (SPJDE4TKG1 RE),JD,점퍼,"69,900"
SP,F4,SPJDF4TC1C,[소프트다운] 씬 라이트 하이넥 재킷,JD,점퍼,0
SP,F4,SPJDF4TC2C,베이직 후드 푸퍼,JD,점퍼,0
SP,F4,SPJDF4TG2C,여성 후드 푸퍼,JD,점퍼,0
SP,F4,SPJDF4TKG1,[키즈] 파스텔 푸퍼 (하이브리드 다운),JD,점퍼,"69,900"
SP,F4,SPJDF4TKG1,[키즈] 파스텔 푸퍼 (하이브리드 다운),JD,점퍼,0
SP,F4,SPJDF4TKU1,[키즈] 베이직 푸퍼 (하이브리드 다운),JD,점퍼,"79,900"
SP,F4,SPJDF4TKU3,[키즈] 베이직 후드 푸퍼 (하이브리드 다운),JD,점퍼,"89,900"
SP,F4,SPJDF4VC13,후드 미디 푸퍼 (다운),JD,점퍼,"129,000"
SP,F4,SPJDF4VC13,후드 미디 푸퍼 (다운),JD,점퍼,0
SP,F4,SPJDF4VG11,여성 소프트 푸퍼 (다운),JD,점퍼,"99,900"
SP,F4,SPJDF4VG22,여성 후드 미디 푸퍼 (다운),JD,점퍼,"129,000"
SP,F4,SPJDF4VKG1,[키즈] 파스텔 퍼 탈착 후드 푸퍼 (하이브리드 다운),JD,점퍼,"129,000"
SP,F4,SPJDF4VKG1,[키즈] 파스텔 퍼 탈착 후드 푸퍼 (하이브리드 다운),JD,점퍼,0
SP,F4,SPJDF4VKU1,[키즈] 베이직 롱패딩(하이브리드 다운),JD,점퍼,"99,900"
SP,G1,SPJDG11KG1,[키즈] 파스텔 푸퍼 (하이브리드 다운),JD,점퍼,"79,900"
SP,G1,SPJDG11KG1,[키즈] 파스텔 푸퍼 (하이브리드 다운),JD,점퍼,0
SP,G1,SPJDG11KG2,[키즈] 파스텔 후드푸퍼 (하이브리드 다운),JD,점퍼,"89,900"
SP,G1,SPJDG11KU9,[키즈] (QR) 스웨이드 푸퍼 (하이브리드 다운),JD,점퍼,0
SP,G1,SPJDG11M05,[프리미엄] 패딩 코트 (다운),JD,점퍼,"129,000"
SP,G1,SPJDG11W21,[프리미엄] 벨티드 푸퍼(다운),JD,점퍼,"199,000"
SP,G1,SPJDG11W22,[프리미엄] 여성 패딩 코트 (다운),JD,점퍼,"159,000"
SP,G4,SPJDG4TG16,여성 후드 푸퍼 (다운),JD,점퍼,0
SP,G4,SPJDG4TKG1,[키즈] 오로라 푸퍼 (하이브리드 다운),JD,점퍼,"79,900"
SP,G4,SPJDG4TKG2,[키즈] 브라이트 후드 푸퍼 (하이브리드 다운),JD,점퍼,"89,900"
SP,G4,SPJDG4TKG2,[키즈] 브라이트 후드 푸퍼 (하이브리드 다운),JD,점퍼,0
SP,G4,SPJDG4TKG9,[키즈] 파스텔 푸퍼 (하이브리드 다운)_C,JD,점퍼,0
SP,G4,SPJDG4TKU1,[키즈] 베이직 푸퍼 (하이브리드 다운),JD,점퍼,"79,900"
SP,G4,SPJDG4TKU1,[키즈] 베이직 푸퍼 (하이브리드 다운),JD,점퍼,0
SP,G4,SPJDG4TKU2,[키즈] 베이직 후드 푸퍼 (하이브리드 다운),JD,점퍼,0
SP,G4,SPJDG4TKU3,[키즈] 베이직 후드 점퍼 (하이브리드 다운),JD,점퍼,"89,900"
SP,G4,SPJDG4TKU3,[키즈] 베이직 후드 점퍼 (하이브리드 다운),JD,점퍼,0
SP,G4,SPJDG4TKU4,[키즈] 시어 다운 후드 푸퍼,JD,점퍼,0
SP,G4,SPJDG4TKU9,[키즈] 베이직 푸퍼 (하이브리드 다운)_C,JD,점퍼,0
SP,G4,SPJDG4VC13,[프리미엄] 후드 미디 푸퍼 (다운),JD,점퍼,0
SP,G4,SPJDG4VC61,베이직 푸퍼(다운)_C,JD,점퍼,0
SP,G4,SPJDG4VC63,[씬라이트] 2-WAY 패쪼(다운)_C,JD,점퍼,0
SP,G4,SPJDG4VC64,[씬라이트] 2-WAY 재킷(다운)_C,JD,점퍼,0
SP,G4,SPJDG4VG13,여성 소프트 푸퍼 (다운),JD,점퍼,0
SP,G4,SPJDG4VG22,[프리미엄] 여성 후드 미디 푸퍼 (다운),JD,점퍼,0
SP,G4,SPJDG4VG61,파스텔 푸퍼(다운)_C,JD,점퍼,0
SP,G4,SPJDG4VG62,글로시 파스텔 푸퍼(다운)_C,JD,점퍼,0
SP,G4,SPJDG4VG63,후드 미디 푸퍼(다운)_C,JD,점퍼,0
SP,G4,SPJDG4VKG1,[키즈] 오로라 퍼 탈착 후드 푸퍼 (하이브리드 다운),JD,점퍼,"129,000"
SP,G4,SPJDG4VKU1,[키즈] 베이직 롱패딩,JD,점퍼,0
SP,G4,SPJDG4VW21,[프리미엄] 여성 패딩 코트 (다운),JD,점퍼,0
SP,E1,SPJEE12G01,크롭 바시티 자켓,JE,점퍼,0
SP,E2,SPJEE23G01,포켓 트러커 자켓,JE,점퍼,"59,900"
SP,E2,SPJEE23W01,코튼 블루종 자켓,JE,점퍼,"69,900"
SP,G4,SPJEG49C01,데님 트러커 재킷,JE,점퍼,"69,900"
SP,G4,SPJEG49C02,데님 블루종,JE,점퍼,"69,900"
SP,G4,SPJEG49C03,데님 후드 재킷,JE,점퍼,"69,900"
SP,G4,SPJEG49G01,여성 데님 트러커 재킷,JE,점퍼,"59,900"
SP,G4,SPJEG49G02,데님 집업 재킷,JE,점퍼,"59,900"
SP,G4,SPJEG49G03,여성 데님 셔츠형 자켓,JE,점퍼,"49,900"
SP,G4,SPJEG49G04,여성 데님 블루종,JE,점퍼,"59,900"
SP,G4,SPJEG49KU1,[키즈] 데님 블루종,JE,점퍼,"49,900"
SP,G4,SPJEG4VC03,데님 후드 퀼팅 재킷,JE,점퍼,"129,000"
SP,E1,SPJJE12C02,후드 스트링 숏야상,JJ,점퍼,"59,900"
SP,E1,SPJJE12M06,[울라이크] 블루종 점퍼,JJ,점퍼,"89,900"
SP,E1,SPJJE12M09,헌팅 자켓,JJ,점퍼,"79,900"
SP,E1,SPJJE12M10,코듀로이 점퍼,JJ,점퍼,"79,900"
SP,E1,SPJJE12M96,(QR) [울블렌드] 헤링본 블루종,JJ,점퍼,"89,900"
SP,E1,SPJJE12W06,[울블렌드] 블루종 점퍼,JJ,점퍼,"89,900"
SP,E1,SPJJE12W07,코듀로이 점퍼,JJ,점퍼,"79,900"
SP,E1,SPJJE12W08,헌팅 자켓,JJ,점퍼,"79,900"
SP,E2,SPJJE23C21,[UV차단] 배색 윈드브레이커,JJ,점퍼,"59,900"
SP,E2,SPJJE23C22,[UV차단] 사이드 배색 윈드브레이커,JJ,점퍼,0
SP,E2,SPJJE23C23,[UV차단] 블록 배색 윈드브레이커,JJ,점퍼,"59,900"
SP,E2,SPJJE23C24,[UV차단] 후드 윈드브레이커,JJ,점퍼,"59,900"
SP,E2,SPJJE23C24,[UV차단] 후드 윈드브레이커,JJ,점퍼,0
SP,E2,SPJJE23C25,우븐 바시티 자켓,JJ,점퍼,"69,900"
SP,E2,SPJJE23C26,워터 프로텍션 윈드브레이커,JJ,점퍼,0
SP,E2,SPJJE23G01,[UV차단] 크롭 윈드브레이커,JJ,점퍼,"49,900"
SP,E2,SPJJE23G01,[UV차단] 크롭 윈드브레이커,JJ,점퍼,0
SP,E2,SPJJE23G91,후드 야상 점퍼,JJ,점퍼,"59,900"
SP,E2,SPJJE23G92,배색 크롭 윈드브레이커,JJ,점퍼,"59,900"
SP,E2,SPJJE23KG3,[키즈] [UV차단] 크롭 윈드브레이커,JJ,점퍼,"39,900"
SP,E2,SPJJE23KU2,[키즈] [UV차단] 배색 윈드브레이커,JJ,점퍼,"39,900"
SP,E2,SPJJE23M06,오버핏 블루종 자켓,JJ,점퍼,0
SP,E2,SPJJE23M07,오버핏 블루종 자켓,JJ,점퍼,"69,900"
SP,E2,SPJJE24C23,[UV차단] 블록 배색 윈드브레이커 (SPJJE23C23 RE),JJ,점퍼,0
SP,E2,SPJJE24G01,[COOL] 스트레치 포켓 점퍼,JJ,점퍼,"59,900"
SP,E2,SPJJE24KG8,[키즈] [UV차단] 라이트 후드 크롭 윈드브레이커,JJ,점퍼,"35,900"
SP,E2,SPJJE24KU2,[키즈] [UV차단] 라이트 윈드브레이커,JJ,점퍼,"29,900"
SP,E2,SPJJE25C21,[UV차단] 라이트 패커블 윈드브레이커,JJ,점퍼,"39,900"
SP,E2,SPJJE25C22,[COOL] 스트레치 반팔 아노락,JJ,점퍼,"49,900"
SP,E2,SPJJE25C23,[COOL] 스트레치 반팔티,JJ,점퍼,"29,900"
SP,E2,SPJJE25C25,[COOL] 스트레치 패커블 자켓,JJ,점퍼,"59,900"
SP,E2,SPJJE25G01,[UV차단] 라이트 후드 크롭 윈드브레이커,JJ,점퍼,"49,900"
SP,E2,SPJJE25G01,[UV차단] 라이트 후드 크롭 윈드브레이커,JJ,점퍼,0
SP,E2,SPJJE25G02,반팔 윈드브레이커,JJ,점퍼,"39,900"
SP,E2,SPJJE25M01,반팔 집업 점퍼,JJ,점퍼,"59,900"
SP,E3,SPJJE37G01,[UV차단] 라이트 후드 크롭 윈드브레이커(SPJJE25G01 RE),JJ,점퍼,"49,900"
SP,E3,SPJJE37G01,[UV차단] 라이트 후드 크롭 윈드브레이커(SPJJE25G01 RE),JJ,점퍼,0
SP,E3,SPJJE38G01,[UV차단] 크롭 윈드브레이커(SPJJE23G01 RE),JJ,점퍼,"49,900"
SP,E3,SPJJE38G91,[UV차단] 후드 블록 배색 크롭 윈드브레이커,JJ,점퍼,"59,900"
SP,E3,SPJJE38G92,오버핏 스티치 윈드브레이커,JJ,점퍼,"59,900"
SP,E3,SPJJE38KU1,[키즈] 후드 블록 배색 윈드브레이커,JJ,점퍼,"39,900"
SP,E3,SPJJE38KU2,[키즈] 글로시 라이트 윈드브레이커,JJ,점퍼,"35,900"
SP,E4,SPJJE49C01,[3-LAYER] 테크니컬 윈드브레이커,JJ,점퍼,"59,900"
SP,E4,SPJJE49C22,피쉬테일 롱 야상,JJ,점퍼,"79,900"
SP,E4,SPJJE49C24,[UV차단] 후드 윈드브레이커,JJ,점퍼,"59,900"
SP,E4,SPJJE49C25,[UV차단] 배색 후드 윈드브레이커,JJ,점퍼,"59,900"
SP,E4,SPJJE49C26,워터 프로텍션 윈드브레이커,JJ,점퍼,"69,900"
SP,E4,SPJJE49G01,후드 야상 점퍼,JJ,점퍼,"59,900"
SP,E4,SPJJE49G91,[3-LAYER] 여성 테크니컬 윈드브레이커,JJ,점퍼,"69,900"
SP,E4,SPJJE49M01,오버핏 집업 점퍼,JJ,점퍼,"69,900"
SP,E4,SPJJE49M10,헌팅 자켓,JJ,점퍼,"79,900"
SP,E4,SPJJE49M11,워크 재킷,JJ,점퍼,"79,900"
SP,E4,SPJJE49M11,워크 재킷,JJ,점퍼,0
SP,E4,SPJJE49M12,워크 초어 재킷,JJ,점퍼,"69,900"
SP,E4,SPJJE4TM01,[울블렌드] 블루종,JJ,점퍼,0
SP,E4,SPJJE4TM06,[울블렌드] 블루종,JJ,점퍼,"79,900"
SP,E4,SPJJE4VM08,코듀로이 블루종,JJ,점퍼,"99,900"
SP,E4,SPJJE4VU01,[화산귀환] 윈드브레이커,JJ,점퍼,"69,900"
SP,E4,SPJJE4VU01,[화산귀환] 윈드브레이커,JJ,점퍼,0
SP,F1,SPJJF11M05,[울블렌드] 파이핑 블루종 (퀼팅),JJ,점퍼,"99,900"
SP,F1,SPJJF12C01,후드 야상 재킷,JJ,점퍼,"59,900"
SP,F1,SPJJF12C02,피쉬테일 롱 야상,JJ,점퍼,"79,900"
SP,F1,SPJJF12M06,[울블렌드] 블루종,JJ,점퍼,"89,900"
SP,F1,SPJJF12W02,[울블렌드] 여성 블루종 점퍼,JJ,점퍼,"79,900"
SP,F1,SPJJF12W02,[울블렌드] 여성 블루종 점퍼,JJ,점퍼,0
SP,F2,SPJJF23C01,워터 프로텍션 윈드브레이커,JJ,점퍼,"59,900"
SP,F2,SPJJF23C02,[3-LAYER] 테크니컬 윈드브레이커,JJ,점퍼,"59,900"
SP,F2,SPJJF23C21,[UV차단] 배색 윈드브레이커,JJ,점퍼,"59,900"
SP,F2,SPJJF23C22,배색 후드 윈드브레이커,JJ,점퍼,"59,900"
SP,F2,SPJJF23C23,배색 바시티 재킷,JJ,점퍼,"69,900"
SP,F2,SPJJF23C25,워크 재킷,JJ,점퍼,"79,900"
SP,F2,SPJJF23C99,(QR) 카모 후드 야상,JJ,점퍼,"79,900"
SP,F2,SPJJF23G01,[UV차단] 크롭 윈드브레이커,JJ,점퍼,"49,900"
SP,F2,SPJJF23G02,[UV차단] 후드 배색 크롭 윈드브레이커,JJ,점퍼,"59,900"
SP,F2,SPJJF23G03,오버핏 윈드브레이커,JJ,점퍼,"59,900"
SP,F2,SPJJF23G04,여성 워크 재킷,JJ,점퍼,"79,900"
SP,F2,SPJJF23G11,[3-LAYER] 여성 테크니컬 윈드브레이커,JJ,점퍼,"59,900"
SP,F2,SPJJF23KU1,[키즈] [UV차단] 배색 윈드브레이커,JJ,점퍼,"39,900"
SP,F2,SPJJF23KU2,[키즈] [UV차단] 크롭 윈드브레이커,JJ,점퍼,"39,900"
SP,F2,SPJJF23M01,오버핏 집업 점퍼,JJ,점퍼,"69,900"
SP,F2,SPJJF23M10,헌팅 재킷,JJ,점퍼,"79,900"
SP,F2,SPJJF23W22,숏 집업 점퍼,JJ,점퍼,"69,900"
SP,F2,SPJJF23W22,숏 집업 점퍼,JJ,점퍼,0
SP,F2,SPJJF23W32,숏 헌팅 재킷,JJ,점퍼,"79,900"
SP,F2,SPJJF24G01,[COOL] 라이트 하이넥 야상 점퍼,JJ,점퍼,"49,900"
SP,F2,SPJJF25C11,[COOL] 스트레치 반팔 아노락,JJ,점퍼,"39,900"
SP,F2,SPJJF25C11,[COOL] 스트레치 반팔 아노락,JJ,점퍼,0
SP,F2,SPJJF25C21,[UV차단] 라이트 패커블 윈드브레이커,JJ,점퍼,"39,900"
SP,F2,SPJJF25C26,[COOL] 라이트 경량 반팔티 (나일론),JJ,점퍼,"29,900"
SP,F2,SPJJF25C94,(QR) 라이트 체크 윈드브레이커,JJ,점퍼,"49,900"
SP,F2,SPJJF25G01,[UV차단] 라이트 후드 크롭 윈드브레이커,JJ,점퍼,"39,900"
SP,F2,SPJJF25G01,[UV차단] 라이트 후드 크롭 윈드브레이커,JJ,점퍼,0
SP,F2,SPJJF25G02,여성 라이트 반팔 윈드브레이커,JJ,점퍼,"39,900"
SP,F2,SPJJF25G03,[UV차단] 라이트 중기장 윈드브레이커,JJ,점퍼,"49,900"
SP,F2,SPJJF25G03,[UV차단] 라이트 중기장 윈드브레이커,JJ,점퍼,0
SP,F2,SPJJF25KU1,[키즈] [UV차단] 라이트 윈드브레이커,JJ,점퍼,"29,900"
SP,F2,SPJJF25KU2,[키즈] [UV차단] 라이트 배색 윈드브레이커,JJ,점퍼,"39,900"
SP,F2,SPJJF25KU3,[키즈] (두산베어스) 오버핏 스티치 윈드브레이커,JJ,점퍼,"59,900"
SP,F2,SPJJF25UF3,[두산베어스] 라이트 패커블 윈드브레이커,JJ,점퍼,"49,900"
SP,F2,SPJJF25UF4,[두산베어스] 오버핏 스티치 윈드브레이커,JJ,점퍼,"69,900"
SP,F2,SPJJF25UF4,[두산베어스] 오버핏 스티치 윈드브레이커,JJ,점퍼,0
SP,F3,SPJJF37C21,[UV차단] 라이트 패커블 윈드브레이커 (SPJJF25C21 RE),JJ,점퍼,0
SP,F3,SPJJF37C22,라이트 시어 윈드브레이커,JJ,점퍼,"39,900"
SP,F3,SPJJF37C90,(QR) 스탠칼라 시어 윈드브레이커,JJ,점퍼,"49,900"
SP,F3,SPJJF37G01,[UV차단] 라이트 후드 크롭 윈드브레이커 (SPJJF25G01 RE),JJ,점퍼,"39,900"
SP,F3,SPJJF37G02,여성 라이트 시어 후드 크롭 윈드브레이커,JJ,점퍼,"39,900"
SP,F3,SPJJF37U01,[남궁혁] 윈드 브레이커,JJ,점퍼,"69,900"
SP,F3,SPJJF38C90,(QR) 나일론 반팔 재킷 (셋업),JJ,점퍼,0
SP,F3,SPJJF38KU1,[키즈] [UV차단] 후드 배색 윈드브레이커,JJ,점퍼,"49,900"
SP,F3,SPJJF38KU2,[키즈] 파스텔 윈드브레이커,JJ,점퍼,"39,900"
SP,F4,SPJJF49C01,[3-LAYER] 테크니컬 윈드브레이커,JJ,점퍼,"59,900"
SP,F4,SPJJF49C11,후드 야상 재킷,JJ,점퍼,"69,900"
SP,F4,SPJJF49C11,후드 야상 재킷,JJ,점퍼,0
SP,F4,SPJJF49C23,워시드 초어 재킷,JJ,점퍼,"69,900"
SP,F4,SPJJF49CY2,블록 배색 윈드브레이커,JJ,점퍼,"59,900"
SP,F4,SPJJF49CY3,워크 재킷,JJ,점퍼,"79,900"
SP,F4,SPJJF49G01,[3-LAYER] 여성 테크니컬 윈드브레이커,JJ,점퍼,"59,900"
SP,F4,SPJJF49G01,[3-LAYER] 여성 테크니컬 윈드브레이커,JJ,점퍼,0
SP,F4,SPJJF49G11,여성 집업 점퍼,JJ,점퍼,"69,900"
SP,F4,SPJJF49G90,(QR) 하프 윈드브레이커,JJ,점퍼,"49,900"
SP,F4,SPJJF49GY2,블록 배색 후드 윈드브레이커,JJ,점퍼,"59,900"
SP,F4,SPJJF49GY3,여성 체크 윈드 브레이커 (SPJJF25G93 RE),JJ,점퍼,"59,900"
SP,F4,SPJJF49KU1,[키즈] 워크 재킷,JJ,점퍼,"69,900"
SP,F4,SPJJF49KU9,[키즈] 파이핑 배색 윈드브레이커,JJ,점퍼,"39,900"
SP,F4,SPJJF49M21,헌팅 재킷,JJ,점퍼,"79,900"
SP,F4,SPJJF49M22,헤링턴 집업 재킷,JJ,점퍼,"79,900"
SP,F4,SPJJF49M92,미니멀 집업 점퍼,JJ,점퍼,"69,900"
SP,F4,SPJJF49U01,[달려라하니] 나쁜계집애 바람막이,JJ,점퍼,"69,900"
SP,F4,SPJJF49W31,여성 하프 워크 재킷,JJ,점퍼,"89,900"
SP,F4,SPJJF4TM05,[울블렌드] 블루종,JJ,점퍼,"89,900"
SP,F4,SPJJF4TM05,[울블렌드] 블루종,JJ,점퍼,0
SP,F4,SPJJF4TM06,[울블렌드] 아우터형 셔츠,JJ,점퍼,"89,900"
SP,G1,SPJJG12U01,[진격의거인] 피쉬테일 롱 야상,JJ,점퍼,0
SP,G2,SPJJG23C02,후드 윈드브레이커,JJ,점퍼,"59,900"
SP,G2,SPJJG23C03,[3-LAYER] 테크니컬 윈드브레이커,JJ,점퍼,"69,900"
SP,G2,SPJJG23C11,[UV차단] 배색 윈드브레이커,JJ,점퍼,"59,900"
SP,G2,SPJJG23C11,[UV차단] 배색 윈드브레이커,JJ,점퍼,0
SP,G2,SPJJG23C21,초어 재킷,JJ,점퍼,"89,900"
SP,G2,SPJJG23CY1,후드 재킷,JJ,점퍼,"79,900"
SP,G2,SPJJG23CY1,후드 재킷,JJ,점퍼,0
SP,G2,SPJJG23CY2,체크 후드 윈드브레이커,JJ,점퍼,"59,900"
SP,G2,SPJJG23G01,오버핏 스티치 윈드브레이커,JJ,점퍼,"59,900"
SP,G2,SPJJG23G02,오버핏 봄버 재킷,JJ,점퍼,"69,900"
SP,G2,SPJJG23G03,여성 체크 후드 윈드브레이커,JJ,점퍼,"59,900"
SP,G2,SPJJG23G11,여성 코듀로이 후드 집업,JJ,점퍼,"79,900"
SP,G2,SPJJG23G12,여성 초어 재킷,JJ,점퍼,"89,900"
SP,G2,SPJJG23G13,도트 윈드브레이커,JJ,점퍼,"59,900"
SP,G2,SPJJG23G2C,[중국단독] 3LAYER 테크니컬 윈드브레이커,JJ,점퍼,0
SP,G2,SPJJG23GS1,[3-LAYER] 하프기장 테크니컬 윈드브레이커,JJ,점퍼,"69,900"
SP,G2,SPJJG23GY1,숏 워크 재킷,JJ,점퍼,"79,900"
SP,G2,SPJJG23KG1,[키즈] 셔링 윈드크레이커,JJ,점퍼,"35,900"
SP,G2,SPJJG23KU1,[키즈] [UV차단] 배색 후드 윈드브레이커,JJ,점퍼,"39,900"
SP,G2,SPJJG23KU2,[키즈] 파스텔 윈드브레이커,JJ,점퍼,"39,900"
SP,G2,SPJJG23KU2,[키즈] 파스텔 윈드브레이커,JJ,점퍼,0
SP,G2,SPJJG23KU3,[키즈] 집업 블루종,JJ,점퍼,"69,900"
SP,G2,SPJJG23M01,미니멀 집업 재킷,JJ,점퍼,"69,900"
SP,G2,SPJJG23M02,헤링턴 집업 재킷,JJ,점퍼,"79,900"
SP,G2,SPJJG23M06,헌팅 재킷,JJ,점퍼,"79,900"
SP,G2,SPJJG23M06,헌팅 재킷,JJ,점퍼,0
SP,G2,SPJJG23M07,헌팅 집업,JJ,점퍼,"79,900"
SP,G2,SPJJG23M91,(QR) 하프 헌팅 재킷,JJ,점퍼,"89,900"
SP,G2,SPJJG24G01,[UV차단] 세미 크롭 윈드브레이커,JJ,점퍼,"49,900"
SP,G2,SPJJG24KU9,[키즈] (QR) 후드 윈드브레이커,JJ,점퍼,"39,900"
SP,G2,SPJJG24M01,리넨블렌드 사파리 재킷,JJ,점퍼,"79,900"
SP,G2,SPJJG24M02,리넨블렌드 트러커 재킷,JJ,점퍼,"79,900"
SP,G2,SPJJG24M03,[ACTIVE] 나일론 트러커 재킷,JJ,점퍼,"69,900"
SP,G2,SPJJG24M03,[ACTIVE] 나일론 트러커 재킷,JJ,점퍼,0
SP,G2,SPJJG25C09,[UV차단] 라이트 패커블 윈드브레이커,JJ,점퍼,"39,900"
SP,G2,SPJJG25C10,[UV차단] 라이트 패커블 윈드브레이커,JJ,점퍼,0
SP,G2,SPJJG25C21,[시티웨어] 반팔 셔츠,JJ,점퍼,"39,900"
SP,G2,SPJJG25CS1,[ACTIVE] 스트레치 반팔 아노락,JJ,점퍼,"39,900"
SP,G2,SPJJG25CS2,[ACTIVE] 스트레치 반팔 풀오버,JJ,점퍼,"29,900"
SP,G2,SPJJG25G01,[UV차단] 라이트 후드 윈드브레이커,JJ,점퍼,"39,900"
SP,G2,SPJJG25G03,플라워 윈드브레이커,JJ,점퍼,"59,900"
SP,G2,SPJJG25GS1,라이트 블루종,JJ,점퍼,"49,900"
SP,G2,SPJJG25GY1,시어 셔링 윈드브레이커,JJ,점퍼,"49,900"
SP,G2,SPJJG25KG4,[키즈] 라이트 프릴 윈드브레이커,JJ,점퍼,"39,900"
SP,G2,SPJJG25KU2,[키즈] 라이트 후드 윈드브레이커,JJ,점퍼,"29,900"
SP,G2,SPJJG25U01,[개구리 중사 케로로] 라이트 패커블 윈드브레이커,JJ,점퍼,"49,900"
SP,G2,SPJJG26C01,[ACTIVE] 후드 베스트,JJ,점퍼,"39,900"
SP,G2,SPJJG26G01,[ACTIVE] 시어 후드 베스트,JJ,점퍼,"39,900"
SP,G3,SPJJG37C02,[ACTIVE] 라이트 시어 윈드브레이커,JJ,점퍼,"39,900"
SP,G3,SPJJG37C02,[ACTIVE] 라이트 시어 윈드브레이커,JJ,점퍼,0
SP,G3,SPJJG37C03,시어서커 체크 윈드브레이커,JJ,점퍼,"39,900"
SP,G3,SPJJG37G02,[ACTIVE] 라이트 시어 후드 크롭 윈드브레이커,JJ,점퍼,"39,900"
SP,G3,SPJJG37U01,[울산 HD FC] 배색 윈드브레이커,JJ,점퍼,"69,900"
SP,G3,SPJJG37U02,[하츠네미쿠] 윈드브레이커,JJ,점퍼,"69,900"
SP,G3,SPJJG37U02,[하츠네미쿠] 윈드브레이커,JJ,점퍼,0
SP,G3,SPJJG37U03,[마이페이브아카이브] 라이트 패커블 윈드브레이커,JJ,점퍼,"59,900"
SP,G3,SPJJG37W01,(QR) 투포켓 시스루 셔츠 재킷,JJ,점퍼,"69,900"
SP,G3,SPJJG37W02,썸머 시스루 블루종,JJ,점퍼,"59,900"
SP,G3,SPJJG38KU1,[키즈] 체크 윈드 브레이커,JJ,점퍼,"49,900"
SP,G3,SPJJG38KU2,[키즈] 파스텔 윈드브레이커 (SPJJG24KU1 RE),JJ,점퍼,"39,900"
SP,G3,SPJJG38KU3,[키즈] 도트 윈드브레이커,JJ,점퍼,0
SP,G3,SPJJG38KU4,[키즈] 화섬 후드 베스트,JJ,점퍼,0
SP,G4,SPJJG49C01,[2.5-LAYER] 테크니컬 윈드브레이커,JJ,점퍼,"69,900"
SP,G4,SPJJG49C01,[2.5-LAYER] 테크니컬 윈드브레이커,JJ,점퍼,0
SP,G4,SPJJG49C02,[UV차단] 배색 윈드브레이커,JJ,점퍼,"59,900"
SP,G4,SPJJG49C11,체크 후드 윈드브레이커,JJ,점퍼,"59,900"
SP,G4,SPJJG49C21,코튼 후드 점퍼,JJ,점퍼,0
SP,G4,SPJJG49C22,워크 재킷,JJ,점퍼,0
SP,G4,SPJJG49C23,하이넥 블루종,JJ,점퍼,0
SP,G4,SPJJG49C31,[UV차단] 파이핑 절개 윈드브레이커,JJ,점퍼,"59,900"
SP,G4,SPJJG49C70,[3-LAYER] 테크니컬 윈드브레이커,JJ,점퍼,"89,900"
SP,G4,SPJJG49G01,파이핑 윈드브레이커,JJ,점퍼,"59,900"
SP,G4,SPJJG49G01,파이핑 윈드브레이커,JJ,점퍼,0
SP,G4,SPJJG49G02,[2.5-LAYER] 여성 테크니컬 윈드브레이커,JJ,점퍼,0
SP,G4,SPJJG49G21,퍼 후드 집업,JJ,점퍼,0
SP,G4,SPJJG49G22,하이넥 집업,JJ,점퍼,0
SP,G4,SPJJG49KU2,[키즈] (QR)[3-LAYER] 테크니컬 윈드브레이커,JJ,점퍼,"79,900"
SP,G4,SPJJG49KU3,[키즈] (먼작귀) 윈드브레이커,JJ,점퍼,0
SP,G4,SPJJG49M05,하프 헌팅 재킷,JJ,점퍼,0
SP,G4,SPJJG49M06,코듀로이 트러커,JJ,점퍼,0
SP,G4,SPJJG49M97,집업 블루종,JJ,점퍼,"79,900"
SP,G4,SPJJG49M98,헌팅 블루종,JJ,점퍼,"79,900"
SP,G4,SPJJG49M99,헤링턴 집업 재킷,JJ,점퍼,"79,900"
SP,G4,SPJJG49U01,[진격의거인] 윈드브레이커,JJ,점퍼,"69,900"
SP,G4,SPJJG49U02,[버터베어] 체크 후드 윈드브레이커,JJ,점퍼,0
SP,G4,SPJJG49W01,하이넥 블루종,JJ,점퍼,0
SP,G4,SPJJG4TM01,[울블렌드] 헤링턴 집업 재킷,JJ,점퍼,"89,900"
SP,G4,SPJJG4TM01,[울블렌드] 헤링턴 집업 재킷,JJ,점퍼,0
SP,G4,SPJJG4TU01,[먼작귀] 페어리 윈드브레이커,JJ,점퍼,0
SP,G4,SPJJG4VM99,[울블렌드] 블루종,JJ,점퍼,0
SP,G4,SPJJG4VU02,[먼작귀] 파스텔 푸퍼,JJ,점퍼,0
SP,G4,SPJJG4VU04,[챠미키티] 파스텔 푸퍼,JJ,점퍼,0
SP,E1,SPJKE11W22,[울블렌드] 라운드넥 자켓,JK,점퍼,"79,900"
SP,E2,SPJKE23M01,[에센셜] 오버핏 자켓,JK,점퍼,"79,900"
SP,E2,SPJKE23W01,[에센셜] 오버핏 자켓,JK,점퍼,"69,900"
SP,E2,SPJKE23W02,[에센셜] 크롭 자켓,JK,점퍼,"69,900"
SP,E2,SPJKE23W03,트위드 자켓,JK,점퍼,"79,900"
SP,E2,SPJKE24M07,[COOL] 베이직 자켓,JK,점퍼,"79,900"
SP,E2,SPJKE24M08,[COOL] 스트레치 자켓,JK,점퍼,"89,900"
SP,E2,SPJKE24W04,트위드 크롭 반팔 자켓,JK,점퍼,"79,900"
SP,E2,SPJKE24W05,[COOL] 베이직 자켓,JK,점퍼,"79,900"
SP,E2,SPJKE25W06,[COOL] 크롭 반팔 자켓,JK,점퍼,"59,900"
SP,E2,SPJKE25W07,[COOL] 레귤러 반팔 자켓,JK,점퍼,"69,900"
SP,E2,SPJKE25W08,[COOL] 스티치 디테일 크롭 반팔 자켓,JK,점퍼,"69,900"
SP,E3,SPJKE37M07,[COOL] 베이직 자켓 (SPJKE24M07 RE),JK,점퍼,"79,900"
SP,E4,SPJKE49M01,오버핏 싱글 재킷,JK,점퍼,"89,900"
SP,E4,SPJKE49M02,[에센셜+] 베이직 재킷,JK,점퍼,"79,900"
SP,E4,SPJKE49M90,[에센셜] 000 베이직 재킷,JK,점퍼,0
SP,E4,SPJKE49W01,[에센셜] 오버핏 재킷,JK,점퍼,"69,900"
SP,E4,SPJKE49W01,[에센셜] 오버핏 재킷,JK,점퍼,0
SP,E4,SPJKE49W02,[에센셜] 크롭 재킷,JK,점퍼,"69,900"
SP,E4,SPJKE49W04,트위드 재킷,JK,점퍼,"79,900"
SP,E4,SPJKE49W04,트위드 재킷,JK,점퍼,0
SP,E4,SPJKE4TW03,[울블렌드] 라운드넥 재킷,JK,점퍼,"79,900"
SP,E4,SPJKE4TW04,[울블렌드] 오버핏 재킷,JK,점퍼,"89,900"
SP,E4,SPJKE4TW05,[울라이크] 아웃포켓 오버핏 재킷,JK,점퍼,"89,900"
SP,EA,SPJKEA9M01,교복 자켓(남성),JK,점퍼,"58,902"
SP,EA,SPJKEA9M02,[에센셜] 레귤러핏 자켓,JK,점퍼,"79,900"
SP,EA,SPJKEA9M50,패럴림픽 단복 자켓 (남성),JK,점퍼,"540,000"
SP,EA,SPJKEA9W02,교복 자켓(여성),JK,점퍼,"53,044"
SP,EA,SPJKEA9W03,[에센셜] 레귤러핏 재킷,JK,점퍼,"69,900"
SP,EA,SPJKEA9W50,패럴림픽 단복 자켓 (여성),JK,점퍼,"540,000"
SP,EA,SPJKEA9W70,패럴림픽 심판복 자켓 (여성),JK,점퍼,"49,900"
SP,F1,SPJKF12W01,[울블렌드] 라운드넥 재킷,JK,점퍼,"79,900"
SP,F2,SPJKF23M02,[에센셜] 오버핏 재킷,JK,점퍼,"79,900"
SP,F2,SPJKF23W01,[에센셜] 여성 오버핏 재킷,JK,점퍼,"69,900"
SP,F2,SPJKF23W01,[에센셜] 여성 오버핏 재킷,JK,점퍼,0
SP,F2,SPJKF23W02,[에센셜] 숏 재킷,JK,점퍼,"69,900"
SP,F2,SPJKF23W02,[에센셜] 숏 재킷,JK,점퍼,0
SP,F2,SPJKF23W03,트위드 재킷,JK,점퍼,"79,900"
SP,F2,SPJKF24M08,[COOL] 레귤러핏 재킷,JK,점퍼,"79,900"
SP,F2,SPJKF24M11,[COOL] 스트레치 재킷,JK,점퍼,"79,900"
SP,F2,SPJKF24W05,[COOL] 레귤러핏 재킷,JK,점퍼,"69,900"
SP,F2,SPJKF24W08,트위드 반팔 재킷,JK,점퍼,"79,900"
SP,F2,SPJKF25W06,[COOL] 숏 반팔 재킷,JK,점퍼,"59,900"
SP,F2,SPJKF25W07,[COOL] 레귤러핏 반팔 재킷,JK,점퍼,"69,900"
SP,F2,SPJKF25W09,[COOL] 스티치 반팔 재킷,JK,점퍼,"69,900"
SP,F2,SPJKF25W10,벨티드 반팔 재킷,JK,점퍼,"79,900"
SP,F3,SPJKF37M98,워크 재킷(셋업),JK,점퍼,"79,900"
SP,F4,SPJKF49KU2,[키즈] 워크 재킷,JK,점퍼,0
SP,F4,SPJKF49M01,워크 재킷 (셋업),JK,점퍼,"79,900"
SP,F4,SPJKF49W01,트위드 재킷,JK,점퍼,"79,900"
SP,F4,SPJKF49W02,[에센셜] 여성 오버핏 재킷,JK,점퍼,"69,900"
SP,F4,SPJKF49W91,(QR) 하프 트위드 재킷,JK,점퍼,"89,900"
SP,F4,SPJKF49W93,(QR) 모던 오버핏 재킷,JK,점퍼,"79,900"
SP,F4,SPJKF4TM07,[울블렌드] 헤링본 재킷,JK,점퍼,"99,900"
SP,F4,SPJKF4TU01,[SPAO x OURSELVES] 콤피 워크 재킷,JK,점퍼,"79,900"
SP,F4,SPJKF4TW05,[울블렌드] 라운드넥 재킷,JK,점퍼,"79,900"
SP,F4,SPJKF4TW06,[울블렌드] 여성 헤링본 재킷,JK,점퍼,"89,900"
SP,F4,SPJKF4TW15,[울블렌드] 부클 라운드넥 재킷,JK,점퍼,"79,900"
SP,FA,SPJKFA9M01,[에센셜+] 레귤러핏 재킷,JK,점퍼,"79,900"
SP,FA,SPJKFA9M03,[스트레치+] 레귤러핏 재킷,JK,점퍼,"79,900"
SP,FA,SPJKFA9W11,[에센셜] 레귤러핏 재킷,JK,점퍼,"69,900"
SP,G2,SPJKG23M01,[시티웨어] 워크 재킷 (셋업),JK,점퍼,"79,900"
SP,G2,SPJKG23W03,타이 스트랩 트위드 재킷,JK,점퍼,"79,900"
SP,G2,SPJKG24M23,[ACTIVE] 라이트 이지 재킷,JK,점퍼,"79,900"
SP,G2,SPJKG24W02,스트랩 트위드 반팔 재킷,JK,점퍼,"79,900"
SP,G2,SPJKG25W01,벨티드 반팔 재킷,JK,점퍼,"69,900"
SP,G3,SPJKG38M80,(QR) 릴렉스 핏 재킷,JK,점퍼,"79,900"
SP,G4,SPJKG4TW01,[울블렌드] 여성 오버핏 재킷,JK,점퍼,0
SP,GA,SPJKGA9M00,HOTEL 유니폼 남성 상의,JK,점퍼,"79,900"
SP,GA,SPJKGA9M01,[에센셜] 레귤러핏 재킷,JK,점퍼,"79,900"
SP,GA,SPJKGA9M02,[에센셜] 오버핏 재킷,JK,점퍼,"79,900"
SP,GA,SPJKGA9M23,[ACTIVE] 이지 재킷,JK,점퍼,"79,900"
SP,GA,SPJKGA9W00,HOTEL 유니폼 여성 상의,JK,점퍼,"79,900"
SP,GA,SPJKGA9W01,[에센셜] 레귤러핏 재킷,JK,점퍼,"79,900"
SP,GA,SPJKGA9W02,[에센셜] 여성 오버핏 재킷,JK,점퍼,"79,900"
SP,GA,SPJKGA9W02,[에센셜] 여성 오버핏 재킷,JK,점퍼,0
SP,E1,SPJLE12M05,[신세틱레더] 집업 점퍼,JL,점퍼,"89,900"
SP,E1,SPJLE12M07,[신세틱레더] 스웨이드 자켓,JL,점퍼,"89,900"
SP,E1,SPJLE12M08,[신세틱레더] 워싱 점퍼,JL,점퍼,"99,900"
SP,E1,SPJLE12W04,[레더라이크] 집업 점퍼,JL,점퍼,"79,900"
SP,E1,SPJLE12W07,[신세틱레더] 미니멀 크롭 자켓 (SPJLD4TW16 RE),JL,점퍼,"79,900"
SP,E4,SPJLE49M02,[신세틱레더] 스웨이드 재킷,JL,점퍼,"89,900"
SP,E4,SPJLE49M04,[신세틱레더] 워싱 블루종,JL,점퍼,"89,900"
SP,E4,SPJLE4VM07,[신세틱레더] 무스탕 재킷,JL,점퍼,"129,000"
SP,F1,SPJLF12M02,[신세틱레더] 스웨이드 재킷,JL,점퍼,"89,900"
SP,F1,SPJLF12M04,[신세틱레더] 블루종,JL,점퍼,"89,900"
SP,F4,SPJLF49M02,[신세틱레더] 스웨이드 재킷,JL,점퍼,"89,900"
SP,F4,SPJLF49M02,[신세틱레더] 스웨이드 재킷,JL,점퍼,0
SP,F4,SPJLF49M03,[신세틱레더] 스탠칼라 스웨이드 재킷,JL,점퍼,"89,900"
SP,F4,SPJLF49M04,[신세틱레더] 블루종,JL,점퍼,"89,900"
SP,F4,SPJLF49M05,[신세틱레더] 스웨이드 트러커 재킷,JL,점퍼,"89,900"
SP,F4,SPJLF49M05,[신세틱레더] 스웨이드 트러커 재킷,JL,점퍼,0
SP,F4,SPJLF49M06,[신세틱레더] 스웨이드 테일러드 재킷,JL,점퍼,"99,900"
SP,F4,SPJLF49W14,[신세틱레더] 여성 스탠칼라 스웨이드 재킷,JL,점퍼,"79,900"
SP,F4,SPJLF49W15,[신세틱레더] 하프코트 (스웨이드/레더),JL,점퍼,"89,900"
SP,F4,SPJLF49W15,[신세틱레더] 하프코트 (스웨이드/레더),JL,점퍼,0
SP,F4,SPJLF49W16,[신세틱레더] 여성 스웨이드 테일러드 재킷,JL,점퍼,"89,900"
SP,F4,SPJLF49W16,[신세틱레더] 여성 스웨이드 테일러드 재킷,JL,점퍼,0
SP,F4,SPJLF49W17,[신세틱레더] 여성 블루종 점퍼 (스웨이드/레더),JL,점퍼,"79,900"
SP,F4,SPJLF4VM07,[신세틱레더] 무스탕 점퍼,JL,점퍼,"129,000"
SP,G1,SPJLG11M07,[신세틱레더] 무스탕 점퍼 (SPJLF4VM07 RE),JL,점퍼,"129,000"
SP,G1,SPJLG12KU1,[키즈] (신세틱레더) 스웨이드 재킷,JL,점퍼,"69,900"
SP,G1,SPJLG12M01,[신세틱레더] 스웨이드 재킷,JL,점퍼,"89,900"
SP,G1,SPJLG12M04,[신세틱레더] 레더 블루종 (SPJLF49M04 RE),JL,점퍼,"89,900"
SP,G1,SPJLG12M05,[신세틱레더] 스웨이드 트러커,JL,점퍼,"89,900"
SP,G4,SPJLG49KU1,[키즈] (신세틱레더) 재킷,JL,점퍼,"69,900"
SP,G4,SPJLG49M01,[신세틱레더]스웨이드 트러커 재킷,JL,점퍼,"89,900"
SP,G4,SPJLG49M02,[신세틱레더]스웨이드 집업 재킷,JL,점퍼,"89,900"
SP,G4,SPJLG49M99,[신세틱레더] 레더 블루종,JL,점퍼,"89,900"
SP,G4,SPJLG49U01,[진격의거인] 스웨이드 트러커,JL,점퍼,"99,900"
SP,G4,SPJLG49W01,[신세틱레더] 스웨이드 테일러드 재킷,JL,점퍼,"89,900"
SP,G4,SPJLG49W01,[신세틱레더] 스웨이드 테일러드 재킷,JL,점퍼,0
SP,G4,SPJLG49W02,[신세틱레더] 여성 하이넥 블루종 (스웨이드/레더),JL,점퍼,"89,900"
SP,G4,SPJLG49W03,[신세틱레더] 하프 코트 (스웨이드/레더),JL,점퍼,"89,900"
SP,G4,SPJLG49W03,[신세틱레더] 하프 코트 (스웨이드/레더),JL,점퍼,0
SP,G4,SPJLG49W04,[신세틱레더] 여성 스탠칼라 스웨이드 재킷,JL,점퍼,"89,900"
SP,G4,SPJLG49W04,[신세틱레더] 여성 스탠칼라 스웨이드 재킷,JL,점퍼,0
SP,G4,SPJLG49W05,[신세틱레더] 여성 블루종 점퍼 (스웨이드/레더),JL,점퍼,"89,900"
SP,G4,SPJLG4VM01,[신세틱레더]무스탕 점퍼,JL,점퍼,0
SP,G4,SPJLG4VW03,[신세틱레더] 페이크 퍼 더플 숏 코트,JL,점퍼,0
SP,G4,SPJLG4VW04,[신세틱레더] 페이크 퍼 하프 코트,JL,점퍼,0
SP,G4,SPJLG4VW05,[신세틱레더] 스웨이드 퍼 안감 블루종,JL,점퍼,0
SP,E1,SPJPE11C91,(QR) 라이트 후디드 자켓,JP,점퍼,"79,900"
SP,E1,SPJPE11G01,파스텔 푸퍼(SPJPD4TG01 RE),JP,점퍼,"69,900"
SP,E1,SPJPE11KG1,[키즈] 파스텔 푸퍼 (SPJPD4TKG1 RE),JP,점퍼,"59,900"
SP,E1,SPJPE11KG1,[키즈] 파스텔 푸퍼 (SPJPD4TKG1 RE),JP,점퍼,0
SP,E1,SPJPE11KU2,[키즈] 라이트 자켓,JP,점퍼,"49,900"
SP,E1,SPJPE12C91,(QR) 라이트 패디드 자켓,JP,점퍼,"79,900"
SP,E4,SPJPE4TC01,라이트 재킷,JP,점퍼,"59,900"
SP,E4,SPJPE4TC03,라이트 후드 재킷,JP,점퍼,"69,900"
SP,E4,SPJPE4TC11,베이직 푸퍼,JP,점퍼,"69,900"
SP,E4,SPJPE4TC11,베이직 푸퍼,JP,점퍼,0
SP,E4,SPJPE4TC12,베이직 푸퍼 (코듀로이),JP,점퍼,"79,900"
SP,E4,SPJPE4TC13,베이직 후드 푸퍼,JP,점퍼,"79,900"
SP,E4,SPJPE4TC13,베이직 후드 푸퍼,JP,점퍼,0
SP,E4,SPJPE4TG01,파스텔 푸퍼,JP,점퍼,"69,900"
SP,E4,SPJPE4TG01,파스텔 푸퍼,JP,점퍼,0
SP,E4,SPJPE4TG02,파스텔 푸퍼 (코듀로이),JP,점퍼,"79,900"
SP,E4,SPJPE4VC14,베이직 롱패딩,JP,점퍼,"99,900"
SP,E4,SPJPE4VG01,퍼 탈착 푸퍼,JP,점퍼,"79,900"
SP,E4,SPJPE4VG01,퍼 탈착 푸퍼,JP,점퍼,0
SP,E4,SPJPE4VG02,여성 후드 푸퍼,JP,점퍼,"79,900"
SP,E4,SPJPE4VU01,[헬로키티] 숏패딩,JP,점퍼,"99,900"
SP,F1,SPJPF11C11,베이직 푸퍼 (SPJPE4TC11 RE),JP,점퍼,"69,900"
SP,F1,SPJPF11C11,베이직 푸퍼 (SPJPE4TC11 RE),JP,점퍼,0
SP,F1,SPJPF11G01,파스텔 푸퍼 (SPJPE4TG01 RE),JP,점퍼,"69,900"
SP,F1,SPJPF11G01,파스텔 푸퍼 (SPJPE4TG01 RE),JP,점퍼,0
SP,F1,SPJPF12C91,(QR) 라이트 하이넥 재킷,JP,점퍼,0
SP,F1,SPJPF12C92,(QR) 라이트 후드 재킷,JP,점퍼,0
SP,F1,SPJPF12C93,(QR) 라이트 칼라 재킷,JP,점퍼,0
SP,F1,SPJPF12G93,(QR) 여성 라이트 하이넥 재킷,JP,점퍼,0
SP,F2,SPJPF23C91,(QR) 라이트 하이넥 재킷,JP,점퍼,"59,900"
SP,F2,SPJPF23C92,(QR) 라이트 후드 재킷,JP,점퍼,"69,900"
SP,F2,SPJPF23C93,(QR) 라이트 칼라 재킷,JP,점퍼,"69,900"
SP,F2,SPJPF23C95,(QR) 라이트 경량 후드 재킷,JP,점퍼,"69,900"
SP,F2,SPJPF23G93,(QR) 여성 라이트 하이넥 재킷,JP,점퍼,"59,900"
SP,F4,SPJPF4TC01,라이트 재킷,JP,점퍼,"59,900"
SP,F4,SPJPF4TC11,베이직 푸퍼,JP,점퍼,"69,900"
SP,F4,SPJPF4TC12,베이직 후드 푸퍼,JP,점퍼,"79,900"
SP,F4,SPJPF4TC12,베이직 후드 푸퍼,JP,점퍼,0
SP,F4,SPJPF4TC1C,[소프트다운] 씬 라이트 하이넥 재킷,JP,점퍼,0
SP,F4,SPJPF4TC22,[씬라이트] 2-WAY 재킷,JP,점퍼,"49,900"
SP,F4,SPJPF4TC23,[씬라이트] 하이넥 재킷,JP,점퍼,"59,900"
SP,F4,SPJPF4TC23,[씬라이트] 하이넥 재킷,JP,점퍼,0
SP,F4,SPJPF4TC24,[씬라이트] 후드 재킷,JP,점퍼,"59,900"
SP,F4,SPJPF4TC26,[씬라이트] 칼라 퀼팅 재킷,JP,점퍼,"69,900"
SP,F4,SPJPF4TC32,라이트 후드 미니멀 재킷,JP,점퍼,"69,900"
SP,F4,SPJPF4TC40,(우디) 라이트 재킷,JP,점퍼,"69,900"
SP,F4,SPJPF4TC41,(우디) 베이직 푸퍼,JP,점퍼,"79,900"
SP,F4,SPJPF4TG01,파스텔 푸퍼,JP,점퍼,"69,900"
SP,F4,SPJPF4TG01,파스텔 푸퍼,JP,점퍼,0
SP,F4,SPJPF4TG02,파스텔 푸퍼(코듀로이),JP,점퍼,"79,900"
SP,F4,SPJPF4TG02,파스텔 푸퍼(코듀로이),JP,점퍼,0
SP,F4,SPJPF4TG03,여성 후드 푸퍼,JP,점퍼,"79,900"
SP,F4,SPJPF4TG05,파스텔 푸퍼 (브라이트),JP,점퍼,"79,900"
SP,F4,SPJPF4TG1C,[소프트다운] 여성 씬 라이트 하이넥 재킷,JP,점퍼,0
SP,F4,SPJPF4TG21,[씬라이트] 여성 2-WAY 재킷,JP,점퍼,"49,900"
SP,F4,SPJPF4TG21,[씬라이트] 여성 2-WAY 재킷,JP,점퍼,0
SP,F4,SPJPF4TG23,[씬라이트] 여성 하이넥 재킷,JP,점퍼,"59,900"
SP,F4,SPJPF4TG31,여성 라이트 후드 재킷,JP,점퍼,"69,900"
SP,F4,SPJPF4TG40,(우디) 파스텔 푸퍼,JP,점퍼,"79,900"
SP,F4,SPJPF4TG90,(QR) 플라워 패턴 푸퍼,JP,점퍼,"79,900"
SP,F4,SPJPF4TKU1,[키즈] [씬라이트] 후드 재킷,JP,점퍼,"49,900"
SP,F4,SPJPF4VC11,베이직 롱패딩,JP,점퍼,"99,900"
SP,F4,SPJPF4VC40,(우디) 베이직 롱패딩,JP,점퍼,"129,000"
SP,F4,SPJPF4VC81,리버서블 패딩,JP,점퍼,"69,900"
SP,F4,SPJPF4VC92,(QR) [씬라이트] 시어 후드 재킷,JP,점퍼,"69,900"
SP,F4,SPJPF4VG81,더플 패딩,JP,점퍼,"99,000"
SP,F4,SPJPF4VG90,(QR) 여성 하이넥 푸퍼,JP,점퍼,"79,900"
SP,F4,SPJPF4VG92,(QR) [씬라이트] 여성 시어 후드 재킷,JP,점퍼,"69,900"
SP,F4,SPJPF4VU01,[SPAO X Kid Milli] LOVE$ICK 후드 푸퍼,JP,점퍼,"89,900"
SP,G1,SPJPG11C0C,리버서블 패딩,JP,점퍼,"79,900"
SP,G1,SPJPG11C15,[신세틱레더] 스웨이드 푸퍼,JP,점퍼,"79,900"
SP,G1,SPJPG11C16,리버서블 덤블 점퍼,JP,점퍼,"89,900"
SP,G1,SPJPG11C21,후드 푸퍼 (립스탑),JP,점퍼,"89,900"
SP,G1,SPJPG11C24,[씬라이트] 후드 재킷 (SPJPF4TC24 RE),JP,점퍼,"59,900"
SP,G1,SPJPG11C24,[씬라이트] 후드 재킷 (SPJPF4TC24 RE),JP,점퍼,0
SP,G1,SPJPG11C31,[씬라이트] 후드 재킷 (립스탑),JP,점퍼,"79,900"
SP,G1,SPJPG11C93,(QR) 시어 후드 푸퍼,JP,점퍼,"89,900"
SP,G1,SPJPG11G01,파스텔 푸퍼 (SPJPF4TG01 RE),JP,점퍼,"69,900"
SP,G1,SPJPG11G15,[신세틱레더] 여성 스웨이드 푸퍼,JP,점퍼,"79,900"
SP,G1,SPJPG11G16,여성 리버서블 덤블 점퍼,JP,점퍼,"89,900"
SP,G1,SPJPG11G31,[씬라이트] 여성 후드 재킷,JP,점퍼,"59,900"
SP,G1,SPJPG11G31,[씬라이트] 여성 후드 재킷,JP,점퍼,0
SP,G1,SPJPG11G90,(QR) [씬라이트] 여성 심리스 후드 재킷,JP,점퍼,"89,900"
SP,G1,SPJPG12C21,[씬라이트] 아노락 패딩,JP,점퍼,"69,900"
SP,G1,SPJPG12C93,(QR) 립스탑 후드 재킷,JP,점퍼,"79,900"
SP,G1,SPJPG12CY1,라이트 리버서블 재킷,JP,점퍼,"69,900"
SP,G1,SPJPG12KU1,[키즈] [씬라이트] 후드 재킷,JP,점퍼,"49,900"
SP,G4,SPJPG4TC11,베이직 푸퍼,JP,점퍼,"69,900"
SP,G4,SPJPG4TC11,베이직 푸퍼,JP,점퍼,0
SP,G4,SPJPG4TC12,베이직 후드 푸퍼,JP,점퍼,"79,900"
SP,G4,SPJPG4TC13,시어 후드 푸퍼,JP,점퍼,"89,900"
SP,G4,SPJPG4TC15,하이넥 푸퍼,JP,점퍼,0
SP,G4,SPJPG4TC16,하이넥 후드 푸퍼,JP,점퍼,0
SP,G4,SPJPG4TC21,[씬라이트] 라운드넥 재킷,JP,점퍼,"49,900"
SP,G4,SPJPG4TC23,[씬라이트] 하이넥 재킷,JP,점퍼,"59,900"
SP,G4,SPJPG4TC24,[씬라이트] 후드 재킷,JP,점퍼,"59,900"
SP,G4,SPJPG4TC24,[씬라이트] 후드 재킷,JP,점퍼,0
SP,G4,SPJPG4TC26,[씬라이트] 시어 후드 재킷,JP,점퍼,"69,900"
SP,G4,SPJPG4TC26,[씬라이트] 시어 후드 재킷,JP,점퍼,0
SP,G4,SPJPG4TC32,라이트 후드 재킷,JP,점퍼,"69,900"
SP,G4,SPJPG4TC91,[씬라이트] 후드 재킷 (립스탑),JP,점퍼,"69,900"
SP,G4,SPJPG4TC92,(QR) 후드 푸퍼 (립스탑),JP,점퍼,"89,900"
SP,G4,SPJPG4TG11,파스텔 푸퍼,JP,점퍼,"69,900"
SP,G4,SPJPG4TG11,파스텔 푸퍼,JP,점퍼,0
SP,G4,SPJPG4TG12,여성 후드 푸퍼,JP,점퍼,"79,900"
SP,G4,SPJPG4TG15,파스텔 푸퍼(코듀로이),JP,점퍼,0
SP,G4,SPJPG4TG21,[씬라이트] 여성 2-WAY 재킷,JP,점퍼,"49,900"
SP,G4,SPJPG4TG21,[씬라이트] 여성 2-WAY 재킷,JP,점퍼,0
SP,G4,SPJPG4TG23,[씬라이트] 여성 하이넥 재킷,JP,점퍼,"59,900"
SP,G4,SPJPG4TG23,[씬라이트] 여성 하이넥 재킷,JP,점퍼,0
SP,G4,SPJPG4TG24,[씬라이트] 여성 후드 재킷,JP,점퍼,"59,900"
SP,G4,SPJPG4TG25,[씬라이트] 여성 시어 후드 재킷,JP,점퍼,0
SP,G4,SPJPG4TG33,여성 리버서블 덤블 점퍼,JP,점퍼,0
SP,G4,SPJPG4TG34,여성 라이트 후드 재킷,JP,점퍼,0
SP,G4,SPJPG4TGS1,[씬라이트] 여성 하프 코트,JP,점퍼,0
SP,G4,SPJPG4TGS2,[씬라이트] 여성 롱 코트,JP,점퍼,0
SP,G4,SPJPG4TKG3,[키즈] (챠미키티) 푸퍼,JP,점퍼,0
SP,G4,SPJPG4TKU1,[키즈] [씬라이트] 후드 재킷,JP,점퍼,"49,900"
SP,G4,SPJPG4TKU2,[키즈] 베이직 후드 점퍼 (하이브리드 다운),JP,점퍼,0
SP,G4,SPJPG4VC01,베이직 롱패딩,JP,점퍼,0
SP,G4,SPJPG4VC61,아웃포켓 후드 미디 푸퍼_C,JP,점퍼,0
SP,E2,SPJTE23M03,벨티드 트렌치코트,JT,점퍼,"129,000"
SP,F4,SPJTF49W92,(QR) 하프 트렌치 코트,JT,점퍼,"89,900"
SP,E1,SPJVE11C91,(QR) 경량 베스트,JV,점퍼,"49,900"
SP,E1,SPJVE11G91,(QR) 여성 라이트 베스트,JV,점퍼,"69,900"
SP,E3,SPJVE37C24,우븐 후드 집업 베스트,JV,점퍼,"39,900"
SP,E3,SPJVE37G91,후드 크롭 베스트 윈드브레이커,JV,점퍼,"39,900"
SP,E4,SPJVE4TC01,베이직 패쪼,JV,점퍼,"49,900"
SP,E4,SPJVE4TC02,라이트 패쪼,JV,점퍼,"39,900"
SP,E4,SPJVE4TG01,크롭 패쪼,JV,점퍼,"49,900"
SP,E4,SPJVE4TG11,여성 소프트 패쪼 (다운),JV,점퍼,"69,900"
SP,E4,SPJVE4TG93,(QR) 여성 씬 라이트 롱 패쪼,JV,점퍼,"39,900"
SP,E4,SPJVE4TG93,(QR) 여성 씬 라이트 롱 패쪼,JV,점퍼,0
SP,E4,SPJVE4TKU1,[키즈] 퀼팅 베스트 (플리스),JV,점퍼,"35,900"
SP,E4,SPJVE4TKU2,[키즈] 베이직 패쪼 (다운),JV,점퍼,"49,900"
SP,F1,SPJVF11C01,베이직 패쪼 (SPJVE4TC01 RE),JV,점퍼,"49,900"
SP,F1,SPJVF11C11,베이직 패쪼 (SPJVE4TC01 RE),JV,점퍼,0
SP,F1,SPJVF11G01,크롭 패쪼 (SPJVE4TG01 RE),JV,점퍼,"49,900"
SP,F1,SPJVF11G01,크롭 패쪼 (SPJVE4TG01 RE),JV,점퍼,0
SP,F1,SPJVF11KU1,[키즈] 베이직 패쪼 (다운) (SPJVE4TKU2 RE),JV,점퍼,"49,900"
SP,F2,SPJVF23C94,(QR) 체크 후드 베스트,JV,점퍼,0
SP,F2,SPJVF25G01,[UV차단] 라이트 후드 크롭 베스트,JV,점퍼,0
SP,F3,SPJVF37C21,라이트 후드 베스트,JV,점퍼,"39,900"
SP,F3,SPJVF37G01,[UV차단] 라이트 후드 크롭 베스트,JV,점퍼,"39,900"
SP,F3,SPJVF38C90,(QR) 나일론 스탠칼라 베스트 (셋업),JV,점퍼,0
SP,F4,SPJVF4TC11,베이직 패쪼,JV,점퍼,"49,900"
SP,F4,SPJVF4TC21,[씬라이트] 2-WAY 패쪼,JV,점퍼,"29,900"
SP,F4,SPJVF4TC3C,[소프트다운] 씬 라이트 하이넥 패쪼,JV,점퍼,0
SP,F4,SPJVF4TCS1,[씬라이트] 하이넥 패쪼,JV,점퍼,"39,900"
SP,F4,SPJVF4TG01,여성 베이직 패쪼,JV,점퍼,"49,900"
SP,F4,SPJVF4TG22,[씬라이트] 여성 2-WAY 패쪼,JV,점퍼,"29,900"
SP,F4,SPJVF4TG22,[씬라이트] 여성 2-WAY 패쪼,JV,점퍼,0
SP,F4,SPJVF4TKU1,[키즈] [씬라이트] 패쪼,JV,점퍼,"29,900"
SP,F4,SPJVF4TKU2,[키즈] 베이직 패쪼,JV,점퍼,"39,900"
SP,G1,SPJVG11KU2,[키즈] 베이직 패쪼,JV,점퍼,"39,900"
SP,G1,SPJVG12C22,[씬라이트] 리버서블 아노락 패쪼,JV,점퍼,"49,900"
SP,G2,SPJVG25C21,[시티웨어] 베스트,JV,점퍼,"39,900"
SP,G2,SPJVG25U01,(QR) [악마는 프라다를 입는다] 베스트,JV,점퍼,"39,900"
SP,G3,SPJVG37U01,[나루토] 나일론 베스트,JV,점퍼,"49,900"
SP,G3,SPJVG37U01,[나루토] 나일론 베스트,JV,점퍼,0
SP,G4,SPJVG4TC01,베이직 패쪼,JV,점퍼,"49,900"
SP,G4,SPJVG4TC01,베이직 패쪼,JV,점퍼,0
SP,G4,SPJVG4TC22,[씬라이트] 2-WAY 패쪼,JV,점퍼,"29,900"
SP,G4,SPJVG4TC25,[씬라이트] 하이넥 패쪼,JV,점퍼,"39,900"
SP,G4,SPJVG4TG01,여성 베이직 패쪼,JV,점퍼,"49,900"
SP,G4,SPJVG4TG22,[씬라이트] 여성 2-WAY 패쪼,JV,점퍼,"29,900"
SP,G4,SPJVG4TG61,여성 베이직 패쪼(다운)_C,JV,점퍼,0
SP,G4,SPJVG4TKU1,[키즈] [씬라이트] 패쪼,JV,점퍼,"29,900"
SP,G4,SPJVG4TKU1,[키즈] [씬라이트] 패쪼,JV,점퍼,0
SP,G4,SPJVG4TKU2,[키즈] 베이직 패쪼,JV,점퍼,"39,900"
SP,G4,SPJVG4TKU2,[키즈] 베이직 패쪼,JV,점퍼,0
SP,G4,SPJVG4VC61,베이직 플라켓 패쪼_C,JV,점퍼,0
SP,E1,SPJWE11G91,후드 숏 더플 코트(SPJWD4TG01 RE),JW,점퍼,"99,900"
SP,E1,SPJWE11M01,[울블렌드] 싱글 코트 (SPJWD4VM01 RE),JW,점퍼,"129,000"
SP,E1,SPJWE11M02,[울블렌드] 발마칸 코트 (SPJWD4VM02 RE),JW,점퍼,"129,000"
SP,E1,SPJWE11M03,[울블렌드] 벨티드 코트 (SPJWD4VM03 RE),JW,점퍼,0
SP,E1,SPJWE11M94,(QR) [캐시미어블렌드] 핸드메이드 싱글코트,JW,점퍼,"159,000"
SP,E1,SPJWE11M95,(QR) [울블렌드] 하프코트,JW,점퍼,"129,000"
SP,E1,SPJWE11W92,(QR) [울블렌드] 하프코트,JW,점퍼,"99,900"
SP,E1,SPJWE12W90,(QR) [울블렌드] 싱글코트,JW,점퍼,"129,000"
SP,E4,SPJWE4TG03,숏 더플코트,JW,점퍼,"99,900"
SP,E4,SPJWE4TKU1,[키즈] 후드 더플 코트,JW,점퍼,"89,900"
SP,E4,SPJWE4TW04,덤블칼라 탈착 숏코트,JW,점퍼,"79,900"
SP,E4,SPJWE4TW08,하프코트,JW,점퍼,"99,900"
SP,E4,SPJWE4VC04,[울블렌드] 더플 코트,JW,점퍼,"129,000"
SP,E4,SPJWE4VC06,[캐시미어블렌드] 숏 더플 코트,JW,점퍼,"129,000"
SP,E4,SPJWE4VM01,[울블렌드] 싱글코트,JW,점퍼,"99,900"
SP,E4,SPJWE4VM02,[울블렌드] 발마칸코트,JW,점퍼,"129,000"
SP,E4,SPJWE4VM03,[울블렌드] 벨티드코트,JW,점퍼,"129,000"
SP,E4,SPJWE4VM05,[캐시미어블렌드] 핸드메이드 코트,JW,점퍼,"159,000"
SP,E4,SPJWE4VW01,[울블렌드] 벨티드 발마칸 코트,JW,점퍼,"129,000"
SP,E4,SPJWE4VW02,[울블렌드] 롱 더블코트,JW,점퍼,"129,000"
SP,E4,SPJWE4VW05,[울블렌드] 니트칼라 핸드메이드 숏코트,JW,점퍼,"129,000"
SP,E4,SPJWE4VW06,[울블렌드] 핸드메이드 숏코트,JW,점퍼,"99,900"
SP,E4,SPJWE4VW07,[울블렌드] 핸드메이드 롱 코트,JW,점퍼,"159,000"
SP,E4,SPJWE4VW09,[울블렌드] 싱글코트,JW,점퍼,"129,000"
SP,F1,SPJWF11C04,[울블렌드] 더플코트 (SPJWE4VC04 RE),JW,점퍼,"129,000"
SP,F1,SPJWF11G03,숏 더플코트 (SPJWE4TG03 RE),JW,점퍼,"99,900"
SP,F1,SPJWF11M01,[울블렌드] 싱글코트 (SPJWE4VM01 RE),JW,점퍼,"99,900"
SP,F1,SPJWF11M01,[울블렌드] 싱글코트 (SPJWE4VM01 RE),JW,점퍼,0
SP,F1,SPJWF11M02,[울블렌드] 발마칸코트 (SPJWE4VM02 RE),JW,점퍼,"129,000"
SP,F1,SPJWF11W01,[울블렌드] 벨티드 발마칸코트 (SPJWE4VW01 RE),JW,점퍼,"129,000"
SP,F1,SPJWF11W01,[울블렌드] 벨티드 발마칸코트 (SPJWE4VW01 RE),JW,점퍼,0
SP,F4,SPJWF4TGY4,더플 숏 코트,JW,점퍼,"99,900"
SP,F4,SPJWF4TM05,[울블렌드] 블루종,JW,점퍼,0
SP,F4,SPJWF4TM06,[울블렌드] 아우터형 셔츠,JW,점퍼,0
SP,F4,SPJWF4TW81,하프 코트,JW,점퍼,"99,000"
SP,F4,SPJWF4TW82,후드 더플 코트,JW,점퍼,"129,000"
SP,F4,SPJWF4VCY5,[울블렌드] 더플 코트,JW,점퍼,"129,000"
SP,F4,SPJWF4VCY5,[울블렌드] 더플 코트,JW,점퍼,0
SP,F4,SPJWF4VM01,[울블렌드] 싱글 코트,JW,점퍼,"129,000"
SP,F4,SPJWF4VM03,[울블렌드] 더블 코트,JW,점퍼,"129,000"
SP,F4,SPJWF4VM04,[캐시미어블렌드] 핸드메이드 롱 코트,JW,점퍼,"179,000"
SP,F4,SPJWF4VMY2,[울블렌드] 발마칸 코트,JW,점퍼,"129,000"
SP,F4,SPJWF4VMY2,[울블렌드] 발마칸 코트,JW,점퍼,0
SP,F4,SPJWF4VW01,[울블렌드] 벨티드 발마칸 코트,JW,점퍼,"129,000"
SP,F4,SPJWF4VW02,하프코트,JW,점퍼,"99,900"
SP,F4,SPJWF4VWS2,[울블렌드] 핸드메이드 하프 코트,JW,점퍼,0
SP,FA,SPJWFA9W10,[프리미엄] 핸드메이드 롱 코트,JW,점퍼,"299,000"
SP,G1,SPJWG11M01,[울블렌드] 싱글 코트  (SPJWF4VM01 RE),JW,점퍼,"129,000"
SP,G1,SPJWG11MY2,[울블렌드] 발마칸 코트 (SPJWF4VMY2 RE),JW,점퍼,"129,000"
SP,G4,SPJWG4TG04,더플 숏 코트,JW,점퍼,"99,900"
SP,G4,SPJWG4TG04,더플 숏 코트,JW,점퍼,0
SP,G4,SPJWG4VCY5,[울블렌드] 더플 코트,JW,점퍼,0
SP,G4,SPJWG4VM01,[울블렌드] 싱글 코트,JW,점퍼,0
SP,G4,SPJWG4VM02,[울블렌드] 발마칸 코트,JW,점퍼,0
SP,G4,SPJWG4VM03,[울블렌드] 남성 하프 코트,JW,점퍼,0
SP,G4,SPJWG4VM04,[캐시미어블렌드] 핸드메이드 롱 코트,JW,점퍼,"179,000"
SP,G4,SPJWG4VM99,(QR) [울블렌드] 퀼팅 모직 점퍼,JW,점퍼,0
SP,G4,SPJWG4VW01,[울블렌드] 벨티드 발마칸 코트,JW,점퍼,0
SP,G4,SPJWG4VW02,[울블렌드] 하프 코트,JW,점퍼,"99,900"
SP,G4,SPJWG4VW02,[울블렌드] 하프 코트,JW,점퍼,0
SP,G4,SPJWG4VW03,[울블렌드] 여성 오버핏 싱글 코트,JW,점퍼,0
SP,G4,SPJWG4VW04,[울블렌드] 하이넥 더플 하프 코트,JW,점퍼,0
SP,G4,SPJWG4VW05,[프리미엄] 핸드메이드 롱 코트,JW,점퍼,"299,000"
SP,G4,SPJWG4VW06,[울블렌드] 하이넥 미디 코트,JW,점퍼,0
SP,G4,SPJWG4VW07,[울블렌드] 하이넥 코트,JW,점퍼,0
SP,E3,SPLOE37A01,[고객감사] 여성 COOL 반팔티,LO,라운지,"9,900"
SP,E3,SPLOE37A01,[고객감사] 여성 COOL 반팔티,LO,라운지,0
SP,E3,SPLOE37A02,[고객감사] 여성 COOL 와이드 팬츠,LO,라운지,"15,900"
SP,E3,SPLOE37A02,[고객감사] 여성 COOL 와이드 팬츠,LO,라운지,0
SP,E3,SPLOE37A03,[고객감사] 여성 COOL 원피스,LO,라운지,"15,900"
SP,E3,SPLOE37A03,[고객감사] 여성 COOL 원피스,LO,라운지,0
SP,E3,SPLOE37A04,[고객감사] 남성 COOL 반팔티,LO,라운지,"9,900"
SP,E3,SPLOE37A04,[고객감사] 남성 COOL 반팔티,LO,라운지,0
SP,E3,SPLOE37A05,[고객감사] 남성 COOL 쇼츠,LO,라운지,"9,900"
SP,E3,SPLOE37A05,[고객감사] 남성 COOL 쇼츠,LO,라운지,0
SP,E3,SPLOE37A06,[고객감사] 남성 COOL 와이드 팬츠,LO,라운지,"15,900"
SP,E3,SPLOE37A06,[고객감사] 남성 COOL 와이드 팬츠,LO,라운지,0
SP,E3,SPLOE37A90,(QR) 시어서커 스트라이프 쇼츠,LO,라운지,"15,900"
SP,E4,SPLOE4VA01,[고객감사] 여성 WARM 긴팔티,LO,라운지,"9,900"
SP,E4,SPLOE4VA01,[고객감사] 여성 WARM 긴팔티,LO,라운지,0
SP,E4,SPLOE4VA02,[고객감사] 여성 WARM 와이드 팬츠,LO,라운지,"15,900"
SP,E4,SPLOE4VA02,[고객감사] 여성 WARM 와이드 팬츠,LO,라운지,0
SP,E4,SPLOE4VA03,[고객감사] WARM 원피스,LO,라운지,"15,900"
SP,E4,SPLOE4VA03,[고객감사] WARM 원피스,LO,라운지,0
SP,E4,SPLOE4VA04,[고객감사] WARM 긴팔티,LO,라운지,"9,900"
SP,E4,SPLOE4VA04,[고객감사] WARM 긴팔티,LO,라운지,0
SP,E4,SPLOE4VA05,[고객감사] WARM 와이드 팬츠,LO,라운지,0
SP,E4,SPLOE4VA06,[고객감사] WARM 와이드 팬츠,LO,라운지,"15,900"
SP,E4,SPLOE4VA20,수면 파자마 원피스,LO,라운지,"35,900"
SP,E4,SPLOE4VA20,수면 파자마 원피스,LO,라운지,0
SP,E4,SPLOE4VA90,플란넬 긴팔 파자마,LO,라운지,"39,900"
SP,E4,SPLOE4VA91,(QR) 플란넬 체크 팬츠,LO,라운지,"19,900"
SP,F2,SPLOF25A01,소프트 7부 긴팔티,LO,라운지,"19,900"
SP,F2,SPLOF25A02,소프트 긴팔티,LO,라운지,"19,900"
SP,F2,SPLOF25A03,소프트 쇼츠,LO,라운지,"19,900"
SP,F2,SPLOF25A04,(QR) 메쉬 민소매 티,LO,라운지,"15,900"
SP,F3,SPLOF37A01,[COOL] 루즈핏 반팔티,LO,라운지,0
SP,F3,SPLOF37A02,[COOL] 앵클 와이드 팬츠,LO,라운지,0
SP,F3,SPLOF37A03,[COOL] 반팔 원피스,LO,라운지,0
SP,F3,SPLOF37A04,[COOL] 민소매 티,LO,라운지,0
SP,F3,SPLOF37A10,[COMFORT] 시어서커 반팔 파자마,LO,라운지,"39,900"
SP,F3,SPLOF37A10,[COMFORT] 시어서커 반팔 파자마,LO,라운지,0
SP,F3,SPLOF37A11,[COMFORT] 스트라이프 쇼츠,LO,라운지,"25,900"
SP,F3,SPLOF37A12,[COMFORT] 시어서커 파자마 원피스,LO,라운지,"39,900"
SP,F3,SPLOF37A20,박스핏 반팔티,LO,라운지,"15,900"
SP,F3,SPLOF37A21,앵클 와이드 팬츠,LO,라운지,"19,900"
SP,F3,SPLOF37A90,스트라이프 캐미 파자마,LO,라운지,"39,900"
SP,F4,SPLOF4VA01,[WARM] 유니 긴팔티,LO,라운지,"15,900"
SP,F4,SPLOF4VA02,[WARM] 유니 와이드 팬츠,LO,라운지,"19,900"
SP,F4,SPLOF4VA03,[WARM] 원피스,LO,라운지,"19,900"
SP,F4,SPLOF4VA03,[WARM] 원피스,LO,라운지,0
SP,F4,SPLOF4VA10,플란넬 긴팔 파자마,LO,라운지,"39,900"
SP,FA,SPLOFA9A05,[COMFORT] 소프트 시어서커 체크 3부 팬츠 파자마,LO,라운지,0
SP,FA,SPLOFA9A06,[COMFORT] 코튼 긴팔 파자마,LO,라운지,"39,900"
SP,FA,SPLOFA9A07,[COMFORT] 코튼 9부 팬츠 파자마,LO,라운지,"25,900"
SP,FA,SPLOFA9A91,(QR) 소프트 시어서커 3부 팬츠 파자마,LO,라운지,"25,900"
SP,G2,SPLOG24G91,(QR) 도트 라운지 팬츠,LO,라운지,"35,900"
SP,G3,SPLOG37A01,[COMFORT] 시어서커 반팔 파자마,LO,라운지,"39,900"
SP,G3,SPLOG37A02,[COMFORT] 프릴 나시 원피스 파자마,LO,라운지,"39,900"
SP,G3,SPLOG37A03,[COMFORT] 프릴 나시 파자마,LO,라운지,"39,900"
SP,G3,SPLOG37A04,[COMFORT] 면스판 반팔 파자마,LO,라운지,"39,900"
SP,G3,SPLOG37A05,[COMFORT] 코튼 반팔 파자마,LO,라운지,"39,900"
SP,G3,SPLOG37A07,[COMFORT] 캐미솔 파자마 스크런치 세트,LO,라운지,"39,900"
SP,G3,SPLOG37A96,(QR) [COMFORT] 면스판 플라워 반팔 파자마,LO,라운지,"39,900"
SP,G3,SPLOG37A97,(QR) [COMFORT] 코튼 포인텔 팬츠 파자마,LO,라운지,"25,900"
SP,G3,SPLOG37A98,(QR) [COMFORT] 코튼 포인텔 팬츠 파자마,LO,라운지,"29,900"
SP,G3,SPLOG37G01,도트 라운지 팬츠,LO,라운지,"35,900"
SP,G4,SPLOG4VA03,플란넬 긴팔 파자마,LO,라운지,0
SP,G4,SPLOG4VAS1,[WARM] 원피스,LO,라운지,0
SP,GA,SPLOGA9A01,[COMFORT] 여성 시어서커 3부 쇼츠 파자마,LO,라운지,"25,900"
SP,GA,SPLOGA9A02,[COMFORT] 남성 시어서커 5부 팬츠 파자마,LO,라운지,"25,900"
SP,GA,SPLOGA9A03,[COMFORT] 시어서커 10부 팬츠 파자마,LO,라운지,"29,900"
SP,GA,SPLOGA9A04,[COMFORT] 코튼 긴팔 파자마,LO,라운지,"39,900"
SP,E2,SPLSE23C70,[내추럴코튼] 스트라이프 긴팔티,LS,니트,"29,900"
SP,F4,SPLSF49C01,[내추럴코튼] 멀티 스트라이프 긴팔티,LS,니트,"29,900"
SP,G2,SPLSG23C03,[내추럴코튼] 멀티 스트라이프 긴팔티,LS,니트,"29,900"
SP,G4,SPLSG49C02,[내추럴코튼] 멀티 스트라이프 긴팔티,LS,니트,"29,900"
SP,E1,SPLWE11G99,루즈핏 긴팔티셔츠,LW,니트,"15,900"
SP,E2,SPLWE23C63,(ATLANTA) 피그먼트 긴팔티,LW,니트,"35,900"
SP,E2,SPLWE23C64,(RACE WEEK) 메쉬저지 긴팔티,LW,니트,0
SP,E2,SPLWE23G04,[소프트비스코스] 세미 크롭 긴팔티,LW,니트,"25,900"
SP,E2,SPLWE23G05,[코튼스판] 골지 긴팔티,LW,니트,0
SP,E2,SPLWE23G81,[소프트비스코스] 베이직 긴팔티,LW,니트,"25,900"
SP,E2,SPLWE23M12,[밀라노조직] 라운드넥 긴팔티,LW,니트,"35,900"
SP,E3,SPLWE38G51,리본 나시 가디건 세트,LW,니트,"39,900"
SP,E4,SPLWE49C01,루즈핏 코튼 긴팔티,LW,니트,"25,900"
SP,E4,SPLWE49G01,골지 라운드넥 긴팔티,LW,니트,"19,900"
SP,E4,SPLWE49G01,골지 라운드넥 긴팔티,LW,니트,0
SP,E4,SPLWE49G02,[코튼스판] 스퀘어넥 크롭 긴팔티,LW,니트,"19,900"
SP,E4,SPLWE49G03,[코튼스판] 베이직 긴팔티,LW,니트,"19,900"
SP,E4,SPLWE49G15,[코튼스판] 후드 스냅 긴팔티,LW,니트,"29,900"
SP,E4,SPLWE49G21,피그먼트 빈티지 긴팔티,LW,니트,"29,900"
SP,E4,SPLWE49G21,피그먼트 빈티지 긴팔티,LW,니트,0
SP,E4,SPLWE49M02,루즈핏 모크넥 긴팔티,LW,니트,"29,900"
SP,E4,SPLWE4TG03,[소프트비스코스] 터틀넥 긴팔티,LW,니트,"15,900"
SP,F2,SPLWF23C01,루즈핏 긴팔티,LW,니트,"19,900"
SP,F2,SPLWF23C07,[소로나] 레귤러핏 긴팔티,LW,니트,"25,900"
SP,F2,SPLWF23G01,[내추럴코튼] 오버핏 긴팔티,LW,니트,"19,900"
SP,F2,SPLWF23G07,[소로나] 롱기장 오버핏 긴팔티,LW,니트,"25,900"
SP,F4,SPLWF49C01,루즈핏 긴팔티,LW,니트,"19,900"
SP,F4,SPLWF49C01,루즈핏 긴팔티,LW,니트,0
SP,F4,SPLWF49G01,[코튼스판] 라운드넥 긴팔티,LW,니트,"19,900"
SP,F4,SPLWF49G02,[코튼스판] 골지 라운드넥 긴팔티,LW,니트,"19,900"
SP,F4,SPLWF49G03,[코튼스판] 후드 스냅 긴팔티,LW,니트,0
SP,F4,SPLWF49M01,[밀라노코튼] 루즈핏 긴팔티,LW,니트,"29,900"
SP,F4,SPLWF4TG01,[소프트비스코스] 터틀넥 긴팔티,LW,니트,"19,900"
SP,G2,SPLWG23C01,[내추럴코튼] 루즈핏 긴팔티,LW,니트,"19,900"
SP,G2,SPLWG23G02,헨리넥 긴팔티,LW,니트,"29,900"
SP,G2,SPLWG23G02,헨리넥 긴팔티,LW,니트,0
SP,G4,SPLWG49M01,[밀라노코튼] 루즈핏 긴팔티,LW,니트,"29,900"
SP,G4,SPLWG49M01,[밀라노코튼] 루즈핏 긴팔티,LW,니트,0
SP,E1,SPMHE11C41,(ATLANTA) 후드풀오버 (기모),MH,니트,"49,900"
SP,E1,SPMHE12G54,래빗 피그먼트 크롭 후드풀오버,MH,니트,"59,900"
SP,E2,SPMHE23C63,(ATLANTA) 피그먼트 후드풀오버,MH,니트,"59,900"
SP,E4,SPMHE4TC01,[프렌치테리] 오버핏 후드풀오버(기모),MH,니트,"29,900"
SP,F1,SPMHF12C01,[프렌치테리] 레귤러핏 후드 풀오버,MH,니트,"29,900"
SP,F1,SPMHF12G02,[프렌치테리] 세미 크롭 후드 풀오버,MH,니트,"29,900"
SP,F4,SPMHF4TC01,[프렌치테리] 오버핏 후드 풀오버(기모),MH,니트,"39,900"
SP,F4,SPMHF4TC01,[프렌치테리] 오버핏 후드 풀오버(기모),MH,니트,0
SP,G4,SPMHG4TC01,[프렌치테리] 오버핏 후드 풀오버(기모),MH,니트,"39,900"
SP,G4,SPMHG4TC01,[프렌치테리] 오버핏 후드 풀오버(기모),MH,니트,0
SP,FA,SPMRFA9A01,[COOLTECH] 남성 라운드넥 반팔티,MR,언더웨어,"9,900"
SP,FA,SPMRFA9A02,[COOLTECH] 남성 라운드넥 민소매,MR,언더웨어,"9,900"
SP,FA,SPMRFA9A03,[COOLTECH] 남성 메쉬 라운드넥 반팔티,MR,언더웨어,"9,900"
SP,GA,SPMRGA9A01,[COOLTECH] 남성 라운드넥 반팔티,MR,언더웨어,"12,900"
SP,GA,SPMRGA9A02,[COOLTECH] 남성 라운드넥 민소매,MR,언더웨어,"12,900"
SP,GA,SPMRGA9A03,[COOLTECH] 남성 메쉬 라운드넥 반팔티,MR,언더웨어,"12,900"
SP,E1,SPMTE11C41,(ATLANTA) 셋업 조거팬츠 (기모),MT,니트,"39,900"
SP,E1,SPMTE11C41,(ATLANTA) 셋업 조거팬츠 (기모),MT,니트,0
SP,E1,SPMTE11C89,[프렌치테리] 카고 와이드팬츠(기모),MT,니트,"35,900"
SP,E1,SPMTE11G98,밴딩 와이드 팬츠,MT,니트,"25,900"
SP,E1,SPMTE11G99,[프렌치테리] 카고 와이드 팬츠(기모),MT,니트,0
SP,E1,SPMTE12C62,(ATLANTA) 트랙 스웨트팬츠,MT,니트,"39,900"
SP,E1,SPMTE12G99,[프렌치테리] 세미 와이드팬츠,MT,니트,"35,900"
SP,E1,SPMTE12G99,[프렌치테리] 세미 와이드팬츠,MT,니트,0
SP,E2,SPMTE23C03,[프렌치테리] 세미와이드 스웨트팬츠,MT,니트,"35,900"
SP,E2,SPMTE23C04,[프렌치테리] 원턱 와이드 스웨트팬츠,MT,니트,"39,900"
SP,E2,SPMTE23C05,[프렌치테리] 베이직 조거팬츠,MT,니트,"29,900"
SP,E2,SPMTE23C61,THE SUNDAY CLUB 하프팬츠,MT,니트,"29,900"
SP,E2,SPMTE23G02,[소프트코튼] 세미와이드 스웨트팬츠,MT,니트,"29,900"
SP,E2,SPMTE23G03,[소프트코튼] 베이직 조거팬츠,MT,니트,"29,900"
SP,E2,SPMTE23G21,골지 부츠컷 팬츠,MT,니트,"29,900"
SP,E2,SPMTE24C01,[프렌치테리] 루즈핏 하프팬츠,MT,니트,"25,900"
SP,E2,SPMTE24C02,[COOL] 카고 하프팬츠,MT,니트,"29,900"
SP,E2,SPMTE24C41,(ATLANTA) 셋업 하프팬츠,MT,니트,"29,900"
SP,E2,SPMTE24C93,(QR) [소프트코튼] 벌룬핏 와이드 조거팬츠,MT,면바지,"35,900"
SP,E2,SPMTE24G05,[소프트코튼] 베이직 하프팬츠,MT,니트,"25,900"
SP,E2,SPMTE24G52,PEACH STATE 하프팬츠,MT,니트,"29,900"
SP,E2,SPMTE25C01,[COOL] 원턱 버뮤다 하프팬츠,MT,니트,"29,900"
SP,E2,SPMTE25G51,바인딩 팬츠,MT,니트,"29,900"
SP,E2,SPMTE25G99,골지 와이드팬츠,MT,니트,0
SP,E2,SPMTE26G12,[에어 비스코스] 롱 와이드 팬츠,MT,니트,"25,900"
SP,E3,SPMTE37C01,피그먼트 원턱 버뮤다 하프팬츠,MT,면바지,"29,900"
SP,E3,SPMTE37C02,[소프트코튼] 세미 와이드팬츠,MT,니트,"35,900"
SP,E3,SPMTE37C03,[소프트코튼] 원턱 와이드 스웨트팬츠,MT,면바지,"39,900"
SP,E3,SPMTE37C04,[소프트코튼] 베이직 조거팬츠,MT,면바지,"29,900"
SP,E3,SPMTE37C41,PEACH STATE 셋업 쇼츠,MT,니트,"29,900"
SP,E3,SPMTE37G02,세미 부츠컷 팬츠,MT,니트,"29,900"
SP,E3,SPMTE37G04,[에어비스코스] 하프 팬츠,MT,니트,"19,900"
SP,E3,SPMTE37G04,[에어비스코스] 하프 팬츠,MT,니트,0
SP,E4,SPMTE49C01,[프렌치테리] 슬림 조거팬츠,MT,면바지,"19,900"
SP,E4,SPMTE49C14,[프렌치테리] 원턱 와이드 스웨트팬츠,MT,니트,"35,900"
SP,E4,SPMTE49C41,(피그먼트) GEORGIA 조거 팬츠,MT,니트,"39,900"
SP,E4,SPMTE49G01,[프렌치테리] 와이드 스웨트팬츠,MT,니트,"29,900"
SP,E4,SPMTE49G01,[프렌치테리] 와이드 스웨트팬츠,MT,니트,0
SP,E4,SPMTE4TC11,[프렌치테리] 와이드 스웨트팬츠(기모),MT,니트,"29,900"
SP,E4,SPMTE4TC12,[프렌치테리] 베이직 조거팬츠(기모),MT,니트,"29,900"
SP,E4,SPMTE4TC13,[프렌치테리] 카고 와이드 스웨트팬츠(기모),MT,니트,"35,900"
SP,E4,SPMTE4TC21,[프렌치테리] 피그먼트 원턱 와이드 스웨트팬츠,MT,니트,"39,900"
SP,E4,SPMTE4TC41,SANFORD 셋업 조거팬츠 (기모),MT,니트,"39,900"
SP,E4,SPMTE4TG02,[프렌치테리] 와이드 스웨트팬츠(기모),MT,니트,"29,900"
SP,E4,SPMTE4TG02,[프렌치테리] 와이드 스웨트팬츠(기모),MT,니트,0
SP,E4,SPMTE4TG11,[프렌치테리] 조거 스웨트팬츠(기모),MT,니트,"29,900"
SP,E4,SPMTE4TG31,코듀로이 와이드 밴딩 팬츠,MT,니트,"39,900"
SP,E4,SPMTE4TM11,골지 와이드 팬츠,MT,면바지,"39,900"
SP,F1,SPMTF12C01,[프렌치테리] 와이드 스웨트팬츠,MT,니트,"29,900"
SP,F1,SPMTF12C02,[프렌치테리] 조거 스웨트팬츠,MT,니트,"29,900"
SP,F1,SPMTF12C51,(피그먼트) BLOCK ISLAND 와이드 조거팬츠,MT,니트,"39,900"
SP,F1,SPMTF12G01,[프렌치테리] 와이드 스웨트팬츠,MT,니트,"29,900"
SP,F2,SPMTF23C03,[프렌치테리] 원턱 와이드 스웨트팬츠,MT,니트,"35,900"
SP,F2,SPMTF23C04,[프렌치테리] 카고 와이드 스웨트팬츠,MT,니트,"35,900"
SP,F2,SPMTF23G05,[프렌치테리] 2-WAY 피그먼트 와이드 스웨트 팬츠,MT,니트,"39,900"
SP,F2,SPMTF24C01,[프렌치테리] 루즈핏 쇼츠,MT,니트,"25,900"
SP,F2,SPMTF24C02,[COOL] 원턱 버뮤다 쇼츠,MT,니트,"29,900"
SP,F2,SPMTF24C03,[COOL] 카고 버뮤다 쇼츠,MT,니트,0
SP,F2,SPMTF24C11,[소프트코튼] 와이드 스웨트팬츠,MT,니트,"29,900"
SP,F2,SPMTF24G15,[소프트코튼] 롱 와이드 스웨트팬츠,MT,니트,"29,900"
SP,F2,SPMTF24G16,[소프트코튼] 조거 스웨트팬츠,MT,니트,"29,900"
SP,F2,SPMTF24G17,[소프트코튼] 앵클 와이드 스웨트팬츠,MT,니트,"29,900"
SP,F2,SPMTF25C50,(CONANICUT) 셋업 쇼츠,MT,니트,"29,900"
SP,F2,SPMTF25G05,[소프트코튼] 베이직 하프팬츠,MT,니트,"25,900"
SP,F2,SPMTF25G07,[소로나] 슬림핏 쇼츠,MT,니트,"29,900"
SP,F2,SPMTF25G51,(SEASIDE) 쇼츠,MT,니트,"29,900"
SP,F2,SPMTF26G02,[COOL] A라인 쇼츠,MT,니트,"25,900"
SP,F3,SPMTF37A01,[COOL] 여성 앵클 와이드 팬츠,MT,니트,"19,900"
SP,F3,SPMTF37C04,[COOL] 버뮤다 쇼츠,MT,니트,"29,900"
SP,F3,SPMTF37G10,[에어비스코스] 쇼츠,MT,니트,"19,900"
SP,F4,SPMTF49C11,[프렌치테리] 원턱 와이드 스웨트팬츠,MT,니트,"39,900"
SP,F4,SPMTF49C12,[프렌치테리] 카고 와이드 스웨트팬츠,MT,니트,"39,900"
SP,F4,SPMTF49C21,[프렌치테리] 피그먼트 카고 와이드 스웨트팬츠,MT,니트,0
SP,F4,SPMTF49C61,NYC 자수 버뮤다 쇼츠,MT,니트,"35,900"
SP,F4,SPMTF49CY2,[프렌치테리] 피그먼트 와이드 스웨트팬츠,MT,니트,"49,900"
SP,F4,SPMTF49G01,[프렌치테리] 여성 와이드 스웨트팬츠,MT,니트,"35,900"
SP,F4,SPMTF4TC01,[프렌치테리] 와이드 스웨트팬츠 (기모),MT,니트,"35,900"
SP,F4,SPMTF4TC02,[프렌치테리] 조거 스웨트팬츠 (기모),MT,니트,"29,900"
SP,F4,SPMTF4TC02,[프렌치테리] 조거 스웨트팬츠 (기모),MT,니트,0
SP,F4,SPMTF4TC11,[스트레치] 웜 트리코트 테이퍼드 팬츠(기모),MT,니트,"49,900"
SP,F4,SPMTF4TC11,[스트레치] 웜 트리코트 테이퍼드 팬츠(기모),MT,니트,0
SP,F4,SPMTF4TG11,[스트레치] 여성 웜 트리코트 테이퍼드 팬츠(기모),MT,니트,"49,900"
SP,F4,SPMTF4TG31,코듀로이 와이드 밴딩 팬츠,MT,니트,"39,900"
SP,F4,SPMTF4TG51,카모 카고 팬츠,MT,면바지,"49,900"
SP,FA,SPMTFA9C11,[프렌치테리] 슬림 조거 스웨트팬츠,MT,니트,"19,900"
SP,FA,SPMTFA9G11,[프렌치테리] 슬림 조거 스웨트팬츠,MT,니트,"19,900"
SP,G1,SPMTG12C01,[프렌치테리] 와이드 스웨트팬츠,MT,니트,"39,900"
SP,G1,SPMTG12C02,[프렌치테리] 원턱 와이드 스웨트팬츠,MT,니트,"39,900"
SP,G1,SPMTG12C02,[프렌치테리] 원턱 와이드 스웨트팬츠,MT,니트,0
SP,G1,SPMTG12G01,[프렌치테리] 여성 와이드 스웨트팬츠,MT,니트,"35,900"
SP,G1,SPMTG12G02,[프렌치테리] 여성 와이드 조거 스웨트팬츠,MT,니트,"35,900"
SP,G2,SPMTG23C01,[프렌치테리] 벌룬 와이드 스웨트 팬츠,MT,니트,"49,900"
SP,G2,SPMTG23C64,카모 버뮤다 쇼츠,MT,니트,"39,900"
SP,G2,SPMTG23GY0,카모 카고 버뮤다 쇼츠,MT,니트,"49,900"
SP,G2,SPMTG24G01,[프렌치테리] A라인 쇼츠,MT,니트,"25,900"
SP,G2,SPMTG24G05,[소프트코튼] 와이드 스웨트팬츠,MT,니트,"35,900"
SP,G2,SPMTG24G06,[소프트코튼] 앵클 와이드 스웨트팬츠,MT,니트,"35,900"
SP,G2,SPMTG24KU1,[키즈] 트리코트 조거 팬츠,MT,면바지,"29,900"
SP,G2,SPMTG25C61,[COOL] 카고 버뮤다 쇼츠,MT,니트,"29,900"
SP,G2,SPMTG26C01,[프렌치테리] 루즈핏 쇼츠,MT,니트,"25,900"
SP,G2,SPMTG26C02,[COOL] 원턱 버뮤다 쇼츠,MT,니트,"29,900"
SP,G3,SPMTG37C01,[프렌치테리] 루즈핏 쇼츠 (SPMTG26C01 RE),MT,니트,"25,900"
SP,G3,SPMTG37C02,[COOL] 원턱 버뮤다 쇼츠 (SPMTG26C02 RE),MT,니트,"29,900"
SP,G3,SPMTG37C10,[프렌치테리] 카고 버뮤다 쇼츠,MT,니트,"29,900"
SP,G3,SPMTG37C11,[프렌치테리] 원턱 버뮤다 쇼츠,MT,니트,"29,900"
SP,G3,SPMTG37G01,[프렌치테리] 버뮤다 쇼츠,MT,니트,"29,900"
SP,G3,SPMTG37GY0,레이스 쇼츠,MT,니트,"29,900"
SP,G4,SPMTG4TC01,[프렌치테리] 와이드 스웨트팬츠 (기모),MT,니트,"39,900"
SP,G4,SPMTG4TC03,[프렌치테리] 카고 와이드 스웨트팬츠 (기모),MT,니트,"39,900"
SP,E1,SPMWE11C41,(ATLANTA) U.R.C 스웨트셔츠 (기모),MW,니트,"39,900"
SP,E1,SPMWE12C06,[프렌치테리] 루즈핏 하프집업 스웨트셔츠,MW,니트,"39,900"
SP,E1,SPMWE12C62,(ATLANTA) 트랙 스웨트셔츠,MW,니트,"49,900"
SP,E1,SPMWE12G54,래빗 피그먼트 크롭 스웨트셔츠,MW,니트,"49,900"
SP,E2,SPMWE23C20,피그먼트 스웨트셔츠,MW,니트,"39,900"
SP,E2,SPMWE23C61,THE SUNDAY CLUB 반집업,MW,니트,"49,900"
SP,E2,SPMWE23C63,(ATLANTA) 피그먼트 스웨트셔츠,MW,니트,"49,900"
SP,E2,SPMWE23G04,[소프트코튼] 크롭 하프집업 스웨트셔츠,MW,니트,"35,900"
SP,E2,SPMWE23G51,크롭 자수 스웨트셔츠,MW,니트,"39,900"
SP,E2,SPMWE23G52,(우디) 럭비 크롭 스웨트셔츠,MW,니트,0
SP,E2,SPMWE24C41,(ATLANTA) 반팔 스웨트셔츠,MW,니트,"29,900"
SP,E2,SPMWE24G52,PEACH STATE 반팔 스웨트셔츠,MW,니트,"29,900"
SP,E4,SPMWE49C01,[프렌치테리] 베이직 스웨트셔츠,MW,니트,"19,900"
SP,E4,SPMWE4TC21,[프렌치테리] 피그먼트 스웨트셔츠,MW,니트,"39,900"
SP,F2,SPMWF23C01,[프렌치테리] 레귤러핏 하프 집업 스웨트셔츠,MW,니트,"39,900"
SP,F2,SPMWF25C50,(CONANICUT) 반팔 스웨트셔츠,MW,니트,"29,900"
SP,F2,SPMWF25G51,(SEASIDE) 반팔 스웨트셔츠,MW,니트,"29,900"
SP,F4,SPMWF49G12,[프렌치테리] 브이넥 스웨트셔츠,MW,니트,"29,900"
SP,F4,SPMWF4TC90,(QR) 스티치 나일론 스웨트셔츠,MW,니트,"49,900"
SP,FA,SPMWFA9C11,[프렌치테리] 레귤러핏 라운드넥 스웨트셔츠,MW,니트,"19,900"
SP,FA,SPMWFA9G11,[프렌치테리] 세미 크롭 라운드넥 스웨트셔츠,MW,니트,"19,900"
SP,GA,SPMWGA9C11,[프렌치테리] 라운드넥 스웨트셔츠,MW,니트,"19,900"
SP,GA,SPMWGA9G11,[프렌치테리] 여성 라운드넥 스웨트셔츠,MW,니트,0
SP,E1,SPMZE11C91,2-WAY 베이직 후드집업(기모),MZ,니트,0
SP,E1,SPMZE11G99,크롭 카라넥 집업,MZ,니트,"39,900"
SP,E1,SPMZE12C71,[프렌치테리] 2-WAY 루즈핏 후드집업,MZ,니트,"39,900"
SP,E1,SPMZE12G99,[프렌치테리] 크롭 후드집업,MZ,니트,"39,900"
SP,E1,SPMZE12G99,[프렌치테리] 크롭 후드집업,MZ,니트,0
SP,E2,SPMZE23G01,[소프트코튼] 크롭 후드집업,MZ,니트,"35,900"
SP,E2,SPMZE23G01,[소프트코튼] 크롭 후드집업,MZ,니트,0
SP,E2,SPMZE23G21,골지 카라넥 집업,MZ,니트,"35,900"
SP,E3,SPMZE37G02,2WAY 카라 집업 가디건,MZ,니트,"35,900"
SP,E4,SPMZE49C01,[프렌치테리] 루즈핏 2-WAY 후드집업(기모),MZ,니트,"39,900"
SP,E4,SPMZE49G01,[프렌치테리] 크롭 후드 집업,MZ,니트,"35,900"
SP,E4,SPMZE49G01,[프렌치테리] 크롭 후드 집업,MZ,니트,0
SP,E4,SPMZE4TG21,[프렌치테리] 피그먼트 크롭 후드 집업,MZ,니트,"49,900"
SP,E4,SPMZE4TG30,코듀로이 크롭 후드 집업,MZ,니트,"49,900"
SP,F1,SPMZF12C01,[프렌치테리] 2-WAY 오버핏 후드 집업,MZ,니트,"39,900"
SP,F1,SPMZF12C02,[프렌치테리] 2-WAY 레귤러핏 후드 집업,MZ,니트,"39,900"
SP,F1,SPMZF12G01,[프렌치테리] 2-WAY 세미 크롭 후드 집업,MZ,니트,"35,900"
SP,F2,SPMZF23G05,[프렌치테리] 2-WAY 피그먼트 크롭 후드 집업,MZ,니트,"49,900"
SP,F2,SPMZF24G15,[소프트코튼] 세미 크롭 후드 집업,MZ,니트,"35,900"
SP,F4,SPMZF49C21,[프렌치테리] 피그먼트 후드 집업,MZ,니트,0
SP,F4,SPMZF49C31,와플 후드집업,MZ,니트,"49,900"
SP,F4,SPMZF49CY2,[프렌치테리] 피그먼트 후드 집업,MZ,니트,"49,900"
SP,F4,SPMZF49G01,[프렌치테리] 여성 2-WAY 후드 집업,MZ,니트,"39,900"
SP,F4,SPMZF4TC01,[스트레치] 웜 트리코트 집업 재킷(기모),MZ,니트,"49,900"
SP,F4,SPMZF4TC01,[스트레치] 웜 트리코트 집업 재킷(기모),MZ,니트,0
SP,F4,SPMZF4TC02,[프렌치테리] 2-WAY 후드 집업(기모),MZ,니트,"39,900"
SP,F4,SPMZF4TC02,[프렌치테리] 2-WAY 후드 집업(기모),MZ,니트,0
SP,F4,SPMZF4TG31,코듀로이 후드 집업,MZ,니트,"49,900"
SP,F4,SPMZF4TG31,코듀로이 후드 집업,MZ,니트,0
SP,G2,SPMZG24G05,[소프트코튼] 래글런 후드 집업,MZ,니트,"39,900"
SP,G2,SPMZG25C02,와플 후드 집업,MZ,니트,"49,900"
SP,E1,SPOME11G99,카고 스커트,OM,니트,"35,900"
SP,E2,SPOME24G02,[UV차단] 피케 원피스,OM,니트,"25,900"
SP,E2,SPOME25W99,골지 반팔 원피스,OM,니트,0
SP,E2,SPOME26W13,[에어 비스코스] 롱 원피스,OM,니트,"29,900"
SP,F3,SPOMF37W01,[COOL코튼] 돌먼 롱 원피스,OM,니트,"29,900"
SP,E2,SPOWE24W01,셔츠형 원피스,OW,점퍼,"69,900"
SP,E2,SPOWE24W01,셔츠형 원피스,OW,점퍼,0
SP,E2,SPOWE25W02,빅카라 원피스,OW,점퍼,"69,900"
SP,E2,SPOWE25W02,빅카라 원피스,OW,점퍼,0
SP,E2,SPOWE25W12,[린넨라이크] 레이어드 원피스,OW,기타,"49,900"
SP,E3,SPOWE37W01,화섬 민소매 원피스,OW,점퍼,"49,900"
SP,E3,SPOWE37W03,화섬 심플 롱원피스,OW,니트,"49,900"
SP,E3,SPOWE37W04,화섬 포켓 스트링 미니원피스,OW,점퍼,"49,900"
SP,E3,SPOWE37W05,화섬 포켓 스트링 롱원피스,OW,니트,"59,900"
SP,E3,SPOWE37W05,화섬 포켓 스트링 롱원피스,OW,니트,0
SP,E3,SPOWE37W06,화섬 셔츠 원피스,OW,점퍼,"59,900"
SP,E3,SPOWE37W11,핀턱 셔츠 원피스,OW,점퍼,"59,900"
SP,E3,SPOWE37W11,핀턱 셔츠 원피스,OW,점퍼,0
SP,E3,SPOWE37W12,시어서커 캉캉 셔츠 원피스,OW,점퍼,"59,900"
SP,E3,SPOWE37W12,시어서커 캉캉 셔츠 원피스,OW,점퍼,0
SP,F2,SPOWF24W01,라이트 롱 셔츠 원피스 (나일론),OW,점퍼,"69,900"
SP,F2,SPOWF25W02,라이트 미니 셔츠 원피스 (나일론),OW,점퍼,"59,900"
SP,F2,SPOWF25W03,시어서커 롱 원피스,OW,점퍼,"69,900"
SP,F2,SPOWF25W12,시어서커 미니 원피스,OW,점퍼,"59,900"
SP,F3,SPOWF37G01,[COOL] 라이트 포켓 스트링 롱 원피스 (나일론),OW,점퍼,"49,900"
SP,F3,SPOWF37G02,[COOL] 라이트 롱 원피스 (나일론),OW,점퍼,"49,900"
SP,F3,SPOWF37G91,(QR) 벌룬 미니 원피스,OW,점퍼,"49,900"
SP,F3,SPOWF37W11,요루 원피스,OW,점퍼,0
SP,F3,SPOWF37W12,레이어드 원피스 (레이온),OW,점퍼,"49,900"
SP,F3,SPOWF37W13,뷔스티에 끈나시 원피스,OW,기타,"49,900"
SP,F3,SPOWF37W14,링클 레이어드 원피스,OW,점퍼,"49,900"
SP,F4,SPOWF49W11,[신세틱레더] 미니 원피스 (스웨이드/레더),OW,면바지,"59,900"
SP,G2,SPOWG23W01,타이 미니 원피스,OW,점퍼,"59,900"
SP,G2,SPOWG25KG1,[키즈] 여아 썸머 체크 원피스,OW,점퍼,"39,900"
SP,G3,SPOWG37W01,민소매 원피스 (나일론),OW,기타,"49,900"
SP,G3,SPOWG38G30,체크 미니 티어드 원피스,OW,점퍼,"59,900"
SP,E2,SPPPE26U04,[산리오캐릭터즈] 산리오캐릭터즈 원피스 잠옷,PP,라운지,"39,900"
SP,E4,SPPPE4TU22,[시나모롤X짱구는못말려] 원피스 파자마,PP,라운지,"39,900"
SP,E4,SPPPE4TU23,[리락쿠마] 원피스 수면잠옷,PP,라운지,"39,900"
SP,E4,SPPPE4VU05,[망그러진곰] 부앙이들아 잘잤어? 수면 원피스,PP,라운지,"39,900"
SP,E4,SPPPE4VU08,[주술회전] 긴팔 잠옷,PP,라운지,0
SP,F3,SPPPF37U02,[산리오캐릭터즈] 산리오캐릭터즈 프릴 민소매 파자마,PP,라운지,"39,900"
SP,F4,SPPPF4VKG1,[키즈] (산리오캐릭터즈) 프릴 수면 파자마,PP,라운지,"39,900"
SP,F4,SPPPF4VU13,[SPAO l 999HUMANITY] 에브리데이 체크 긴팔 파자마,PP,라운지,0
SP,G2,SPPPG25U13,[SPAO X Miseki SEOUL] 파자마 (WHITE),PP,라운지,"69,900"
SP,G2,SPPPG25U14,[SPAO X Miseki SEOUL] 슬리브리스 (WHITE),PP,라운지,"39,900"
SP,G2,SPPPG25U21,[SPAO X Miseki SEOUL] 슬리브리스 (BLACK),PP,라운지,"39,900"
SP,G2,SPPPG25U22,[SPAO X Miseki SEOUL] 파자마 (BLACK),PP,라운지,"69,900"
SP,G3,SPPPG37U13,[블리치] 사패장 파자마,PP,라운지,0
SP,G4,SPPPG49U01,[담곰이] 긴팔 파자마 (SPPPF49U01 RE),PP,라운지,"39,900"
SP,G4,SPPPG49U17,[챠미키티] 원피스 파자마,PP,라운지,0
SP,F2,SPRLF25UF4,[두산베어스] 데님 유니폼,RL,소품,"89,900"
SP,G3,SPRLG37U17,[울산 HD FC] 나일론 반팔 티셔츠,RL,소품,"35,900"
SP,E2,SPRNE25G11,[코튼스판] 골지 민소매 티셔츠,RN,니트,"15,900"
SP,E2,SPRNE26C06,[COOL코튼] 민소매 티셔츠,RN,니트,"15,900"
SP,E3,SPRNE37G03,골지 끈나시,RN,니트,"15,900"
SP,E3,SPRNE37G03,골지 끈나시,RN,니트,0
SP,F2,SPRNF24G99,[코튼스판] 골지 버튼 민소매 티셔츠,RN,니트,0
SP,F2,SPRNF25G05,[코튼스판] 골지 민소매 티,RN,니트,"19,900"
SP,F2,SPRNF25G05,[코튼스판] 골지 민소매 티,RN,니트,0
SP,F2,SPRNF26G15,[코튼 스판] 골지 끈나시,RN,니트,0
SP,F3,SPRNF37C01,[COOL코튼] 민소매,RN,니트,"19,900"
SP,F3,SPRNF37C01,[COOL코튼] 민소매,RN,니트,0
SP,F3,SPRNF37C02,[코튼스판] 민소매,RN,니트,"19,900"
SP,F3,SPRNF37C02,[코튼스판] 민소매,RN,니트,0
SP,F3,SPRNF37G15,골지 끈 나시,RN,니트,"15,900"
SP,G3,SPRNG37C01,[COOL코튼] 민소매 티,RN,니트,"19,900"
SP,E2,SPRPE24C41,(우디) 소프트코튼 반팔티,RP,니트,"19,900"
SP,E2,SPRPE24C42,(PEACH STATE) 피그먼트 반팔티,RP,니트,"25,900"
SP,E2,SPRPE24C43,(ATHLETIC) 유니폼 반팔티,RP,니트,"25,900"
SP,E2,SPRPE24C52,(GEORGIA) 캠퍼스 반팔티,RP,니트,"19,900"
SP,E2,SPRPE24C52,(GEORGIA) 캠퍼스 반팔티,RP,니트,0
SP,E2,SPRPE24G53,PEACH STATE 슬림핏 크롭 반팔티,RP,니트,"25,900"
SP,E2,SPRPE24M01,[밀라노코튼] 모던 레터링 반팔티,RP,니트,0
SP,E2,SPRPE24M02,[밀라노코튼] 모던 그래픽 반팔티,RP,니트,0
SP,E2,SPRPE24M11,[밀라노코튼] 모던 레터링 반팔티,RP,니트,"35,900"
SP,E2,SPRPE24M12,[밀라노코튼] 모던 그래픽 반팔티,RP,니트,"35,900"
SP,E2,SPRPE24W01,레터 자수 반팔티,RP,니트,"25,900"
SP,E2,SPRPE24W02,심플레터 반팔티,RP,니트,"19,900"
SP,E2,SPRPE25G51,래글런 크롭 반팔티,RP,니트,"19,900"
SP,E2,SPRPE25G52,브레드걸 링거 크롭 반팔티,RP,니트,"19,900"
SP,E2,SPRPE25G54,래빗 피그먼트 반팔티,RP,니트,"25,900"
SP,E2,SPRPE25G55,(ATLANTA) 스티치 크롭 반팔티,RP,니트,"25,900"
SP,E2,SPRPE25G55,(ATLANTA) 스티치 크롭 반팔티,RP,니트,0
SP,E2,SPRPE25G56,(ATLANTA) 래글런 셔링 크롭 반팔티,RP,니트,"25,900"
SP,E2,SPRPE25G56,(ATLANTA) 래글런 셔링 크롭 반팔티,RP,니트,0
SP,E2,SPRPE26C61,그로서리 마켓 반팔티,RP,니트,0
SP,E3,SPRPE37M11,[밀라노코튼] 모던 레터링 반팔티 (SPRPE24M11 RE),RP,니트,"35,900"
SP,E3,SPRPE37M12,[밀라노코튼] 모던 그래픽 반팔티 (SPRPE24M12 RE),RP,니트,"35,900"
SP,F2,SPRPF23C61,NEWPORT 반팔티,RP,니트,"19,900"
SP,F2,SPRPF23C71,BLOCK ISLAND 반팔티,RP,니트,"19,900"
SP,F2,SPRPF24C41,(우디) 소프트코튼 반팔티,RP,니트,"19,900"
SP,F2,SPRPF24M01,[밀라노코튼] 모던 레터링 반팔티,RP,니트,"35,900"
SP,F2,SPRPF24M02,[밀라노코튼] 모던 그래픽 반팔티,RP,니트,"35,900"
SP,F2,SPRPF25C51,(NEWPORT) 아플리케 반팔티,RP,니트,"29,900"
SP,F3,SPRPF37KU3,[키즈] [COOL] 쿠디 포켓 반팔티,RP,니트,"19,900"
SP,G2,SPRPG24C61,CHARLES 체인자수 반팔티,RP,니트,"29,900"
SP,G2,SPRPG24C71,BELMONT 체인자수 반팔티,RP,니트,"25,900"
SP,G2,SPRPG25C51,(우디) 소프트코튼 반팔티,RP,니트,"25,900"
SP,G2,SPRPG25G50,멀티 스트라이프 헨리넥 반팔티,RP,니트,"29,900"
SP,G2,SPRPG26C60,BAYMONT 아플리케 반팔티,RP,니트,"29,900"
SP,G2,SPRPG26C70,BELMONT 아플리케 반팔티,RP,니트,"25,900"
SP,E2,SPRSE25C70,유니 스트라이프 반팔 티셔츠,RS,소품,"19,900"
SP,F2,SPRSF25C01,[내추럴코튼] 스트라이프 반팔티,RS,소품,"25,900"
SP,F2,SPRSF25C02,[내추럴코튼] 멀티 스트라이프 반팔티,RS,니트,0
SP,G2,SPRSG25C03,[내추럴코튼] 스트라이프 반팔티,RS,소품,"25,900"
SP,G2,SPRSG25C03,[내추럴코튼] 스트라이프 반팔티,RS,소품,0
SP,E2,SPRWE24C14,[수피마코튼] 레귤러핏 반팔티셔츠,RW,니트,"15,900"
SP,E2,SPRWE24G15,[수피마코튼] 반팔티셔츠,RW,니트,"19,900"
SP,E2,SPRWE24M03,[밀라노코튼] 루즈핏 반팔 티셔츠,RW,니트,"29,900"
SP,E2,SPRWE25C04,[COOL코튼] 루즈핏 반팔티셔츠,RW,니트,"19,900"
SP,E2,SPRWE25C06,[소프트코튼] 오버핏 티셔츠,RW,니트,"19,900"
SP,E2,SPRWE25G05,[COOL코튼] 오버핏 반팔티셔츠,RW,니트,"19,900"
SP,E2,SPRWE25G10,[코튼스판] 골지크롭 반팔티셔츠,RW,니트,"19,990"
SP,E2,SPRWE25G10,[코튼스판] 골지크롭 반팔티셔츠,RW,니트,"19,900"
SP,E2,SPRWE25G17,[코튼스판] 셔링 반팔 티셔츠,RW,니트,"25,900"
SP,E2,SPRWE25G99,골지 반팔 티셔츠,RW,니트,0
SP,E2,SPRWE26C07,[소로나] 반팔 티셔츠,RW,니트,"25,900"
SP,E2,SPRWE26C07,[소로나] 반팔 티셔츠,RW,니트,0
SP,E2,SPRWE26G07,[소로나] 롱기장 반팔 티셔츠,RW,니트,"19,900"
SP,E2,SPRWE26G07,[소로나] 롱기장 반팔 티셔츠,RW,니트,0
SP,E2,SPRWE26G12,[에어 비스코스] 레귤러핏 반팔 티셔츠,RW,니트,"15,900"
SP,E3,SPRWE37C05,피그먼트 반팔티셔츠,RW,니트,"19,900"
SP,E3,SPRWE37W01,링클 티셔츠,RW,니트,"25,900"
SP,E3,SPRWE37W01,링클 티셔츠,RW,니트,0
SP,E3,SPRWE38C11,머슬핏 반팔티,RW,니트,"19,900"
SP,E3,SPRWE38G99,(QR) 레귤러핏 반팔티,RW,니트,"19,900"
SP,EA,SPRWEA9A03,[2PACK] 쿨코튼 루즈핏 반팔,RW,니트,"19,900"
SP,F2,SPRWF23W01,실켓코튼 반팔티,RW,니트,"19,900"
SP,F2,SPRWF24C01,[내추럴코튼] 오버핏 반팔티,RW,니트,"19,900"
SP,F2,SPRWF24G99,[코튼스판] 골지 버튼 반팔티셔츠,RW,니트,0
SP,F2,SPRWF25C01,[COOL코튼] 루즈핏 반팔티,RW,니트,0
SP,F2,SPRWF25C02,[수피마코튼] 레귤러핏 반팔티,RW,니트,"15,900"
SP,F2,SPRWF25C03,[내추럴코튼] 오버핏 포켓 반팔티,RW,니트,"19,900"
SP,F2,SPRWF25C07,[소로나] 레귤러핏 반팔티,RW,니트,"19,900"
SP,F2,SPRWF25G03,[수피마코튼] 여성 라운드넥 레귤러핏 반팔티,RW,니트,"15,900"
SP,F2,SPRWF25G04,[수피마코튼] 여성 브이넥 레귤러핏 반팔티,RW,니트,"15,900"
SP,F2,SPRWF25G07,[소로나] 크롭 반팔티,RW,니트,"19,900"
SP,F2,SPRWF25W01,유넥 레귤러핏 반팔티,RW,니트,"19,900"
SP,F2,SPRWF25W02,레이온스판 5부 티셔츠,RW,니트,"19,900"
SP,F2,SPRWF25WS1,(QR) 돌먼 반팔티,RW,니트,0
SP,F2,SPRWF26G01,캡소매 반팔티,RW,니트,"19,900"
SP,F2,SPRWF26G01,캡소매 반팔티,RW,니트,0
SP,F2,SPRWF26G05,[코튼스판] 골지 스퀘어넥 세미크롭 반팔티,RW,니트,"19,900"
SP,F2,SPRWF26G11,[코튼스판] 골지 셔링 반팔티,RW,니트,"25,900"
SP,F3,SPRWF37A02,[2PACK] 코튼 V넥 레귤러핏 반팔티,RW,니트,"25,900"
SP,F3,SPRWF37A03,[2PACK] 여성 코튼 U넥 레귤러핏 반팔티,RW,니트,"19,900"
SP,F3,SPRWF37C06,피그먼트 반팔티,RW,니트,"19,900"
SP,F3,SPRWF37G10,[에어비스코스] 슬림핏 반팔티,RW,니트,"19,900"
SP,FA,SPRWFA9A01,[2PACK] 코튼 레귤러핏 반팔티,RW,니트,"15,900"
SP,FA,SPRWFA9A02,[2PACK] 레이어드용 롱기장 반팔티,RW,니트,"19,900"
SP,FA,SPRWFA9A03,[2PACK] COOL 루즈핏 반팔티,RW,니트,"19,900"
SP,G2,SPRWG25C02,[수피마코튼] 레귤러핏 반팔티,RW,니트,"15,900"
SP,G2,SPRWG25C02,[수피마코튼] 레귤러핏 반팔티,RW,니트,0
SP,G2,SPRWG25C06,[ACTIVE] 소로나 라운드넥 반팔티,RW,니트,"19,900"
SP,G2,SPRWG25C06,[ACTIVE] 소로나 라운드넥 반팔티,RW,니트,0
SP,G2,SPRWG25C91,(QR) 백 패널 크롭 반팔티,RW,니트,"25,900"
SP,G2,SPRWG25G01,[코튼스판] 세미 크롭 슬림 반팔티,RW,니트,"19,900"
SP,G2,SPRWG25G02,[수피마코튼] 여성 라운드넥 레귤러핏 반팔티,RW,니트,"15,900"
SP,G2,SPRWG25M02,밀라노 레터링 반팔티,RW,니트,"35,900"
SP,G3,SPRWG37C05,[밀라노코튼] 루즈핏 반팔티,RW,니트,"25,900"
SP,G3,SPRWG37C10,[COOL코튼] 컬러 반팔티,RW,니트,"12,900"
SP,GA,SPRWGA9A01,[2PACK] 코튼 레귤러핏 반팔티,RW,니트,"15,900"
SP,GA,SPRWGA9A02,[2PACK] COOL 루즈핏 반팔티,RW,니트,"19,900"
SP,GA,SPRWGA9A03,[2PACK] 레이어드용 롱기장 반팔티,RW,니트,"19,900"
SP,GA,SPRWGA9A20,[2PACK] 남성 세미 크롭 반팔티,RW,니트,"29,900"
SP,E2,SPSME23KG3,[키즈] 아노락 스커트 상하세트,SM,니트,"69,900"
SP,E2,SPSME24KU1,[키즈] [COOL] 스트레치 아노락 상하세트,SM,니트,"59,900"
SP,E3,SPSME38KU1,[키즈] 스트레치 그래픽 상하세트,SM,니트,"49,900"
SP,F2,SPSMF23KU3,[키즈] 그래픽 상하세트 (나일론),SM,니트,"59,900"
SP,F2,SPSMF24KU1,[키즈] [COOL] 아노락 상하세트 (나일론),SM,니트,"59,900"
SP,F2,SPSMF25KG2,[키즈] [COOL] 스커트 상하세트 (나일론),SM,니트,"59,900"
SP,F2,SPSMF25KU1,[키즈] [COOL] 쇼츠 상하세트 (나일론),SM,니트,"49,900"
SP,F3,SPSMF38KG2,[키즈] 그래픽 스커트 상하세트 (나일론),SM,니트,0
SP,F3,SPSMF38KU1,[키즈] 그래픽 상하세트 (나일론),SM,니트,"59,900"
SP,G2,SPSMG24KU4,[키즈] 베이직 반팔 셔츠 상하세트,SM,남방,"49,900"
SP,E1,SPTAE11W05,[데일리지] 웜 풀밴딩 스트레치 와이드,TA,면바지,"49,900"
SP,E1,SPTAE11W06,[데일리지] 웜 풀밴딩 스트레치 부츠컷,TA,면바지,"49,900"
SP,E2,SPTAE23M03,[에센셜] 크롭 테이퍼드 슬랙스 (-5CM),TA,면바지,"39,900"
SP,E2,SPTAE23M04,[에센셜] 풀밴딩 테이퍼드 슬랙스,TA,면바지,"39,900"
SP,E2,SPTAE23M05,[에센셜] 벨티드 와이드 슬랙스,TA,면바지,"49,900"
SP,E2,SPTAE23M07,[에센셜] 원턱 와이드 슬랙스,TA,면바지,"49,900"
SP,E2,SPTAE23M91,[데일리지] 스트레치 테이퍼드 슬랙스,TA,면바지,"39,900"
SP,E2,SPTAE23W01,[데일리지] 풀밴딩 스트레치 와이드,TA,면바지,"39,900"
SP,E2,SPTAE23W02,[데일리지] 풀밴딩 스트레치 부츠컷,TA,면바지,"39,900"
SP,E2,SPTAE23W03,[에센셜] 롱 와이드 슬랙스,TA,면바지,"39,900"
SP,E2,SPTAE23W04,[에센셜] 크롭 와이드 슬랙스 (-5CM),TA,면바지,"39,900"
SP,E2,SPTAE23W05,[에센셜] 롱 투턱 와이드 슬랙스,TA,면바지,"49,900"
SP,E2,SPTAE24M07,[COOL] 테이퍼드 슬랙스,TA,면바지,"39,900"
SP,E2,SPTAE24M08,[COOL] 스트레치 테이퍼드 슬랙스,TA,면바지,"49,900"
SP,E2,SPTAE24W05,[COOL] 롱 와이드 슬랙스,TA,면바지,"39,900"
SP,E2,SPTAE24W06,[COOL] 크롭 와이드 슬랙스,TA,면바지,"39,900"
SP,E2,SPTAE25M09,[린넨라이크] 풀밴딩 테이퍼드 슬랙스,TA,면바지,"49,900"
SP,E2,SPTAE25M09,[린넨라이크] 풀밴딩 테이퍼드 슬랙스,TA,면바지,0
SP,E2,SPTAE25M10,[린넨라이크] 풀밴딩 와이드 슬랙스,TA,면바지,"49,900"
SP,E2,SPTAE25M11,크링클 풀밴딩 와이드 슬랙스,TA,면바지,"39,900"
SP,E2,SPTAE25W05,[린넨라이크] 풀밴딩 테이퍼드 슬랙스,TA,면바지,"39,900"
SP,E2,SPTAE25W06,[린넨라이크] 풀밴딩 와이드 슬랙스,TA,면바지,"39,900"
SP,E2,SPTAE25W07,[COOL] 풀밴딩 스트레치 와이드 슬랙스,TA,면바지,"39,900"
SP,E2,SPTAE25W08,[COOL] 풀밴딩 스트레치 부츠컷 슬랙스,TA,면바지,"39,900"
SP,E3,SPTAE37M03,[COOL] 스트레치 풀밴딩 테이퍼드 슬랙스,TA,면바지,"49,900"
SP,E3,SPTAE37M09,[린넨라이크] 풀밴딩 테이퍼드 슬랙스 (SPTAE25M09 RE),TA,면바지,"49,900"
SP,E3,SPTAE37M10,[린넨라이크] 풀밴딩 와이드 슬랙스 (SPTAE25M10 RE),TA,면바지,"49,900"
SP,E3,SPTAE37W01,화섬 벨티드 와이드 슬랙스,TA,면바지,"49,900"
SP,E3,SPTAE37W05,[린넨라이크] 풀밴딩 테이퍼드 슬랙스 (SPTAE25W05 RE),TA,면바지,"39,900"
SP,E3,SPTAE37W96,[COOL] 크롭 와이드 슬랙스 (SPTAE24W06 RE),TA,면바지,"39,900"
SP,E4,SPTAE49M02,몰스킨 와이드 팬츠,TA,면바지,"49,900"
SP,E4,SPTAE49M03,[에센셜+] 테이퍼드 슬랙스,TA,면바지,"39,900"
SP,E4,SPTAE49M05,[데일리지] 스트레치 테이퍼드 슬랙스,TA,면바지,"39,900"
SP,E4,SPTAE49M90,[에센셜] 000 스트레이트 슬랙스,TA,면바지,0
SP,E4,SPTAE49W01,[데일리지] 풀밴딩 스트레치 와이드,TA,면바지,"39,900"
SP,E4,SPTAE49W02,[데일리지] 풀밴딩 스트레치 부츠컷,TA,면바지,"39,900"
SP,E4,SPTAE49W03,[에센셜] 롱 와이드 슬랙스,TA,면바지,"39,900"
SP,E4,SPTAE49W03,[에센셜] 롱 와이드 슬랙스,TA,면바지,0
SP,E4,SPTAE49W04,[에센셜] 크롭 와이드 슬랙스 (-5CM),TA,면바지,"39,900"
SP,E4,SPTAE49W04,[에센셜] 크롭 와이드 슬랙스 (-5CM),TA,면바지,0
SP,E4,SPTAE4VM01,[WARM] 테이퍼드 슬랙스,TA,면바지,"49,900"
SP,E4,SPTAE4VM02,[WARM] 원턱 와이드 슬랙스,TA,면바지,"49,900"
SP,E4,SPTAE4VM03,웜 풀밴딩 테이퍼드 슬랙스,TA,면바지,0
SP,E4,SPTAE4VM04,[WARM] 스트레치 슬랙스,TA,면바지,"49,900"
SP,E4,SPTAE4VM13,[WARM] 풀밴딩 테이퍼드 슬랙스,TA,면바지,"49,900"
SP,E4,SPTAE4VW01,[WARM] 와이드 슬랙스,TA,면바지,"49,900"
SP,E4,SPTAE4VW02,[WARM] 슬림스트레이트 슬랙스,TA,면바지,"49,900"
SP,E4,SPTAE4VW03,[WARM] 부츠컷 슬랙스,TA,면바지,"49,900"
SP,E4,SPTAE4VW04,[WARM] 풀밴딩 스트레치 와이드,TA,면바지,"49,900"
SP,E4,SPTAE4VW05,[WARM] 풀밴딩 스트레치 부츠컷,TA,면바지,"49,900"
SP,E4,SPTAE4VW4A,[WARM] 풀밴딩 스트레치 앵클 와이드,TA,면바지,"49,900"
SP,E4,SPTAE4VW5A,[WARM] 풀밴딩 스트레치 앵클 부츠컷,TA,면바지,"49,900"
SP,EA,SPTAEA9M01,[에센셜] 와이드 슬랙스,TA,면바지,"39,900"
SP,EA,SPTAEA9M02,[에센셜] 롱 테이퍼드 슬랙스,TA,면바지,"39,900"
SP,EA,SPTAEA9M04,[에센셜] 풀밴딩 스트레이트 슬랙스,TA,면바지,"29,900"
SP,EA,SPTAEA9M51,패럴림픽 단복 팬츠 (남성),TA,면바지,"140,000"
SP,EA,SPTAEA9M70,패럴림픽 심판복 팬츠 (남성),TA,면바지,"25,900"
SP,EA,SPTAEA9W01,[에센셜] 스트레이트 슬랙스,TA,면바지,"39,900"
SP,EA,SPTAEA9W01,[에센셜] 스트레이트 슬랙스,TA,면바지,0
SP,EA,SPTAEA9W05,[에센셜] 풀밴딩 테이퍼드 슬랙스,TA,면바지,"29,900"
SP,EA,SPTAEA9W50,패럴림픽 단복 팬츠,TA,면바지,0
SP,EA,SPTAEA9W70,패럴림픽 심판복 팬츠 (여성),TA,면바지,"25,900"
SP,F1,SPTAF11M04,[WARM] 스트레치 슬랙스 (SPTAE4VM04 RE),TA,면바지,"49,900"
SP,F2,SPTAF23M02,[에센셜] 와이드 슬랙스,TA,면바지,"39,900"
SP,F2,SPTAF23M03,[에센셜] 슈퍼 와이드 슬랙스,TA,면바지,"49,900"
SP,F2,SPTAF23M07,몰스킨 와이드 팬츠,TA,면바지,"49,900"
SP,F2,SPTAF23W01,[에센셜] 롱 와이드 슬랙스,TA,면바지,"39,900"
SP,F2,SPTAF23W02,[에센셜] 앵클 와이드 슬랙스,TA,면바지,"39,900"
SP,F2,SPTAF23W07,[스트레치+] 와이드 밴딩 슬랙스,TA,면바지,"39,900"
SP,F2,SPTAF23W08,[스트레치+] 부츠컷 밴딩 슬랙스,TA,면바지,"39,900"
SP,F2,SPTAF24M08,[COOL] 테이퍼드 슬랙스,TA,면바지,"39,900"
SP,F2,SPTAF24M09,[린넨라이크] 풀밴딩 테이퍼드 슬랙스,TA,면바지,0
SP,F2,SPTAF24M11,[COOL] 스트레치 테이퍼드 슬랙스,TA,면바지,"39,900"
SP,F2,SPTAF24M18,[COOL] 와이드 슬랙스,TA,면바지,"39,900"
SP,F2,SPTAF24M19,[린넨라이크] 풀밴딩 와이드 슬랙스,TA,면바지,0
SP,F2,SPTAF24W05,[COOL] 롱 와이드 슬랙스,TA,면바지,"39,900"
SP,F2,SPTAF24W06,[COOL] 앵클 와이드 슬랙스,TA,면바지,"39,900"
SP,F2,SPTAF25M09,[린넨라이크] 테이퍼드 밴딩 슬랙스,TA,면바지,"39,900"
SP,F2,SPTAF25M19,[린넨라이크] 와이드 밴딩 슬랙스,TA,면바지,"39,900"
SP,F2,SPTAF25W05,[린넨라이크] 테이퍼드 밴딩 슬랙스,TA,면바지,"39,900"
SP,F2,SPTAF25W06,[린넨라이크] 와이드 밴딩 슬랙스,TA,면바지,"39,900"
SP,F2,SPTAF25W08,[스트레치+] 앵클 와이드 슬랙스,TA,면바지,"39,900"
SP,F3,SPTAF37M15,와이드 밴딩 팬츠 (레이온),TA,면바지,"39,900"
SP,F3,SPTAF37W06,와이드 슬랙스 (레이온),TA,면바지,"39,900"
SP,F4,SPTAF49M02,[에센셜] 와이드 슬랙스 (SPTAF23M02 RE),TA,면바지,"39,900"
SP,F4,SPTAF49M91,[에센셜] 스트레이트 슬랙스,TA,면바지,"39,900"
SP,F4,SPTAF49M95,(QR) 스트라이프 슈퍼 와이드 슬랙스,TA,면바지,"49,900"
SP,F4,SPTAF49W01,[에센셜] 롱 와이드 슬랙스 (SPTAF23W01 RE),TA,면바지,"39,900"
SP,F4,SPTAF49W03,[스트레치+] 와이드 밴딩 슬랙스,TA,면바지,0
SP,F4,SPTAF49W04,[스트레치+] 밴딩 부츠컷 슬랙스,TA,면바지,0
SP,F4,SPTAF49W51,스트레이트 슬랙스,TA,면바지,0
SP,F4,SPTAF49W91,(QR) 랩 와이드 슬랙스,TA,면바지,"49,900"
SP,F4,SPTAF49WS3,[스트레치+] 와이드 밴딩 앵클 슬랙스,TA,면바지,0
SP,F4,SPTAF49WS4,[스트레치+] 밴딩 부츠컷 앵클 슬랙스,TA,면바지,0
SP,F4,SPTAF4VM01,[WARM] 스트레치 슬랙스,TA,면바지,"49,900"
SP,F4,SPTAF4VM02,[WARM] 테이퍼드 슬랙스,TA,면바지,"49,900"
SP,F4,SPTAF4VM03,[WARM] 원턱 와이드 슬랙스,TA,면바지,"49,900"
SP,F4,SPTAF4VW07,[WARM] 스트레치 밴딩 와이드 슬랙스,TA,면바지,"49,900"
SP,F4,SPTAF4VW08,[WARM] 스트레치 밴딩 부츠컷 슬랙스,TA,면바지,"49,900"
SP,F4,SPTAF4VW09,[WARM] 와이드 슬랙스,TA,면바지,0
SP,F4,SPTAF4VW10,[WARM] 부츠컷 슬랙스,TA,면바지,0
SP,F4,SPTAF4VW19,[WARM] 와이드 슬랙스,TA,면바지,"49,900"
SP,F4,SPTAF4VW20,[WARM] 부츠컷 슬랙스,TA,면바지,"49,900"
SP,F4,SPTAF4VWS7,[WARM] 스트레치 밴딩 와이드 앵클 슬랙스,TA,면바지,0
SP,F4,SPTAF4VWS8,[WARM] 스트레치 밴딩 부츠컷 앵클 슬랙스,TA,면바지,0
SP,FA,SPTAFA9M01,[에센셜+] 롱 테이퍼드 슬랙스,TA,면바지,"39,900"
SP,FA,SPTAFA9M01,[에센셜+] 롱 테이퍼드 슬랙스,TA,면바지,0
SP,FA,SPTAFA9M03,[스트레치+] 테이퍼드 슬랙스,TA,면바지,"39,900"
SP,FA,SPTAFA9M04,[에센셜] 테이퍼드 밴딩 슬랙스,TA,면바지,"29,900"
SP,FA,SPTAFA9M11,[에센셜+] 앵클 테이퍼드 슬랙스,TA,면바지,"39,900"
SP,FA,SPTAFA9W11,[에센셜] 스트레이트 슬랙스,TA,면바지,"39,900"
SP,FA,SPTAFA9W12,[스트레치+] 앵클 스트레이트 밴딩 슬랙스,TA,면바지,"29,900"
SP,FA,SPTAFA9WS4,[스트레치+] 밴딩 부츠컷 앵클 슬랙스,TA,면바지,0
SP,G2,SPTAG23M41,히든밴딩 스트레이트 슬랙스,TA,면바지,"39,900"
SP,G2,SPTAG23M51,히든밴딩 와이드 슬랙스,TA,면바지,"39,900"
SP,G2,SPTAG23M52,히든밴딩 슈퍼 와이드 슬랙스,TA,면바지,"49,900"
SP,G2,SPTAG23W01,롱 와이드 슬랙스,TA,면바지,"39,900"
SP,G2,SPTAG23W02,앵클 와이드 슬랙스,TA,면바지,"39,900"
SP,G2,SPTAG23W03,랩 플레어 와이드 슬랙스,TA,면바지,"49,900"
SP,G2,SPTAG23W11,[스트레치] 와이드 밴딩 슬랙스,TA,면바지,"39,900"
SP,G2,SPTAG23W12,[스트레치] 부츠컷 밴딩 슬랙스,TA,면바지,"39,900"
SP,G2,SPTAG24M23,[ACTIVE] 라이트 이지 팬츠,TA,면바지,"39,900"
SP,G2,SPTAG25M12,크링클 와이드팬츠,TA,면바지,"39,900"
SP,G2,SPTAG25M21,[COOL] 테이퍼드 슬랙스,TA,면바지,"39,900"
SP,G2,SPTAG25M41,[COOL] 스트레이트 슬랙스,TA,면바지,"39,900"
SP,G2,SPTAG25M51,[COOL] 와이드 슬랙스,TA,면바지,"39,900"
SP,G2,SPTAG25U01,(QR) [악마는 프라다를 입는다] 와이드 슬랙스,TA,면바지,"59,900"
SP,G2,SPTAG25W01,[COOL] 앵클 와이드 슬랙스,TA,면바지,"39,900"
SP,G2,SPTAG25W02,[COOL] 롱 와이드 슬랙스,TA,면바지,"39,900"
SP,G2,SPTAG25W03,[COOL] 스트레이트 슬랙스,TA,면바지,"39,900"
SP,G2,SPTAG25W04,[COOL] 랩 플레어 와이드 슬랙스,TA,면바지,"49,900"
SP,G2,SPTAG25W04,[COOL] 랩 플레어 와이드 슬랙스,TA,면바지,0
SP,G2,SPTAG25W11,세미 와이드 슬랙스 (레이온),TA,면바지,"39,900"
SP,G2,SPTAG25W12,데님라이크 와이드 슬랙스,TA,면바지,"49,900"
SP,G3,SPTAG37M25,테이퍼드 밴딩 팬츠 (레이온),TA,면바지,"39,900"
SP,G3,SPTAG37M55,와이드 밴딩 팬츠 (레이온),TA,면바지,"39,900"
SP,G3,SPTAG37M90,(QR) 풀밴딩 와이드 팬츠,TA,면바지,"39,900"
SP,G3,SPTAG37M91,(QR) 리넨블랜드 와이드 밴딩 팬츠,TA,면바지,"49,900"
SP,G3,SPTAG37M92,(QR) 코튼 투턱 쇼츠,TA,면바지,"39,900"
SP,G3,SPTAG37W11,투턱 와이드 슬랙스 (나일론),TA,면바지,"39,900"
SP,G3,SPTAG38M12,크링클 와이드팬츠 (SPTAG25M12 RE),TA,면바지,"39,900"
SP,G3,SPTAG38M80,(QR) 릴렉스 팬츠,TA,면바지,"39,900"
SP,G4,SPTAG49M51,히든밴딩 와이드 슬랙스,TA,면바지,"39,900"
SP,G4,SPTAG49M51,히든밴딩 와이드 슬랙스,TA,면바지,0
SP,G4,SPTAG49M52,히든밴딩 세미 와이드 슬랙스,TA,면바지,0
SP,G4,SPTAG49W01,롱 와이드 슬랙스,TA,면바지,"39,900"
SP,G4,SPTAG49W01,롱 와이드 슬랙스,TA,면바지,0
SP,G4,SPTAG49W02,앵클 와이드 슬랙스,TA,면바지,"39,900"
SP,G4,SPTAG49W03,슈퍼 와이드 슬랙스,TA,면바지,"49,900"
SP,G4,SPTAG49W04,랩 레이어드 슬랙스,TA,면바지,0
SP,G4,SPTAG49W05,카프리 7부 팬츠,TA,면바지,0
SP,G4,SPTAG49W11,[스트레치] 와이드 밴딩 슬랙스,TA,면바지,"39,900"
SP,G4,SPTAG49W12,[스트레치] 부츠컷 밴딩 슬랙스,TA,면바지,"39,900"
SP,G4,SPTAG4VM21,[WARM] 히든밴딩 테이퍼드 슬랙스,TA,면바지,0
SP,G4,SPTAG4VM41,[WARM] 히든밴딩 스트레이트 슬랙스,TA,면바지,0
SP,G4,SPTAG4VM51,[WARM] 히든밴딩 와이드 슬랙스,TA,면바지,0
SP,G4,SPTAG4VM52,[WARM] 히든밴딩 세미와이드 슬랙스,TA,면바지,0
SP,G4,SPTAG4VW01,[WARM] 와이드 슬랙스,TA,면바지,0
SP,G4,SPTAG4VW02,[WARM] 스트레이트 슬랙스,TA,면바지,0
SP,G4,SPTAG4VW03,[WARM] 부츠컷 슬랙스,TA,면바지,0
SP,G4,SPTAG4VW04,[WARM] 랩 플레어 와이드 슬랙스,TA,면바지,0
SP,G4,SPTAG4VW11,[WARM] 스트레치 와이드 밴딩 슬랙스,TA,면바지,0
SP,GA,SPTAGA9M00,HOTEL 유니폼 남성 하의,TA,면바지,"39,900"
SP,GA,SPTAGA9M21,히든밴딩 테이퍼드 슬랙스,TA,면바지,"39,900"
SP,GA,SPTAGA9M22,히든밴딩 앵클 테이퍼드 슬랙스,TA,면바지,"39,900"
SP,GA,SPTAGA9M23,[ACTIVE] 이지 팬츠,TA,면바지,"39,900"
SP,GA,SPTAGA9M24,히든밴딩 테이퍼드 슬랙스,TA,면바지,"39,900"
SP,GA,SPTAGA9M25,히든밴딩 앵클 테이퍼드 슬랙스,TA,면바지,"39,900"
SP,GA,SPTAGA9W00,HOTEL 유니폼 여성 하의,TA,면바지,"39,900"
SP,GA,SPTAGA9W11,스트레이트 슬랙스,TA,면바지,"39,900"
SP,E1,SPTCE11KU2,[키즈] 코튼 2-WAY 카고 팬츠,TC,면바지,"39,900"
SP,E1,SPTCE12C97,코듀로이 와이드 카고 팬츠 (SPTCE11C91 RE),TC,면바지,"49,900"
SP,E2,SPTCE23C01,투턱 와이드 치노 팬츠,TC,면바지,"49,900"
SP,E2,SPTCE23C02,와이드 카고 팬츠,TC,면바지,"49,900"
SP,E2,SPTCE23C03,파라슈트 와이드 팬츠,TC,면바지,"39,900"
SP,E2,SPTCE23C03,파라슈트 와이드 팬츠,TC,면바지,0
SP,E2,SPTCE23C11,라이트 와이드 카고 팬츠 (나일론),TC,면바지,"39,900"
SP,E2,SPTCE23C12,트랙 파라슈트 와이드 팬츠 (나일론),TC,면바지,"39,900"
SP,E2,SPTCE23C25,(셋업) 우븐 조거 팬츠,TC,면바지,"39,900"
SP,E2,SPTCE23C91,카펜터 와이드 팬츠,TC,면바지,"49,900"
SP,E2,SPTCE23G01,라이트 2-WAY 카고 와이드 팬츠 (나일론),TC,면바지,"39,900"
SP,E2,SPTCE23G01,라이트 2-WAY 카고 와이드 팬츠 (나일론),TC,면바지,0
SP,E2,SPTCE23G11,핀턱 코튼 스판 와이드 팬츠,TC,면바지,"49,900"
SP,E2,SPTCE23G51,피그먼트 와이드 팬츠,TC,면바지,"49,900"
SP,E2,SPTCE23G51,피그먼트 와이드 팬츠,TC,면바지,0
SP,E2,SPTCE23G91,2-WAY 코튼 카고 와이드 팬츠,TC,면바지,"49,900"
SP,E2,SPTCE23KU1,[키즈] 코튼 세미와이드 팬츠,TC,면바지,"39,900"
SP,E2,SPTCE23KU2,[키즈] 라이트 2-WAY 카고 팬츠 (나일론),TC,면바지,"39,900"
SP,E2,SPTCE24C01,[데일리지] 이지밴딩 원턱 팬츠,TC,면바지,"35,900"
SP,E2,SPTCE24C02,[데일리지] 라이트코튼 밴딩 팬츠,TC,면바지,"35,900"
SP,E2,SPTCE25C25,[COOL] 스트레치 조거 팬츠,TC,면바지,"39,900"
SP,E2,SPTCE25C26,[COOL] 스트레치 와이드 팬츠,TC,면바지,"39,900"
SP,E2,SPTCE25G01,[COOL] 2-WAY 스트레치 파라슈트 팬츠,TC,면바지,"49,900"
SP,E2,SPTCE25G02,[COOL] 스트레치 와이드 밴딩 팬츠,TC,면바지,"39,900"
SP,E2,SPTCE26C03,파라슈트 와이드 팬츠 (나일론),TC,면바지,"39,900"
SP,E2,SPTCE26C92,(QR) [COOL] 스트레치 카고 조거 팬츠,TC,면바지,"39,900"
SP,E3,SPTCE37C01,[프렌치 린넨] 원턱 와이드 밴딩 팬츠,TC,면바지,"39,900"
SP,E3,SPTCE37C02,코튼 카고 와이드 팬츠,TC,면바지,"49,900"
SP,E3,SPTCE37C03,[프렌치 린넨] 카고 조거 팬츠,TC,면바지,0
SP,E3,SPTCE38G01,2-WAY 코튼 스판 카고 팬츠,TC,면바지,"49,900"
SP,E3,SPTCE38G01,2-WAY 코튼 스판 카고 팬츠,TC,면바지,0
SP,E4,SPTCE49C01,투턱 와이드 치노 팬츠,TC,면바지,"49,900"
SP,E4,SPTCE49C02,카고 와이드 팬츠,TC,면바지,"49,900"
SP,E4,SPTCE49C03,카펜터 와이드 팬츠,TC,면바지,"49,900"
SP,E4,SPTCE49C04,[이지 밴딩] 치노 팬츠,TC,면바지,"39,900"
SP,E4,SPTCE49C05,파라슈트 와이드 팬츠,TC,면바지,"49,900"
SP,E4,SPTCE49C24,(셋업) 2-WAY 와이드 팬츠 (나일론),TC,면바지,"39,900"
SP,E4,SPTCE49C91,(QR) 피그먼트 와이드 팬츠,TC,면바지,"49,900"
SP,E4,SPTCE49G01,피그먼트 와이드 팬츠,TC,면바지,"49,900"
SP,E4,SPTCE49G02,여성 2-WAY 코튼 카고 와이드 팬츠,TC,면바지,"49,900"
SP,E4,SPTCE49G03,핀턱 코튼 와이드 팬츠,TC,면바지,"49,900"
SP,E4,SPTCE49KU2,[키즈] 2-WAY 카고 팬츠,TC,면바지,"39,900"
SP,E4,SPTCE49KU2,[키즈] 2-WAY 카고 팬츠,TC,면바지,0
SP,E4,SPTCE4TC21,[WARM] 파라슈트 와이드 팬츠,TC,면바지,"59,900"
SP,E4,SPTCE4TKU1,[키즈] 코듀로이 스트레이트 팬츠,TC,면바지,"39,900"
SP,E4,SPTCE4VC01,[데일리지] 코듀로이 원턱 밴딩 팬츠,TC,면바지,"49,900"
SP,E4,SPTCE4VC02,[WARM] 카고 와이드 팬츠,TC,면바지,0
SP,E4,SPTCE4VC03,코듀로이 카고 와이드 팬츠,TC,면바지,"49,900"
SP,E4,SPTCE4VC04,[WARM] 이지밴딩 치노 팬츠,TC,면바지,0
SP,E4,SPTCE4VC05,[WARM] 카고 와이드 팬츠,TC,면바지,"49,900"
SP,E4,SPTCE4VC91,(QR) [WARM] 테이퍼드 치노 팬츠,TC,면바지,"49,900"
SP,E4,SPTCE4VG01,코듀로이 와이드 팬츠,TC,면바지,"49,900"
SP,E4,SPTCE4VG01,코듀로이 와이드 팬츠,TC,면바지,0
SP,E4,SPTCE4VG02,코듀로이 부츠컷 팬츠,TC,면바지,"49,900"
SP,E4,SPTCE4VG11,여성 2-WAY 코듀로이 카고 와이드 팬츠,TC,면바지,"49,900"
SP,E4,SPTCE4VKU1,[키즈] 코튼 밴딩 조거팬츠 (기모),TC,면바지,0
SP,F1,SPTCF11C95,(QR) 코듀로이 와이드 팬츠,TC,면바지,"49,900"
SP,F2,SPTCF23C01,투턱 와이드 치노 팬츠,TC,면바지,"49,900"
SP,F2,SPTCF23C02,카펜터 와이드 팬츠,TC,면바지,"49,900"
SP,F2,SPTCF23C03,퍼티그 테이퍼드 팬츠,TC,면바지,"49,900"
SP,F2,SPTCF23C04,2-WAY 카고 와이드 팬츠,TC,면바지,"49,900"
SP,F2,SPTCF23C05,파라슈트 와이드 팬츠,TC,면바지,"49,900"
SP,F2,SPTCF23C09,피그먼트 와이드 밴딩 팬츠,TC,면바지,"49,900"
SP,F2,SPTCF23C11,2-WAY 카고 와이드 팬츠 (나일론),TC,면바지,"39,900"
SP,F2,SPTCF23C12,트랙 와이드 팬츠 (나일론),TC,면바지,"49,900"
SP,F2,SPTCF23C92,(QR) [링클프리] 테이퍼드 치노 팬츠,TC,면바지,"49,900"
SP,F2,SPTCF23G03,여성 2-WAY 카고 와이드 팬츠 (나일론),TC,면바지,"39,900"
SP,F2,SPTCF23G04,여성 2-WAY 트랙 와이드 팬츠 (나일론),TC,면바지,"39,900"
SP,F2,SPTCF23G11,피그먼트 와이드 팬츠,TC,면바지,"49,900"
SP,F2,SPTCF23G12,여성 2-WAY 카고 와이드 팬츠,TC,면바지,"49,900"
SP,F2,SPTCF23KU1,[키즈] 2-WAY 카고 와이드 팬츠 (나일론),TC,면바지,"39,900"
SP,F2,SPTCF23KU1,[키즈] 2-WAY 카고 와이드 팬츠 (나일론),TC,면바지,0
SP,F2,SPTCF23KU2,[키즈] 2-WAY 파라슈트 팬츠,TC,면바지,"39,900"
SP,F2,SPTCF24C01,[데일리지] 라이트 코튼 와이드 밴딩 팬츠,TC,면바지,"39,900"
SP,F2,SPTCF24C02,[데일리지] 라이트 코튼 앵클 테이퍼드 밴딩 팬츠,TC,면바지,"39,900"
SP,F2,SPTCF24C03,[데일리지] 라이트코튼 테이퍼드 반밴딩 팬츠,TC,면바지,"39,900"
SP,F2,SPTCF24C04,[데일리지] 코튼 파라슈트 와이드 팬츠,TC,면바지,"39,900"
SP,F2,SPTCF24G11,코튼스판 핀턱 와이드 팬츠,TC,면바지,"39,900"
SP,F2,SPTCF24G12,코튼스판 앵클 테이퍼드 팬츠,TC,면바지,"39,900"
SP,F2,SPTCF24KU1,[키즈] [COOL] 스트레치 카고 조거 팬츠 (나일론),TC,면바지,"39,900"
SP,F2,SPTCF25C11,[COOL] 스트레치 카고 조거 팬츠,TC,면바지,"39,900"
SP,F2,SPTCF25G01,[COOL] 2-WAY 파라슈트 와이드 팬츠 (나일론),TC,면바지,"39,900"
SP,F2,SPTCF26C06,[데일리지] 라이트 테이퍼드 치노 팬츠,TC,면바지,"39,900"
SP,F3,SPTCF37G01,[COOL] 2-WAY 파라슈트 와이드 팬츠 (나일론) (SPTCF25G,TC,면바지,"39,900"
SP,F3,SPTCF37G02,[COOL] 여성 풀밴딩 앵클 팬츠 (나일론),TC,면바지,"29,900"
SP,F3,SPTCF37M98,벨티드 워크 팬츠(셋업),TC,면바지,"49,900"
SP,F3,SPTCF38G03,여성 2-WAY 카고 와이드 팬츠 (나일론) (SPTCF23G03 RE),TC,면바지,"39,900"
SP,F3,SPTCF38KU1,[키즈] 2-WAY 카고 팬츠,TC,면바지,"39,900"
SP,F4,SPTCF49C01,[데일리지] 와이드 치노 팬츠,TC,면바지,0
SP,F4,SPTCF49C02,[데일리지] 테이퍼드 치노 팬츠,TC,면바지,0
SP,F4,SPTCF49C03,커브드 벌룬 와이드 코튼 팬츠,TC,면바지,"49,900"
SP,F4,SPTCF49C04,카고 와이드 팬츠,TC,면바지,"49,900"
SP,F4,SPTCF49C05,테이퍼드 밴딩 팬츠,TC,면바지,"49,900"
SP,F4,SPTCF49C07,카고 와이드 팬츠,TC,면바지,0
SP,F4,SPTCF49C08,카펜터 와이드 팬츠,TC,면바지,"49,900"
SP,F4,SPTCF49G01,[데일리지] 트윌 코튼 와이드 팬츠,TC,면바지,"49,900"
SP,F4,SPTCF49G02,여성 카고 와이드 팬츠,TC,면바지,"49,900"
SP,F4,SPTCF49G03,턱 와이드 치노 팬츠,TC,면바지,"49,900"
SP,F4,SPTCF49G04,벌룬 와이드 코튼 팬츠,TC,면바지,"49,900"
SP,F4,SPTCF49G05,저지 벌룬 와이드 코튼 팬츠,TC,면바지,"49,900"
SP,F4,SPTCF49KU1,[키즈] 세미와이드 치노 팬츠,TC,면바지,"39,900"
SP,F4,SPTCF49KU2,[키즈] 카고 조거 팬츠,TC,면바지,"39,900"
SP,F4,SPTCF49KU4,[키즈] 코튼 스판 카고 팬츠,TC,면바지,"39,900"
SP,F4,SPTCF49KU9,[키즈] 파이핑 배색 조거 팬츠,TC,면바지,"35,900"
SP,F4,SPTCF49M01,벨티드 워크 팬츠 (셋업),TC,면바지,"49,900"
SP,F4,SPTCF4TCY1,(QR) 와이드 기어 팬츠,TC,면바지,"49,900"
SP,F4,SPTCF4TKU1,[키즈] 코듀로이 세미와이드 팬츠,TC,면바지,"39,900"
SP,F4,SPTCF4TU01,[SPAO x OURSELVES] 콤피 워크 팬츠,TC,면바지,"59,900"
SP,F4,SPTCF4VC04,[WARM] 카고 와이드 팬츠,TC,면바지,"49,900"
SP,F4,SPTCF4VC05,[WARM] 테이퍼드 밴딩 팬츠,TC,면바지,"49,900"
SP,F4,SPTCF4VC07,[WARM] 카고 와이드 팬츠,TC,면바지,0
SP,F4,SPTCF4VC11,[WARM] 코듀로이 와이드 팬츠,TC,면바지,"49,900"
SP,F4,SPTCF4VC11,[WARM] 코듀로이 와이드 팬츠,TC,면바지,0
SP,F4,SPTCF4VC13,코듀로이 벌룬 와이드 팬츠,TC,면바지,"49,900"
SP,F4,SPTCF4VC15,[WARM] 코듀로이 와이드 밴딩 팬츠,TC,면바지,"49,900"
SP,F4,SPTCF4VC15,[WARM] 코듀로이 와이드 밴딩 팬츠,TC,면바지,0
SP,F4,SPTCF4VC21,[WARM] 와이드 기어 팬츠,TC,면바지,0
SP,F4,SPTCF4VC91,(QR) 코듀로이 벌룬 와이드 팬츠,TC,면바지,"49,900"
SP,F4,SPTCF4VCY1,[WARM] 와이드 기어 팬츠,TC,면바지,"49,900"
SP,F4,SPTCF4VG02,[WARM] 트윌 코튼 와이드 팬츠,TC,면바지,"49,900"
SP,F4,SPTCF4VG11,[WARM] 여성 코듀로이 와이드 팬츠,TC,면바지,"49,900"
SP,F4,SPTCF4VG12,코듀로이 부츠컷 팬츠,TC,면바지,"49,900"
SP,F4,SPTCF4VGS1,코듀로이 앵클 밴딩 팬츠,TC,면바지,"39,900"
SP,F4,SPTCF4VKU1,[키즈] 패딩 조거 팬츠,TC,면바지,"39,900"
SP,F4,SPTCF4VU01,[SPAO X Kid Milli] LOVE$ICK 카고 와이드 팬츠,TC,면바지,"59,900"
SP,FA,SPTCFA9C01,[데일리지] 와이드 치노 팬츠,TC,면바지,"49,900"
SP,FA,SPTCFA9C01,[데일리지] 와이드 치노 팬츠,TC,면바지,0
SP,FA,SPTCFA9C02,[링클프리] 테이퍼드 치노 팬츠,TC,면바지,"49,900"
SP,FA,SPTCFA9C02,[링클프리] 테이퍼드 치노 팬츠,TC,면바지,0
SP,FA,SPTCFA9C06,와이드 치노 팬츠,TC,면바지,"39,900"
SP,FA,SPTCFA9C06,와이드 치노 팬츠,TC,면바지,0
SP,FA,SPTCFA9C07,테이퍼드 치노 팬츠,TC,면바지,"39,900"
SP,FA,SPTCFA9C91,린넨 와이드 밴딩 팬츠,TC,면바지,"39,900"
SP,FA,SPTCFA9W02,린넨 풀밴딩 와이드 앵클 팬츠,TC,면바지,"39,900"
SP,G1,SPTCG11KU1,[키즈] 코듀로이 세미와이드 팬츠,TC,면바지,0
SP,G2,SPTCG23C01,와이드 치노 팬츠,TC,면바지,"49,900"
SP,G2,SPTCG23C02,턱 와이드 치노 팬츠,TC,면바지,"49,900"
SP,G2,SPTCG23C03,벌룬 와이드 코튼 팬츠,TC,면바지,"49,900"
SP,G2,SPTCG23C91,와이드 기어 팬츠,TC,면바지,"59,900"
SP,G2,SPTCG23CY1,와이드 워크 팬츠,TC,면바지,"49,900"
SP,G2,SPTCG23G01,와이드 코튼 팬츠,TC,면바지,"49,900"
SP,G2,SPTCG23G02,여성 벌룬 와이드 코튼 팬츠,TC,면바지,"49,900"
SP,G2,SPTCG23G02,여성 벌룬 와이드 코튼 팬츠,TC,면바지,0
SP,G2,SPTCG23G03,와이드 카고 팬츠,TC,면바지,"49,900"
SP,G2,SPTCG23G04,투턱 와이드 치노 팬츠,TC,면바지,"49,900"
SP,G2,SPTCG23G05,벌룬 와이드 팬츠 (저지),TC,면바지,"49,900"
SP,G2,SPTCG23KU1,[키즈] 2-WAY 카고 파라슈트 팬츠 (나일론),TC,면바지,"39,900"
SP,G2,SPTCG23KU2,[키즈] 벌룬 코튼 팬츠,TC,면바지,"39,900"
SP,G2,SPTCG23KU4,[키즈] 코튼스판 조거 팬츠,TC,면바지,"39,900"
SP,G2,SPTCG23M01,[시티웨어] 워크 팬츠 (셋업),TC,면바지,"49,900"
SP,G2,SPTCG24C01,와이드 밴딩 팬츠 (코튼),TC,면바지,"39,900"
SP,G2,SPTCG24C02,테이퍼드 밴딩 팬츠 (코튼),TC,면바지,"39,900"
SP,G2,SPTCG24KU1,[키즈] 와이드 팬츠,TC,면바지,"29,900"
SP,G2,SPTCG24KU2,[키즈] 스트라이프 와이드 팬츠,TC,면바지,"29,900"
SP,G2,SPTCG24KU3,[키즈] 파라슈트 2-WAY 팬츠,TC,면바지,"39,900"
SP,G2,SPTCG25C03,[COOL] 벌룬 와이드 코튼 팬츠,TC,면바지,"49,900"
SP,G2,SPTCG25C12,와이드 파라슈트 팬츠 (나일론),TC,면바지,"39,900"
SP,G2,SPTCG25C14,[ACTIVE] 스트레치 카고 조거 팬츠 (나일론),TC,면바지,"39,900"
SP,G2,SPTCG25G01,[COOL] 와이드 코튼 팬츠,TC,면바지,"49,900"
SP,G2,SPTCG25G02,[COOL] 여성 벌룬 와이드 코튼 팬츠,TC,면바지,"49,900"
SP,G2,SPTCG25G03,여성 와이드 밴딩 팬츠,TC,면바지,"39,900"
SP,G2,SPTCG25G04,여성 와이드 밴딩 팬츠 (레이온),TC,면바지,"29,900"
SP,G2,SPTCG25G11,와이드 카고 팬츠 (나일론),TC,면바지,"39,900"
SP,G2,SPTCG25G11,와이드 카고 팬츠 (나일론),TC,면바지,0
SP,G2,SPTCG25G12,벌룬 와이드 팬츠 (나일론),TC,면바지,"39,900"
SP,G2,SPTCG25W01,와이드 핀턱 팬츠,TC,면바지,"49,900"
SP,G3,SPTCG37C01,[리넨블렌드] 투턱 와이드 팬츠,TC,면바지,"49,900"
SP,G3,SPTCG37C03,[COOL] 벌룬 와이드 코튼 팬츠 (SPTCG25C03 RE),TC,면바지,"49,900"
SP,G3,SPTCG37C04,와이드 파라슈트 팬츠 (나일론) (SPTCG25C12 RE),TC,면바지,"39,900"
SP,G3,SPTCG37G01,(RE) 벌룬 와이드 팬츠 (나일론),TC,면바지,"39,900"
SP,G3,SPTCG37G11,와이드 카고 팬츠 (나일론) (SPTCG25G11 RE),TC,면바지,"39,900"
SP,G3,SPTCG37G30,[COOL] 와이드 코튼 팬츠 (SPTCG25G01 RE),TC,면바지,"49,900"
SP,G3,SPTCG37G31,[COOL] 벌룬 와이드 코튼 팬츠 (SPTCG25G02 RE),TC,면바지,"49,900"
SP,G3,SPTCG37G31,[COOL] 벌룬 와이드 코튼 팬츠 (SPTCG25G02 RE),TC,면바지,0
SP,G3,SPTCG37KG1,[키즈] 랩 스커트 팬츠,TC,면바지,"39,900"
SP,G3,SPTCG38KG1,[키즈] 브라이트 화섬 2-WAY 카고 팬츠,TC,면바지,0
SP,G3,SPTCG38KU1,[키즈] 화섬 2-WAY 카고 팬츠,TC,면바지,0
SP,G3,SPTCG38W90,리넨블렌드 밴딩 팬츠,TC,면바지,"39,900"
SP,G4,SPTCG49C01,와이드 치노 팬츠,TC,면바지,"49,900"
SP,G4,SPTCG49C01,와이드 치노 팬츠,TC,면바지,0
SP,G4,SPTCG49C02,테이퍼드 밴딩 팬츠,TC,면바지,"39,900"
SP,G4,SPTCG49C02,테이퍼드 밴딩 팬츠,TC,면바지,0
SP,G4,SPTCG49C03,와이드 커브드 팬츠,TC,면바지,"49,900"
SP,G4,SPTCG49C04,카고 와이드 커브드 팬츠,TC,면바지,"59,900"
SP,G4,SPTCG49C30,와이드 투턱 커브드 팬츠,TC,면바지,"59,900"
SP,G4,SPTCG49C30,와이드 투턱 커브드 팬츠,TC,면바지,0
SP,G4,SPTCG49G01,와이드 코튼 팬츠,TC,면바지,"49,900"
SP,G4,SPTCG49G02,여성 와이드 커브드 팬츠,TC,면바지,"49,900"
SP,G4,SPTCG49G03,저지 커브드 팬츠,TC,면바지,"49,900"
SP,G4,SPTCG49G31,부츠컷 코튼 팬츠,TC,면바지,"49,900"
SP,G4,SPTCG49GS1,턱 와이드 치노 팬츠,TC,면바지,"49,900"
SP,G4,SPTCG49GY2,와이드 카고 밴딩 팬츠,TC,면바지,"59,900"
SP,G4,SPTCG49GY2,와이드 카고 밴딩 팬츠,TC,면바지,0
SP,G4,SPTCG49KU1,[키즈] 코튼 스판 카고 팬츠,TC,면바지,"39,900"
SP,G4,SPTCG49KU2,[키즈] 코튼 스판 와이드 커브드 팬츠,TC,면바지,"39,900"
SP,G4,SPTCG49KU3,[키즈] 스판 니트 팬츠,TC,면바지,"49,900"
SP,G4,SPTCG49KU4,[키즈] 카펜터 피그먼트 팬츠,TC,면바지,"39,900"
SP,G4,SPTCG49M02,투턱 와이드 팬츠,TC,면바지,"59,900"
SP,G4,SPTCG4TC30,[2.5-LAYER] 파라슈트 기어 팬츠,TC,면바지,"59,900"
SP,G4,SPTCG4TKU1,[키즈] 코듀로이 와이드 커브드 팬츠,TC,면바지,"39,900"
SP,G4,SPTCG4TKU2,[키즈] 코듀로이 와이드 팬츠,TC,면바지,"39,900"
SP,G4,SPTCG4VC01,[WARM] 코듀로이 와이드 팬츠,TC,면바지,"49,900"
SP,G4,SPTCG4VC01,[WARM] 코듀로이 와이드 팬츠,TC,면바지,0
SP,G4,SPTCG4VC02,[WARM] 코듀로이 와이드 커브드 팬츠,TC,면바지,0
SP,G4,SPTCG4VC31,[WARM] 테이퍼드 밴딩 팬츠,TC,면바지,0
SP,G4,SPTCG4VCS1,[WARM] 코듀로이 스트레이트 팬츠,TC,면바지,"49,900"
SP,G4,SPTCG4VCY1,[WARM] 와이드 기어 팬츠,TC,면바지,"49,900"
SP,G4,SPTCG4VG01,[WARM] 와이드 코튼 팬츠,TC,면바지,"49,900"
SP,G4,SPTCG4VG02,[WARM] 여성 코듀로이 와이드 팬츠,TC,면바지,"49,900"
SP,G4,SPTCG4VG03,[WARM] 여성 코듀로이 와이드 커브드 팬츠,TC,면바지,"49,900"
SP,G4,SPTCG4VGS1,[WARM] 코듀로이 앵클 밴딩 팬츠,TC,면바지,"39,900"
SP,G4,SPTCG4VGY1,[WARM] 여성 화섬 기모 팬츠,TC,면바지,"49,900"
SP,G4,SPTCG4VKU1,[키즈] 스키바지,TC,면바지,0
SP,G4,SPTCG4VKU2,[키즈][WARM] 와이드 기어 팬츠,TC,면바지,0
SP,GA,SPTCGA9C02,스트레이트 치노 팬츠,TC,면바지,"49,900"
SP,GA,SPTCGA9C04,스트레이트 치노 팬츠,TC,면바지,"49,900"
SP,GA,SPTCGA9C30,원턱 와이드 커브드 코튼 팬츠,TC,면바지,"49,900"
SP,GA,SPTCGA9CS1,[링클프리] 테이퍼드 치노 팬츠,TC,면바지,"49,900"
SP,GA,SPTCGA9G30,스트레이트 코튼 팬츠,TC,면바지,"49,900"
SP,GA,SPTCGA9GS1,앵클 와이드 밴딩 팬츠,TC,면바지,"39,900"
SP,GA,SPTCGA9KU1,[키즈] 코튼스판 치노 팬츠,TC,면바지,"39,900"
SP,E2,SPTHE24KU1,[키즈] [COOL] 스트레치 베이직 쇼츠,TH,면바지,0
SP,E2,SPTHE25W07,[COOL] 뒷 밴딩 반바지,TH,면바지,"39,900"
SP,E2,SPTHE26C01,[데일리지] 라이트코튼 카고 쇼츠,TH,면바지,"39,900"
SP,E2,SPTHE26C11,라이트 화섬 카고 쇼츠,TH,면바지,"25,900"
SP,E3,SPTHE37C01,[데일리지] 라이트코튼 밴딩 쇼츠,TH,면바지,"25,900"
SP,E3,SPTHE37C02,[데일리지] 코튼 버뮤다 쇼츠,TH,면바지,"29,900"
SP,E3,SPTHE37C11,라이트 밴딩 쇼츠 (나일론),TH,면바지,"19,900"
SP,E3,SPTHE37C12,[COOL] 스트레치 밴딩 쇼츠,TH,면바지,"25,900"
SP,E3,SPTHE37C24,라이트 카고 버뮤다 쇼츠 (나일론),TH,면바지,"29,900"
SP,E3,SPTHE37G01,여성 라이트 쇼츠 (나일론),TH,면바지,"19,900"
SP,E3,SPTHE37G02,코튼 스판 버뮤다 팬츠,TH,면바지,"39,900"
SP,E3,SPTHE37G51,코튼 스판 밴딩 쇼츠,TH,면바지,"25,900"
SP,E3,SPTHE37G52,라이트 바인딩 쇼츠 (나일론),TH,면바지,"25,900"
SP,E3,SPTHE37KU1,[키즈] [COOL] 스트레치 베이직 쇼츠,TH,면바지,"19,900"
SP,E3,SPTHE37M01,[COOL] 풀밴딩 쇼츠,TH,면바지,"35,900"
SP,E3,SPTHE37M02,풀밴딩 릴렉스 쇼츠,TH,면바지,"35,900"
SP,E3,SPTHE37W97,[COOL] 뒷 밴딩 반바지 (SPTHE25W07 RE),TH,면바지,"39,900"
SP,E3,SPTHE38C94,(QR) 레귤러 치노 쇼츠,TH,면바지,"29,900"
SP,E4,SPTHE49G80,(우디) 시어서커 쇼츠,TH,면바지,"29,900"
SP,F2,SPTHF23W01,[에센셜] 버뮤다 쇼츠,TH,면바지,"39,900"
SP,F2,SPTHF23W03,트위드 쇼츠,TH,면바지,"39,900"
SP,F2,SPTHF24C02,[데일리지] 라이트코튼 카고 버뮤다 쇼츠,TH,면바지,"39,900"
SP,F2,SPTHF24C03,[데일리지] 원턱 버뮤다 쇼츠,TH,면바지,"39,900"
SP,F2,SPTHF24C03,[데일리지] 원턱 버뮤다 쇼츠,TH,면바지,0
SP,F2,SPTHF24C08,치노 쇼츠,TH,면바지,"39,900"
SP,F2,SPTHF24G11,여성 카고 버뮤다 쇼츠,TH,면바지,"39,900"
SP,F2,SPTHF26C12,[데일리지] 라이트 치노 쇼츠,TH,면바지,"39,900"
SP,F2,SPTHF26G51,(우디) 시어서커 쇼츠,TH,면바지,"29,900"
SP,F3,SPTHF37C01,[데일리지] 라이트코튼 밴딩 쇼츠,TH,면바지,"25,900"
SP,F3,SPTHF37C11,라이트 밴딩 쇼츠 (나일론),TH,면바지,"25,900"
SP,F3,SPTHF37C21,[COOL] 스트레치 밴딩 쇼츠,TH,면바지,"25,900"
SP,F3,SPTHF37C22,라이트 기어 쇼츠 (나일론),TH,면바지,"29,900"
SP,F3,SPTHF37G01,여성 라이트 밴딩 쇼츠 (나일론),TH,면바지,"25,900"
SP,F3,SPTHF37G02,라이트 트랙 쇼츠 (나일론),TH,면바지,"25,900"
SP,F3,SPTHF37G11,핀턱 버뮤다 쇼츠,TH,면바지,"39,900"
SP,F3,SPTHF37G12,코튼스판 밴딩 쇼츠,TH,면바지,"25,900"
SP,F3,SPTHF37G13,코튼스판 쇼츠,TH,면바지,"29,900"
SP,F3,SPTHF37KU1,[키즈] [COOL] 스트레치 밴딩 쇼츠 (나일론),TH,면바지,"19,900"
SP,F3,SPTHF37KU1,[키즈] [COOL] 스트레치 밴딩 쇼츠 (나일론),TH,면바지,0
SP,F3,SPTHF37KU2,[키즈] 라이트 밴딩 쇼츠 (나일론),TH,면바지,"19,900"
SP,F3,SPTHF37M01,밴딩 쇼츠,TH,면바지,"39,900"
SP,F3,SPTHF37M12,[COOL] 릴렉스 쇼츠,TH,면바지,"39,900"
SP,F3,SPTHF37U01,[남궁혁] 나일론 쇼츠,TH,면바지,"29,900"
SP,F3,SPTHF37W06,[COOL] 밴딩 쇼츠,TH,면바지,"35,900"
SP,F3,SPTHF37W91,(QR) 썸머 랩 미니 스코츠,TH,면바지,"39,900"
SP,F3,SPTHF38C01,[시티코지] 비조 버뮤다 쇼츠,TH,면바지,"39,900"
SP,F3,SPTHF38C02,[시티코지] 린넨 밴딩 쇼츠,TH,면바지,"39,900"
SP,F3,SPTHF38C03,[시티코지] 코듀로이 밴딩 쇼츠,TH,면바지,"39,900"
SP,F3,SPTHF38C90,(QR) 나일론 밴딩 카고 쇼츠 (셋업),TH,면바지,0
SP,F4,SPTHF49C01,워크 버뮤다 쇼츠,TH,면바지,"39,900"
SP,F4,SPTHF4TW06,[울블렌드] 버뮤다 쇼츠,TH,면바지,"49,900"
SP,F4,SPTHF4VGY1,코듀로이 버뮤다 쇼츠,TH,면바지,"39,900"
SP,F4,SPTHF4VU01,[SPAO l 999HUMANITY] 에브리데이 체크 3부 팬츠 파자마,TH,면바지,0
SP,FA,SPTHFA9C91,린넨 밴딩 쇼츠,TH,면바지,"29,900"
SP,G2,SPTHG23WY1,랩 미니 스코츠,TH,면바지,"39,900"
SP,G2,SPTHG24KU1,[키즈] 코튼 5부 와이드 쇼츠,TH,면바지,"29,900"
SP,G2,SPTHG24KU2,[키즈] 면 경량 트윌 7부 팬츠,TH,면바지,"25,900"
SP,G2,SPTHG24KU3,[키즈] 코튼스판 카펜터 쇼츠,TH,면바지,"35,900"
SP,G2,SPTHG24KU4,[키즈] 면 경량 트윌 4부 팬츠,TH,면바지,"19,900"
SP,G2,SPTHG25C21,[시티웨어] 카고 쇼츠,TH,면바지,"39,900"
SP,G2,SPTHG25G01,저지 버뮤다 팬츠,TH,면바지,"49,900"
SP,G2,SPTHG25KG1,[키즈] 여아 썸머 체크 쇼츠,TH,면바지,"19,900"
SP,G2,SPTHG25M11,[시티웨어] 버뮤다팬츠,TH,면바지,"39,900"
SP,G2,SPTHG26C01,사선 카고 버뮤다 쇼츠,TH,면바지,"49,900"
SP,G2,SPTHG26G02,피그먼트 버뮤다 팬츠,TH,면바지,"39,900"
SP,G2,SPTHG26W01,A라인 쇼츠,TH,면바지,"39,900"
SP,G3,SPTHG37C01,밴딩 쇼츠 (코튼),TH,면바지,"29,900"
SP,G3,SPTHG37C02,워크 버뮤다 쇼츠,TH,면바지,"39,900"
SP,G3,SPTHG37C11,[ACTIVE] 스트레치 쇼츠 (나일론),TH,면바지,"25,900"
SP,G3,SPTHG37G01,핀턱 쇼츠,TH,면바지,"39,900"
SP,G3,SPTHG37G11,[ACTIVE] 라이트 쇼츠 (나일론),TH,면바지,"25,900"
SP,G3,SPTHG37G12,트랙 쇼츠 (나일론),TH,면바지,"25,900"
SP,G3,SPTHG37KG1,[키즈] 여아 3.5부 쇼츠,TH,면바지,"19,900"
SP,G3,SPTHG37KU2,[키즈] 4.5부 쇼츠 (나일론),TH,면바지,"19,900"
SP,G3,SPTHG37KU3,[키즈] 4부 쇼츠 (나일론),TH,면바지,"19,900"
SP,G3,SPTHG37KU4,[키즈] 카고 버뮤다 쇼츠 (나일론),TH,면바지,"25,900"
SP,G3,SPTHG37U01,[울산 HD FC] 나일론 쇼츠,TH,면바지,"29,900"
SP,G3,SPTHG38C90,[COOL] 버뮤다 카고 기어쇼츠 (나일론),TH,면바지,"29,900"
SP,G4,SPTHG4TW01,[WARM] 큐롯 쇼츠,TH,면바지,0
SP,G4,SPTHG4VGY1,[WARM] 코듀로이 핀턱 쇼츠,TH,면바지,"39,900"
SP,G2,SPTJG24CS1,테이퍼드 밴딩 팬츠 (데님),TJ,청바지,"39,900"
SP,G2,SPTJG25KU1,[키즈][COOL] 절개 롱 와이드진,TJ,청바지,"49,900"
SP,G4,SPTJG49C41,스트레이트 진,TJ,청바지,"49,900"
SP,G4,SPTJG49C51,와이드 진,TJ,청바지,"49,900"
SP,G4,SPTJG49C53,와이드 커브드 진,TJ,청바지,"49,900"
SP,G4,SPTJG49C54,컬러 와이드 진,TJ,청바지,"49,900"
SP,G4,SPTJG49C55,골지 커브드 진,TJ,청바지,"49,900"
SP,G4,SPTJG49C56,다트 와이드 커브드 진,TJ,청바지,0
SP,G4,SPTJG49C61,와이드 플레어 진,TJ,청바지,"49,900"
SP,G4,SPTJG49G31,스트레이트 진,TJ,청바지,"49,900"
SP,G4,SPTJG49G62,와이드 부츠컷 진,TJ,청바지,"49,900"
SP,G4,SPTJG49KU1,[키즈] 와이드 진,TJ,청바지,"39,900"
SP,G4,SPTJG49KU2,[키즈] 세미 와이드 진,TJ,청바지,"39,900"
SP,G4,SPTJG49KU3,[키즈] 절개 롱 와이드 진,TJ,청바지,"49,900"
SP,G4,SPTJG49KU4,[키즈] 와이드 커브드 진,TJ,청바지,"39,900"
SP,G4,SPTJG49KU5,[키즈] 트랙 진,TJ,청바지,"49,900"
SP,G4,SPTJG49KU6,[키즈] 스냅 절개 롱 와이드 진,TJ,청바지,"49,900"
SP,G4,SPTJG4VC21,[WARM] 테이퍼드 진,TJ,청바지,"49,900"
SP,G4,SPTJG4VC41,[WARM] 스트레이트 진,TJ,청바지,"49,900"
SP,G4,SPTJG4VC51,[WARM] 와이드 진,TJ,청바지,0
SP,G4,SPTJG4VC53,[WARM] 와이드 커브드 진,TJ,청바지,0
SP,G4,SPTJG4VG31,[WARM] 스트레이트 진,TJ,청바지,"49,900"
SP,G4,SPTJG4VG53,[WARM] 와이드 커브드 진,TJ,청바지,"49,900"
SP,G4,SPTJG4VKU1,[키즈] [WARM] 와이드 진,TJ,청바지,"39,900"
SP,G4,SPTJG4VKU2,[키즈] [WARM] 와이드 커브드 진,TJ,청바지,"49,900"
SP,G4,SPTJG4VKU3,[키즈] [WARM] 절개 와이드 진,TJ,청바지,"39,900"
SP,G4,SPTJG4VKU4,[키즈] [WARM] 세미 와이드 진 (본딩),TJ,청바지,"49,900"
SP,G2,SPTMG24KU1,[키즈] 트리코트 7부 팬츠,TM,면바지,"25,900"
SP,G2,SPTNG25C02,캣브러쉬 데님 버뮤다 쇼츠,TN,면바지,"39,900"
SP,G2,SPTNG25KU2,[키즈][COOL] 절개 7부 버뮤다 쇼츠,TN,면바지,"39,900"
SP,FA,SPTRFA9A20,[2PACK] 남성 모달 드로즈,TR,면바지,"9,900"
SP,GA,SPTRGA9A01,[COOLTECH] 남성 COOL 메쉬 드로즈,TR,면바지,"9,900"
SP,GA,SPTRGA9A20,[2PACK] 남성 모달 드로즈,TR,면바지,"12,900"
SP,E1,SPWHE12W08,맞턱 미디 스커트,WH,면바지,"39,900"
SP,E1,SPWHE12W08,맞턱 미디 스커트,WH,면바지,0
SP,E2,SPWHE23G01,코튼 미니 스커트,WH,면바지,"35,900"
SP,E2,SPWHE23G11,맞주름 미니 스커트,WH,면바지,"39,900"
SP,E2,SPWHE23G21,라이트 카고 롱 스커트 (나일론),WH,면바지,"39,900"
SP,E2,SPWHE23G21,라이트 카고 롱 스커트 (나일론),WH,면바지,0
SP,E2,SPWHE23G91,코튼 카고 맥시 롱 스커트,WH,면바지,"49,900"
SP,E2,SPWHE23G92,라이트 글로시 카고 롱 스커트(나일론),WH,면바지,"39,900"
SP,E2,SPWHE23KG1,[키즈] 플리츠 스커트 (속바지),WH,면바지,"39,900"
SP,E2,SPWHE23KG2,[키즈] 라이트 카고 스커트 (속바지),WH,면바지,"35,900"
SP,E2,SPWHE23W01,코튼 롱 스커트,WH,면바지,"49,900"
SP,E2,SPWHE23W03,트위드 스커트,WH,면바지,"39,900"
SP,E2,SPWHE25G01,라이트 카고 미니 스커트 (나일론),WH,면바지,"39,900"
SP,E2,SPWHE25W01,코튼 롱 플레어 스커트,WH,면바지,"39,900"
SP,E2,SPWHE25W04,플리츠 미니 스커트,WH,면바지,"39,900"
SP,E3,SPWHE37G91,티어드 롱 스커트,WH,면바지,"39,900"
SP,E3,SPWHE37W02,화섬 롱 스커트,WH,면바지,"39,900"
SP,E3,SPWHE38G01,라이트 카고 롱 스커트 (나일론) (SPWHE23G21 RE),WH,면바지,"39,900"
SP,E4,SPWHE49G01,코튼 카고 미니 스커트,WH,면바지,"39,900"
SP,E4,SPWHE49G02,코튼 롱 스커트,WH,면바지,"39,900"
SP,E4,SPWHE49G91,맞주름 미니 스커트,WH,면바지,"39,900"
SP,E4,SPWHE49KG1,[키즈] 플리츠 스커트 (속바지),WH,면바지,"39,900"
SP,E4,SPWHE49W01,[에센셜] 플리츠 미니 스커트,WH,면바지,"39,900"
SP,E4,SPWHE49W04,[에센셜] 플리츠 롱 스커트,WH,면바지,"49,900"
SP,E4,SPWHE49W91,롱 머메이드 스커트,WH,면바지,0
SP,E4,SPWHE4TKG1,[키즈] 코듀로이 카고 스커트,WH,면바지,"39,900"
SP,E4,SPWHE4TW05,[울블렌드] 미니 스커트,WH,면바지,"39,900"
SP,E4,SPWHE4TW06,[울블렌드] 롱 스커트,WH,면바지,"49,900"
SP,E4,SPWHE4TW08,울 플리츠 미니 스커트,WH,면바지,"39,900"
SP,E4,SPWHE4VG01,코듀로이 미니 스커트,WH,면바지,"39,900"
SP,E4,SPWHE4VG02,코듀로이 롱 스커트,WH,면바지,"49,900"
SP,E4,SPWHE4VG03,코듀로이 카고 미니 스커트,WH,면바지,"49,900"
SP,E4,SPWHE4VG04,코듀로이 플리츠 미니 스커트,WH,면바지,"49,900"
SP,E4,SPWHE4VKG1,[키즈] 울 플리츠 스커트 (속바지),WH,면바지,"39,900"
SP,E4,SPWHE4VW07,핸드메이드 미니 스커트,WH,면바지,"49,900"
SP,F1,SPWHF11W01,[울블렌드] 롱 스커트,WH,면바지,"59,900"
SP,F1,SPWHF12W01,[울블렌드] 스커트,WH,면바지,"39,900"
SP,F1,SPWHF12W01,[울블렌드] 스커트,WH,면바지,0
SP,F2,SPWHF23G01,카고 롱 스커트 (나일론),WH,면바지,"39,900"
SP,F2,SPWHF23G01,카고 롱 스커트 (나일론),WH,면바지,0
SP,F2,SPWHF23G11,맞주름 미니 스커트,WH,면바지,"39,900"
SP,F2,SPWHF23G12,카고 미니 스커트,WH,면바지,"39,900"
SP,F2,SPWHF23G13,베이직 롱 스커트,WH,면바지,"39,900"
SP,F2,SPWHF23KG1,[키즈] 카고 스커트 (나일론),WH,면바지,"35,900"
SP,F2,SPWHF23KG2,[키즈] 플리츠 스커트 (속바지),WH,면바지,"39,900"
SP,F2,SPWHF23W01,[에센셜] 플리츠 미니 스커트,WH,면바지,"39,900"
SP,F2,SPWHF23W02,[에센셜] 플리츠 롱 스커트,WH,면바지,"49,900"
SP,F2,SPWHF23W09,[스트레치+] 밴딩 스커트,WH,면바지,"39,900"
SP,F2,SPWHF24KG1,[키즈] 썸머 플리츠 스커트 (속바지),WH,면바지,"39,900"
SP,F2,SPWHF25G12,티어드 롱 스커트,WH,면바지,"49,900"
SP,F2,SPWHF25G12,티어드 롱 스커트,WH,면바지,0
SP,F2,SPWHF25G13,티어드 미니 스커트,WH,면바지,"39,900"
SP,F2,SPWHF25G99,[UV차단] 미니 스커트,WH,면바지,"39,900"
SP,F2,SPWHF25W11,플레어 롱 스커트,WH,면바지,"39,900"
SP,F2,SPWHF26W91,(QR) 랩 미디 스커트,WH,면바지,"39,900"
SP,F3,SPWHF37G01,레이어드 미니 스커트,WH,면바지,"29,900"
SP,F3,SPWHF37W11,플레어 롱 스커트 (SPWHF25W11 RE),WH,면바지,"39,900"
SP,F3,SPWHF37W11,플레어 롱 스커트 (SPWHF25W11 RE),WH,면바지,0
SP,F3,SPWHF38G01,[COOL] 라이트 카고 롱 스커트 (나일론),WH,면바지,"39,900"
SP,F4,SPWHF49G01,트윌 코튼 롱 스커트,WH,면바지,"49,900"
SP,F4,SPWHF49G02,레이어드 롱 스커트,WH,면바지,"49,900"
SP,F4,SPWHF49KG1,[키즈] 플리츠 스커트 (속바지),WH,면바지,"39,900"
SP,F4,SPWHF49KG9,[키즈] 체크 티어드 스커트 (속바지),WH,면바지,"39,900"
SP,F4,SPWHF49W01,[에센셜] 플리츠 롱 스커트,WH,면바지,"49,900"
SP,F4,SPWHF49W01,[에센셜] 플리츠 롱 스커트,WH,면바지,0
SP,F4,SPWHF49W02,[에센셜] 플리츠 미니 스커트,WH,면바지,"39,900"
SP,F4,SPWHF49W03,H라인 롱 스커트,WH,면바지,"49,900"
SP,F4,SPWHF49W14,[신세틱레더] 스웨이드 미니 스커트,WH,면바지,"49,900"
SP,F4,SPWHF49W16,[신세틱레더] 스웨이드 랩 스커트,WH,면바지,"49,900"
SP,F4,SPWHF4TKG9,[키즈] (QR) 코듀로이 벌룬 스커트,WH,면바지,"39,900"
SP,F4,SPWHF4TW05,[울블렌드] 미니 스커트,WH,면바지,0
SP,F4,SPWHF4TW06,[울블렌드] 롱 스커트,WH,면바지,0
SP,F4,SPWHF4VG02,코듀로이 롱 스커트,WH,면바지,"49,900"
SP,F4,SPWHF4VGY1,코듀로이 미니 스커트,WH,면바지,"39,900"
SP,F4,SPWHF4VW01,[울블렌드] H라인 롱 스커트,WH,면바지,0
SP,G1,SPWHG12KG1,[키즈] (신세틱레더) 스웨이드 플리츠 스커트,WH,면바지,"39,900"
SP,G1,SPWHG12W91,(QR) 코듀로이 핀턱 롱 스커트,WH,면바지,"49,900"
SP,G1,SPWHG12W92,(QR) [신세틱레더] 스웨이드 미디 스커트,WH,면바지,"49,900"
SP,G2,SPWHG23KG1,[키즈] 플리츠 스커트 (속바지),WH,면바지,"39,900"
SP,G2,SPWHG23W12,플리츠 롱 스커트,WH,면바지,"49,900"
SP,G2,SPWHG23W13,플리츠 미디 스커트,WH,면바지,"49,900"
SP,G2,SPWHG23W14,레이어드 롱 스커트,WH,면바지,"49,900"
SP,G2,SPWHG25G11,스트레치 롱 스커트 (나일론),WH,면바지,"39,900"
SP,G2,SPWHG25KG1,[키즈] 체크 캉캉 스커트 (속바지),WH,면바지,"39,900"
SP,G2,SPWHG25W01,더블 플리츠 롱 스커트,WH,면바지,"49,900"
SP,G2,SPWHG25W02,레이어드 미디 스커트,WH,면바지,"49,900"
SP,G2,SPWHG26G01,카고 롱 스커트(나일론),WH,면바지,"39,900"
SP,G2,SPWHG26G01,카고 롱 스커트(나일론),WH,면바지,0
SP,G3,SPWHG37G01,티어드 롱 스커트,WH,면바지,"39,900"
SP,G3,SPWHG37G02,벌룬 미니 스커트,WH,면바지,"39,900"
SP,G3,SPWHG38KG1,[키즈] 벌룬 스커트 (속바지),WH,면바지,0
SP,G4,SPWHG49G01,체크 플레어 롱 스커트,WH,면바지,"49,900"
SP,G4,SPWHG49G30,코튼 카고 미디 스커트,WH,면바지,"49,900"
SP,G4,SPWHG49KG1,[키즈] 체크 플리츠 스커트 (속바지),WH,면바지,"49,900"
SP,G4,SPWHG49KG2,[키즈] 체크 티어드 스커트 (속바지),WH,면바지,"39,900"
SP,G4,SPWHG49W01,H라인 롱 스커트,WH,면바지,"49,900"
SP,G4,SPWHG49W11,플리츠 미니 스커트,WH,면바지,"39,900"
SP,G4,SPWHG49W12,플리츠 미디 스커트,WH,면바지,"49,900"
SP,G4,SPWHG49W13,[신세틱레더] 스웨이드 미니 스커트,WH,면바지,"49,900"
SP,G4,SPWHG4TG30,코듀로이 티어드 롱 스커트,WH,면바지,"49,900"
SP,G4,SPWHG4VG01,[WARM] 코듀로이 롱 스커트,WH,면바지,"49,900"
SP,G4,SPWHG4VG02,[WARM] 코듀로이 스코츠,WH,면바지,0
SP,G4,SPWHG4VW01,[WARM] H라인 롱 스커트,WH,면바지,0
SP,G4,SPWHG4VW11,[울블렌드] 미니 스커트,WH,면바지,0
SP,G4,SPWHG4VW13,[WARM] 플리츠 미디 스커트,WH,면바지,0
SP,G4,SPWJG49G01,데님 맥시 스커트,WJ,면바지,"49,900"
SP,G4,SPWJG49G02,데님 플리츠 미디 스커트,WJ,면바지,"49,900"
SP,G4,SPWJG49G03,여성 데님 플리츠 스커트,WJ,청바지,"39,900"
SP,G4,SPWJG49KG1,[키즈] 데님 스커트,WJ,면바지,"39,900"
SP,E4,SPWME4TG21,[프렌치테리] 피그먼트 카고 롱 스커트,WM,니트,"39,900"
SP,EA,SPWQEA9KG2,[키즈] 10부 레깅스,WQ,언더웨어,"9,900"
SP,E4,SPXVE4VA10,[WARMTECH 에브리웨어] 남성 라운드넥 긴팔(10부),XV,라운지,"15,900"
SP,E4,SPXVE4VA12,[WARMTECH 에브리웨어] 남성 조거 팬츠,XV,라운지,"15,900"
SP,EA,SPXVEA9KU1,[키즈] 소프트 코튼 라운지 상하세트,XV,라운지,"39,900"
SP,EA,SPXVEA9KU2,[키즈] 소프트 골지 실내복 세트,XV,라운지,"29,900"
SP,EA,SPXVEAVA02,[WARMTECH] 남성 라운드넥 반팔,XV,라운지,"9,900"
SP,EA,SPXVEAVA03,[WARMTECH] 남성 터틀넥 긴팔(9부),XV,라운지,"9,900"
SP,EA,SPXVEAVA11,[WARMTECH] 남성 라운드넥 긴팔(9부),XV,라운지,"9,900"
SP,EA,SPXVEAVA14,[WARMTECH] 남성 타이즈,XV,라운지,"9,900"
SP,F4,SPXVF4VA10,[WARMTECH 에브리웨어] 남성 라운드넥 긴팔,XV,라운지,"19,900"
SP,F4,SPXVF4VA10,[WARMTECH 에브리웨어] 남성 라운드넥 긴팔,XV,라운지,0
SP,F4,SPXVF4VA11,[WARMTECH 에브리웨어] 남성 조거 팬츠,XV,라운지,"19,900"
SP,F4,SPXVF4VA11,[WARMTECH 에브리웨어] 남성 조거 팬츠,XV,라운지,0
SP,FA,SPXVFAVA01,[WARMTECH] 남성 라운드넥 긴팔,XV,라운지,"12,900"
SP,FA,SPXVFAVA02,[WARMTECH] 남성 라운드넥 반팔,XV,라운지,"12,900"
SP,FA,SPXVFAVA03,[WARMTECH] 남성 모크넥 긴팔,XV,라운지,"12,900"
SP,FA,SPXVFAVA04,[WARMTECH] 남성 타이즈,XV,라운지,"12,900"
SP,FA,SPXVFAVKU1,[키즈] [WARMTECH] 상하세트,XV,라운지,"19,900"
SP,FA,SPXVFAVKU2,[키즈] [WARMTECH] 하프넥 긴팔티셔츠,XV,라운지,"9,900"
SP,G1,SPXVG11A90,(QR) [WARMTECH] 울블렌드 남성 라운드넥 긴팔티,XV,라운지,"19,900"
SP,G4,SPXVG4VA10,[WARMTECH 프리머엄] 남성 심리스 긴팔,XV,라운지,0
SP,G4,SPXVG4VA11,[WARMTECH 프리머엄] 남성 심리스 타이즈,XV,라운지,0
SP,G4,SPXVG4VA20,[WARMTECH 에브리웨어] 남성 라운드넥,XV,라운지,0
SP,G4,SPXVG4VA21,[WARMTECH 에브리웨어] 남성 조거 팬츠,XV,라운지,0
SP,G4,SPXVG4VA30,[WARMTECH 울블렌드] 남성 터틀넥 긴팔,XV,라운지,0
SP,G4,SPXVG4VA31,[WARMTECH 울블렌드] 남성 라운드넥 긴팔,XV,라운지,0
SP,GA,SPXVGAVA01,[WARMTECH] 남성 라운드넥 긴팔,XV,라운지,0
SP,GA,SPXVGAVA02,[WARMTECH] 남성 라운드넥 반팔,XV,라운지,0
SP,GA,SPXVGAVA03,[WARMTECH] 남성 모크넥 긴팔,XV,라운지,0
SP,GA,SPXVGAVA04,[WARMTECH] 남성 타이즈,XV,라운지,0
SP,GA,SPXVGAVKU3,[키즈] [WARMTECH] 상하세트,XV,라운지,0
SP,GA,SPXVGAVKU4,[키즈] [WARMTECH] 하프넥 긴팔티셔츠,XV,라운지,0
SP,E2,SPYAE25KG2,[키즈] 쿠디 코튼 크롭 반팔셔츠,YA,남방,"35,900"
SP,E2,SPYAE25KU1,[키즈] 쿠디 옥스포드 반팔셔츠,YA,남방,"35,900"
SP,E1,SPYCE11W01,플란넬 체크 셔츠,YC,남방,"39,900"
SP,E2,SPYCE23M05,체크셔츠,YC,남방,"49,900"
SP,E2,SPYCE23W04,라이트 체크 셔츠,YC,남방,"39,900"
SP,E2,SPYCE23W05,후로킹 체크 셔츠,YC,남방,"39,900"
SP,E2,SPYCE23W06,잔체크 셔츠,YC,남방,"39,900"
SP,E2,SPYCE24M08,체크 긴팔 셔츠,YC,남방,"49,900"
SP,E3,SPYCE38C08,체크 긴팔셔츠,YC,남방,"39,900"
SP,F2,SPYCF23C54,오버핏 플란넬 체크 셔츠 (SPYWF11C54 RE),YC,남방,"39,900"
SP,F2,SPYCF23KU9,[키즈] 체크 긴팔 셔츠,YC,남방,"39,900"
SP,F3,SPYCF37G91,(QR) 체크 후드 셔츠,YC,남방,"49,900"
SP,F3,SPYCF37KU1,[키즈] 썸머 체크 반팔 셔츠,YC,남방,"35,900"
SP,F3,SPYCF38KU2,[키즈] 썸머 체크 긴팔 셔츠,YC,남방,"39,900"
SP,F4,SPYCF49C93,(QR) 시어서커 체크 롤업 반팔 셔츠,YC,남방,"39,900"
SP,F4,SPYCF49C96,(QR) 체크 긴팔 셔츠,YC,남방,"39,900"
SP,F4,SPYCF49G91,(QR)셔링 슬림핏 셔츠,YC,남방,0
SP,F4,SPYCF49G94,(QR) 여성 오버핏 체크 셔츠,YC,남방,"39,900"
SP,F4,SPYCF49KU9,[키즈] 체크 후드 셔츠,YC,남방,"39,900"
SP,F4,SPYCF4TC55,플란넬 오버핏 체크 셔츠,YC,남방,0
SP,F4,SPYCF4TCS1,플란넬 레귤러핏 체크 셔츠,YC,남방,"39,900"
SP,F4,SPYCF4TCS1,플란넬 레귤러핏 체크 셔츠,YC,남방,0
SP,F4,SPYCF4TKU9,[키즈] 플란넬 후드 셔츠,YC,남방,"39,900"
SP,G2,SPYCG23C03,남성 크롭 체크 셔츠,YC,남방,"39,900"
SP,G2,SPYCG23C04,릴랙스핏 체크 셔츠,YC,남방,"39,900"
SP,G2,SPYCG23G05,여성 오버핏 체크 셔츠,YC,남방,"39,900"
SP,G2,SPYCG25C06,롤업 반팔 체크 셔츠,YC,남방,"39,900"
SP,G2,SPYCG25C06,롤업 반팔 체크 셔츠,YC,남방,0
SP,G2,SPYCG25G51,체크 슬림핏 반팔 셔츠,YC,남방,"39,900"
SP,G3,SPYCG37C01,오버핏 체크 셔츠,YC,남방,"39,900"
SP,G3,SPYCG37C06,롤업 반팔 체크 셔츠 (SPYCG25C06 RE),YC,남방,"39,900"
SP,G3,SPYCG38KU1,[키즈] 썸머 체크 셔츠,YC,남방,"39,900"
SP,G4,SPYCG49C98,긴팔 체크 셔츠,YC,남방,0
SP,G4,SPYCG49C99,체크 셔츠 재킷,YC,남방,0
SP,G4,SPYCG49W01,여성 오버핏 체크 셔츠,YC,남방,"49,900"
SP,G4,SPYCG49W02,여성 슬림핏 체크 셔츠,YC,남방,"39,900"
SP,G4,SPYCG49W02,여성 슬림핏 체크 셔츠,YC,남방,0
SP,G4,SPYCG4TKU1,[키즈] 플란넬 체크셔츠,YC,남방,"39,900"
SP,G4,SPYJG49KU1,[키즈] 데님 긴팔 셔츠,YJ,라운지,"39,900"
SP,E3,SPYSE37M06,스트라이프 반팔셔츠,YS,남방,"39,900"
SP,E3,SPYSE37M06,스트라이프 반팔셔츠,YS,남방,0
SP,E3,SPYSE37W02,여성 스트라이프 반팔셔츠,YS,남방,"39,900"
SP,F2,SPYSF23M05,[시어서커] 스트라이프 셔츠,YS,남방,"39,900"
SP,F2,SPYSF24KU1,[키즈] 쿠디 시어서커 반팔 셔츠,YS,남방,"35,900"
SP,G2,SPYSG23C02,[시어서커] 릴랙스핏 스트라이프 셔츠,YS,남방,"39,900"
SP,G2,SPYSG23G02,[파인코튼] 여성 스트라이프 오버핏 셔츠,YS,남방,"39,900"
SP,G2,SPYSG23KU1,[키즈] 오버핏 스트라이프 셔츠,YS,남방,"39,900"
SP,G2,SPYSG23W02,[파인코튼] 여성 스트라이프 오버핏 셔츠,YS,남방,0
SP,G2,SPYSG23W03,스트라이프 셔츠 셋업,YS,남방,0
SP,G2,SPYSG23W04,버튼 랩 셔츠,YS,남방,"39,900"
SP,G2,SPYSG23W04,버튼 랩 셔츠,YS,남방,0
SP,G4,SPYSG49G02,[파인코튼] 여성 스트라이프 오버핏 셔츠,YS,남방,"39,900"
SP,E4,SPYVE4VA10,[WARMTECH 에브리웨어] 여성 라운드넥 긴팔(10부),YV,라운지,"15,900"
SP,E4,SPYVE4VA10,[WARMTECH 에브리웨어] 여성 라운드넥 긴팔(10부),YV,라운지,0
SP,E4,SPYVE4VA11,여성 플리스 터틀넥 긴팔,YV,라운지,0
SP,E4,SPYVE4VA12,[WARMTECH 에브리웨어] 여성 조거 팬츠,YV,라운지,"15,900"
SP,E4,SPYVE4VKU1,[키즈] (WARMTECH 에브리웨어) 라운드넥 긴팔 티셔츠,YV,라운지,"12,900"
SP,E4,SPYVE4VKU2,[키즈] (WARMTECH 에브리웨어) 조거 팬츠,YV,라운지,"12,900"
SP,EA,SPYVEAVA02,[WARMTECH] 여성 라운드넥 긴팔(9부),YV,라운지,"9,900"
SP,EA,SPYVEAVA03,[WARMTECH] 여성 터틀넥 긴팔(9부),YV,라운지,"9,900"
SP,EA,SPYVEAVA07,[WARMTECH] 여성 유넥 반팔,YV,라운지,"9,900"
SP,EA,SPYVEAVA11,[WARMTECH] 여성 유넥 긴팔(9부),YV,라운지,"9,900"
SP,EA,SPYVEAVA14,[WARMTECH] 여성 레깅스,YV,라운지,"9,900"
SP,F4,SPYVF4VA10,[WARMTECH 에브리웨어] 여성 라운드넥 긴팔,YV,라운지,"19,900"
SP,F4,SPYVF4VA10,[WARMTECH 에브리웨어] 여성 라운드넥 긴팔,YV,라운지,0
SP,F4,SPYVF4VA11,[WARMTECH 에브리웨어] 여성 조거 팬츠,YV,라운지,"19,900"
SP,F4,SPYVF4VA11,[WARMTECH 에브리웨어] 여성 조거 팬츠,YV,라운지,0
SP,F4,SPYVF4VKU1,[키즈] [WARMTECH 에브리웨어] 라운드넥 상하세트,YV,라운지,"25,900"
SP,FA,SPYVFAVA01,[WARMTECH] 여성 유넥 긴팔,YV,라운지,"12,900"
SP,FA,SPYVFAVA02,[WARMTECH] 여성 라운드넥 긴팔,YV,라운지,"12,900"
SP,FA,SPYVFAVA02,[WARMTECH] 여성 라운드넥 긴팔,YV,라운지,0
SP,FA,SPYVFAVA03,[WARMTECH] 여성 터틀넥 긴팔,YV,라운지,"12,900"
SP,FA,SPYVFAVA04,[WARMTECH] 여성 레깅스,YV,라운지,"12,900"
SP,FA,SPYVFAVA05,[WARMTECH] 여성 유넥 반팔,YV,라운지,"12,900"
SP,G1,SPYVG11A90,(QR) [WARMTECH] 울블렌드 여성 터틀넥 긴팔티,YV,라운지,"19,900"
SP,G4,SPYVG4VA11,[WARMTECH 프리미엄] 여성 심리스 레깅스,YV,라운지,0
SP,G4,SPYVG4VA12,[WARMTECH 프리미엄] 여성 심리스 긴팔,YV,라운지,0
SP,G4,SPYVG4VA20,[WARMTECH 에브리웨어] 여성 크루넥,YV,라운지,0
SP,G4,SPYVG4VA21,[WARMTECH 에브리웨어] 여성 조거 팬츠,YV,라운지,0
SP,G4,SPYVG4VA30,[WARMTECH 울블렌드] 여성 터틀넥 긴팔,YV,라운지,0
SP,G4,SPYVG4VA31,[WARMTECH 울블렌드] 여성 라운드넥 긴팔,YV,라운지,0
SP,GA,SPYVGAVA01,[WARMTECH] 여성 유넥 긴팔,YV,라운지,0
SP,GA,SPYVGAVA02,[WARMTECH] 여성 라운드넥 긴팔,YV,라운지,0
SP,GA,SPYVGAVA03,[WARMTECH] 여성 터틀넥 긴팔,YV,라운지,0
SP,GA,SPYVGAVA04,[WARMTECH] 여성 유넥 반팔,YV,라운지,0
SP,GA,SPYVGAVA05,[WARMTECH] 여성 레깅스,YV,라운지,0
SP,E2,SPYWE23C51,오버핏 옥스포드 셔츠,YW,남방,"39,900"
SP,E2,SPYWE23C52,(우디) 오버핏 옥스포드 셔츠,YW,남방,"39,900"
SP,E2,SPYWE23KG2,[키즈] [고밀도코튼] 자수 크롭 셔츠,YW,남방,"35,900"
SP,E2,SPYWE23KU1,[키즈] 쿠디 옥스포드 셔츠,YW,남방,"35,900"
SP,E2,SPYWE23M03,[고밀도코튼] 릴렉스핏 셔츠,YW,남방,"39,900"
SP,E2,SPYWE23M04,[링클프리] 레귤러핏 실키 셔츠,YW,남방,"39,900"
SP,E2,SPYWE23M08,아우터형 셔켓,YW,남방,"49,900"
SP,E2,SPYWE23W02,[고밀도코튼] 크롭 셔츠,YW,남방,"29,900"
SP,E2,SPYWE23W02,[고밀도코튼] 크롭 셔츠,YW,남방,0
SP,E2,SPYWE23W03,[고밀도코튼] 오버핏 셔츠,YW,남방,"29,900"
SP,E2,SPYWE24M05,[링클프리] 반팔셔츠,YW,남방,"39,900"
SP,E2,SPYWE24M06,[고밀도코튼] 반팔셔츠,YW,남방,"39,900"
SP,E2,SPYWE24M07,[COOL] 긴팔셔츠,YW,남방,"49,900"
SP,E2,SPYWE24W04,[링클프리] 오픈카라 반팔셔츠,YW,남방,"29,900"
SP,E2,SPYWE24W05,[고밀도코튼] 오버핏 반팔셔츠,YW,남방,"29,900"
SP,E2,SPYWE24W06,[고밀도코튼] 크롭 반팔셔츠,YW,남방,"29,900"
SP,E2,SPYWE25C41,오버핏 반팔 옥스포드 셔츠,YW,남방,"35,900"
SP,E2,SPYWE25C51,(우디) 오버핏 반팔 옥스포드 셔츠,YW,남방,"35,900"
SP,E2,SPYWE25M09,크링클 반팔셔츠,YW,남방,"49,900"
SP,E2,SPYWE25M10,카라넥 풀오버 반팔셔츠,YW,남방,"39,900"
SP,E2,SPYWE25M11,린넨 긴팔셔츠,YW,남방,"39,900"
SP,E2,SPYWE25M51,[링클프리] 릴렉스핏 반팔 옥스포드 셔츠,YW,남방,"29,900"
SP,E2,SPYWE25W07,핀턱 크롭 반팔셔츠,YW,남방,"39,900"
SP,E2,SPYWE25W08,[시어서커] 크롭 반팔셔츠,YW,남방,"39,900"
SP,E2,SPYWE25W09,[린넨라이크] 오픈카라 반팔셔츠,YW,남방,"39,900"
SP,E2,SPYWE25W10,시스루 오버핏 긴팔셔츠,YW,남방,"39,900"
SP,E2,SPYWE25W11,시스루 크롭 긴팔셔츠,YW,남방,"39,900"
SP,E2,SPYWE25W12,[린넨라이크] 긴팔셔츠,YW,남방,"39,900"
SP,E3,SPYWE37M01,스트링 폴로 반팔셔츠,YW,남방,"49,900"
SP,E3,SPYWE37M02,화섬 반팔셔츠,YW,남방,"49,900"
SP,E3,SPYWE37M03,하와이안 오픈카라 반팔셔츠,YW,남방,"49,900"
SP,E3,SPYWE37W01,화섬 크롭 반팔셔츠,YW,남방,"39,900"
SP,E3,SPYWE37W05,여성 화섬 오버핏 반팔셔츠,YW,남방,"35,900"
SP,E3,SPYWE37W10,시스루 오버핏 긴팔셔츠 (SPYWE25W10 RE),YW,남방,"39,900"
SP,E3,SPYWE38M05,화섬 긴팔셔츠,YW,남방,"49,900"
SP,E3,SPYWE38M07,가먼트다잉 긴팔셔츠,YW,남방,0
SP,E3,SPYWE38M09,라이트 긴팔셔츠 (나일론),YW,남방,"49,900"
SP,E3,SPYWE38M10,라이트 반팔셔츠 (나일론),YW,남방,"39,900"
SP,E3,SPYWE38M10,라이트 반팔셔츠 (나일론),YW,남방,0
SP,E3,SPYWE38W03,여성 화섬 긴팔셔츠,YW,남방,"39,900"
SP,E4,SPYWE49C51,[링클프리] 오버핏 옥스포드 셔츠,YW,남방,"35,900"
SP,E4,SPYWE49C52,(우디) 오버핏 옥스포드 셔츠,YW,남방,"35,900"
SP,E4,SPYWE49G80,(우디) 시어서커 반팔 셔츠,YW,남방,"39,900"
SP,E4,SPYWE49KG2,[키즈] [고밀도코튼] 쿠디 크롭 셔츠,YW,남방,"35,900"
SP,E4,SPYWE49KU1,[키즈] 쿠디 옥스포드 셔츠,YW,남방,"35,900"
SP,E4,SPYWE49M01,[고밀도코튼] 오버핏 셔츠 (바이오워싱),YW,남방,"35,900"
SP,E4,SPYWE49M07,가먼트다잉 긴팔 셔츠,YW,남방,"39,900"
SP,E4,SPYWE49W01,[고밀도코튼] 여성 오버핏 셔츠,YW,남방,"29,900"
SP,E4,SPYWE49W01,[고밀도코튼] 여성 오버핏 셔츠,YW,남방,0
SP,E4,SPYWE49W02,[고밀도코튼] 크롭 셔츠,YW,남방,"29,900"
SP,E4,SPYWE49W02,[고밀도코튼] 크롭 셔츠,YW,남방,0
SP,E4,SPYWE49W91,슬림핏 셔츠,YW,남방,"35,900"
SP,E4,SPYWE4TC04,오버핏 플란넬 체크 셔츠,YW,남방,"39,900"
SP,E4,SPYWE4TG04,플란넬 체크셔츠,YW,남방,"39,900"
SP,E4,SPYWE4TM02,오버핏 코듀로이 셔츠,YW,남방,"39,900"
SP,E4,SPYWE4TW04,플란넬 체크셔츠,YW,남방,0
SP,E4,SPYWE4TW05,코듀로이 셔츠,YW,남방,"39,900"
SP,E4,SPYWE4TW06,울피치 블라우스,YW,남방,0
SP,E4,SPYWE4VKU9,[키즈] 플란넬 체크셔츠,YW,남방,"39,900"
SP,E4,SPYWE4VM05,오버핏 플란넬 셔츠,YW,남방,"39,900"
SP,E4,SPYWE4VM05,오버핏 플란넬 셔츠,YW,남방,0
SP,EA,SPYWEA9M51,[링클프리] 릴렉스핏 옥스포드 셔츠,YW,남방,"39,900"
SP,EA,SPYWEA9M70,패럴림픽 심판복 셔츠 (남성),YW,남방,"25,900"
SP,EA,SPYWEA9W70,패럴림픽 심판복 셔츠 (여성),YW,남방,"25,900"
SP,F1,SPYWF11C55,오버핏 플란넬 체크셔츠,YW,남방,"39,900"
SP,F2,SPYWF23C51,[링클프리] 옥스포드 오버핏 셔츠,YW,남방,"35,900"
SP,F2,SPYWF23C52,(우디) 옥스포드 오버핏 셔츠,YW,남방,"35,900"
SP,F2,SPYWF23C52,(우디) 옥스포드 오버핏 셔츠,YW,남방,0
SP,F2,SPYWF23C61,오버핏 체크 셔츠,YW,남방,"39,900"
SP,F2,SPYWF23C71,(우디) 체크셔츠,YW,남방,"49,900"
SP,F2,SPYWF23G51,체크 셔츠,YW,남방,"39,900"
SP,F2,SPYWF23KG1,[키즈] [고밀도코튼] 쿠디 크롭 셔츠,YW,남방,"29,900"
SP,F2,SPYWF23KU1,[키즈] 쿠디 옥스포드 셔츠,YW,남방,"29,900"
SP,F2,SPYWF23M01,[고밀도코튼] 오버핏 셔츠 (바이오워싱),YW,남방,"35,900"
SP,F2,SPYWF23M02,라이트 오버핏 셔츠 (나일론),YW,남방,"49,900"
SP,F2,SPYWF23M04,워시드 오버핏 셔츠,YW,남방,"49,900"
SP,F2,SPYWF23W03,[고밀도코튼] 여성 오버핏 셔츠 (바이오워싱),YW,남방,"29,900"
SP,F2,SPYWF23W04,[고밀도코튼] 크롭 셔츠 (바이오워싱),YW,남방,"29,900"
SP,F2,SPYWF23W05,오픈카라 셔츠재킷,YW,남방,0
SP,F2,SPYWF23W22,[링클프리] 슬림핏 셔츠,YW,남방,"39,900"
SP,F2,SPYWF23W32,시어서커 스트라이프 셔츠,YW,남방,0
SP,F2,SPYWF24M06,[고밀도코튼] 반팔 셔츠 (바이오워싱),YW,남방,"29,900"
SP,F2,SPYWF24M07,[링클프리] 실키 반팔 셔츠,YW,남방,"29,900"
SP,F2,SPYWF24M08,린넨 긴팔 셔츠,YW,남방,"29,900"
SP,F2,SPYWF24W02,[링클프리] 반팔 셔츠,YW,남방,"29,900"
SP,F2,SPYWF24W03,[링클프리] 반오픈 반팔 셔츠,YW,남방,"39,900"
SP,F2,SPYWF24W05,[고밀도코튼] 여성 오버핏 반팔 셔츠 (바이오워싱),YW,남방,"29,900"
SP,F2,SPYWF24W06,[고밀도코튼] 크롭 반팔 셔츠 (바이오워싱),YW,남방,"29,900"
SP,F2,SPYWF25C51,[링클프리] 옥스포드 오버핏 반팔 셔츠,YW,남방,"35,900"
SP,F2,SPYWF25C52,(우디) 옥스퍼드 오버핏 반팔 셔츠,YW,남방,"35,900"
SP,F2,SPYWF25M09,워시드 반팔 셔츠,YW,남방,"39,900"
SP,F2,SPYWF25M11,크링클 반오픈 반팔 셔츠,YW,남방,"39,900"
SP,F2,SPYWF25M12,[COOL] 릴렉스 반팔 셔츠,YW,남방,"39,900"
SP,F2,SPYWF25M12,[COOL] 릴렉스 반팔 셔츠,YW,남방,0
SP,F2,SPYWF25W06,박스핏 블라우스,YW,남방,"39,900"
SP,F2,SPYWF25W15,시어서커 반팔 셔츠,YW,남방,0
SP,F2,SPYWF26G51,(우디) 시어서커 반팔 셔츠,YW,남방,"39,900"
SP,F3,SPYWF37C51,체크 반팔 셔츠,YW,남방,"39,900"
SP,F3,SPYWF37C52,체크 긴팔 셔츠,YW,남방,"39,900"
SP,F3,SPYWF37G91,셔링 슬림핏 셔츠,YW,남방,"39,900"
SP,F3,SPYWF37M13,시어서커 레귤러핏 반팔 셔츠,YW,남방,"39,900"
SP,F3,SPYWF37M14,시어서커 오버핏 반팔 셔츠,YW,남방,0
SP,F3,SPYWF37M15,라이트 반팔 셔츠 (레이온),YW,남방,"39,900"
SP,F3,SPYWF37W04,라이트 시스루 긴팔 셔츠,YW,남방,"39,900"
SP,F3,SPYWF37W05,시어서커 스트라이프 반팔 셔츠,YW,남방,0
SP,F3,SPYWF37W06,오픈칼라 셔츠 (레이온),YW,남방,"39,900"
SP,F3,SPYWF37W14,시스루 긴팔 셔츠,YW,남방,"39,900"
SP,F3,SPYWF37W15,시어서커 반팔 셔츠,YW,남방,"39,900"
SP,F4,SPYWF49C51,옥스포드 오버핏 셔츠,YW,남방,"39,900"
SP,F4,SPYWF49C52,(우디) 옥스포드 오버핏 셔츠,YW,남방,"39,900"
SP,F4,SPYWF49C52,(우디) 옥스포드 오버핏 셔츠,YW,남방,0
SP,F4,SPYWF49M01,[고밀도코튼] 스트라이프 오버핏 셔츠 (바이오워싱),YW,남방,"39,900"
SP,F4,SPYWF49M01,[고밀도코튼] 스트라이프 오버핏 셔츠 (바이오워싱),YW,남방,0
SP,F4,SPYWF49M94,남성 시스루 긴팔 셔츠,YW,남방,"39,900"
SP,F4,SPYWF49W11,[고밀도코튼] 여성 오버핏 셔츠 (바이오워싱),YW,남방,"29,900"
SP,F4,SPYWF49W11,[고밀도코튼] 여성 오버핏 셔츠 (바이오워싱),YW,남방,0
SP,F4,SPYWF49W12,[고밀도코튼] 반오픈 셔츠 (바이오워싱),YW,남방,"39,900"
SP,F4,SPYWF49W13,슬림핏 셔츠,YW,남방,"39,900"
SP,F4,SPYWF49W13,슬림핏 셔츠,YW,남방,0
SP,F4,SPYWF4TM01,플란넬 오버핏 셔츠,YW,남방,0
SP,F4,SPYWF4TM02,코듀로이 오버핏 셔츠,YW,남방,"49,900"
SP,FA,SPYWFA9M01,[파인코튼] 레귤러핏 셔츠,YW,남방,"39,900"
SP,FA,SPYWFA9M02,[파인코튼] 레귤러핏 반팔 셔츠,YW,남방,"39,900"
SP,FA,SPYWFA9M03,[린넨100] 레귤러핏 셔츠,YW,남방,"39,900"
SP,FA,SPYWFA9M04,린넨 오버핏 셔츠,YW,남방,"39,900"
SP,FA,SPYWFA9M05,린넨 오버핏 반팔 셔츠,YW,남방,"39,900"
SP,FA,SPYWFA9M51,[링클프리] 옥스포드 레귤러핏 셔츠,YW,남방,"29,900"
SP,FA,SPYWFA9W01,[린넨100] 스키퍼칼라 셔츠,YW,남방,"39,900"
SP,FA,SPYWFA9W02,린넨 반오픈 셔츠,YW,남방,"39,900"
SP,G2,SPYWG23C01,[파인코튼] 릴랙스핏 셔츠,YW,남방,"39,900"
SP,G2,SPYWG23C51,오버핏 옥스포드 셔츠,YW,남방,"39,900"
SP,G2,SPYWG23C51,오버핏 옥스포드 셔츠,YW,남방,0
SP,G2,SPYWG23CY2,(우디) 오버핏 옥스포드 셔츠,YW,남방,"39,900"
SP,G2,SPYWG23W03,슬림핏 셔츠,YW,남방,"39,900"
SP,G2,SPYWG23W04,[파인코튼] 여성 오버핏 셔츠,YW,남방,0
SP,G2,SPYWG25C01,오버핏 반팔 셔츠,YW,남방,"39,900"
SP,G2,SPYWG25C01,오버핏 반팔 셔츠,YW,남방,0
SP,G2,SPYWG25C05,[시티웨어] 오버핏 반팔 셔츠,YW,남방,"39,900"
SP,G2,SPYWG25CY2,(우디) 오버핏 반팔 옥스포드 셔츠,YW,남방,"39,900"
SP,G2,SPYWG25CY2,(우디) 오버핏 반팔 옥스포드 셔츠,YW,남방,0
SP,G2,SPYWG25G01,여성 세미 오버핏 반팔 셔츠,YW,남방,"35,900"
SP,G2,SPYWG25G01,여성 세미 오버핏 반팔 셔츠,YW,남방,0
SP,G2,SPYWG25KU1,[키즈] 썸머 오버핏 셔츠,YW,남방,"39,900"
SP,G2,SPYWG25M03,[프리미엄] 릴랙스핏 셔츠 (리넨 100%),YW,남방,"39,900"
SP,G2,SPYWG25M03,[프리미엄] 릴랙스핏 셔츠 (리넨 100%),YW,남방,0
SP,G2,SPYWG25M04,[리넨블렌드] 오버핏 반팔 셔츠,YW,남방,"39,900"
SP,G2,SPYWG25M04,[리넨블렌드] 오버핏 반팔 셔츠,YW,남방,0
SP,G2,SPYWG25W02,[프리미엄] 여성 긴팔 셔츠 (리넨 100%),YW,남방,"39,900"
SP,G2,SPYWG25W02,[프리미엄] 여성 긴팔 셔츠 (리넨 100%),YW,남방,0
SP,G2,SPYWG25W03,[리넨블렌드] 반오픈 반팔 셔츠,YW,남방,"39,900"
SP,G2,SPYWG25W03,[리넨블렌드] 반오픈 반팔 셔츠,YW,남방,0
SP,G2,SPYWG25W04,오픈칼라 반팔 셔츠,YW,남방,"39,900"
SP,G2,SPYWG25W51,[링클프리] 반팔 셔츠,YW,남방,"39,900"
SP,G2,SPYWG26C12,오버핏 시스루 긴팔 셔츠,YW,남방,"39,900"
SP,G3,SPYWG37C05,[시티웨어] 오버핏 반팔 셔츠 (SPYWG25C05 RE),YW,남방,"39,900"
SP,G3,SPYWG37C55,오버핏 반팔 옥스포드 셔츠,YW,남방,"39,900"
SP,G3,SPYWG37W01,시스루 셔츠,YW,남방,"39,900"
SP,G3,SPYWG37W01,시스루 셔츠,YW,남방,0
SP,G3,SPYWG38M12,크링클 반팔 셔츠재킷 (SPYWG25M12 RE),YW,남방,"39,900"
SP,G3,SPYWG38M80,(QR) 릴렉스 반팔 셔츠 재킷,YW,남방,"49,900"
SP,G3,SPYWG38M81,(QR) 시어서커 반팔 셔츠 재킷,YW,남방,"49,900"
SP,G4,SPYWG49C01,[파인코튼] 오버핏 셔츠,YW,남방,"39,900"
SP,G4,SPYWG49C51,오버핏 옥스포드 셔츠,YW,남방,"39,900"
SP,G4,SPYWG49C52,[우디] 오버핏 옥스포드 셔츠,YW,남방,"39,900"
SP,G4,SPYWG4TC02,오버핏 플란넬 셔츠,YW,남방,"39,900"
SP,G4,SPYWG4TC55,오버핏 코듀로이 셔츠,YW,남방,"49,900"
SP,G4,SPYWG4TCS1,레귤러핏 플란넬 셔츠,YW,남방,"39,900"
SP,GA,SPYWGA9G01,[고밀도코튼] 여성 오버핏 셔츠 (바이오워싱),YW,남방,"35,900"
SP,GA,SPYWGA9KU1,[키즈] 레귤러핏 옥스포드 셔츠,YW,남방,"29,900"
SP,GA,SPYWGA9M01,레귤러핏 옥스포드 셔츠,YW,남방,"39,900"
SP,GA,SPYWGA9W01,[링클프리] 여성 레귤러핏 셔츠,YW,남방,"35,900"
WH,G1,WHBLG1181F,Slim-fit Blouse,BL,남방,"69,900"
WH,G2,WHBLG2521F,Dobby Shiring Blouse,BL,남방,"49,900"
WH,G2,WHBLG2531F,Check Patterned Blouse,BL,남방,"59,900"
WH,G2,WHBLG2532F,Denim Blouse,BL,남방,"59,900"
WH,G2,WHBLG2541F,Dobby Check Blouse,BL,남방,"49,900"
WH,G2,WHBLG2542F,Dobby Sleeveless Blouse,BL,남방,"49,900"
WH,G2,WHBLG2571F,Shiring Blouse,BL,남방,"59,900"
WH,G3,WHBLG3831F,Slim Fit Check Blouse,BL,남방,"59,900"
WH,G3,WHBLG3832F,Slim Fit Pintuck Blouse,BL,남방,"59,900"
WH,G3,WHBLG3833F,Frill Blouse,BL,남방,"59,900"
WH,G4,WHBLG4991F,Slim Fit Check Blouse,BL,남방,0
WH,E2,WHCKE2401F,Steve Round neck Short Sleeve Cardigan,CK,스웨터,"49,900"
WH,E4,WHCKE4901F,Steve Cable Cardigan,CK,스웨터,"59,900"
WH,E4,WHCKE4911U,Steve V-neck Cardigan,CK,스웨터,"49,900"
WH,E4,WHCKE4912U,Steve V-neck Cardigan,CK,스웨터,"49,900"
WH,E4,WHCKE4991F,Steve Color Cable Cardigan,CK,스웨터,"59,900"
WH,E2,WHHAE2491U,Big Steve Collar T-Shirt[B],HA,니트,"39,900"
WH,E2,WHHAE2591F,Surf Bear Basic Collar T-shirt,HA,니트,"39,900"
WH,F2,WHHAF2411F,Steve Crop Collar T-Shirt,HA,니트,"39,900"
WH,F2,WHHAF2411U,Steve Collar T-Shirt,HA,니트,"39,900"
WH,F2,WHHAF2421U,Steve Colorblock Collar T-Shirt,HA,니트,"49,900"
WH,F2,WHHAF2451F,Steve Ribbed Collar T-Shirt,HA,니트,"29,900"
WH,F2,WHHAF2451U,(2PACK)Steve PQ Collar T-shirt,HA,니트,"69,900"
WH,F2,WHHAF2491U,USA Patch Stripe Collar T-shirt,HA,니트,"49,900"
WH,F2,WHHAF2521U,Steve PQ Collar T-Shirt,HA,니트,"39,900"
WH,F2,WHHAF2531U,PQ Dyed Collar T-Shirt,HA,니트,"49,900"
WH,F2,WHHAF2591F,Collar Cardi T-shirt,HA,니트,"39,900"
WH,F2,WHHAF2592F,Embroidery Basic Collar T-shirt(F),HA,니트,"39,900"
WH,G2,WHHAG2411F,Steve Crop Collar T-Shirt,HA,니트,"39,900"
WH,G2,WHHAG2411U,Steve Collar T-Shirt,HA,니트,"39,900"
WH,G2,WHHAG2421U,Steve Colorblock Collar T-Shirt,HA,니트,"49,900"
WH,G2,WHHAG2521U,USA Surf Bear PQ Collar T-Shirt,HA,니트,"39,900"
WH,G2,WHHAG2551F,Eyelet Jacquard T-Shirt,HA,니트,"49,900"
WH,G2,WHHAG2571U,Stripe Collar T-Shirt,HA,니트,"49,900"
WH,E4,WHJDE4V37U,Goose Down Jumper,JD,점퍼,"159,000"
WH,E4,WHJDE4V56F,pocket duck down jumper(butter),JD,점퍼,"159,000"
WH,F4,WHJDF4T95U,Light Hooded Down Jacket,JD,점퍼,"99,900"
WH,F4,WHJDF4T95U,Light Hooded Down Jacket,JD,점퍼,0
WH,F4,WHJDF4V31U,Hooded Down Jacket,JD,점퍼,"159,000"
WH,G1,WHJDG1291U,Hooded Down Jacket(U),JD,점퍼,"159,000"
WH,G4,WHJDG4V22U,Hooded Down Jumper(U),JD,점퍼,0
WH,F4,WHJEF4993U,Denim Trucker Jacket,JE,점퍼,"89,900"
WH,G2,WHJEG2232U,Varsity Denim Jacket,JE,점퍼,"99,900"
WH,E1,WHJJE1201F,Steve Quilting Jacket,JJ,점퍼,"79,900"
WH,E2,WHJJE2412F,Hood Windbreaker(F),JJ,점퍼,"59,900"
WH,E2,WHJJE2531U,Lightweight Windbreaker,JJ,점퍼,"69,900"
WH,E2,WHJJE2533F,Lightweight Windbreaker(F),JJ,점퍼,"69,900"
WH,E2,WHJJE2594U,Steve Packable Windbreaker,JJ,점퍼,"59,900"
WH,E2,WHJJE2596U,Curve line Windbreaker,JJ,점퍼,0
WH,E4,WHJJE4911U,Hood Quilting Jumper,JJ,점퍼,"99,900"
WH,E4,WHJJE4913F,Steve Quilting Jacket,JJ,점퍼,"79,900"
WH,E4,WHJJE4932U,Hunting  Jacket,JJ,점퍼,"99,900"
WH,E4,WHJJE4T14U,Reversible Dumble Jumper,JJ,점퍼,"99,900"
WH,E4,WHJJE4T15U,Hood Varsity  Jumper,JJ,점퍼,"99,900"
WH,E4,WHJJE4T17F,Reversible Dumble Jumper(F),JJ,점퍼,"89,900"
WH,E4,WHJJE4T36U,Varsity Jacket,JJ,점퍼,"129,000"
WH,F1,WHJJF1202F,Steve Quilting Jacket,JJ,점퍼,"79,900"
WH,F1,WHJJF1292U,Reversible Warm-Up Jacket,JJ,점퍼,0
WH,F2,WHJJF2292U,Reversible Warm-Up Jacket,JJ,점퍼,"99,900"
WH,F2,WHJJF2313F,Hood Windbreaker(F),JJ,점퍼,"59,900"
WH,F2,WHJJF2357U,Steve hood Windbreaker,JJ,점퍼,"79,900"
WH,F2,WHJJF2508U,Steve Packable Windbreaker,JJ,점퍼,"59,900"
WH,F2,WHJJF2534F,Lightweight Windbreaker(F),JJ,점퍼,"69,900"
WH,F2,WHJJF2539U,Patch Windbreaker,JJ,점퍼,"69,900"
WH,F4,WHJJF4881F,Check Windbreaker(F),JJ,점퍼,"69,900"
WH,F4,WHJJF4911F,Steve Quilting Jacket,JJ,점퍼,"79,900"
WH,F4,WHJJF4911F,Steve Quilting Jacket,JJ,점퍼,0
WH,F4,WHJJF4911U,Hood Quilting Jumper,JJ,점퍼,"99,900"
WH,F4,WHJJF4934U,Reversible Field Jacket,JJ,점퍼,"109,000"
WH,F4,WHJJF4992U,Hunting  Jacket,JJ,점퍼,"99,900"
WH,F4,WHJJF4T13U,Reversible Warm-Up Jacket,JJ,점퍼,"99,900"
WH,F4,WHJJF4T15F,Reversible Dumble Jumper(F),JJ,점퍼,"89,900"
WH,F4,WHJJF4T98F,Corduroy Hooded Jacket,JJ,점퍼,0
WH,F4,WHJJF4T99F,Steve Fleece Cardigan,JJ,점퍼,"59,900"
WH,G1,WHJJG1112F,Steve Reversible Quilting Jacket,JJ,점퍼,"79,900"
WH,G1,WHJJG1121U,USA Reversible Warm-Up Jacket,JJ,점퍼,"99,900"
WH,G2,WHJJG2221U,Hood Varsity Coach Jacket,JJ,점퍼,"89,900"
WH,G2,WHJJG2233F,Loose Fit Hooded Jacket,JJ,점퍼,"79,900"
WH,G2,WHJJG2312F,Hood Windbreaker,JJ,점퍼,"59,900"
WH,G2,WHJJG2321U,Highneck Windbreaker,JJ,점퍼,"69,900"
WH,G2,WHJJG2333F,Half Work Jacket,JJ,점퍼,"79,900"
WH,G2,WHJJG2355U,Steve Hood Windbreaker[B],JJ,점퍼,"79,900"
WH,G2,WHJJG2364F,Eyelet Zip-up Jacket,JJ,점퍼,"69,900"
WH,G2,WHJJG2411U,Steve Packable Windbreaker,JJ,점퍼,"59,900"
WH,G2,WHJJG2521F,Lightweight Windbreaker(F),JJ,점퍼,"59,900"
WH,G3,WHJJG3711U,Steve Packable Windbreaker,JJ,점퍼,"59,900"
WH,G4,WHJJG4821U,Color Block Windbreaker,JJ,점퍼,"79,900"
WH,G4,WHJJG4822F,Hooded Crop Windbreaker,JJ,점퍼,"69,900"
WH,G4,WHJJG4851U,Steve Color Block Windbreaker,JJ,점퍼,"79,900"
WH,G4,WHJJG4923U,USA Warm-Up Jacket,JJ,점퍼,"99,900"
WH,G4,WHJJG4924F,Collar Quilting Jacket,JJ,점퍼,"79,900"
WH,G4,WHJJG4954F,Steve Collar Quilting Jacket[B],JJ,점퍼,"79,900"
WH,G4,WHJJG4993U,Hooded Windbreaker,JJ,점퍼,0
WH,G4,WHJJG4994U,Patch Pocket Cotton Blouson,JJ,점퍼,0
WH,G4,WHJJG4T11F,Reversible Dumble Jumper,JJ,점퍼,0
WH,G4,WHJJG4T21U,Dumble Fleece Jacket(U),JJ,점퍼,0
WH,G4,WHJJG4T22U,Dumble Patterned Jacket(U),JJ,점퍼,0
WH,G4,WHJJG4T51F,Reversible Dumble Jumper[B],JJ,점퍼,0
WH,G4,WHJJG4T51U,Dumble Fleece Jacket(C),JJ,점퍼,0
WH,GB,WHJJGB711U,Steve Packable Windbreaker,JJ,점퍼,"59,900"
WH,GB,WHJJGB851U,Steve Color Block Windbreaker,JJ,점퍼,"79,900"
WH,GB,WHJJGB923U,USA Warm-Up Jacket,JJ,점퍼,"99,900"
WH,GB,WHJJGB955F,Steve Quilting Jacket,JJ,점퍼,"79,900"
WH,E1,WHJKE1191F,Hunting Jacket(F),JK,점퍼,"99,900"
WH,E1,WHJKE1231U,Steve Harrington Jacket,JK,점퍼,"79,900"
WH,E2,WHJKE2311U,Varsity Jacket,JK,점퍼,"79,900"
WH,E2,WHJKE2313F,Varsity Jacket(F),JK,점퍼,"79,900"
WH,E2,WHJKE2332U,Cotton Hooded Jacket,JK,점퍼,"79,900"
WH,E2,WHJKE2431U,Mountain Jacket,JK,점퍼,"99,900"
WH,E2,WHJKE2452M,Work Shirts Jacket,JK,점퍼,"79,900"
WH,E2,WHJKE2551M,Jungle Fatigue Shirts Jacket,JK,점퍼,0
WH,E4,WHJKE4991U,Garment Dyed Work Jacket,JK,점퍼,"79,900"
WH,F2,WHJKF2231F,Blouson Jacket(F),JK,점퍼,"79,900"
WH,F2,WHJKF2292U,Garment Dyed Work Jacket,JK,점퍼,"79,900"
WH,F2,WHJKF2293U,Denim Hoodie Zip-up,JK,점퍼,"79,900"
WH,F2,WHJKF2314U,Hood Varsity Jumper,JK,점퍼,"89,900"
WH,F2,WHJKF2315U,Patch Varsity Jacket,JK,점퍼,"89,900"
WH,F2,WHJKF2336U,Cotton Hooded Jacket,JK,점퍼,"89,900"
WH,F2,WHJKF2353U,Denim Varsity Jacket,JK,점퍼,"99,900"
WH,F4,WHJKF4991U,Steve Harrington Jacket,JK,점퍼,"79,900"
WH,F4,WHJKF4V91F,Suede Jacket,JK,점퍼,"79,900"
WH,G2,WHJKG2291F,Blouson Jacket(F),JK,점퍼,"89,900"
WH,G2,WHJKG2493F,Synthetic Leather Jacket,JK,점퍼,"89,900"
WH,G4,WHJKG4921F,Synthetic Suede Jacket,JK,점퍼,"89,900"
WH,G4,WHJKG4923M,Hunting Jacket,JK,점퍼,"99,900"
WH,G4,WHJKG4932F,Synthetic Suede Half Jacket,JK,점퍼,"89,900"
WH,G4,WHJKG4991M,Field Jacket,JK,점퍼,0
WH,GB,WHJKGB923M,Hunting Jacket,JK,점퍼,0
WH,E1,WHJPE1193U,Light Padded Jacket,JP,점퍼,"69,900"
WH,E4,WHJPE4911U,Light Padded Jacket,JP,점퍼,"69,900"
WH,E4,WHJPE4V12U,Reversible Puffer Padding (steve),JP,점퍼,"99,900"
WH,E4,WHJPE4V13U,UNI Toggle Padding,JP,점퍼,"129,000"
WH,E4,WHJPE4V14F,Steve Corduroy Padding,JP,점퍼,"99,900"
WH,E4,WHJPE4V15F,High Neck Short Puffer Padding,JP,점퍼,"99,900"
WH,E4,WHJPE4V38U,Long Padding,JP,점퍼,"129,000"
WH,E4,WHJPE4V39U,Steve Puffer Padding[B],JP,점퍼,"89,900"
WH,F1,WHJPF1191U,Light Padded Jacket,JP,점퍼,"69,900"
WH,F4,WHJPF4911U,Light Padded Jacket,JP,점퍼,"69,900"
WH,F4,WHJPF4912F,Detachable Collar Quilted Jacket(F),JP,점퍼,"99,900"
WH,F4,WHJPF4933M,Detachable Collar Quilted Jacket(M),JP,점퍼,"99,900"
WH,F4,WHJPF4935U,Washed Padding,JP,점퍼,"109,000"
WH,F4,WHJPF4T14U,Reversible Dumble Jumper,JP,점퍼,"99,900"
WH,F4,WHJPF4T33U,Hood Varsity  Jumper,JP,점퍼,"99,900"
WH,F4,WHJPF4T96U,Light Hooded Reversible Jacket,JP,점퍼,"99,900"
WH,F4,WHJPF4V14F,Steve Corduroy Padding,JP,점퍼,"99,900"
WH,F4,WHJPF4V15F,Short Puffer Padding,JP,점퍼,"99,900"
WH,F4,WHJPF4V15U,Reversible Puffer Padding (steve),JP,점퍼,"99,900"
WH,F4,WHJPF4V16F,Denim Puffer Padding,JP,점퍼,"129,000"
WH,F4,WHJPF4V16U,Toggle Long Padding,JP,점퍼,"129,000"
WH,F4,WHJPF4V37U,Long Fishtail Parka,JP,점퍼,"129,000"
WH,F4,WHJPF4V38U,Long Padding,JP,점퍼,"129,000"
WH,F4,WHJPF4V56U,Toggle Padding,JP,점퍼,"129,000"
WH,F4,WHJPF4V91U,Light Hooded Jacket,JP,점퍼,"79,900"
WH,G1,WHJPG1191F,Light Hooded Jacket(F),JP,점퍼,"79,900"
WH,G1,WHJPG1192U,Light Hooded Jacket(U),JP,점퍼,"79,900"
WH,G2,WHJPG2123F,Padding Work Jacket,JP,점퍼,"89,900"
WH,G4,WHJPG4921F,Light Padded jacket(F),JP,점퍼,"79,900"
WH,G4,WHJPG4922U,Light Padded jacket(U),JP,점퍼,"79,900"
WH,G4,WHJPG4933U,Sheer Nylon Padded jacket,JP,점퍼,"99,900"
WH,G4,WHJPG4952U,Steve Light Padded jacket[B],JP,점퍼,"79,900"
WH,G4,WHJPG4T27F,N2B Padded Jumper,JP,점퍼,0
WH,G4,WHJPG4T38U,N2B Padded Jumper(U),JP,점퍼,0
WH,G4,WHJPG4V11U,USA Reversible Puffer Padding(U),JP,점퍼,0
WH,G4,WHJPG4V13F,Steve Corduroy Padding,JP,점퍼,0
WH,G4,WHJPG4V24F,Short Puffer Padding,JP,점퍼,0
WH,G4,WHJPG4V35F,Matt Short Puffer Padding,JP,점퍼,0
WH,G4,WHJPG4V36F,Hooded down Jumper (F),JP,점퍼,0
WH,G4,WHJPG4V51U,Long Padding(U),JP,점퍼,0
WH,G4,WHJPG4V52U,Steve Long Padding(U)[B],JP,점퍼,0
WH,G4,WHJPG4V53U,Steve Reversible Puffer Padding(U)[B],JP,점퍼,0
WH,GB,WHJPGB952U,Steve Light Padded jacket[B],JP,점퍼,0
WH,GB,WHJPGBT27F,N2B Padded Jumper,JP,점퍼,0
WH,E4,WHJWE4T11F,Wool Duffle  Coat,JW,점퍼,"129,000"
WH,F4,WHJWF4T11F,Half Duffle Coat,JW,점퍼,"129,000"
WH,G4,WHJWG4T22F,Reversible Shearling Coat,JW,점퍼,0
WH,G4,WHJWG4T24F,Synthetic Fur Duffle Short Coat,JW,점퍼,0
WH,E2,WHKAE2402F,Steve V-neck Short Sleeve Sweater,KA,스웨터,"39,900"
WH,E2,WHKAE2411F,Steve Collar Cable Short Sleeve Sweater,KA,스웨터,"49,900"
WH,E2,WHKAE2514F,Steve Collar Cable Stripe Sweater,KA,스웨터,"49,900"
WH,E2,WHKAE2671F,Mesh Punching Sweater,KA,스웨터,"49,900"
WH,E4,WHKAE4911U,Steve Cable Sweater (U),KA,스웨터,"59,900"
WH,E4,WHKAE4912F,Steve Cable V-Neck Pull over,KA,스웨터,"49,900"
WH,E4,WHKVE4931U,Steve Cable Vest (U),KV,스웨터,"49,900"
WH,E2,WHLAE2322U,Steve Pocket Long Sleeve T-shirt,LA,니트,"39,900"
WH,E2,WHLAE2328F,Ribbed Long Sleeve T-shirt,LA,니트,"29,900"
WH,E2,WHLAE2335F,Track Long Sleeve T-shirt,LA,니트,"39,900"
WH,E2,WHLAE2393U,California Letter Long Sleeve T-shirt,LA,니트,"39,900"
WH,E2,WHLAE2537F,Mesh Printing T-Shirt,LA,니트,0
WH,E3,WHLAE3811U,Surf Bear Basic Long Sleeve T-shirt,LA,니트,"29,900"
WH,E3,WHLAE3821F,Ribbed Long Sleeve T-shirt,LA,니트,"29,900"
WH,E3,WHLAE3822F,Lettering Print Long Sleeve T-shirt,LA,니트,"29,900"
WH,E3,WHLAE3823F,Steve Ribbed Long Sleeve T-shirt[B],LA,니트,"29,900"
WH,E3,WHLAE3894U,Collar Track Long Sleeve T-Shirt,LA,니트,"39,900"
WH,E4,WHLAE4991F,Ribbed Henry Neck Long Sleeve T-shirt,LA,니트,"29,900"
WH,E4,WHLAE4T11F,Steve Turtleneck T-shirt [B],LA,니트,"29,900"
WH,F2,WHLAF2321F,Ribbed Long Sleeve T-shirt,LA,니트,"29,900"
WH,F2,WHLAF2321U,Steve Long Sleeve T-shirt,LA,니트,"29,900"
WH,F2,WHLAF2331F,Ribbed Long Sleeve T-shirt(Frill),LA,니트,"29,900"
WH,F2,WHLAF2332F,Ribbed Long Sleeve Cardigan(Frill),LA,니트,"39,900"
WH,F2,WHLAF2351F,Steve Ribbed Long Sleeve T-shirt[B],LA,니트,0
WH,F2,WHLAF2491U,Patch Long Sleeve T-shirt,LA,니트,"39,900"
WH,F3,WHLAF3731F,Hooded Line T-shirt,LA,니트,"39,900"
WH,F3,WHLAF3821F,Ribbed Long Sleeve T-shirt,LA,니트,"29,900"
WH,F3,WHLAF3821U,Campus Raglan T-shirt,LA,니트,"29,900"
WH,F3,WHLAF3822F,Ribbed Henry Neck T-shirt,LA,니트,"39,900"
WH,F3,WHLAF3831F,Dyed Ribbed Shirring T-shirt,LA,니트,"39,900"
WH,F3,WHLAF3851F,Steve Ribbed Long Sleeve T-shirt[B],LA,니트,"29,900"
WH,F3,WHLAF3891U,Rugby Sleeve Line T-shirt,LA,니트,"59,900"
WH,F4,WHLAF4891F,Layered Henry Neck Long Sleeve T-Shirt,LA,니트,"39,900"
WH,F4,WHLAF4892F,Sporty Line Long Sleeve T-shirt,LA,니트,"29,900"
WH,F4,WHLAF4991F,Henry Neck Long Sleeve T-shirt(F),LA,니트,"39,900"
WH,F4,WHLAF4992F,Eyelet Henry Neck Long Sleeve T-shirt,LA,니트,"39,900"
WH,F4,WHLAF4T21F,Rayon Turtleneck T-shirt,LA,니트,"29,900"
WH,F4,WHLAF4T51F,Steve Turtleneck T-shirt[B],LA,니트,"29,900"
WH,F4,WHLAF4T81U,Waffle Henley Neck T-Shirt,LA,니트,"39,900"
WH,F4,WHLAF4V81F,Layered Hoodied T-shirt,LA,니트,"39,900"
WH,F4,WHLAF4V82F,Layered Long Sleeve T-shirt,LA,니트,"39,900"
WH,F4,WHLAF4V83F,Dot Long-Sleeve T-Shirt,LA,니트,"29,900"
WH,F4,WHLAF4V84F,Stripe Long Sleeve T-shirt,LA,니트,"25,900"
WH,G1,WHLAG1181F,Layered off-shoulder long-sleeve T-Shirt,LA,니트,"39,900"
WH,G1,WHLAG1182F,One-Shoulder Long Sleeve T-Shirt,LA,니트,"39,900"
WH,G2,WHLAG2283F,Layered Henry Neck Long Sleeve T-Shirt,LA,니트,"39,900"
WH,G2,WHLAG2292F,USA Ribbed Crew-neck T-shirt,LA,니트,"29,900"
WH,G2,WHLAG2321F,Ribbed Long Sleeve T-shirt,LA,니트,"29,900"
WH,G2,WHLAG2321U,Steve Long Sleeve T-shirt,LA,니트,"29,900"
WH,G2,WHLAG2322F,Ribbed Henry Neck Long Sleeve T-shirt,LA,니트,"39,900"
WH,G2,WHLAG2323F,Eyelet Long Sleeve Cardigan,LA,니트,"39,900"
WH,G2,WHLAG2384F,Long Sleeve Layered T-shirt,LA,니트,"39,900"
WH,G2,WHLAG2387F,Layered shirring T-Shirt,LA,니트,"39,900"
WH,G3,WHLAG3811F,Ribbed Long Sleeve T-shirt(F),LA,니트,"29,900"
WH,G3,WHLAG3811F,Ribbed Long Sleeve T-shirt(F),LA,니트,0
WH,G3,WHLAG3812F,Ribbed Henryneck Long Sleeve T-shirt(F),LA,니트,"39,900"
WH,G3,WHLAG3812F,Ribbed Henryneck Long Sleeve T-shirt(F),LA,니트,0
WH,G3,WHLAG3823F,Hooded Shirring T-shirt(F),LA,니트,"39,900"
WH,G3,WHLAG3823U,Campus Raglan Long Sleeve T-shirt,LA,니트,"29,900"
WH,G3,WHLAG3827F,One-Shoulder Long Sleeve T-shirt(F),LA,니트,"39,900"
WH,G3,WHLAG3833U,USA Waffle Henryneck T-shirt,LA,니트,"49,900"
WH,G3,WHLAG3836F,Pigment Dyed Layered T-shirt(F),LA,니트,"39,900"
WH,G3,WHLAG3851F,Steve Ribbed Long Sleeve T-shirt[B],LA,니트,"29,900"
WH,G3,WHLAG3852F,Steve Ribbed Henryneck T-shirt[B],LA,니트,"39,900"
WH,G3,WHLAG3853F,Steve Hooded Shirring T-shirt[B],LA,니트,"39,900"
WH,G3,WHLAG3863U,USA Waffle Raglan T-shirt,LA,니트,"49,900"
WH,G4,WHLAG4991M,Henryneck Long Sleeve T-shirt,LA,니트,0
WH,G4,WHLAG4T21F,Warmer Turtleneck T-shirt(F),LA,니트,0
WH,G4,WHLAG4T51F,Steve Turtleneck T-shirt[B],LA,니트,0
WH,G4,WHLAG4T52F,Steve Warmer Turtleneck T-shirt[B],LA,니트,0
WH,E2,WHLSE2321U,Steve Stripe T-shirt,LS,니트,"39,900"
WH,E2,WHLSE2394F,Stripe Boat neck T-shirt,LS,니트,"39,900"
WH,E3,WHLSE3891F,Rugby Striped T-shirt,LS,니트,"49,900"
WH,E4,WHLSE4V91U,Rugby Stripe Collar T-shirt(U),LS,니트,"49,900"
WH,F1,WHLSF1191F,Rugby Striped T-shirt,LS,니트,"49,900"
WH,F2,WHLSF2321F,Stripe Boat neck T-shirt,LS,니트,"39,900"
WH,F2,WHLSF2321U,Steve Stripe Long Sleeve T-shirt,LS,니트,"39,900"
WH,F2,WHLSF2491U,Stripe Long Sleeve T-shirt,LS,니트,"39,900"
WH,F3,WHLSF3821U,Rugby Collar T-shirt,LS,니트,"49,900"
WH,G2,WHLSG2286F,Striped long-sleeve T-shirt,LS,니트,"49,900"
WH,G2,WHLSG2321F,Boat Neck Stripe T-shirt,LS,니트,"39,900"
WH,G2,WHLSG2321U,Stripe Long Sleeve T-shirt,LS,니트,"39,900"
WH,G3,WHLSG3833U,Multi-Stripe Long Sleeve T-shirt,LS,니트,"39,900"
WH,E2,WHMAE2362F,Track Woven Sweatshirt,MA,니트,"59,900"
WH,E4,WHMAE4931U,Half Zipup Sweatshirt,MA,니트,"49,900"
WH,E4,WHMAE4V31U,Fleece Pocket Half Zip-up,MA,니트,"59,900"
WH,F2,WHMAF2261U,Rugby Colorblock T-shirt,MA,니트,"59,900"
WH,F2,WHMAF2291F,Rugby Collar Sweatshirt(F),MA,니트,"49,900"
WH,F4,WHMAF4922U,Steve Rugby Sweatshirt,MA,니트,"59,900"
WH,F4,WHMAF4951U,Steve Rugby Sweatshirt[B],MA,니트,"59,900"
WH,F4,WHMAF4V21U,Patch Fleece Half Zip-up,MA,니트,"59,900"
WH,G1,WHMAG1191U,Color Point Fleece Half Zip-up,MA,니트,"59,900"
WH,G2,WHMAG2221F,Rugby Sweatshirt(F),MA,니트,"59,900"
WH,G2,WHMAG2221U,Steve Rugby Stripe Sweatshirt,MA,니트,"59,900"
WH,G2,WHMAG2291U,USA Fleece Half Zip-up,MA,니트,"59,900"
WH,G4,WHMAG4924U,Steve Rugby Sweatshirt,MA,니트,"59,900"
WH,G4,WHMAG4991U,Letter Half Zip-up Sweatshirt,MA,니트,0
WH,G4,WHMAG4V21U,Patch Fleece Half Zip-up,MA,니트,0
WH,G4,WHMAG4V22F,Dumble Half Zip-up(F),MA,니트,0
WH,G4,WHMAG4V22U,Button Fleece Half Zip-up,MA,니트,0
WH,E1,WHMHE1222U,스티브 자수 후드티(노기모),MH,니트,0
WH,E1,WHMHE1225U,Heritage Patch Hoodie,MH,니트,"69,900"
WH,E2,WHMHE2222U,Steve Hoodie,MH,니트,"49,900"
WH,E2,WHMHE2293U,Steve Photo Hoodie,MH,니트,"59,900"
WH,E2,WHMHE2295U,California Letter Hoodie,MH,니트,"59,900"
WH,E2,WHMHE2321F,Track Raglan Hoodie,MH,니트,"49,900"
WH,E3,WHMHE3922U,Steve Campus Hoodie,MH,니트,"69,900"
WH,E4,WHMHE4911U,Campus Lettering Hoodie,MH,니트,"59,900"
WH,E4,WHMHE4921F,Raglan Crop Hoodie,MH,니트,"49,900"
WH,E4,WHMHE4921U,Steve Photo Hoodie,MH,니트,"59,900"
WH,E4,WHMHE4992F,California Dyed Hoodie(F),MH,니트,"69,900"
WH,E4,WHMHE4T11U,Steve Hoodie(Brushed),MH,니트,"49,900"
WH,E4,WHMHE4T12U,Big Letter Patch Hoodie(Brushed),MH,니트,"59,900"
WH,E4,WHMHE4T91F,Heart Stamp Hoodie(Loose Fit),MH,니트,"59,900"
WH,F1,WHMHF1191M,Varsity Logo Hoodie(M),MH,니트,"59,900"
WH,F1,WHMHF1221U,Steve Hoodie,MH,니트,"49,900"
WH,F1,WHMHF1391U,[WAU X SQUID GAME] Track Line Hoodie,MH,니트,"59,900"
WH,F2,WHMHF2221F,Chain Stitch Hoodie,MH,니트,"59,900"
WH,F2,WHMHF2221U,Steve Patch Hoodie,MH,니트,"69,900"
WH,F2,WHMHF2222F,California Dyed Crop Hoodie,MH,니트,"59,900"
WH,F2,WHMHF2222U,Campus Patch Hoodie,MH,니트,"59,900"
WH,F2,WHMHF2223U,California Embroidery Hoodie,MH,니트,"59,900"
WH,F3,WHMHF3921U,Steve Hoodie,MH,니트,0
WH,F4,WHMHF4921F,Flower Crop Hoodie,MH,니트,"49,900"
WH,F4,WHMHF4921U,Steve Photo Hoodie,MH,니트,"59,900"
WH,F4,WHMHF4922U,Signature Campus Patch Hoodie,MH,니트,"59,900"
WH,F4,WHMHF4923U,California Raglan Hoodie,MH,니트,"59,900"
WH,F4,WHMHF4931U,Garment Dyed Patch Hoodie,MH,니트,"69,900"
WH,F4,WHMHF4991U,USA Logo Hoodie,MH,니트,"69,900"
WH,F4,WHMHF4T11U,Steve Hoodie(Brushed),MH,니트,"49,900"
WH,F4,WHMHF4T21U,Steve Campus Patch Hoodie(Brushed),MH,니트,"69,900"
WH,F4,WHMHF4T22U,Corduroy Big Patch Hoodie(Brushed),MH,니트,"59,900"
WH,F4,WHMHF4T23U,Boucle Logo Hoodie(Brushed),MH,니트,"69,900"
WH,F4,WHMHF4T91F,Western Graphic Hoodie(Brushed),MH,니트,"59,900"
WH,F4,WHMHF4T92F,Cali Patch Hoodie(Loose Fit),MH,니트,"69,900"
WH,G1,WHMHG1211U,Steve Hoodie,MH,니트,"49,900"
WH,G2,WHMHG2221F,Western Printing Hoodie,MH,니트,"59,900"
WH,G2,WHMHG2221U,Campus Patch Hoodie,MH,니트,"59,900"
WH,G2,WHMHG2222U,San Diego Patch Sweatshirt,MH,니트,0
WH,G4,WHMHG4921F,Vintage Crop Hoodie(F),MH,니트,"59,900"
WH,G4,WHMHG4921U,California Patch Hoodie,MH,니트,"59,900"
WH,G4,WHMHG4923U,Steve Hoodie,MH,니트,"49,900"
WH,G4,WHMHG4932U,California Raglan Hoodie,MH,니트,0
WH,G4,WHMHG4T11U,Corduroy Big Patch Hoodie(Brushed),MH,니트,0
WH,G4,WHMHG4T21F,Boucle Logo Hoodie(Brushed),MH,니트,0
WH,G4,WHMHG4T41U,Fleece Hood T-shirt,MH,니트,0
WH,E1,WHMWE1221U,스티브 자수 맨투맨(노기모),MW,니트,0
WH,E1,WHMWE1226M,Heritage Printing Sweatshirt,MW,니트,"59,900"
WH,E1,WHMWE1227F,Flower Printing Sweatshirt,MW,니트,"49,900"
WH,E2,WHMWE2221U,Steve Sweatshirt,MW,니트,"39,900"
WH,E2,WHMWE2292U,Steve Photo Sweatshirt,MW,니트,"49,900"
WH,E2,WHMWE2294U,Steve Patch Sweatshirt,MW,니트,"49,900"
WH,E2,WHMWE2295U,Steve line Sweatshirt,MW,니트,"49,900"
WH,E2,WHMWE2393F,Outstitch Crop Sweatshirt,MW,니트,"49,900"
WH,E2,WHMWE2394U,Rugby Striped Sweatshirt,MW,니트,"49,900"
WH,E2,WHMWE2397U,Campus Collar Sweatshirt,MW,니트,"59,900"
WH,E3,WHMWE3921U,Steve Head Patch Sweatshirt,MW,니트,"39,900"
WH,E3,WHMWE3923U,Steve Patch Sweatshirt,MW,니트,"49,900"
WH,E4,WHMWE4921F,California Embroidery Sweatshirt,MW,니트,"49,900"
WH,E4,WHMWE4922U,Steve Photo Sweatshirt,MW,니트,"49,900"
WH,E4,WHMWE4924U,Campus Letter Sweatshirt,MW,니트,"39,900"
WH,E4,WHMWE4991U,Steve 2PACK Sweatshirt[B],MW,니트,"59,900"
WH,E4,WHMWE4992F,Flower Dyed Sweatshirt(F),MW,니트,"49,900"
WH,E4,WHMWE4992U,California Dyed Sweatshirt,MW,니트,"49,900"
WH,E4,WHMWE4T11U,Steve Sweatshirt(Brushed),MW,니트,"39,900"
WH,E4,WHMWE4T21U,Boucle Patch Sweatshirt(Brushed),MW,니트,"49,900"
WH,E4,WHMWE4T91F,Patch Applique Sweatshirt,MW,니트,"49,900"
WH,E4,WHMWE4T91U,[QWER X WAU] Signature Dyed Sweatshirt,MW,니트,"59,900"
WH,E4,WHMWE4T92U,Campus Printing Sweatshirt,MW,니트,"39,900"
WH,E4,WHMWE4V22U,Winter Steve Photo Sweatshirt(Brushed),MW,니트,"49,900"
WH,E4,WHMWE4V91F,West Coast Patch Sweatshirt,MW,니트,"49,900"
WH,F1,WHMWF1191M,Varsity Logo Sweatshirt(M),MW,니트,"49,900"
WH,F1,WHMWF1211U,Steve Sweatshirt,MW,니트,"39,900"
WH,F2,WHMWF2201U,Campus Emblem Sweatshirt,MW,니트,"39,900"
WH,F2,WHMWF2221F,Varsity Stamp Sweatshirt,MW,니트,"39,900"
WH,F2,WHMWF2221U,Steve Photo Sweatshirt,MW,니트,"49,900"
WH,F2,WHMWF2222F,Lettering Patch Sweatshirt,MW,니트,"49,900"
WH,F2,WHMWF2222U,Steve Patch Sweatshirt,MW,니트,"49,900"
WH,F2,WHMWF2223U,California Patch Sweatshirt,MW,니트,"49,900"
WH,F2,WHMWF2224U,Garment Dyed Graphic Sweatshirt,MW,니트,"59,900"
WH,F2,WHMWF2251F,Steve Head Patch Sweatshirt(F),MW,니트,"39,900"
WH,F2,WHMWF2293U,Campus Big Logo Sweatshirt,MW,니트,"49,900"
WH,F3,WHMWF3921U,Steve Sweatshirt,MW,니트,"39,900"
WH,F3,WHMWF3922U,Steve Patch Sweatshirt,MW,니트,"49,900"
WH,F3,WHMWF3931U,Steve Raglan Sweatshirt,MW,니트,0
WH,F4,WHMWF4901U,Varsity Lettering Sweatshirt,MW,니트,"39,900"
WH,F4,WHMWF4921F,WAU Embroidery Sweatshirt,MW,니트,"49,900"
WH,F4,WHMWF4921U,Stay Wild Dyed Sweatshirt,MW,니트,"59,900"
WH,F4,WHMWF4951U,(2PACK)Steve Sweatshirt[B],MW,니트,"69,900"
WH,F4,WHMWF4991U,USA Logo Sweatshirt,MW,니트,"59,900"
WH,F4,WHMWF4T11U,Steve Sweatshirt(Brushed),MW,니트,"39,900"
WH,F4,WHMWF4T21U,Winter Steve Photo Sweatshirt(Brushed),MW,니트,"49,900"
WH,F4,WHMWF4T22U,Chain Stitch Sweatshirt(Brushed),MW,니트,"49,900"
WH,F4,WHMWF4T31F,Check Patch Sweatshirt(Brushed),MW,니트,0
WH,F4,WHMWF4T51F,Steve Bear Photo Sweatshirt[B],MW,니트,"49,900"
WH,F4,WHMWF4T91F,Western Steve Sweatshirt(Brushed),MW,니트,"49,900"
WH,F4,WHMWF4T92F,Cali Raw Cut Sweatshirt(Loose Fit),MW,니트,"49,900"
WH,G1,WHMWG1211U,Steve Sweatshirt,MW,니트,"39,900"
WH,G2,WHMWG2201U,Varsity Printing Sweatshirt,MW,니트,"39,900"
WH,G2,WHMWG2221F,Steve Sweatshirt(F),MW,니트,"39,900"
WH,G2,WHMWG2221U,Steve Photo Sweatshirt,MW,니트,"49,900"
WH,G2,WHMWG2222F,California Patch Sweatshirt(F),MW,니트,"49,900"
WH,G2,WHMWG2222U,Steve Patch Sweatshirt,MW,니트,"59,900"
WH,G2,WHMWG2224U,Campus Patch Sweatshirt,MW,니트,"49,900"
WH,G2,WHMWG2251U,Steve Photo Sweatshirt[B],MW,니트,"49,900"
WH,G2,WHMWG2291F,Cali Raw Cut Sweatshirt(Loose Fit),MW,니트,"49,900"
WH,G2,WHMWG2385F,Camo Patch OffShoulder Sweatshirt,MW,니트,"49,900"
WH,G4,WHMWG4921U,Steve Sweatshirt,MW,니트,"39,900"
WH,G4,WHMWG4922U,Steve Patch Sweatshirt,MW,니트,"49,900"
WH,G4,WHMWG4923F,One-Shoulder Sweatshirt(F),MW,니트,"49,900"
WH,G4,WHMWG4923U,Varsity Logo Sweatshirt,MW,니트,"39,900"
WH,G4,WHMWG4925U,USA Logo Sweatshirt,MW,니트,"59,900"
WH,G4,WHMWG4932F,Calstate Logo Crop Sweatshirt(F),MW,니트,"49,900"
WH,G4,WHMWG4951U,(2PACK)Steve Sweatshirt[B],MW,니트,"69,900"
WH,G4,WHMWG4952U,Steve Patch Sweatshirt[B],MW,니트,"49,900"
WH,G4,WHMWG4959U,Steve Head Patch Sweatshirt[B],MW,니트,0
WH,G4,WHMWG4T21U,Chain Stitch Sweatshirt(Brushed),MW,니트,0
WH,G4,WHMWG4T22F,One-Shoulder Sweatshirt(Brushed),MW,니트,0
WH,G4,WHMWG4T51U,Steve Sweatshirt(Brushed),MW,니트,0
WH,E1,WHMZE1191F,Patch Crop Hood Zip-up,MZ,니트,"69,900"
WH,E1,WHMZE1193U,Steve Fleece Zip-up,MZ,니트,"49,900"
WH,E1,WHMZE1211U,Signature Patch Hood Zip-up,MZ,니트,"69,900"
WH,E2,WHMZE2291U,Steve Hood Zip-up,MZ,니트,"69,900"
WH,E3,WHMZE3891F,Track Zip-up(F),MZ,니트,"59,900"
WH,E4,WHMZE4T21F,Steve Corduroy Zip-up,MZ,니트,"59,900"
WH,E4,WHMZE4T38F,Fleece Cardigan,MZ,니트,"59,900"
WH,E4,WHMZE4T61F,Ribbed Collar Zip-up,MZ,니트,"59,900"
WH,E4,WHMZE4V21F,Velour Embroidery Hood Zip-up,MZ,니트,"59,900"
WH,E4,WHMZE4V22U,Signature Furfleece Patch Hood Zip-up,MZ,니트,"69,900"
WH,E4,WHMZE4V31F,Fur Bonding Hood Zip-up,MZ,니트,"59,900"
WH,E4,WHMZE4V91U,Steve Fleece Zip-up,MZ,니트,"49,900"
WH,F1,WHMZF1111F,Patch Crop Hood Zip-up(F),MZ,니트,"69,900"
WH,F1,WHMZF1111U,Signature Patch Hood Zip-up,MZ,니트,"69,900"
WH,F1,WHMZF1131U,Signature Patch Hood Zip-up(Colorblock),MZ,니트,"69,900"
WH,F1,WHMZF1191M,Varsity Logo Hood Zip-up(M),MZ,니트,"69,900"
WH,F2,WHMZF2221U,Steve Hood Zip-up,MZ,니트,"69,900"
WH,F2,WHMZF2251F,Steve Head Patch Hood Zip-up(F),MZ,니트,"59,900"
WH,F2,WHMZF2391U,Campus Small Logo Hood Zip-up,MZ,니트,"69,900"
WH,F4,WHMZF4891F,Sporty Line Waffle Zip-up(F),MZ,니트,"59,900"
WH,F4,WHMZF4931F,California Dyed Crop Hood Zip-up,MZ,니트,"69,900"
WH,F4,WHMZF4991F,Waffle Hood Zip-up(F),MZ,니트,"69,900"
WH,F4,WHMZF4T98F,Corduroy Hooded Jacket,MZ,니트,"89,900"
WH,F4,WHMZF4V21F,Velour Embroidery Hood Zip-up,MZ,니트,"59,900"
WH,F4,WHMZF4V21U,Steve Fur Fleece Zip-up,MZ,니트,"49,900"
WH,F4,WHMZF4V23U,Signature Furfleece Patch Hood Zip-up,MZ,니트,"69,900"
WH,F4,WHMZF4V31F,Fur-Trimmed Boa Hood Zip-up(F),MZ,니트,"99,900"
WH,F4,WHMZF4V51F,Steve Velour Hood Zip-up[B],MZ,니트,"59,900"
WH,F4,WHMZF4V61F,Dot Pattern Fleece Jacket,MZ,니트,"69,900"
WH,G1,WHMZG1111F,Patch Crop Hood Zip-up,MZ,니트,"69,900"
WH,G1,WHMZG1111U,Signature Patch Hood Zip-up,MZ,니트,"69,900"
WH,G1,WHMZG1112U,Signature Patch Hood Zip-up(Colorblock),MZ,니트,"69,900"
WH,G1,WHMZG1181F,Washed Hood Zip-up,MZ,니트,"69,900"
WH,G1,WHMZG1292F,Line Point Fleece Zip-up(F),MZ,니트,"69,900"
WH,G1,WHMZG1294F,Slim-fit Signature Hood Zip-up(F),MZ,니트,"69,900"
WH,G2,WHMZG2211U,Steve Hood Zip-up,MZ,니트,"69,900"
WH,G2,WHMZG2221F,Steve Hood Zip-up(F),MZ,니트,"69,900"
WH,G2,WHMZG2291U,USA Over fit Hood Zip-up,MZ,니트,"69,900"
WH,G4,WHMZG4911U,Signature Patch Hood Zip-up,MZ,니트,"69,900"
WH,G4,WHMZG4991F,Signature Slim-fit Patch Hood Zip-up(F),MZ,니트,0
WH,G4,WHMZG4991U,Vintage Dyed USA Hood Zip-up(Over-fit),MZ,니트,0
WH,G4,WHMZG4992U,Camo USA Hood Zip-up(Over-fit),MZ,니트,0
WH,G4,WHMZG4993F,Off-Shoulder Zip-up(F),MZ,니트,0
WH,G4,WHMZG4T11U,Signature Patch Hood Zip-up(Brushed),MZ,니트,0
WH,G4,WHMZG4T12U,USA Over fit Hood Zip-up(Brushed),MZ,니트,0
WH,G4,WHMZG4V11U,Signature Furfleece Patch Hood Zip-up,MZ,니트,0
WH,G4,WHMZG4V21F,Pattern Dumble Zip-up(F),MZ,니트,0
WH,G4,WHMZG4V22U,Fleece Zip-up,MZ,니트,0
WH,G4,WHMZG4V23F,Slim Fur-Trimmed Hood Zip-up(F),MZ,니트,0
WH,G4,WHMZG4V23U,Fur-Trimmed Hood Zip-up,MZ,니트,0
WH,G4,WHMZG4V24F,Velour Hood Zip-up(F),MZ,니트,0
WH,G4,WHMZG4V41F,Pattern Fleece Zip-up(F),MZ,니트,0
WH,G4,WHMZG4V51F,Steve Corduroy Hood Zip-up(F)[B],MZ,니트,0
WH,G4,WHMZG4V53U,Steve Fur Fleece Zip-up[B],MZ,니트,0
WH,F2,WHOMF2421F,Steve Collar One Piece,OM,니트,"49,900"
WH,F2,WHOMF2451F,Steve Ribbed Sleeveless Onepiece[B],OM,니트,"39,900"
WH,G2,WHOMG2421F,Steve Collar One Piece,OM,니트,"49,900"
WH,E2,WHOWE2571F,Seersucker Dress,OW,점퍼,0
WH,F2,WHOWF2401F,Steve Short Sleeve Strap Shirts Dress[B],OW,점퍼,"69,900"
WH,F2,WHOWF2532F,Nylon Cargo One piece,OW,면바지,"59,900"
WH,G2,WHOWG2441F,Dobby Layered Onepiece,OW,점퍼,"79,900"
WH,G3,WHOWG3841F,Dot Onepiece,OW,점퍼,"79,900"
WH,G4,WHOWG4T71F,Corduroy Overall Onepiece,OW,점퍼,0
WH,E4,WHPPE4V91U,Steve pajama set,PP,라운지,"59,900"
WH,E2,WHRAE2313U,Steve Short Sleeve T-shirt(Loose Fit),RA,니트,"29,900"
WH,E2,WHRAE2324U,California Letter Short Sleeve T-shirt,RA,니트,"29,900"
WH,E2,WHRAE2327F,Track Ringer Short Sleeve T-shirt,RA,니트,"29,900"
WH,E2,WHRAE2329F,Ribbed Short Sleeve T-shirt,RA,니트,"19,900"
WH,E2,WHRAE2351U,Steve 2PACK Solid T-shirts[B],RA,니트,"39,900"
WH,E2,WHRAE2353U,Steve Patch Short Sleeve T-shirt,RA,니트,"39,900"
WH,E2,WHRAE2421U,Big Letter Patch T-Shirt,RA,니트,"39,900"
WH,E2,WHRAE2491F,Steve Ribbed Short Sleeve T-shirt[B],RA,니트,"25,900"
WH,E2,WHRAE2492F,Steve Ribbed Shirring T-Shirt[B],RA,니트,"29,900"
WH,E2,WHRAE2493F,Steve Ribbed Cardigan,RA,니트,"39,900"
WH,E2,WHRAE2495F,Steve Half Opened Button Ribbed T-Shirt,RA,니트,"29,900"
WH,E2,WHRAE2525F,Steve Ribbed Cardigan,RA,니트,"39,900"
WH,E2,WHRAE2526F,Ribbed Shirring T-Shirt,RA,니트,"29,900"
WH,E2,WHRAE2528F,Half Opened Button Ribbed T-Shirt,RA,니트,"29,900"
WH,E2,WHRAE2591F,Ribbed Collar T-Shirt(Set-up),RA,니트,"29,900"
WH,E2,WHRAE2593U,Steve 2PACK Patch T-shirts[B],RA,니트,"39,900"
WH,E3,WHRAE3791F,Ribbed Slim Crop T-shirt,RA,니트,"29,900"
WH,E3,WHRAE3791U,Steve 2PACK Stripe T-shirts[B],RA,니트,"39,900"
WH,E3,WHRAE3792U,Steve 2PACK Solid T-shirts[B],RA,니트,"39,900"
WH,E3,WHRAE3793U,Steve 2PACK Patch T-shirts[B],RA,니트,0
WH,E3,WHRAE3794U,Steve Patch Short Sleeve T-shirt,RA,니트,"39,900"
WH,E3,WHRAE3894F,Track Ringer T-Shirt,RA,니트,"29,900"
WH,F2,WHRAF2311U,Steve Short Sleeve T-shirt(Loose Fit),RA,니트,"29,900"
WH,F2,WHRAF2321F,Steve Basic Fit T-shirt(F),RA,니트,"29,900"
WH,F2,WHRAF2321U,California Letter Short Sleeve T-shirt,RA,니트,"29,900"
WH,F2,WHRAF2322F,Ribbed Short Sleeve T-shirt,RA,니트,"25,900"
WH,F2,WHRAF2323F,Campus Ringer Short Sleeve T-shirt,RA,니트,"29,900"
WH,F2,WHRAF2351F,Steve Ribbed Short Sleeve T-shirt[B],RA,니트,"25,900"
WH,F2,WHRAF2351U,(2PACK)Steve Solid T-shirt[B],RA,니트,"39,900"
WH,F2,WHRAF2352U,(2PACK)Steve Head Patch T-shirt[B],RA,니트,"39,900"
WH,F2,WHRAF2353U,Steve Patch T-Shirt[B],RA,니트,"39,900"
WH,F2,WHRAF2354U,Steve Campus Patch T-shirt,RA,니트,"39,900"
WH,F2,WHRAF2361U,Varsity Jersey Short Sleeve T-shirt,RA,니트,"69,900"
WH,F2,WHRAF2421F,Steve Head Patch Crop T-shirt(F),RA,니트,"29,900"
WH,F2,WHRAF2421U,Steve Patch Short Sleeve T-shirt,RA,니트,"39,900"
WH,F2,WHRAF2422F,Ribbed Henry Neck T-Shirt,RA,니트,"29,900"
WH,F2,WHRAF2422U,California Patch T-shirt,RA,니트,"29,900"
WH,F2,WHRAF2423F,Malibu Single Patch T-shirt,RA,니트,"29,900"
WH,F2,WHRAF2423U,California Embroidery T-shirt,RA,니트,"39,900"
WH,F2,WHRAF2424F,Ribbed Shirring T-Shirt,RA,니트,"29,900"
WH,F2,WHRAF2424U,Campus Ringer T-shirt,RA,니트,"29,900"
WH,F2,WHRAF2425F,Steve Basic Cotton T-shirt(F),RA,니트,"25,900"
WH,F2,WHRAF2426F,Campus Graphic Basic T-shirt,RA,니트,"29,900"
WH,F2,WHRAF2427F,Ribbed U-neck Cardigan,RA,니트,"39,900"
WH,F2,WHRAF2428F,Vintage Patch T-shirt,RA,니트,"29,900"
WH,F2,WHRAF2451F,Steve Ribbed Shirring T-Shirt[B],RA,니트,"29,900"
WH,F2,WHRAF2452F,Steve Ribbed Henry Neck T-Shirt[B],RA,니트,"29,900"
WH,F2,WHRAF2521F,Ribbed Western Graphic T-shirt,RA,니트,"29,900"
WH,F2,WHRAF2521U,Surf Bear Dyed T-shirt,RA,니트,"29,900"
WH,F2,WHRAF2522F,Ribbed Square Neck T-shirt,RA,니트,"25,900"
WH,F2,WHRAF2531F,Printing Fitted Crop T-shirt,RA,니트,"29,900"
WH,F2,WHRAF2531U,Steve Ringer T-shirt,RA,니트,"39,900"
WH,F2,WHRAF2532F,Ribbed Luna-Dyed T-shirt,RA,니트,"39,900"
WH,F2,WHRAF2551U,Steve Head Patch Dyed T-shirt[B],RA,니트,"39,900"
WH,F2,WHRAF2561F,Eyelet Henry Neck T-shirt,RA,니트,"39,900"
WH,F2,WHRAF2591F,Feminine Picot T-shirt,RA,니트,"29,900"
WH,F2,WHRAF2591U,USA Patch T-shirt,RA,니트,"39,900"
WH,F2,WHRAF2592F,USA Embroidery Small Logo T-shirt,RA,니트,"29,900"
WH,F2,WHRAF2592U,USA Number Mesh Jersey,RA,니트,"49,900"
WH,F3,WHRAF3751F,Steve Embroidery Short Sleeve T-shirt[B],RA,니트,"29,900"
WH,F3,WHRAF3751U,(2PACK)Steve Solid T-shirt[B],RA,니트,0
WH,F3,WHRAF3752F,Steve Ribbed Frill T-shirt[B],RA,니트,"29,900"
WH,F3,WHRAF3753F,Steve Track Line Ringer T-shirt[B],RA,니트,"39,900"
WH,F3,WHRAF3754F,Steve V-neck Short Sleeve T-shirt[B],RA,니트,"29,900"
WH,F3,WHRAF3791U,Chain Stitch T-shirt,RA,니트,"39,900"
WH,F3,WHRAF3792F,Lettering Ringer T-shirt,RA,니트,"29,900"
WH,F3,WHRAF3792U,Surf Bear Denim T-shirt,RA,니트,"39,900"
WH,F3,WHRAF3793F,Stripe Short Sleeve T-shirt(F),RA,니트,0
WH,F3,WHRAF3793U,USA Patch T-shirt,RA,니트,"39,900"
WH,F3,WHRAF3794F,Steve Graphic Ringer T-shirt(F),RA,니트,"29,900"
WH,F3,WHRAF3891F,Biker Ringer T-shirt(F),RA,니트,"29,900"
WH,F3,WHRAF3892F,Vintage Dyed Short Sleeve T-shirt(F),RA,니트,"39,900"
WH,F3,WHRAF3893F,Numbered Raglan T-shirt(F),RA,니트,"29,900"
WH,G2,WHRAG2311U,Steve Short Sleeve T-shirt(Comfort Fit),RA,니트,"29,900"
WH,G2,WHRAG2321F,Steve Short Sleeve T-shirt(Regular Fit),RA,니트,"29,900"
WH,G2,WHRAG2321U,Steve Head Patch T-shirt(Comfort Fit),RA,니트,"29,900"
WH,G2,WHRAG2322F,Steve Head Patch T-shirt(Crop Fit),RA,니트,"29,900"
WH,G2,WHRAG2322U,California Lettering T-shirt(Over Fit),RA,니트,"29,900"
WH,G2,WHRAG2323F,Campus Ringer T-shirt,RA,니트,"29,900"
WH,G2,WHRAG2351U,(2PACK)Steve Solid T-shirt[B],RA,니트,"39,900"
WH,G2,WHRAG2421F,Ribbed Short Sleeve T-shirt,RA,니트,"25,900"
WH,G2,WHRAG2421U,Steve Patch T-Shirt,RA,니트,"39,900"
WH,G2,WHRAG2422F,Ribbed Henry Neck T-shirt,RA,니트,"29,900"
WH,G2,WHRAG2422U,Campus Patch T-shirt,RA,니트,"29,900"
WH,G2,WHRAG2423F,Surf Club Patch T-shirt,RA,니트,"29,900"
WH,G2,WHRAG2424F,Ribbed Side String T-Shirt,RA,니트,"29,900"
WH,G2,WHRAG2424U,Campus Ringer T-shirt,RA,니트,"29,900"
WH,G2,WHRAG2431F,Letter Ringer T-Shirt,RA,니트,"29,900"
WH,G2,WHRAG2431U,USA Patch T-shirt,RA,니트,"39,900"
WH,G2,WHRAG2432F,Ribbed Square Neck T-shirt,RA,니트,"25,900"
WH,G2,WHRAG2433F,Round Neck Curved Hem T-shirt,RA,니트,"29,900"
WH,G2,WHRAG2441F,USA Embroidery Small Logo T-shirt,RA,니트,"29,900"
WH,G2,WHRAG2451F,Steve Ribbed Short Sleeve T-shirt[B],RA,니트,"25,900"
WH,G2,WHRAG2452F,Steve Ribbed Henry Neck T-shirt[B],RA,니트,"29,900"
WH,G2,WHRAG2461U,USA Short Sleeve T-shirt,RA,니트,"29,900"
WH,G2,WHRAG2471F,Chain Embroidery T-shirt,RA,니트,"29,900"
WH,G2,WHRAG2471U,USA T-shirt,RA,니트,"39,900"
WH,G2,WHRAG2491F,Layered Henley Short-Sleeve T-shirt,RA,니트,"39,900"
WH,G2,WHRAG2491U,Vintage Seedbag Ringer T-shirt,RA,니트,"29,900"
WH,G2,WHRAG2492F,Halter Neck Layered T-shirt,RA,니트,"39,900"
WH,G2,WHRAG2492U,Waffle Henley Short Sleeve T-shirt,RA,니트,0
WH,G2,WHRAG2528F,Vintage Patch T-shirt,RA,니트,"29,900"
WH,G2,WHRAG2531F,Feminine Picot T-shirt,RA,니트,"29,900"
WH,G2,WHRAG2532F,Eyelet Henry Neck T-shirt,RA,니트,"39,900"
WH,G2,WHRAG2571U,Indigo T-shirt,RA,니트,"49,900"
WH,G2,WHRAG2591F,Lettering Raglan T-shirt,RA,니트,"29,900"
WH,G2,WHRAG2691F,USA Ribbed Short-sleeve T-shirt,RA,니트,0
WH,G3,WHRAG3751F,Steve Embroidery Short Sleeve T-shirt[B],RA,니트,"29,900"
WH,G3,WHRAG3752F,Steve Ribbed Frill T-shirt[B],RA,니트,"29,900"
WH,G3,WHRAG3754F,Steve Layered Shorts Sleeve T-shirt[B],RA,니트,"39,900"
WH,G3,WHRAG3781F,Cali Patch Slim-fit T-shirt(F),RA,니트,"39,900"
WH,G3,WHRAG3781U,Malibu Patch T-shirt,RA,니트,"39,900"
WH,G3,WHRAG3782F,WAU Patch Slim-fit T-shirt(F),RA,니트,"39,900"
WH,E2,WHRNE2491F,Steve Ribbed Sleeveless[B],RN,니트,"25,900"
WH,E2,WHRNE2524F,Ribbed Crop Sleeveless,RN,니트,"19,900"
WH,E2,WHRNE2539F,Two-tone Color Ribbed Sleeveless,RN,니트,"25,900"
WH,E2,WHRNE2622F,California Letter Sleeveless,RN,니트,"25,900"
WH,E2,WHRNE2633F,Printing Crop Top,RN,니트,"29,900"
WH,E2,WHRNE2633M,Surfing Graphic Muscle-fit Sleeveless,RN,니트,"29,900"
WH,F2,WHRNF2451F,Steve Ribbed Stripe Sleeveless[B],RN,니트,"29,900"
WH,F2,WHRNF2452F,Steve Ribbed Banding Sleeveless[B],RN,니트,"25,900"
WH,F2,WHRNF2591F,Heart Pattern Sleeveless,RN,니트,"25,900"
WH,F2,WHRNF2592F,Lace Ribbed Sleeveless,RN,니트,"25,900"
WH,F2,WHRNF2621F,Campus Lettering Sleeveless,RN,니트,"25,900"
WH,F2,WHRNF2622F,Eyelet Henry Neck Sleeveless,RN,니트,"29,900"
WH,F3,WHRNF3751F,Steve Ribbon Sleeveless[B],RN,니트,"29,900"
WH,F3,WHRNF3791F,Stripe Sleeveless(F),RN,니트,"25,900"
WH,F3,WHRNF3791M,USA Muscle-fit Sleeveless,RN,니트,"29,900"
WH,G2,WHRNG2522F,Eyelet Henry Neck Sleeveless,RN,니트,"29,900"
WH,G2,WHRNG2561F,Stripe Sleeveless,RN,니트,"25,900"
WH,G2,WHRNG2592F,Ribbed Henley Sleeveless,RN,니트,0
WH,G2,WHRNG2691F,USA Colorblock Sleeveless,RN,니트,0
WH,G3,WHRNG3723F,Lace Henryneck Sleeveless(F),RN,니트,"29,900"
WH,G3,WHRNG3733F,Halterneck Bra Sleeveless(F),RN,니트,"29,900"
WH,G3,WHRNG3753F,Steve Lace Henryneck Sleeveless[B],RN,니트,"29,900"
WH,G3,WHRNG3754F,Steve Halterneck Bra Sleeveless[B],RN,니트,"29,900"
WH,E2,WHRPE2425F,California Graphic T-Shirt,RP,니트,"29,900"
WH,E2,WHRPE2491U,Steve Back Graphic T-Shirt[B],RP,니트,"29,900"
WH,E2,WHRPE2492U,Steve Campus Patch T-shirt[B],RP,니트,"39,900"
WH,E2,WHRPE2521M,Yosemite Back Graphic T-shirt,RP,니트,"29,900"
WH,E2,WHRPE2522M,Yosemite Photographic T-shirt,RP,니트,"39,900"
WH,E2,WHRPE2523F,Cowboy Ribbed Crop T-Shirt,RP,니트,"29,900"
WH,E2,WHRPE2591F,Surf Bear Basic T-shirt,RP,니트,0
WH,E2,WHRPE2592F,Surf Bear Basic T-shirt,RP,니트,"29,900"
WH,E2,WHRPE2592U,Steve Head Patch Short Sleeve T-shirt,RP,니트,"29,900"
WH,E2,WHRPE2593U,California Patch T-shirt,RP,니트,"29,900"
WH,E2,WHRPE2594U,California Embroidery T-shirt,RP,니트,"39,900"
WH,E2,WHRPE2621M,Surfing Back Graphic T-Shirt,RP,니트,"29,900"
WH,E3,WHRPE3724U,Steve Tennis Photo T-Shirt,RP,니트,"29,900"
WH,E3,WHRPE3791F,California Printing Crop T-shirt,RP,니트,"29,900"
WH,E3,WHRPE3792U,Steve Campus Patch T-shirt[B],RP,니트,"39,900"
WH,E3,WHRPE3793F,California Chain Stitch T-shirt,RP,니트,"29,900"
WH,E3,WHRPE3794F,Surf Patch T-shirt,RP,니트,"29,900"
WH,E3,WHRPE3797F,Calif Varsity Embroidery T-shirt,RP,니트,"29,900"
WH,E3,WHRPE3893F,Raglan Track T-shirt,RP,니트,"29,900"
WH,F2,WHRPF2351U,Steve Photo T-Shirt[B],RP,니트,"29,900"
WH,F2,WHRPF2391U,[WAU X SQUID GAME] ○△□ Graphic T-Shirt,RP,니트,"29,900"
WH,F2,WHRPF2392U,[WAU X SQUID GAME] Hologram T-Shirt,RP,니트,"39,900"
WH,F2,WHRPF2393U,[WAU X SQUID GAME] Cartoon Dyed T-Shirt,RP,니트,"39,900"
WH,F2,WHRPF2401U,Varsity Logo T-shirt,RP,니트,"19,900"
WH,F2,WHRPF2402U,California Logo T-shirt,RP,니트,"19,900"
WH,F2,WHRPF2403U,Surf Club Lettering T-shirt,RP,니트,"19,900"
WH,F2,WHRPF2404U,Surf Back Graphic T-shirt,RP,니트,"19,900"
WH,F2,WHRPF2405U,Heart Stamp T-shirt,RP,니트,"19,900"
WH,F2,WHRPF2421F,Steve Photo Basic T-shirt(F),RP,니트,"29,900"
WH,F2,WHRPF2421U,Steve Head Patch Short Sleeve T-shirt,RP,니트,"29,900"
WH,F2,WHRPF2422F,Surf Patch T-shirt,RP,니트,"29,900"
WH,F2,WHRPF2422U,Steve Photo T-Shirt,RP,니트,"29,900"
WH,F2,WHRPF2451F,Campus Loose Crop T-Shirt[B],RP,니트,"29,900"
WH,F2,WHRPF2451U,Steve Campus Arch Letter T-shirt[B],RP,니트,"39,900"
WH,F2,WHRPF2452F,Campus Loose Crop Raglan T-Shirt[B],RP,니트,"29,900"
WH,F2,WHRPF2452U,Steve Back Graphic T-Shirt[B],RP,니트,"29,900"
WH,F2,WHRPF2521F,Flower Dyed Overfit T-shirt,RP,니트,"39,900"
WH,F2,WHRPF2521U,Steve Graphic Dyed T-shirt,RP,니트,"39,900"
WH,F2,WHRPF2522U,California Dyed Graphic T-shirt,RP,니트,"39,900"
WH,F2,WHRPF2523U,Dyed Embroidery Letter T-shirt,RP,니트,"39,900"
WH,F2,WHRPF2524U,Dyed Back Graphic T-shirt,RP,니트,"39,900"
WH,F2,WHRPF2591F,Big Letter Raw Cut T-shirt,RP,니트,"25,900"
WH,F2,WHRPF2621F,Track Raglan T-shirt,RP,니트,"29,900"
WH,F2,WHRPF2621M,Beach Color Printing T-shirt,RP,니트,"29,900"
WH,F2,WHRPF2621U,Beach Back Graphic T-shirt,RP,니트,"39,900"
WH,F2,WHRPF2622F,Track Number Ringer T-shirt,RP,니트,"29,900"
WH,F2,WHRPF2622M,Beach Embroidery Illust T-shirt,RP,니트,"39,900"
WH,F3,WHRPF3791M,Surf Beach Dyed T-shirt,RP,니트,"39,900"
WH,F3,WHRPF3793U,Hand-Drawn Steve T-shirt[B],RP,니트,"39,900"
WH,G2,WHRPG2421F,Steve Photo T-shirt(F),RP,니트,"29,900"
WH,G2,WHRPG2421U,Steve Photo T-shirt,RP,니트,"29,900"
WH,G2,WHRPG2451F,Bear Photo Crop T-shirt[B],RP,니트,"29,900"
WH,G2,WHRPG2522U,California Dyed Graphic T-shirt,RP,니트,"39,900"
WH,G3,WHRPG3723F,One-Shoulder T-shirt(F),RP,니트,"39,900"
WH,G3,WHRPG3733U,Rock Music Vintage Dyed T-shirt,RP,니트,"39,900"
WH,G3,WHRPG3753F,Steve One-Shoulder T-shirt[B],RP,니트,0
WH,G3,WHRPG3763F,Rock Music One-Shoulder T-shirt(F),RP,니트,"29,900"
WH,G3,WHRPG3798F,Calstate Love T-shirt(F),RP,니트,"29,900"
WH,G3,WHRPG3799F,California Beach T-shirt(F),RP,니트,"29,900"
WH,E2,WHRSE2352U,Steve 2PACK Stripe T-shirts[B],RS,소품,"39,900"
WH,E2,WHRSE2423U,Steve Colorblock T-Shirt,RS,소품,"39,900"
WH,E2,WHRSE2533M,Multi Stripe T-Shirt,RS,소품,"39,900"
WH,F2,WHRSF2351U,(2PACK)Steve Stripe T-shirt[B],RS,니트,"39,900"
WH,F2,WHRSF2421U,Steve Colorblock T-Shirt,RS,소품,"39,900"
WH,F2,WHRSF2491U,Multi Stripe T-shirt,RS,니트,"39,900"
WH,F2,WHRSF2521U,Surf Bear Multi Stripe T-Shirt,RS,니트,"39,900"
WH,F2,WHRSF2531F,Steve Multi Stripe T-shirt(F),RS,니트,"39,900"
WH,F2,WHRSF2551U,Steve Multi Stripe T-Shirt[B],RS,니트,"39,900"
WH,F3,WHRSF3721U,Steve Colorblock T-Shirt,RS,니트,"39,900"
WH,F3,WHRSF3751U,(2PACK)Steve Stripe T-shirt[B],RS,니트,0
WH,F3,WHRSF3791U,Stripe Short Sleeve T-shirt,RS,소품,"39,900"
WH,G2,WHRSG2321U,Steve Stripe Short Sleeve T-shirt,RS,소품,"39,900"
WH,G2,WHRSG2351U,(2PACK)Steve Pin Stripe T-shirt[B],RS,니트,"39,900"
WH,G2,WHRSG2352U,(2PACK)Steve Stripe T-shirt[B],RS,니트,"49,900"
WH,G2,WHRSG2521U,Steve Colorblock T-Shirt,RS,소품,"39,900"
WH,G2,WHRSG2531F,Steve Multi Stripe T-shirt(F),RS,소품,"39,900"
WH,G2,WHRSG2541U,Multi Stripe T-shirt,RS,소품,"39,900"
WH,G2,WHRSG2671F,Multi Stripe T-shirt(F),RS,소품,"39,900"
WH,E1,WHTAE1191F,파라슈트 팬츠,TA,면바지,"69,900"
WH,E1,WHTAE1192F,카고 팬츠,TA,면바지,"79,900"
WH,E2,WHTAE2311U,Cotton Nylon Cargo Pants,TA,면바지,"69,900"
WH,E2,WHTAE2311U,Cotton Nylon Cargo Pants,TA,면바지,0
WH,E2,WHTAE2332U,Cotton Nylon Parachute Pants,TA,면바지,"69,900"
WH,E2,WHTAE2333F,Nylon Cargo Pants,TA,면바지,"79,900"
WH,E2,WHTAE2411U,Wide Nylon Cargo Pants,TA,면바지,"59,900"
WH,E2,WHTAE2472F,Nylon Pants(Set-up),TA,면바지,"59,900"
WH,E2,WHTAE2512F,Lightweight Nylon Cotton Cargo Pants,TA,면바지,"69,900"
WH,E2,WHTAE2591F,Rayon Nylon Wide Pants(F),TA,면바지,"39,900"
WH,E4,WHTAE4921F,Wide Cargo Pants(F),TA,면바지,"59,900"
WH,E4,WHTAE4921F,Wide Cargo Pants(F),TA,면바지,0
WH,E4,WHTAE4921U,Corduroy Bending Pants (U),TA,면바지,"59,900"
WH,E4,WHTAE4922M,Wide Cargo Pants,TA,면바지,"69,900"
WH,E4,WHTAE4933U,Wide Cotton Nylon Cargo Pants (U),TA,면바지,"69,900"
WH,E4,WHTAE4991F,Corduroy Overalls (F),TA,면바지,"89,900"
WH,E4,WHTAE4994F,Bizo Pintuck Cotton Nylon Pants(F),TA,면바지,"59,900"
WH,E4,WHTAE4T32F,Corduroy Cargo Pants (F),TA,면바지,"79,900"
WH,E4,WHTAE4T33F,Corduroy Wide Pants (F),TA,면바지,"59,900"
WH,F1,WHTAF1321F,Wide Cargo Pants(F),TA,면바지,"59,900"
WH,F2,WHTAF2311U,Cotton Nylon Cargo Pants(U),TA,면바지,"69,900"
WH,F2,WHTAF2312U,Cotton Nylon Easy Cargo Pants(U),TA,면바지,"59,900"
WH,F2,WHTAF2313F,Nylon Cargo Pants(Set-up),TA,면바지,"49,900"
WH,F2,WHTAF2323F,Washing Cotton Cargo Pants(F),TA,면바지,"69,900"
WH,F2,WHTAF2411F,Lightweight Nylon Cotton Cargo Pants(F),TA,면바지,"69,900"
WH,F2,WHTAF2413U,Wide Nylon Cargo Pants(U),TA,면바지,"69,900"
WH,F2,WHTAF2432F,Dyeing Cargo Pants(F),TA,면바지,"69,900"
WH,F2,WHTAF2481F,Parachute Easy Active Pants(F),TA,면바지,"59,900"
WH,F2,WHTAF2531F,Rayon Nylon Wide Pants(F),TA,면바지,"39,900"
WH,F2,WHTAF2535F,Seersucker Stripe Pants,TA,면바지,"49,900"
WH,F2,WHTAF2551F,Pintuck Shorts(F),TA,면바지,"49,900"
WH,F3,WHTAF3881F,Bermuda Cargo Pants (F),TA,면바지,"69,900"
WH,F4,WHTAF4821F,Cotton Twill Easy Pants (F),TA,면바지,"59,900"
WH,F4,WHTAF4835F,Seersucker Stripe Pants,TA,면바지,"49,900"
WH,F4,WHTAF4881F,Cotton Soft Pants (F),TA,면바지,"59,900"
WH,F4,WHTAF4881M,Nylon Ribstop Parachute Pants(M),TA,면바지,0
WH,F4,WHTAF4882F,Balloon Wide Cotton Pants,TA,면바지,"59,900"
WH,F4,WHTAF4913U,Wide Cargo Pocket Pants (U),TA,면바지,"69,900"
WH,F4,WHTAF4921F,Wide Cotton Nylon Cargo Pants(F),TA,면바지,"69,900"
WH,F4,WHTAF4922M,Wide Cotton Nylon Cargo Pants(M),TA,면바지,"69,900"
WH,F4,WHTAF4923F,Cotton Cargo Dying Pants(U),TA,면바지,"69,900"
WH,F4,WHTAF4991U,Wide Cotton Pants (U),TA,면바지,"59,900"
WH,F4,WHTAF4T51F,Corduroy Wide Pants (F),TA,면바지,"59,900"
WH,F4,WHTAF4T52F,Corduroy Overalls (F),TA,면바지,"89,900"
WH,F4,WHTAF4T92F,Corduroy Curved Pants (F),TA,면바지,"59,900"
WH,F4,WHTAF4T93M,Double Knee Work Pants (M),TA,면바지,"89,900"
WH,G1,WHTAG1391F,Capri Pants(F),TA,면바지,0
WH,G2,WHTAG2311U,Cotton Nylon Cargo Pants(U),TA,면바지,"69,900"
WH,G2,WHTAG2312F,Nylon Cargo Pants(Set-up),TA,면바지,"59,900"
WH,G2,WHTAG2313F,Wide Cargo Pants(F),TA,면바지,"69,900"
WH,G2,WHTAG2364F,Eyelet Pants(Set-up),TA,면바지,"59,900"
WH,G2,WHTAG2431F,Seersucker Stripe Pants,TA,면바지,"49,900"
WH,G2,WHTAG2432F,Pigment Nylon Pants(F),TA,면바지,"69,900"
WH,G2,WHTAG2433F,Parachute Easy Active Pants(F),TA,면바지,"59,900"
WH,G2,WHTAG2531F,Rayon Nylon Wide Pants(F),TA,면바지,"49,900"
WH,G2,WHTAG2533F,Linen Pants(F),TA,면바지,"59,900"
WH,G2,WHTAG2581M,Curved Fit Cotton Pants (M),TA,면바지,"59,900"
WH,G2,WHTAG2581U,Embroidery Wide Pants (U),TA,면바지,"59,900"
WH,G3,WHTAG3811U,Wide Cotton Nylon Cargo Pants (U),TA,면바지,"69,900"
WH,G3,WHTAG3821F,Wide Cotton Nylon Cargo Pants(F),TA,면바지,"69,900"
WH,G3,WHTAG3821F,Wide Cotton Nylon Cargo Pants(F),TA,면바지,0
WH,G4,WHTAG4921F,Cotton Twill Easy Pants (F),TA,면바지,"59,900"
WH,G4,WHTAG4991M,Wide Curved Cargo Pants(M),TA,면바지,0
WH,G4,WHTAG4T21F,Corduroy Wide Pants (F),TA,면바지,"59,900"
WH,G4,WHTAG4T61F,Corduroy Overalls (F),TA,면바지,0
WH,E2,WHTCE2374F,Washed Cargo Pants,TC,면바지,0
WH,E4,WHTCE4952U,Easy Bending Cotton Pants (U),TC,면바지,"49,900"
WH,E2,WHTHE2501M,Steve Basic Shorts,TH,면바지,"39,900"
WH,E2,WHTHE2504F,Steve Basic Shorts(F),TH,면바지,"39,900"
WH,E2,WHTHE2505F,Steve Seersucker Shorts(Set-up),TH,면바지,"39,900"
WH,E2,WHTHE2533M,Nylon Ribstop Cargo Pants,TH,면바지,"59,900"
WH,E2,WHTHE2534U,Surfing Bear Utility Shorts,TH,면바지,"49,900"
WH,E2,WHTHE2552M,Washed Cotton Nylon Cargo Pants,TH,면바지,0
WH,E2,WHTHE2553F,Steve Chino Shorts,TH,면바지,"49,900"
WH,E2,WHTHE2596F,Pin Tuck Bermuda Chino Shorts,TH,면바지,"49,900"
WH,E2,WHTHE2597F,Cooling Nylon Shorts(F),TH,면바지,0
WH,E2,WHTHE2605U,Surfing Bear Cooling Shorts,TH,면바지,"39,900"
WH,E3,WHTHE3797F,Cooling Nylon Shorts(F),TH,면바지,"39,900"
WH,F2,WHTHF2301F,Steve Cotton Shorts(Set-up),TH,면바지,"39,900"
WH,F2,WHTHF2391M,Nylon Ribstop Parachute Pants(M),TH,면바지,0
WH,F2,WHTHF2433F,Cooling Pin Tuck Chino Shorts,TH,면바지,"49,900"
WH,F2,WHTHF2501M,Steve Basic Shorts,TH,면바지,"39,900"
WH,F2,WHTHF2504F,Steve Basic Shorts(F),TH,면바지,"39,900"
WH,F2,WHTHF2512F,Steve Seersucker Shorts(Set-up),TH,면바지,"39,900"
WH,F2,WHTHF2532M,Nylon Ribstop Cargo Pants(M),TH,면바지,"59,900"
WH,F2,WHTHF2533U,Parachute Point Shorts(U),TH,면바지,"59,900"
WH,F2,WHTHF2534U,Dyeing Cotton Shorts(U),TH,면바지,"49,900"
WH,F2,WHTHF2591F,Stripe Banding Shorts(F),TH,면바지,"39,900"
WH,F2,WHTHF2601U,Surfing Bear Cooling Shorts(U),TH,면바지,"39,900"
WH,F2,WHTHF2602F,WAU Cooling Nylon Shorts(F),TH,면바지,"39,900"
WH,F3,WHTHF3701F,Steve Striped Cotton Shorts(Set-up),TH,면바지,"39,900"
WH,F3,WHTHF3701M,Steve Basic Shorts,TH,면바지,"39,900"
WH,F3,WHTHF3712F,Steve Seersucker Shorts(Set-up),TH,면바지,"39,900"
WH,F3,WHTHF3722F,Cotton Twill Bermuda Shorts (F),TH,면바지,"49,900"
WH,F3,WHTHF3881U,Cotton Bermuda Shorts (U),TH,면바지,"49,900"
WH,G1,WHTHG1371F,Camouflage Bermuda Pants(F),TH,면바지,"69,900"
WH,G2,WHTHG2311F,Steve Cotton Shorts(Set-up),TH,면바지,"39,900"
WH,G2,WHTHG2501M,Steve Basic Shorts,TH,면바지,"39,900"
WH,G2,WHTHG2504F,Steve Basic Shorts(F),TH,면바지,"39,900"
WH,G2,WHTHG2511F,Steve Stripe Shorts(Set-up),TH,면바지,"39,900"
WH,G2,WHTHG2512F,Steve Seersucker Shorts(Set-up),TH,면바지,"39,900"
WH,G2,WHTHG2533F,Linen Shorts(F),TH,면바지,"49,900"
WH,G2,WHTHG2561U,Cotton Bermuda Shorts (U),TH,면바지,"69,900"
WH,G2,WHTHG2601U,Surfing Bear Cooling Shorts(U),TH,면바지,"39,900"
WH,G2,WHTHG2602F,Cooling Nylon Shorts(F),TH,면바지,"39,900"
WH,G2,WHTHG2602U,Paisley Cooling Shorts(U),TH,면바지,"49,900"
WH,G2,WHTHG2651F,Steve Cooling Nylon Shorts(F),TH,면바지,"39,900"
WH,G3,WHTHG3561U,Cotton Bermuda Shorts (U),TH,면바지,0
WH,G3,WHTHG3741F,Bermuda Cargo Pants (F),TH,면바지,"69,900"
WH,G3,WHTHG3771F,Leopeard Bermuda Pants,TH,면바지,"69,900"
WH,G4,WHTHG4T41F,Corduroy Shorts,TH,면바지,"59,900"
WH,G2,WHTJG2443F,Bermuda Denim Shorts(F),TJ,청바지,"49,900"
WH,E1,WHTME1221U,Signature Patch Jogger Pants,TM,면바지,"49,900"
WH,E1,WHTME1223U,스티브 자수 와이드 팬츠(노기모),TM,면바지,0
WH,E1,WHTME1224U,스티브 자수 조거팬츠(노기모),TM,면바지,0
WH,E1,WHTME1225U,Heritage Patch Jogger Pants,TM,면바지,"59,900"
WH,E1,WHTME1226M,Heritage Printing Shorts,TM,면바지,"49,900"
WH,E2,WHTME2223U,Steve Wide Pants,TM,면바지,"49,900"
WH,E2,WHTME2224U,Steve Jogger Pants,TM,면바지,"49,900"
WH,E2,WHTME2392U,California Letter Wide Pants,TM,면바지,"39,900"
WH,E2,WHTME2393F,Patch Wide Pants,TM,면바지,"49,900"
WH,E2,WHTME2423F,Steve Shorts,TM,면바지,"29,900"
WH,E2,WHTME2425F,California Shorts,TM,면바지,"39,900"
WH,E2,WHTME2524U,Surfing Bear Half Pants,TM,면바지,"29,900"
WH,E2,WHTME2592F,Lightweight Viscose Wide Pants,TM,면바지,"29,900"
WH,E2,WHTME2593F,Cooling Pants(F),TM,면바지,"39,900"
WH,E3,WHTME3892F,Track Pants(F),TM,면바지,"49,900"
WH,E3,WHTME3921U,Steve Wide Pants,TM,면바지,"49,900"
WH,E3,WHTME3922U,Steve Head Patch Jogger Pants,TM,면바지,"49,900"
WH,E3,WHTME3991F,Ribbed Banding Long Pants,TM,면바지,"39,900"
WH,E4,WHTME4924U,Campus Letter Wide Pants,TM,면바지,"39,900"
WH,E4,WHTME4991U,Steve Wide Pants[B],TM,면바지,"49,900"
WH,E4,WHTME4T21F,Steve Corduroy Wide Pants,TM,면바지,"49,900"
WH,E4,WHTME4T21U,Steve Wide Pants(Brushed),TM,면바지,"49,900"
WH,E4,WHTME4T22F,Patch Wide Pants(Brushed),TM,면바지,"49,900"
WH,E4,WHTME4T22U,Steve Jogger Pants(Brushed),TM,면바지,"49,900"
WH,E4,WHTME4T61F,Ribbed Wide Pants,TM,면바지,"49,900"
WH,E4,WHTME4V11F,Fur Bonding Wide Pants,TM,면바지,"49,900"
WH,E4,WHTME4V21F,Velour Embroidery Wide Pants,TM,면바지,"49,900"
WH,E4,WHTME4V22F,Fur Bonding Wide Pants,TM,면바지,0
WH,E4,WHTME4V32U,Fleece Jogger Pants,TM,면바지,"49,900"
WH,F1,WHTMF1111F,Patch Wide Pants(F),TM,면바지,"49,900"
WH,F1,WHTMF1111U,Signature Patch Wide Pants(2-way),TM,면바지,"49,900"
WH,F2,WHTMF2201U,Campus Emblem Wide Pants,TM,면바지,"39,900"
WH,F2,WHTMF2211U,Steve Wide Pants,TM,면바지,"49,900"
WH,F2,WHTMF2221U,Steve Jogger Pants,TM,면바지,"49,900"
WH,F2,WHTMF2231U,Cargo Wide Pants,TM,면바지,"49,900"
WH,F2,WHTMF2251F,Steve Head Patch Jogger Pants(F),TM,면바지,"49,900"
WH,F2,WHTMF2421U,Campus Letter Half Pants,TM,면바지,"39,900"
WH,F2,WHTMF2422U,Campus Letter Wide Pants,TM,면바지,"39,900"
WH,F2,WHTMF2426F,Campus Graphic Shorts,TM,면바지,"39,900"
WH,F2,WHTMF2451F,Steve Ribbed Wide Pants,TM,면바지,"39,900"
WH,F2,WHTMF2521F,Steve Shorts(F),TM,면바지,"29,900"
WH,F2,WHTMF2521U,Surf Bear Dyed Half Pants,TM,면바지,"39,900"
WH,F2,WHTMF2522F,Lightweight Viscose Wide Pants,TM,면바지,"29,900"
WH,F2,WHTMF2522U,Surf Bear Half Pants,TM,면바지,"29,900"
WH,F2,WHTMF2523F,Cooling Wide Pants,TM,면바지,"39,900"
WH,F2,WHTMF2523U,Cargo Pocket Dyed Half Pants,TM,면바지,"49,900"
WH,F2,WHTMF2531F,Easy Comfort Wide Pants,TM,면바지,"29,900"
WH,F2,WHTMF2551U,Steve Head Patch Dyed Half Pants[B],TM,면바지,"39,900"
WH,F2,WHTMF2591F,Waffle Wide Pants(F),TM,면바지,"49,900"
WH,F2,WHTMF2621F,Track Shorts,TM,면바지,"29,900"
WH,F3,WHTMF3891U,Bermuda Half Pants,TM,면바지,"39,900"
WH,F3,WHTMF3921U,Steve Wide Pants,TM,면바지,0
WH,F4,WHTMF4891F,Sporty Line Waffle Wide Pants(F),TM,면바지,"49,900"
WH,F4,WHTMF4901U,Varsity Lettering Wide Pants,TM,면바지,"39,900"
WH,F4,WHTMF4921F,Patch Wide Pants(Brushed),TM,면바지,"49,900"
WH,F4,WHTMF4922F,Easy Lounge Pants,TM,면바지,"39,900"
WH,F4,WHTMF4922U,Signature Patch Wide Pants(Brushed),TM,면바지,"49,900"
WH,F4,WHTMF4931F,California Dyed Wide Pants,TM,면바지,"59,900"
WH,F4,WHTMF4991F,Waffle Shorts(F),TM,면바지,"39,900"
WH,F4,WHTMF4T21U,Steve Wide Pants(Brushed),TM,면바지,"49,900"
WH,F4,WHTMF4T22U,Steve Jogger Pants(Brushed),TM,면바지,"49,900"
WH,F4,WHTMF4V21F,Velour Embroidery Wide Pants,TM,면바지,"49,900"
WH,F4,WHTMF4V22F,Fur Bonding Wide Pants,TM,면바지,"49,900"
WH,F4,WHTMF4V51F,Steve Velour Wide Pants[B],TM,면바지,"49,900"
WH,G1,WHTMG1111F,Patch Wide Pants,TM,면바지,"49,900"
WH,G1,WHTMG1111U,Signature Patch Wide Pants,TM,면바지,"49,900"
WH,G1,WHTMG1181F,Curved Pants,TM,면바지,"59,900"
WH,G1,WHTMG1292F,Stripe String Wide Pants(F),TM,면바지,"59,900"
WH,G1,WHTMG1293F,Layered Waist Wide Pants(F),TM,면바지,"69,900"
WH,G1,WHTMG1294F,Side Line Extra Wide Pants(F),TM,면바지,"59,900"
WH,G2,WHTMG2211U,Steve Wide Pants,TM,면바지,"49,900"
WH,G2,WHTMG2212U,Steve Jogger Pants,TM,면바지,"49,900"
WH,G2,WHTMG2221F,Steve Wide Pants(Semi-Wide Fit),TM,면바지,"49,900"
WH,G2,WHTMG2291U,USA Curved Pants,TM,면바지,"49,900"
WH,G2,WHTMG2321F,Easy Lounge Pants,TM,면바지,"39,900"
WH,G2,WHTMG2421F,Track Shorts,TM,면바지,"39,900"
WH,G2,WHTMG2421U,Campus Letter Half Pants,TM,면바지,"39,900"
WH,G2,WHTMG2422U,Campus Letter Wide Pants,TM,면바지,"39,900"
WH,G2,WHTMG2431F,Bending Shorts(F),TM,면바지,"39,900"
WH,G2,WHTMG2461U,Bermuda Half Pants,TM,면바지,"39,900"
WH,G2,WHTMG2491F,Banding Ruffle Mini Skirt(F),TM,면바지,0
WH,G2,WHTMG2492F,Skirt Layered Pants(F),TM,면바지,0
WH,G2,WHTMG2522F,Lightweight Viscose Wide Pants,TM,면바지,"29,900"
WH,G2,WHTMG2522U,Surf Bear Half Pants,TM,면바지,"29,900"
WH,G2,WHTMG2523F,Cooling Wide Pants,TM,면바지,"39,900"
WH,G2,WHTMG2531F,Eyelet Short(Set-up),TM,면바지,"39,900"
WH,G2,WHTMG2551F,Eyelet Jacquard Pants,TM,면바지,"39,900"
WH,G2,WHTMG2581F,Easy Curved Pants(F),TM,면바지,0
WH,G2,WHTMG2591F,Folded Boots-cut Pants,TM,면바지,0
WH,G3,WHTMG3823F,Embroidary Boots Cut Pants(F),TM,면바지,0
WH,G3,WHTMG3824F,Stripe Wide Pants(F),TM,면바지,"49,900"
WH,G4,WHTMG4891F,Wide Bermuda shorts(F),TM,면바지,"49,900"
WH,G4,WHTMG4921U,Signature Patch Wide Pants,TM,면바지,"49,900"
WH,G4,WHTMG4951U,Steve Wide Pants[B],TM,면바지,0
WH,G4,WHTMG4959U,Steve Head Patch Wide Pants[B],TM,면바지,0
WH,G4,WHTMG4992F,Easy Side-tuck Wide Pants(F),TM,면바지,0
WH,G4,WHTMG4993F,Balloon‑fit Pants(F),TM,면바지,0
WH,G4,WHTMG4T21U,Signature Patch Wide Pants(Brushed),TM,면바지,0
WH,G4,WHTMG4T22U,USA Curved Pants(Brushed),TM,면바지,0
WH,G4,WHTMG4T23F,Curved Pants(Brushed),TM,면바지,0
WH,G4,WHTMG4T42F,Graphic Wide Pants(Brushed),TM,면바지,0
WH,G4,WHTMG4T51U,Steve Wide Pants(Brushed),TM,면바지,0
WH,G4,WHTMG4T52U,Steve Jogger Pants(Brushed),TM,면바지,0
WH,G4,WHTMG4V21F,Pattern Fleece Wide Pants(F),TM,면바지,0
WH,G4,WHTMG4V23F,Velour Boots-cut Pants(F),TM,면바지,0
WH,G4,WHTMG4V51F,Steve Corduroy Wide Pants(F)[B],TM,면바지,0
WH,E1,WHVWE1192U,Padded Vest Jacket,VW,점퍼,"79,900"
WH,E4,WHVWE4911U,UNI  Padding Vest,VW,점퍼,"69,900"
WH,E4,WHVWE4912F,Corduroy Padding  Vest,VW,점퍼,"69,900"
WH,E4,WHVWE4933F,Short Padding  Vest,VW,점퍼,"69,900"
WH,E4,WHVWE4T54F,Reversible Fur Vest,VW,점퍼,"79,900"
WH,F4,WHVWF4911U,Steve Padding Vest,VW,점퍼,"69,900"
WH,F4,WHVWF4912F,Reversible Corduroy Padding Vest,VW,점퍼,"79,900"
WH,G4,WHVWG4922F,Steve Padded Vest(F),VW,점퍼,"69,900"
WH,G4,WHVWG4931F,Light Padded Vest,VW,점퍼,0
WH,G4,WHVWG4931U,Light Padded Vest,VW,점퍼,0
WH,GB,WHVWGB931U,Light Padded Vest,VW,점퍼,0
WH,E2,WHWHE2331F,Nylon Cotton Cargo Long Skirt,WH,면바지,"69,900"
WH,E2,WHWHE2372F,Cargo Short Skirt,WH,면바지,"59,900"
WH,E2,WHWHE2532F,Lightweight Nylon Cargo Long Skirt,WH,면바지,0
WH,E2,WHWHE2553F,Lightweight Nylon Short Skirt,WH,면바지,"59,900"
WH,E2,WHWHE2571F,Short Teared Skirt,WH,면바지,"59,900"
WH,E3,WHWHE3798F,Long Basic A-Line Skirt,WH,면바지,"49,900"
WH,E4,WHWHE4952F,Check Pattern Skirt,WH,면바지,"49,900"
WH,E4,WHWHE4953F,Cotton Pleats Mini Skirt,WH,면바지,"49,900"
WH,F2,WHWHF2313F,Nylon Cargo Skirt (Set-up),WH,면바지,"49,900"
WH,F2,WHWHF2332F,Short Tiered Skirt,WH,면바지,"59,900"
WH,F2,WHWHF2434F,Long Tiered Skirt,WH,면바지,"59,900"
WH,F2,WHWHF2535F,Short Tiered Skirt,WH,면바지,"59,900"
WH,F2,WHWHF2552F,Nylon Cotton Cargo Long Skirt,WH,면바지,"59,900"
WH,F2,WHWHF2591F,Stripe Tiered Short Skirt,WH,면바지,"49,900"
WH,F3,WHWHF3532F,Short Tiered Skirt,WH,면바지,"59,900"
WH,F3,WHWHF3532F,Short Tiered Skirt,WH,면바지,0
WH,F3,WHWHF3534F,Long Tiered Skirt,WH,면바지,"59,900"
WH,F3,WHWHF3785F,Long Tiered Skirt,WH,면바지,0
WH,F3,WHWHF3789F,Balloon Mini Skirt,WH,면바지,0
WH,F3,WHWHF3973F,Long Tiered Check Skirt,WH,면바지,"59,900"
WH,F4,WHWHF4885F,Long Tiered Skirt,WH,면바지,"59,900"
WH,F4,WHWHF4952F,Short Pleats Buckle Skirt,WH,면바지,"59,900"
WH,F4,WHWHF4953F,Short Pleats Buckle Skirt,WH,면바지,"59,900"
WH,F4,WHWHF4954F,Corduroy Cargo Long Skirt,WH,면바지,"59,900"
WH,F4,WHWHF4955F,Corduroy Short Tiered Skirt,WH,면바지,"59,900"
WH,F4,WHWHF4983F,[Cali] Check Tiered Skirt,WH,면바지,"59,900"
WH,G1,WHWHG1161F,Dyeing Short Tiered Skirt,WH,면바지,"59,900"
WH,G1,WHWHG1191F,Dot Short Tiered Skirt,WH,면바지,"59,900"
WH,G1,WHWHG1391F,Camouflage Mini Skirt,WH,면바지,"59,900"
WH,G2,WHWHG2434F,Dobby Long Tiered Skirt,WH,면바지,"59,900"
WH,G2,WHWHG2441F,Check Long Tiered Skirt,WH,면바지,"59,900"
WH,G2,WHWHG2481F,Long Lace Tiered Skirt,WH,면바지,"69,900"
WH,G2,WHWHG2482F,Spring Pleats Skirt,WH,면바지,"59,900"
WH,G2,WHWHG2483F,Shambray Wrap Skirt,WH,면바지,"69,900"
WH,G2,WHWHG2484F,Long Nylon Flared Skirt,WH,면바지,"49,900"
WH,G2,WHWHG2534F,Long Tiered Skirt,WH,면바지,"59,900"
WH,G2,WHWHG2535F,Dobby Short Tiered Skirt,WH,면바지,"59,900"
WH,G2,WHWHG2561F,Balloon Mini Skirt,WH,면바지,"49,900"
WH,G3,WHWHG3821F,Short Pleats Skirt,WH,면바지,"69,900"
WH,G3,WHWHG3822F,Check Long Tiered Skirt,WH,면바지,"69,900"
WH,G3,WHWHG3831F,Layered Pleats Skirt,WH,면바지,"69,900"
WH,G4,WHWHG4921F,Corduroy Short Tiered Skirt,WH,면바지,"59,900"
WH,G4,WHWHG4941F,Long Tiered Skirt,WH,면바지,"69,900"
WH,G4,WHWHG4942F,Synthetic Suede Pleats Skirt,WH,면바지,"59,900"
WH,E2,WHWME2361F,Track Skirt,WM,니트,"39,900"
WH,E2,WHWME2491F,Patch Long Skirt,WM,니트,"39,900"
WH,G4,WHWMG4991F,Banding Long Skirt(F),WM,니트,0
WH,E2,WHYAE2304F,Steve Loose Fit Shirts,YA,남방,"49,900"
WH,E2,WHYAE2332U,Overfit Cotton Shirts,YA,남방,"49,900"
WH,E2,WHYAE2534U,Surfing Bear Linen Shirts,YA,남방,0
WH,E2,WHYAE2553U,Surfing Bear Seersucker Shirts,YA,남방,0
WH,E2,WHYAE2556F,Dobby Shiring Blouse,YA,남방,"49,900"
WH,E2,WHYAE2578F,Wrinkle Sleeveless Blouse,YA,남방,0
WH,E4,WHYAE4821F,Steve Loose Fit Shirts,YA,남방,"49,900"
WH,E4,WHYAE4924U,Steve Corduroy Shirts,YA,남방,"59,900"
WH,F2,WHYAF2312F,Steve Loose Fit Shirts,YA,남방,"49,900"
WH,F2,WHYAF2431F,Steve Linen Shirts(F),YA,남방,"59,900"
WH,F2,WHYAF2431U,Surf Bear Linen Shirts(U),YA,남방,0
WH,F2,WHYAF2453U,Steve Flannel Check Shirts,YA,남방,"49,900"
WH,F2,WHYAF2454U,Steve Stripe Shirts,YA,남방,"49,900"
WH,F2,WHYAF2541F,Dobby Shiring Blouse,YA,남방,"49,900"
WH,F2,WHYAF2542F,Smoking Puff Blouse,YA,남방,"49,900"
WH,F2,WHYAF2561F,Shirts Pattern Blouse,YA,남방,"49,900"
WH,F2,WHYAF2564F,Ribbon Blouse,YA,남방,"59,900"
WH,F2,WHYAF2566F,Dobby Sleeveless Blouse,YA,남방,"49,900"
WH,F2,WHYAF2591F,Check Patterend Blouse,YA,남방,"49,900"
WH,F3,WHYAF3541F,Dobby Shiring Blouse,YA,남방,"49,900"
WH,F3,WHYAF3731U,Surf Bear Linen Shirts(U),YA,남방,"59,900"
WH,F3,WHYAF3751F,Check Patterend Blouse,YA,남방,"49,900"
WH,F3,WHYAF3766F,Dobby Shirring Layered Sleeveless,YA,남방,"49,900"
WH,F3,WHYAF3796F,Loose Fit Crop Check Shirts,YA,남방,0
WH,F3,WHYAF3799F,Denim Blouse,YA,남방,"49,900"
WH,F4,WHYAF4821F,Steve Loosefit Shirts (F),YA,남방,"49,900"
WH,F4,WHYAF4891F,Hoodie Layered Blouse,YA,남방,"59,900"
WH,F4,WHYAF4892F,Dobby Button Tie Blouse,YA,남방,"69,900"
WH,F4,WHYAF4924U,Steve Corduroy Shirts(U),YA,남방,"59,900"
WH,F4,WHYAF4993F,Dobby Sheer Layered Shirts,YA,남방,"59,900"
WH,G2,WHYAG2311F,Steve Loose Fit Shirts,YA,남방,"49,900"
WH,G2,WHYAG2511F,Steve Loose Fit Short Sleeve Shirts,YA,남방,"49,900"
WH,G2,WHYAG2541F,Summer Long Sleeve Shirts,YA,남방,"49,900"
WH,G2,WHYAG2542F,Surf Bear Linen Shirts(F),YA,남방,"59,900"
WH,G3,WHYAG3721F,Steve Loosefit Shirts (F),YA,남방,"49,900"
WH,G3,WHYAG3831U,Loose-fit Cotton Shirts (U),YA,남방,"59,900"
WH,G4,WHYAG4T41U,Steve Corduroy Shirts(U),YA,남방,"59,900"
WH,E4,WHYCE4925U,Steve Flannel Check Shirts,YC,남방,"59,900"
WH,F2,WHYCF2393U,Seersucker Ombre Check Shirts(U),YC,남방,"59,900"
WH,F2,WHYCF2452U,Dyed Shirts,YC,남방,"49,900"
WH,F3,WHYCF3721U,Steve Vintage Check Shirts (U),YC,남방,"59,900"
WH,F3,WHYCF3732U,Shadow Plaid Flannel Overfit Check Shi,YC,남방,"59,900"
WH,F3,WHYCF3733U,Loose-fit Check Shirts (U),YC,남방,"49,900"
WH,F4,WHYCF4931U,Steve Tartan Flannel Check Shirts (U),YC,남방,"59,900"
WH,F4,WHYCF4991U,Vintage Loose-fit Check Shirts (U),YC,남방,"59,900"
WH,F4,WHYCF4993F,Loose-Fit Check Shirts,YC,남방,0
WH,F4,WHYCF4T32U,Shadow Overfit Check Shiirts (U),YC,남방,"59,900"
WH,G1,WHYCG1161U,Shadow Overfit Check Shirts (U),YC,남방,0
WH,G2,WHYCG2361U,Summer Crinkle Check Shirts,YC,남방,"49,900"
WH,G2,WHYCG2431U,Loose-fit Check Shirts (U),YC,남방,"49,900"
WH,G2,WHYCG2433F,Summer Crop Check Shirts,YC,남방,"49,900"
WH,G2,WHYCG2471U,Vintage Summer Check Shirts(U),YC,남방,"49,900"
WH,G2,WHYCG2541F,Summer Loose-fit Check Shirts,YC,남방,"59,900"
WH,G2,WHYCG2561F,Slim-fit Check Shirts (F),YC,남방,"49,900"
WH,G2,WHYCG2571U,Surf Bear Check Short Sleeve Shirts,YC,남방,"49,900"
WH,G3,WHYCG3721F,Sheer Check Shirts (F),YC,남방,"49,900"
WH,G4,WHYCG4921U,Vintage Check Shirts (U),YC,남방,"59,900"
WH,G4,WHYCG4922U,Flannel Check Shirts (U),YC,남방,"59,900"
WH,G4,WHYCG4T41F,Flannel Loose-Fit Check Shirts(F),YC,남방,"59,900"
WH,E2,WHYJE2333U,Steve Denim Shirts,YJ,라운지,"59,900"
WH,E2,WHYJE2336F,Steve Crop Denim Shirts,YJ,라운지,"59,900"
WH,E2,WHYJE2579F,Denim Tube Top,YJ,라운지,0
WH,E4,WHYJE4823U,Steve Denim Shirts,YJ,라운지,"59,900"
WH,F2,WHYJF2332U,Steve Denim Shirts,YJ,라운지,"59,900"
WH,F2,WHYJF2431U,Steve Chambray Shirts(U),YJ,라운지,"59,900"
WH,F4,WHYJF4823U,Steve Denim Shirts,YJ,라운지,"59,900"
WH,G4,WHYJG4921U,Steve Denim Shirts (U),YJ,라운지,"59,900"
WH,G4,WHYJG4931U,USA Overfit Denim Shirts(U),YJ,라운지,"69,900"
WH,G4,WHYJG4991U,Denim Trucker Jacket,YJ,라운지,0
WH,E2,WHYSE2397F,Loose Fit Striped Shirts,YS,남방,"49,900"
WH,E4,WHYSE4822U,Steve Striped Shirts,YS,남방,"49,900"
WH,F2,WHYSF2301F,Steve Loose Fit Striped Shirts,YS,남방,"49,900"
WH,F3,WHYSF3731F,Steve Loose Fit Striped Shirts,YS,남방,"49,900"
WH,G2,WHYSG2311F,Steve Loose Fit Striped Shirts,YS,남방,"49,900"
WH,G3,WHYSG3731F,Loose Fit Striped Shirts (F),YS,남방,"49,900"
WH,E2,WHYWE2301U,Steve Oxfort Shirts,YW,남방,"49,900"
WH,E2,WHYWE2335F,Steve Oxfort Shirts(Slim Fit),YW,남방,"49,900"
WH,E2,WHYWE2401F,Steve Oxford Shirts(Slim Fit),YW,남방,"49,900"
WH,E2,WHYWE2511U,Steve Oxford Short Sleeve Shirts,YW,남방,"49,900"
WH,E2,WHYWE2513F,Steve Crop Short Sleeve Shirts,YW,남방,"39,900"
WH,E2,WHYWE2524F,Steve Seersucker Crop Shirts(Set-up),YW,남방,"49,900"
WH,E2,WHYWE2532F,Steve Loose Fit Cotton Shirts,YW,남방,"39,900"
WH,E2,WHYWE2555F,Slim Fit Short Sleeve Cotton Shirts,YW,남방,"49,900"
WH,E2,WHYWE2591F,Loose Fit Cotton Voile Shirts,YW,남방,"39,900"
WH,E3,WHYWE3792U,Patterned OverFit Shirts,YW,남방,"39,900"
WH,E4,WHYWE4811U,Steve Oxfort Shirts,YW,남방,"49,900"
WH,E4,WHYWE4912F,Steve Oxfort Shirts(Slim Fit),YW,남방,"49,900"
WH,F2,WHYWF2311U,Steve Oxfort Shirts,YW,남방,"49,900"
WH,F2,WHYWF2333F,Steve Oxfort Shirts(Slim Fit),YW,남방,"49,900"
WH,F2,WHYWF2501F,Steve Oxford Shirts(Slim Fit),YW,남방,"49,900"
WH,F2,WHYWF2506F,Steve Oxford Sleeveless Shirts [B],YW,남방,"39,900"
WH,F2,WHYWF2511U,Steve Oxford Short Sleeve Shirts,YW,남방,"49,900"
WH,F2,WHYWF2512F,Steve Seersucker Crop Shirts(Set-up),YW,남방,"49,900"
WH,F2,WHYWF2512U,Steve Short Sleeve Check Shirts,YW,남방,"49,900"
WH,F2,WHYWF2513F,Steve Crop Short Sleeve Shirts,YW,남방,"39,900"
WH,F2,WHYWF2513U,Short Sleeve Check Shirts,YW,남방,"49,900"
WH,F2,WHYWF2521U,Steve Seersucker Short Sleeve Shirts,YW,남방,"49,900"
WH,F2,WHYWF2532F,Steve Loose Fit Cotton Shirts,YW,남방,"39,900"
WH,F2,WHYWF2532F,Steve Loose Fit Cotton Shirts,YW,남방,0
WH,F3,WHYWF3712F,Steve Seersucker Crop Shirts(Set-up),YW,남방,"49,900"
WH,F4,WHYWF4811U,Steve Oxfort Shirts,YW,남방,"49,900"
WH,F4,WHYWF4912F,Steve Oxfort Shirts(Slim Fit),YW,남방,"49,900"
WH,G2,WHYWG2311U,Steve Oxfort Shirts,YW,남방,"49,900"
WH,G2,WHYWG2333F,Steve Oxfort Shirts(Slim Fit),YW,남방,"49,900"
WH,G2,WHYWG2511U,Steve Oxford Short Sleeve Shirts,YW,남방,"49,900"
WH,G2,WHYWG2512F,Steve Seersucker Loose-fit Shirts,YW,남방,"49,900"
WH,G2,WHYWG2541U,Surf Bear Cotton Shirts(U),YW,남방,"49,900"
WH,G2,WHYWG2551F,Steve Oxford Sleeveless Shirts [B],YW,남방,"39,900"
WH,G2,WHYWG2552F,Steve Oxford Shirts(Slim Fit),YW,남방,"49,900"
WH,G3,WHYWG3811U,Steve Oxfort Shirts,YW,남방,"49,900"
WH,G3,WHYWG3821F,Steve Oxfort Shirts(Slim Fit),YW,남방,"49,900"
MI,WG,MIWBWG3B01,브이넥 반팔 블라우스,BW,남방,0.00
NB,EB,NBMDEB1013,(상설) UNI 에센셜 스몰로고 후드집업,MD,점퍼,0.00
NB,EB,NBMDEB3123,(상설) UNI 그래픽 후드집업,MD,점퍼,0.00
NB,FC,NBMDFC2113,(상설) UNI 트리코트 스탠넥 집업,MD,점퍼,0.00
NB,FC,NBMDFCO473,(상설) UNI 헤리티지 플리스 집업,MD,점퍼,0.00
NB,GB,NBMDGB1003,UNI 에센셜 클래식 기모 후드집업 (SEMI OVER FIT),MD,점퍼,0.00
NB,GB,NBMDGB1043,UNI 플라잉 기모 다잉 후드집업 (OVER FIT),MD,점퍼,0.00
NB,GC,NBMDGCW402,(상설) W 에센셜 기모 후드집업(SEMI OVER FIT),MD,점퍼,0.00
NB,EB,NBMLEB1013,(상설) UNI 에센셜 베이직 팬츠 (SLIM FIT),ML,면바지,0.00
NB,EB,NBMLEB1023,(상설) UNI 에센셜 베이직 팬츠 (STANDARD FIT),ML,면바지,0.00
NB,EB,NBMLEB1033,(상설) UNI 에센셜 와이드 팬츠,ML,면바지,0.00
NB,EB,NBMLEB1043,(상설) UNI 에센셜 조거 팬츠,ML,면바지,0.00
NB,EB,NBMLEBW202,(상설) W 소프트 핀턱 와이드 팬츠,ML,면바지,0.00
NB,EB,NBMLEBW212,(상설) W 소프트 핀턱 조거 팬츠,ML,면바지,0.00
NB,FC,NBMLFC2113,(상설) UNI 트리코트 스트레이트 팬츠,ML,면바지,0.00
NB,FC,NBMLFCO473,(상설) UNI 헤리티지 플리스 2WAY 팬츠,ML,면바지,0.00
NB,GB,NBMLGB1043,UNI 플라잉 기모 다잉 와이드 팬츠,ML,면바지,0.00
NB,GB,NBMLGB1903,UNI 플라잉 AEROHEAT 플리스 2WAY 와이드 팬츠,ML,면바지,0.00
NB,GB,NBMLGB1923,UNI 헤리티지 ORBIT 2WAY 오버와이드 팬츠,ML,면바지,0.00
NB,EB,NBN0EB1113,(상설) UNI NB SHIFTED 후드티,N0,니트,0.00
NB,EB,NBN0EB2213,(상설) UNI 그래픽 후드티,N0,니트,0.00
NB,EB,NBNAEB2013,(상설) UNI 초경량 아우터 점퍼,NA,점퍼,0.00
NB,EB,NBNAEB2313,(상설) UNI 컬러블록 웜업자켓,NA,점퍼,0.00
NB,EB,NBNAEBW312,(상설) W 스트레치 크롭 자켓,NA,점퍼,0.00
NB,FC,NBNAFCA053,(온라인) UNI 고어텍스 3L 에센셜 자켓,NA,점퍼,0.00
NB,GB,NBNAGB1313,UNI 2002 아카이브 후드 포켓 자켓,NA,점퍼,0.00
NB,GB,NBNAGB1803,UNI 에센셜 헤리티지 스탠드넥 웜업자켓,NA,점퍼,0.00
NB,EB,NBNCEB1013,(상설) UNI 와펜로고 맨투맨,NC,니트,0.00
NB,EB,NBNCEB1043,(상설) UNI NB SHIFTED 우븐 피스테,NC,니트,0.00
NB,EB,NBNCEBW202,(상설) W 소프트 반집업 맨투맨,NC,니트,0.00
NB,GB,NBNCGB1903,UNI 플라잉 AEROHEAT 플리스 아노락,NC,니트,0.00
NB,GB,NBNCGB1923,UNI 헤리티지 ORBIT 그래픽 맨투맨 (OVER FIT),NC,니트,0.00
NB,GC,NBNCGCO303,(상설) UNI 에센셜 웜업 피스테 (SEMI OVER FIT),NC,니트,0.00
NB,GC,NBNCGCW402,(상설) W 에센셜 기모 반집업 맨투맨(SEMI OVER FIT),NC,니트,0.00
NB,GC,NBNCGCW412,(상설) W 코지 플리스 반집업 (SEMI OVER FIT),NC,니트,0.00
NB,EB,NBNDEB1013,(상설) UNI 베이직 긴팔티 (STANDARD FIT),ND,니트,0.00
NB,EB,NBNEEB1013,(상설) UNI 쿨터프 중앙레터 반팔티,NE,니트,0.00
NB,EB,NBNEEB1023,(상설) UNI 쿨터프 그래픽 반팔티 (STANDARD FIT),NE,니트,0.00
NB,EB,NBNEEB1033,(상설) UNI 와펜 로고 반팔티,NE,니트,0.00
NB,EB,NBNEEB1153,(상설) UNI 에센셜 스몰로고 반팔티,NE,니트,0.00
NB,EB,NBNEEB1163,(상설) UNI 에센셜 빅로고 반팔티,NE,니트,0.00
NB,EB,NBNEEB2013,(상설) UNI NB BOY 러너스 클럽 프렌즈 반팔티(OVER FIT),NE,니트,0.00
NB,EB,NBNEEB2023,(상설) UNI NB BOY 레터링 그래픽 티셔츠 (OVER FIT),NE,니트,0.00
NB,EB,NBNEEB2033,(상설) UNI NB BOY 헤리티지샵 그래픽 티셔츠 (OVER FIT),NE,니트,0.00
NB,GC,NBNEGCO343,(상설) UNI 러너스 레터링 반팔티,NE,니트,0.00
NB,EB,NBNFEB1013,(상설) UNI CP 피케 반팔티,NF,니트,0.00
NB,EB,NBNGEB1013,(상설) UNI 스몰로고 나시티 (OVER FIT),NG,니트,0.00
NB,EB,NBNGEB2013,(상설) UNI NB BOY 그래픽 나시티 (OVER FIT),NG,니트,0.00
NB,GC,NBNJGCO403,(상설) UNI NB 클래식 헤리티지 플리스 베스트,NJ,점퍼,0.00
NB,EB,NBNMEB1033,(상설) UNI PRO TRAIL 자켓,NM,점퍼,0.00
NB,FC,NBNPFCA023,(온라인) UN 플라잉 고어텍스 아웃포켓 기어다운,NP,점퍼,0.00
NB,FC,NBNPFCA063,(온라인) UNI 액티브 GORE-TEX 숏 다운,NP,점퍼,0.00
NB,GB,NBNPGB1033,UNI 플라잉77 슈퍼라이트 후드형 헤비 구스다운,NP,점퍼,0.00
NB,GB,NBNPGB1903,UNI 플라잉77 슈퍼라이트 스텐드넥 경량 구스다운,NP,점퍼,0.00
NB,GB,NBNPGB1913,UNI 플라잉77 슈퍼라이트 후드형 경량 구스다운,NP,점퍼,0.00
NB,GC,NBNPGCO430,(상설) UNI 액티브 숏 다운 자켓,NP,점퍼,0.00
NB,GC,NBNPGCO431,(상설) UNI 액티브 숏 다운 베스트,NP,점퍼,0.00
NB,GC,NBNPGCO433,(상설) UNI 기어 숏 다운,NP,점퍼,0.00
NB,GC,NBNPGCO434,(상설) UNI 플라잉 숏 미니멀 구스다운,NP,점퍼,0.00
NB,GC,NBNPGCO435,(상설) UNI 플라잉 미니멀 롱 구스다운,NP,점퍼,0.00
NB,GC,NBNPGCO437,(상설) UNI 액티브 롱 다운,NP,점퍼,0.00
NB,GC,NBNPGCW412,(상설) W 액티브 숏 다운,NP,점퍼,0.00
NB,GC,NBNPGCW422,(상설) W 액티브 시그니처 숏다운,NP,점퍼,0.00
NB,GC,NBNPGCW432,(상설) W 액티브 롱 다운,NP,점퍼,0.00
NB,FC,NBNQFC1113,(상설) UNI NB 바시티 후디드 패딩,NQ,점퍼,0.00
NB,GB,NBNQGB1923,UNI 헤리티지 스텐드넥 패딩 자켓,NQ,점퍼,0.00
NB,GB,NBNQGB1933,UNI 헤리티지 클라우드 후드 패딩 자켓,NQ,점퍼,0.00
NB,GC,NBNQGCO403,(상설) UNI 헤리티지 스탠넥 패딩자켓,NQ,점퍼,0.00
NB,GC,NBNQGCO413,(상설) UNI NEW GREY 후드 패딩 자켓,NQ,점퍼,0.00
NB,EB,NBNTEB1013,(상설) UNI 에센셜+ 우븐 카고 조거 팬츠,NT,면바지,0.00
NB,EB,NBNTEB1033,(상설) UNI PRO TRAIL 팬츠,NT,면바지,0.00
NB,FC,NBNTFC1113,(상설) UNI 와이드 카고팬츠,NT,면바지,0.00
NB,EB,NBNVEB1013,(상설) UNI 에센셜 싱글메쉬 5부 숏팬츠 (STANDARD FIT),NV,면바지,0.00
NB,EB,NBNVEB1023,(상설) UNI 메모리 5부 바지,NV,면바지,0.00
NB,EB,NBNVEB2013,(상설) UNI 트리퍼 4.5부 우븐쇼츠,NV,면바지,0.00
NB,FC,NBNVFC2113,(상설) UNI 트리코트 5부 숏팬츠,NV,면바지,0.00
NB,GC,NBNVGCO303,(상설) UNI FROZEN 4.5부 에센셜 숏팬츠,NV,면바지,0.00
NB,GC,NBNVGCO313,(상설) UNI 러너스 5부 카고 숏팬츠 (WIDE FIT),NV,면바지,0.00
NB,EA,NBXDEA201M,MEN 코어 드로즈 3PACK,XD,언더웨어,0.00
NB,EA,NBXDEA301M,MEN 코어 드로즈 4PACK,XD,언더웨어,0.00
NB,EB,NBXDEB1101,(쿠팡) MEN 솔리드 모노 드로즈 4PACK,XD,언더웨어,0.00
NB,FA,NBXDFA503M,MEN 코어 아스킨 드로즈 5PACK,XD,언더웨어,0.00
NB,FA,NBXDFA504M,MEN 코어 아스킨-메쉬 드로즈 5PACK,XD,언더웨어,0.00
NK,FB,NK9AFB111U,OFFROAD TRIP_컬러블럭 메쉬 바람막이,9A,점퍼,0.00
NK,GB,NK9BGB998U,ESSENTIAL_2PACK 긴팔 티셔츠,9B,니트,0.00
NK,GC,NK9BGC303U,베이직 스몰 로고 티셔츠,9B,니트,0.00
NK,GC,NK9BGC304U,베이직 로고 티셔츠,9B,니트,0.00
NK,GC,NK9BGC401U,반목 폴라 티셔츠,9B,니트,0.00
NK,FB,NK9CFB423U,ESSENTIAL_기본 긴팔티,9C,니트,0.00
NK,GC,NK9CGC301U,베이직 스몰 로고 후드티,9C,니트,0.00
NK,GC,NK9CGC303U,베이직 그래픽 스웻셔츠,9C,니트,0.00
NK,GC,NK9CGC304U,하이넥 스웻셔츠,9C,니트,0.00
NK,GC,NK9CGC401U,플리스 반집업 스웻셔츠,9C,니트,0.00
NK,GC,NK9CGC402U,그래픽 스웻셔츠,9C,니트,0.00
NK,GC,NK9CGC403U,스몰 로고 포인트 후드티,9C,니트,0.00
NK,GC,NK9CGC404U,레터링 스웻셔츠,9C,니트,0.00
NK,GC,NK9CGC405U,베이직 레터링 스웻셔츠,9C,니트,0.00
NK,GC,NK9CGC406U,컬러 기모 스웻셔츠,9C,니트,0.00
NK,GC,NK9CGC407U,베이직 로고 기모 스웻셔츠,9C,니트,0.00
NK,GC,NK9DGC301U,베이직 스몰 로고 후드집업,9D,점퍼,0.00
NK,GC,NK9DGC401U,베이직 스몰 로고 기모 후드집업,9D,점퍼,0.00
NK,GC,NK9DGC402U,베이직 플리스 집업,9D,점퍼,0.00
NK,GC,NK9DGC403U,플리스 후드 집업,9D,점퍼,0.00
NK,GC,NK9DGC404U,하이넥 덤블 자켓,9D,점퍼,0.00
NK,GC,NK9DGC405U,노카라 덤블 자켓,9D,점퍼,0.00
NK,GC,NK9DGC406U,퍼플리스 집업,9D,점퍼,0.00
NK,GC,NK9HGC401U,패딩 베스트(웜라이트),9H,점퍼,0.00
NK,GC,NK9HGC402U,초경량 패딩 베스트(웜라이트),9H,점퍼,0.00
NK,GB,NK9LGB201U,EXCLUSIVE_우븐 스트레치일자팬츠,9L,면바지,0.00
NK,FB,NK9PFB413U,ESSENTIAL_에센셜 숏다운 점퍼,9P,점퍼,0.00
NK,FB,NK9PFB414G,ESSENTIAL_크롭 숏다운 점퍼,9P,점퍼,0.00
NK,FB,NK9PFB415U,ESSENTIAL_에센셜 미디다운 점퍼,9P,점퍼,0.00
NK,FB,NK9PFB416U,ESSENTIAL_벌키 롱다운 점퍼,9P,점퍼,0.00
NK,GC,NK9PGC401U,에센셜 숏 다운점퍼,9P,점퍼,0.00
NK,GC,NK9PGC402U,하이넥 배색 숏 다운점퍼,9P,점퍼,0.00
NK,GC,NK9PGC403G,ESSENTIAL_글로시 숏 패딩(웜라이트),9P,점퍼,0.00
NK,GC,NK9PGC404U,ESSENTIAL_글로시 배색 숏 패딩(웜라이트),9P,점퍼,0.00
NK,GC,NK9PGC405U,노사시형 미디 다운점퍼,9P,점퍼,0.00
NK,GC,NK9PGC406U,에센셜 미디 다운점퍼,9P,점퍼,0.00
NK,GC,NK9PGC407U,에센셜 롱 다운점퍼,9P,점퍼,0.00
NK,GC,NK9PGC408U,에센셜 사시 변형 롱 다운점퍼,9P,점퍼,0.00
NK,GC,NK9PGC409U,에센셜 미디다운점퍼,9P,점퍼,0.00
NK,GC,NK9QGC403G,글로시 숏 패딩(웜라이트),9Q,점퍼,0.00
NK,GC,NK9QGC404U,글로시 배색 숏 패딩(웜라이트),9Q,점퍼,0.00
NK,GC,NK9SGC401U,베이직 조거 기모 스웻팬츠,9S,면바지,0.00
NK,GC,NK9SGC402U,일자 기모 스웻팬츠,9S,면바지,0.00
NK,GC,NK9SGC403U,와이드 2WAY 기모 팬츠,9S,면바지,0.00
NK,GC,NK9SGC404U,플리스 와이드 팬츠,9S,면바지,0.00
NK,GB,NK9TGB301U,EXCLUSIVE_ 면스판 조거 팬츠,9T,면바지,0.00
NK,FB,NK9VFB204U,BASIC ESSENTIAL타슬란 반바지,9V,면바지,0.00
NK,GC,NK9XGC401U,패딩 바지,9X,면바지,0.00
NK,FB,NK9YFB103U,BASIC ESSENTIAL스몰로고 2PCS 우븐 셋업,9Y,면바지,0.00
NK,FB,NK9YFB322U,[3PCS] 베이직 에센셜 스웻셋업,9Y,면바지,0.00
NK,GC,NK9YGC301U,2PCS 스몰 로고 세트,9Y,면바지,0.00
NK,GC,NK9YGC302U,2PCS 후드 세트,9Y,면바지,0.00
NK,GC,NK9YGC303U,라운드 그래픽 스웻 세트,9Y,면바지,0.00
NK,GC,NK9YGC402U,스포츠 후드 기모 스웻 세트,9Y,면바지,0.00
NK,GC,NK9YGC403U,코듀로이 패치 세트,9Y,면바지,0.00
NK,GC,NK9YGC405U,반집업 기모 세트,9Y,면바지,0.00
NK,GC,NK9YGC406U,2PCS 로고 포인트 세트,9Y,면바지,0.00
NK,GC,NK9YGC407U,기모 배색 라운드 스웻 세트,9Y,면바지,0.00
NK,GC,NK9YGC408U,베이직 라운드 플리스 세트,9Y,면바지,0.00
NK,GC,NK9YGC409U,베이직 플리스 반집업 세트,9Y,면바지,0.00
NK,GC,NK9YGC410U,클래식 로고 기모 스웻 세트,9Y,면바지,0.00
NK,GC,NK9YGC411U,포켓 기모 스웻 세트,9Y,면바지,0.00
NK,GC,NK9YGC412U,로고 포인트 기모 스웻 세트,9Y,면바지,0.00
NK,GC,NK9YGC413U,스몰 로고 포인트 기모 스웻 세트,9Y,면바지,0.00
NK,GC,NK9YGC414U,로고 포인트 기모 스웻 셋업,9Y,면바지,0.00
NK,GC,NK9YGC415U,컬러 로고 기모 스웻 셋업,9Y,면바지,0.00
SP,FA,SPDRFA9M01,[링클프리] 레귤러핏 드레스 셔츠,DR,남방,0.00
SP,GA,SPJKGA9W02,[에센셜] 여성 오버핏 재킷,JK,점퍼,0.00
SP,FA,SPLOFA9A05,[COMFORT] 소프트 시어서커 체크 3부 팬츠 파자마,LO,라운지,0.00
SP,GA,SPMWGA9G11,[프렌치테리] 여성 라운드넥 스웨트셔츠,MW,니트,0.00
SP,EA,SPTAEA9W01,[에센셜] 스트레이트 슬랙스,TA,면바지,0.00
SP,EA,SPTAEA9W50,패럴림픽 단복 팬츠,TA,면바지,0.00
SP,FA,SPTAFA9M01,[에센셜+] 롱 테이퍼드 슬랙스,TA,면바지,0.00
SP,FA,SPTAFA9WS4,[스트레치+] 밴딩 부츠컷 앵클 슬랙스,TA,면바지,0.00
SP,FA,SPTCFA9C01,[데일리지] 와이드 치노 팬츠,TC,면바지,0.00
SP,FA,SPTCFA9C02,[링클프리] 테이퍼드 치노 팬츠,TC,면바지,0.00
SP,FA,SPTCFA9C06,와이드 치노 팬츠,TC,면바지,0.00
SP,GA,SPXVGAVA01,[WARMTECH] 남성 라운드넥 긴팔,XV,라운지,0.00
SP,GA,SPXVGAVA02,[WARMTECH] 남성 라운드넥 반팔,XV,라운지,0.00
SP,GA,SPXVGAVA03,[WARMTECH] 남성 모크넥 긴팔,XV,라운지,0.00
SP,GA,SPXVGAVA04,[WARMTECH] 남성 타이즈,XV,라운지,0.00
SP,GA,SPXVGAVKU3,[키즈] [WARMTECH] 상하세트,XV,라운지,0.00
SP,GA,SPXVGAVKU4,[키즈] [WARMTECH] 하프넥 긴팔티셔츠,XV,라운지,0.00
SP,FA,SPYVFAVA02,[WARMTECH] 여성 라운드넥 긴팔,YV,라운지,0.00
SP,GA,SPYVGAVA01,[WARMTECH] 여성 유넥 긴팔,YV,라운지,0.00
SP,GA,SPYVGAVA02,[WARMTECH] 여성 라운드넥 긴팔,YV,라운지,0.00
SP,GA,SPYVGAVA03,[WARMTECH] 여성 터틀넥 긴팔,YV,라운지,0.00
SP,GA,SPYVGAVA04,[WARMTECH] 여성 유넥 반팔,YV,라운지,0.00
SP,GA,SPYVGAVA05,[WARMTECH] 여성 레깅스,YV,라운지,0.00
WH,GB,WHJKGB923M,Hunting Jacket,JK,점퍼,0.00
WH,GB,WHJPGB952U,Steve Light Padded jacket[B],JP,점퍼,0.00
WH,GB,WHJPGBT27F,N2B Padded Jumper,JP,점퍼,0.00
WH,GB,WHVWGB931U,Light Padded Vest,VW,점퍼,0.00
